#include "assets_intro.h"
#include <stdint.h>

/* Two byte-order variants baked in at generation time rather than
   swapped at runtime: real hardware runs with LV_COLOR_16_SWAP=1
   (knobby/lv_conf.h, matches the SPI panel's wire order) while the
   simulator overrides it back to 0 (sim/lv_conf.h) since desktop SDL
   wants native byte order. Both must match lv_color_t's in-memory
   layout for whichever target compiles them. */
#ifdef SIMULATOR
static const uint8_t img_genex_0_map[] = {
    0x00,0x00,0x00,0x00,0x00,0x00,0x00,0x00,0x00,0x00,0x00,0x00,0x00,0x00,0x00,0x00,
    0x00,0x00,0x00,0x00,0x00,0x00,0x00,0x00,0x00,0x00,0x00,0x00,0x00,0x00,0x00,0x00,
    0x00,0x00,0x00,0x00,0x00,0x00,0x00,0x00,0x00,0x00,0x00,0x00,0x00,0x00,0x00,0x00,
    0x00,0x00,0x00,0x00,0x00,0x00,0x00,0x00,0x20,0x08,0xc0,0x30,0x60,0x59,0xe0,0x81,
    0x60,0xa2,0xc0,0xba,0x00,0xcb,0x20,0xdb,0x40,0xdb,0x40,0xdb,0x40,0xdb,0x40,0xdb,
    0x40,0xdb,0x20,0xd3,0x20,0xd3,0x20,0xd3,0x00,0xcb,0x00,0xc3,0xc0,0xba,0x80,0xaa,
    0x40,0x92,0xe0,0x81,0x80,0x61,0xe0,0x38,0x20,0x08,0x00,0x00,0x00,0x00,0x00,0x00,
    0x00,0x00,0x00,0x00,0x00,0x00,0x00,0x00,0x00,0x00,0x00,0x00,0x00,0x00,0x00,0x00,
    0x00,0x00,0x00,0x00,0x00,0x00,0x00,0x00,0x00,0x00,0x00,0x00,0x00,0x00,0x00,0x00,
    0x00,0x00,0x00,0x00,0x00,0x00,0x00,0x00,0x00,0x00,0x00,0x00,0x00,0x00,0x00,0x00,
    0x00,0x00,0x00,0x00,0x00,0x00,0x00,0x00,0xc0,0x30,0xc0,0x71,0xa0,0xb2,0x40,0xdb,
    0xa0,0xfb,0xe0,0xfb,0xe0,0xfb,0xe0,0xfb,0xe0,0xfb,0xe0,0xfb,0xc0,0xfb,0xc0,0xfb,
    0xc0,0xfb,0xe0,0xfb,0xe0,0xfb,0xe0,0xfb,0xe0,0xfb,0xe0,0xfb,0xe0,0xfb,0xe0,0xfb,
    0xe0,0xfb,0xe0,0xfb,0x00,0xfc,0x00,0xfc,0x00,0xfc,0x00,0xfc,0xc0,0xfb,0x60,0xdb,
    0x60,0x9a,0xc0,0x30,0x00,0x00,0x00,0x00,0x00,0x00,0x00,0x00,0x00,0x00,0x00,0x00,
    0x00,0x00,0x00,0x00,0x00,0x00,0x00,0x00,0x00,0x00,0x00,0x00,0x00,0x00,0x00,0x00,
    0x00,0x00,0x00,0x00,0x00,0x00,0x00,0x00,0x00,0x00,0x00,0x00,0x00,0x00,0x00,0x00,
    0x00,0x00,0x00,0x00,0x00,0x00,0x00,0x00,0xa0,0x30,0x00,0x8a,0x20,0xd3,0xc0,0xfb,
    0x00,0xfc,0xe0,0xfb,0xc0,0xfb,0xa0,0xfb,0xa0,0xfb,0xa0,0xfb,0xa0,0xfb,0xa0,0xfb,
    0xa0,0xfb,0xa0,0xfb,0xa0,0xfb,0xc0,0xfb,0xc0,0xfb,0xc0,0xfb,0xc0,0xfb,0xc0,0xfb,
    0xc0,0xfb,0xc0,0xfb,0xc0,0xfb,0xc0,0xf3,0xc0,0xf3,0xc0,0xf3,0xc0,0xf3,0xc0,0xf3,
    0xc0,0xf3,0xc0,0xfb,0xe0,0xfb,0x20,0xfc,0xe0,0xfb,0x00,0x82,0x00,0x00,0x00,0x00,
    0x00,0x00,0x00,0x00,0x00,0x00,0x00,0x00,0x00,0x00,0x00,0x00,0x00,0x00,0x00,0x00,
    0x00,0x00,0x00,0x00,0x00,0x00,0x00,0x00,0x00,0x00,0x00,0x00,0x00,0x00,0x00,0x00,
    0x00,0x00,0x00,0x00,0x00,0x00,0x00,0x00,0x00,0x00,0x40,0x51,0xc0,0xba,0xa0,0xfb,
    0xe0,0xfb,0xc0,0xfb,0xa0,0xfb,0xa0,0xf3,0xa0,0xfb,0xa0,0xfb,0xa0,0xfb,0xc0,0xfb,
    0xc0,0xfb,0xc0,0xfb,0xc0,0xfb,0xc0,0xfb,0xc0,0xfb,0xc0,0xfb,0xc0,0xfb,0xc0,0xfb,
    0xc0,0xfb,0xc0,0xfb,0xc0,0xfb,0xc0,0xfb,0xc0,0xfb,0xc0,0xfb,0xc0,0xfb,0xc0,0xfb,
    0xc0,0xfb,0xc0,0xfb,0xc0,0xfb,0xc0,0xfb,0xc0,0xfb,0xc0,0xfb,0xc0,0xf3,0xc0,0xfb,
    0x20,0xfc,0x00,0xc3,0xc0,0x30,0x00,0x00,0x00,0x00,0x00,0x00,0x00,0x00,0x00,0x00,
    0x00,0x00,0x00,0x00,0x00,0x00,0x00,0x00,0x00,0x00,0x00,0x00,0x00,0x00,0x00,0x00,
    0x00,0x00,0x00,0x00,0x00,0x00,0x00,0x00,0x00,0x00,0x00,0x00,0x40,0x59,0x00,0xcb,
    0xe0,0xfb,0xe0,0xfb,0xa0,0xfb,0xa0,0xfb,0xa0,0xfb,0xa0,0xfb,0xa0,0xfb,0xa0,0xfb,
    0xa0,0xfb,0xa0,0xfb,0xc0,0xfb,0xc0,0xfb,0xc0,0xfb,0xc0,0xfb,0xc0,0xfb,0xc0,0xfb,
    0xc0,0xfb,0xc0,0xfb,0xc0,0xfb,0xc0,0xfb,0xc0,0xfb,0xc0,0xfb,0xc0,0xfb,0xc0,0xfb,
    0xc0,0xfb,0xc0,0xfb,0xc0,0xfb,0xc0,0xfb,0xc0,0xfb,0xc0,0xfb,0xc0,0xfb,0xc0,0xfb,
    0xc0,0xfb,0xc0,0xfb,0xc0,0xfb,0xc0,0xf3,0x00,0xfc,0xe0,0xf3,0xc0,0x71,0x00,0x00,
    0x00,0x00,0x00,0x00,0x00,0x00,0x00,0x00,0x00,0x00,0x00,0x00,0x00,0x00,0x00,0x00,
    0x00,0x00,0x00,0x00,0x00,0x00,0x00,0x00,0x00,0x00,0x00,0x00,0x00,0x00,0xc0,0x38,
    0xc0,0xba,0xe0,0xfb,0xc0,0xfb,0xa0,0xfb,0xa0,0xfb,0xa0,0xfb,0xa0,0xfb,0xa0,0xfb,
    0xa0,0xfb,0xa0,0xfb,0xa0,0xfb,0xa0,0xfb,0xa0,0xfb,0xc0,0xfb,0xc0,0xfb,0xc0,0xfb,
    0xc0,0xfb,0xc0,0xfb,0xc0,0xfb,0xc0,0xfb,0xc0,0xfb,0xc0,0xfb,0xc0,0xfb,0xc0,0xfb,
    0xc0,0xfb,0xc0,0xfb,0xc0,0xfb,0xc0,0xfb,0xc0,0xfb,0xc0,0xfb,0xc0,0xfb,0xc0,0xfb,
    0xc0,0xfb,0xc0,0xfb,0xc0,0xfb,0xc0,0xfb,0xc0,0xfb,0xc0,0xfb,0xc0,0xfb,0xa0,0xf3,
    0x20,0xfc,0x40,0x92,0x00,0x00,0x00,0x00,0x00,0x00,0x00,0x00,0x00,0x00,0x00,0x00,
    0x00,0x00,0x00,0x00,0x00,0x00,0x00,0x00,0x00,0x00,0x00,0x00,0x00,0x00,0x00,0x00,
    0x00,0x00,0x00,0x8a,0xa0,0xfb,0xe0,0xfb,0xa0,0xfb,0xa0,0xfb,0xa0,0xfb,0xa0,0xfb,
    0xa0,0xfb,0xa0,0xfb,0xa0,0xfb,0xa0,0xfb,0xa0,0xfb,0xa0,0xfb,0xa0,0xfb,0xa0,0xfb,
    0xc0,0xfb,0xc0,0xfb,0xc0,0xfb,0xc0,0xfb,0xc0,0xfb,0xc0,0xfb,0xc0,0xfb,0xc0,0xfb,
    0xc0,0xfb,0xc0,0xfb,0xc0,0xfb,0xc0,0xfb,0xc0,0xfb,0xc0,0xfb,0xc0,0xfb,0xc0,0xfb,
    0xc0,0xfb,0xc0,0xfb,0xc0,0xfb,0xc0,0xfb,0xc0,0xfb,0xc0,0xfb,0xc0,0xfb,0xc0,0xfb,
    0xc0,0xfb,0xc0,0xfb,0xc0,0xf3,0xe0,0xfb,0x20,0x49,0x00,0x00,0x00,0x00,0x00,0x00,
    0x00,0x00,0x00,0x00,0x00,0x00,0x00,0x00,0x00,0x00,0x00,0x00,0x00,0x00,0x00,0x00,
    0x00,0x00,0x00,0x00,0xa0,0x28,0xe0,0xca,0xe0,0xfb,0xa0,0xfb,0xa0,0xfb,0xa0,0xfb,
    0xa0,0xfb,0xa0,0xfb,0xa0,0xfb,0xa0,0xfb,0xa0,0xfb,0xa0,0xfb,0xa0,0xfb,0xa0,0xfb,
    0xa0,0xfb,0xa0,0xfb,0xa0,0xfb,0xc0,0xfb,0xc0,0xfb,0xc0,0xfb,0xc0,0xfb,0xc0,0xfb,
    0xc0,0xfb,0xc0,0xfb,0xc0,0xfb,0xc0,0xfb,0xc0,0xfb,0xc0,0xfb,0xc0,0xfb,0xc0,0xfb,
    0xc0,0xfb,0xc0,0xfb,0xc0,0xfb,0xc0,0xfb,0xc0,0xfb,0xc0,0xfb,0xc0,0xfb,0xc0,0xfb,
    0xc0,0xfb,0xc0,0xfb,0xc0,0xfb,0xc0,0xfb,0xc0,0xf3,0xe0,0xfb,0xa0,0xeb,0x60,0x18,
    0x00,0x00,0x00,0x00,0x00,0x00,0x00,0x00,0x00,0x00,0x00,0x00,0x00,0x00,0x00,0x00,
    0x00,0x00,0x00,0x00,0x00,0x00,0x00,0x00,0x20,0x51,0x80,0xeb,0xc0,0xfb,0x80,0xfb,
    0xa0,0xfb,0xa0,0xfb,0xa0,0xfb,0xa0,0xfb,0xa0,0xfb,0xa0,0xfb,0xa0,0xfb,0xa0,0xfb,
    0xa0,0xfb,0xa0,0xfb,0xa0,0xfb,0xa0,0xfb,0xa0,0xfb,0xa0,0xfb,0xc0,0xfb,0xc0,0xfb,
    0xc0,0xfb,0xc0,0xfb,0xc0,0xfb,0xc0,0xfb,0xc0,0xfb,0xc0,0xfb,0xc0,0xfb,0xc0,0xfb,
    0xc0,0xfb,0xc0,0xfb,0xc0,0xfb,0xc0,0xfb,0xc0,0xfb,0xc0,0xfb,0xc0,0xfb,0xc0,0xfb,
    0xc0,0xfb,0xc0,0xfb,0xc0,0xfb,0xc0,0xfb,0xc0,0xfb,0xc0,0xfb,0xc0,0xfb,0xc0,0xf3,
    0x00,0xfc,0x20,0xcb,0x00,0x00,0x00,0x00,0x00,0x00,0x00,0x00,0x00,0x00,0x00,0x00,
    0x00,0x00,0x00,0x00,0x00,0x00,0x00,0x00,0x00,0x00,0x00,0x00,0x80,0x69,0xc0,0xfb,
    0xa0,0xfb,0x80,0xfb,0xa0,0xfb,0xa0,0xfb,0xa0,0xfb,0xa0,0xfb,0xa0,0xfb,0xa0,0xfb,
    0xa0,0xfb,0xa0,0xfb,0xa0,0xfb,0xa0,0xfb,0xa0,0xfb,0xa0,0xfb,0xa0,0xfb,0xa0,0xfb,
    0xa0,0xfb,0xc0,0xfb,0xc0,0xfb,0xc0,0xfb,0xc0,0xfb,0xc0,0xfb,0xc0,0xfb,0xc0,0xfb,
    0xc0,0xfb,0xc0,0xfb,0xc0,0xfb,0xc0,0xfb,0xc0,0xfb,0xc0,0xfb,0xc0,0xfb,0xc0,0xfb,
    0xc0,0xfb,0xc0,0xfb,0xc0,0xfb,0xc0,0xfb,0xc0,0xfb,0xc0,0xfb,0xc0,0xfb,0xc0,0xfb,
    0xc0,0xfb,0xc0,0xfb,0xc0,0xf3,0x20,0xfc,0x60,0x9a,0x00,0x00,0x00,0x00,0x00,0x00,
    0x00,0x00,0x00,0x00,0x00,0x00,0x00,0x00,0x00,0x00,0x00,0x00,0x00,0x00,0x00,0x00,
    0xc0,0x79,0xe0,0xfb,0xa0,0xfb,0x80,0xfb,0xa0,0xfb,0xa0,0xfb,0xa0,0xfb,0xa0,0xfb,
    0xa0,0xfb,0xa0,0xfb,0xa0,0xfb,0xa0,0xfb,0xa0,0xfb,0xa0,0xfb,0xa0,0xfb,0xa0,0xfb,
    0xa0,0xfb,0xa0,0xfb,0xa0,0xfb,0xa0,0xfb,0xc0,0xfb,0xc0,0xfb,0xc0,0xfb,0xc0,0xfb,
    0xc0,0xfb,0xc0,0xfb,0xc0,0xfb,0xc0,0xfb,0xc0,0xfb,0xc0,0xfb,0xc0,0xfb,0xc0,0xfb,
    0xc0,0xfb,0xc0,0xfb,0xc0,0xfb,0xc0,0xfb,0xc0,0xfb,0xc0,0xfb,0xc0,0xfb,0xc0,0xfb,
    0xc0,0xfb,0xc0,0xfb,0xc0,0xfb,0xc0,0xfb,0xc0,0xfb,0xc0,0xf3,0x20,0xfc,0x80,0x61,
    0x00,0x00,0x00,0x00,0x00,0x00,0x00,0x00,0x00,0x00,0x00,0x00,0x00,0x00,0x00,0x00,
    0x00,0x00,0x00,0x00,0xa0,0x79,0xe0,0xfb,0x80,0xfb,0xa0,0xfb,0xa0,0xfb,0xa0,0xfb,
    0xa0,0xfb,0xa0,0xfb,0xa0,0xfb,0xa0,0xfb,0xa0,0xfb,0xa0,0xfb,0xa0,0xfb,0xa0,0xfb,
    0xa0,0xfb,0xa0,0xfb,0xa0,0xfb,0xa0,0xfb,0xa0,0xfb,0xa0,0xfb,0xa0,0xfb,0xc0,0xfb,
    0xa0,0xfb,0xa0,0xf3,0xa0,0xf3,0xa0,0xfb,0xc0,0xfb,0xc0,0xfb,0xc0,0xfb,0xc0,0xfb,
    0xc0,0xfb,0xc0,0xfb,0xc0,0xfb,0xc0,0xfb,0xc0,0xfb,0xc0,0xf3,0xa0,0xf3,0xa0,0xf3,
    0xa0,0xf3,0xc0,0xf3,0xc0,0xfb,0xc0,0xfb,0xc0,0xfb,0xc0,0xfb,0xc0,0xfb,0xc0,0xfb,
    0xc0,0xfb,0xe0,0xfb,0xc0,0x30,0x00,0x00,0x00,0x00,0x00,0x00,0x00,0x00,0x00,0x00,
    0x00,0x00,0x00,0x00,0x00,0x00,0x00,0x00,0x60,0x61,0xc0,0xfb,0x80,0xfb,0xa0,0xfb,
    0xa0,0xfb,0xa0,0xfb,0xa0,0xfb,0xa0,0xfb,0xa0,0xfb,0xa0,0xfb,0xa0,0xfb,0xa0,0xfb,
    0xa0,0xfb,0xa0,0xfb,0xa0,0xfb,0xa0,0xfb,0xa0,0xfb,0xa0,0xfb,0xa0,0xfb,0xa0,0xfb,
    0xa0,0xfb,0xa0,0xf3,0xc0,0xfb,0xe0,0xfb,0x00,0xfc,0x00,0xfc,0xe0,0xfb,0xc0,0xfb,
    0x80,0xeb,0x80,0xeb,0x80,0xeb,0x80,0xeb,0x80,0xeb,0xa0,0xf3,0xc0,0xfb,0xe0,0xfb,
    0x00,0xfc,0x00,0xfc,0x00,0xfc,0x00,0xfc,0xe0,0xfb,0xc0,0xfb,0xc0,0xf3,0xc0,0xf3,
    0xc0,0xf3,0xc0,0xfb,0xc0,0xf3,0xe0,0xfb,0x80,0xe3,0x20,0x08,0x00,0x00,0x00,0x00,
    0x00,0x00,0x00,0x00,0x00,0x00,0x00,0x00,0x00,0x00,0x00,0x00,0xe0,0x38,0xa0,0xfb,
    0xa0,0xfb,0xa0,0xfb,0xa0,0xfb,0xa0,0xfb,0xa0,0xfb,0xa0,0xfb,0xa0,0xfb,0xa0,0xfb,
    0xa0,0xfb,0xa0,0xfb,0xa0,0xfb,0xa0,0xfb,0xa0,0xfb,0xa0,0xfb,0xa0,0xfb,0xa0,0xfb,
    0xa0,0xfb,0xa0,0xfb,0xa0,0xfb,0xc0,0xfb,0xe0,0xfb,0xc0,0xfb,0x00,0xcb,0x20,0x92,
    0x60,0x61,0xe0,0x38,0x80,0x28,0x60,0x18,0x40,0x10,0x40,0x10,0x60,0x18,0x60,0x18,
    0x80,0x20,0xa0,0x28,0xc0,0x38,0x20,0x49,0x80,0x61,0x00,0x82,0x80,0xaa,0x20,0xcb,
    0xa0,0xf3,0x00,0xfc,0x20,0xfc,0x00,0xfc,0xc0,0xfb,0xc0,0xf3,0x00,0xfc,0xc0,0xba,
    0x00,0x00,0x00,0x00,0x00,0x00,0x00,0x00,0x00,0x00,0x00,0x00,0x00,0x00,0x00,0x00,
    0x40,0x10,0x40,0xe3,0xa0,0xfb,0x80,0xfb,0xa0,0xfb,0xa0,0xfb,0xa0,0xfb,0xa0,0xfb,
    0xa0,0xfb,0xa0,0xfb,0xa0,0xfb,0xa0,0xfb,0xa0,0xfb,0xa0,0xfb,0xa0,0xfb,0xa0,0xfb,
    0xa0,0xfb,0xa0,0xfb,0xa0,0xfb,0xa0,0xfb,0xc0,0xfb,0xe0,0xfb,0x20,0xd3,0xc0,0x79,
    0xa0,0x28,0x00,0x00,0x00,0x00,0x00,0x00,0x00,0x00,0x00,0x00,0x00,0x00,0x00,0x00,
    0x00,0x00,0x00,0x00,0x00,0x00,0x00,0x00,0x00,0x00,0x00,0x00,0x00,0x00,0x00,0x00,
    0x00,0x00,0x00,0x00,0x00,0x00,0x60,0x18,0x20,0x49,0x00,0x82,0x20,0xcb,0xe0,0xfb,
    0x00,0xfc,0x40,0xfc,0x00,0x82,0x00,0x00,0x00,0x00,0x00,0x00,0x00,0x00,0x00,0x00,
    0x00,0x00,0x00,0x00,0x00,0x00,0x80,0xb2,0xe0,0xfb,0x80,0xfb,0xa0,0xfb,0xa0,0xfb,
    0xa0,0xfb,0xa0,0xfb,0xa0,0xfb,0xa0,0xfb,0xa0,0xfb,0xa0,0xfb,0xa0,0xfb,0xa0,0xfb,
    0xa0,0xfb,0xa0,0xfb,0xa0,0xfb,0xa0,0xfb,0xa0,0xfb,0xa0,0xfb,0xe0,0xfb,0x40,0xe3,
    0x80,0x61,0x20,0x08,0x00,0x00,0x00,0x00,0x00,0x00,0x00,0x00,0x00,0x00,0x00,0x00,
    0x00,0x00,0x00,0x00,0x00,0x00,0x00,0x00,0x00,0x00,0x00,0x00,0x00,0x00,0x00,0x00,
    0x00,0x00,0x00,0x00,0x00,0x00,0x00,0x00,0x00,0x00,0x00,0x00,0x00,0x00,0x00,0x00,
    0x00,0x00,0x00,0x00,0xa0,0x28,0xe0,0x79,0x60,0xdb,0x20,0x49,0x00,0x00,0x00,0x00,
    0x00,0x00,0x00,0x00,0x00,0x00,0x00,0x00,0x00,0x00,0x40,0x59,0xe0,0xfb,0x80,0xfb,
    0xa0,0xfb,0xa0,0xfb,0xa0,0xfb,0xa0,0xfb,0xa0,0xfb,0xa0,0xfb,0xa0,0xfb,0xa0,0xfb,
    0xa0,0xfb,0xa0,0xfb,0xa0,0xfb,0xa0,0xfb,0xa0,0xfb,0xa0,0xfb,0xa0,0xfb,0xa0,0xfb,
    0xe0,0xfb,0x60,0x9a,0x40,0x10,0x00,0x00,0x00,0x00,0x00,0x00,0x00,0x00,0x00,0x00,
    0x00,0x00,0x00,0x00,0x00,0x00,0x00,0x00,0x00,0x00,0x00,0x00,0x00,0x00,0x00,0x00,
    0x00,0x00,0x00,0x00,0x00,0x00,0x00,0x00,0x00,0x00,0x00,0x00,0x00,0x00,0x00,0x00,
    0x00,0x00,0x00,0x00,0x00,0x00,0x00,0x00,0x00,0x00,0x00,0x00,0x00,0x00,0x00,0x00,
    0x20,0x08,0x00,0x00,0x00,0x00,0x00,0x00,0x00,0x00,0x00,0x00,0x00,0x00,0x40,0x10,
    0x40,0xe3,0xa0,0xfb,0x80,0xfb,0xa0,0xfb,0xa0,0xfb,0xa0,0xfb,0xa0,0xfb,0xa0,0xfb,
    0xa0,0xfb,0xa0,0xfb,0xa0,0xfb,0xa0,0xfb,0xa0,0xfb,0xa0,0xfb,0xa0,0xfb,0xa0,0xfb,
    0xa0,0xfb,0xa0,0xfb,0xc0,0xfb,0x80,0x69,0x00,0x00,0x00,0x00,0x00,0x00,0x00,0x00,
    0x00,0x00,0x00,0x00,0x00,0x00,0x00,0x00,0x00,0x00,0x00,0x00,0x00,0x00,0x00,0x00,
    0x00,0x00,0x00,0x00,0x00,0x00,0x00,0x00,0x00,0x00,0x00,0x00,0x00,0x00,0x00,0x00,
    0x00,0x00,0x00,0x00,0x00,0x00,0x00,0x00,0x00,0x00,0x00,0x00,0x00,0x00,0x00,0x00,
    0x00,0x00,0x00,0x00,0x00,0x00,0x00,0x00,0x00,0x00,0x00,0x00,0x00,0x00,0x00,0x00,
    0x00,0x00,0x00,0x00,0xe0,0x89,0xe0,0xfb,0x80,0xfb,0xa0,0xfb,0xa0,0xfb,0xa0,0xfb,
    0xa0,0xfb,0xa0,0xfb,0xa0,0xfb,0xa0,0xfb,0xa0,0xfb,0xa0,0xfb,0xa0,0xfb,0xa0,0xfb,
    0xa0,0xfb,0xa0,0xfb,0xa0,0xfb,0xa0,0xfb,0xc0,0xfb,0x40,0x59,0x00,0x00,0x00,0x00,
    0x00,0x00,0x00,0x00,0x00,0x00,0x00,0x00,0x00,0x00,0x00,0x00,0x00,0x00,0x00,0x00,
    0x00,0x00,0x00,0x00,0x00,0x00,0x00,0x00,0x00,0x00,0x00,0x00,0x00,0x00,0x00,0x00,
    0x00,0x00,0x00,0x00,0x00,0x00,0x00,0x00,0x00,0x00,0x00,0x00,0x00,0x00,0x00,0x00,
    0x00,0x00,0x00,0x00,0x00,0x00,0x00,0x00,0x00,0x00,0x00,0x00,0x00,0x00,0x00,0x00,
    0x00,0x00,0x00,0x00,0x00,0x00,0x00,0x00,0x60,0x18,0x80,0xf3,0xa0,0xfb,0xa0,0xfb,
    0xa0,0xfb,0xa0,0xfb,0xa0,0xfb,0xa0,0xfb,0xa0,0xfb,0xa0,0xfb,0xa0,0xfb,0xa0,0xfb,
    0xa0,0xfb,0xa0,0xfb,0xa0,0xfb,0xa0,0xfb,0xa0,0xfb,0xa0,0xfb,0xe0,0xfb,0x80,0x69,
    0x00,0x00,0x00,0x00,0x00,0x00,0x00,0x00,0x00,0x00,0x00,0x00,0x00,0x00,0x00,0x00,
    0x00,0x00,0x00,0x00,0x00,0x00,0x00,0x00,0x00,0x00,0x00,0x00,0x00,0x00,0x00,0x00,
    0x00,0x00,0x00,0x00,0x00,0x00,0x00,0x00,0x00,0x00,0x00,0x00,0x00,0x00,0x00,0x00,
    0x00,0x00,0x00,0x00,0x00,0x00,0x00,0x00,0x00,0x00,0x00,0x00,0x00,0x00,0x00,0x00,
    0x00,0x00,0x00,0x00,0x00,0x00,0x00,0x00,0x00,0x00,0x00,0x00,0x00,0x00,0xe0,0x89,
    0xe0,0xfb,0x80,0xfb,0xa0,0xfb,0xa0,0xfb,0xa0,0xfb,0xa0,0xfb,0xa0,0xfb,0xa0,0xfb,
    0xa0,0xfb,0xa0,0xfb,0xa0,0xfb,0xa0,0xfb,0xa0,0xfb,0xa0,0xfb,0xa0,0xfb,0xa0,0xfb,
    0xe0,0xfb,0x20,0x9a,0x00,0x00,0x00,0x00,0x00,0x00,0x00,0x00,0x00,0x00,0x00,0x00,
    0x00,0x00,0x00,0x00,0x00,0x00,0x00,0x00,0x00,0x00,0x00,0x00,0x00,0x00,0x00,0x00,
    0x00,0x00,0x00,0x00,0x00,0x00,0x00,0x00,0x00,0x00,0x00,0x00,0x00,0x00,0x00,0x00,
    0x00,0x00,0x00,0x00,0x00,0x00,0x00,0x00,0x00,0x00,0x00,0x00,0x00,0x00,0x00,0x00,
    0x00,0x00,0x00,0x00,0x00,0x00,0x00,0x00,0x00,0x00,0x00,0x00,0x00,0x00,0x00,0x00,
    0x00,0x00,0x40,0x10,0x40,0xeb,0xa0,0xfb,0xa0,0xfb,0xa0,0xfb,0xa0,0xfb,0xa0,0xfb,
    0xa0,0xfb,0xa0,0xfb,0xa0,0xfb,0xa0,0xfb,0xa0,0xfb,0xa0,0xfb,0xa0,0xfb,0xa0,0xfb,
    0xa0,0xfb,0xa0,0xfb,0xc0,0xfb,0x20,0xdb,0x20,0x08,0x00,0x00,0x00,0x00,0x00,0x00,
    0x00,0x00,0x00,0x00,0x00,0x00,0x00,0x00,0x00,0x00,0x00,0x00,0x00,0x00,0x00,0x00,
    0x00,0x00,0x00,0x00,0x00,0x00,0x00,0x00,0x00,0x00,0x00,0x00,0x00,0x00,0x00,0x00,
    0x00,0x00,0x00,0x00,0x00,0x00,0x00,0x00,0x00,0x00,0x00,0x00,0x00,0x00,0x00,0x00,
    0x00,0x00,0x00,0x00,0x00,0x00,0x00,0x00,0x00,0x00,0x00,0x00,0x00,0x00,0x00,0x00,
    0x00,0x00,0x00,0x00,0x00,0x00,0x00,0x00,0x60,0x61,0xc0,0xfb,0x80,0xfb,0xa0,0xfb,
    0xa0,0xfb,0xa0,0xfb,0xa0,0xfb,0xa0,0xfb,0xa0,0xfb,0xa0,0xfb,0xa0,0xfb,0xa0,0xfb,
    0xa0,0xfb,0xa0,0xfb,0xa0,0xfb,0xa0,0xfb,0xa0,0xfb,0xe0,0xfb,0x20,0x51,0x00,0x00,
    0x00,0x00,0x00,0x00,0x00,0x00,0x00,0x00,0x00,0x00,0x00,0x00,0x00,0x00,0x00,0x00,
    0x00,0x00,0x00,0x00,0x00,0x00,0x00,0x00,0x00,0x00,0x00,0x00,0x00,0x00,0x00,0x00,
    0x00,0x00,0x00,0x00,0x00,0x00,0x00,0x00,0x00,0x00,0x00,0x00,0x00,0x00,0x00,0x00,
    0x00,0x00,0x00,0x00,0x00,0x00,0x00,0x00,0x00,0x00,0x00,0x00,0x00,0x00,0x00,0x00,
    0x00,0x00,0x00,0x00,0x00,0x00,0x00,0x00,0x00,0x00,0x00,0x00,0x00,0x00,0xa0,0xc2,
    0xc0,0xfb,0x80,0xfb,0xa0,0xfb,0xa0,0xfb,0xa0,0xfb,0xa0,0xfb,0xa0,0xfb,0xa0,0xfb,
    0xa0,0xfb,0xa0,0xfb,0xa0,0xfb,0xa0,0xfb,0xa0,0xfb,0xa0,0xfb,0xa0,0xfb,0xe0,0xfb,
    0xc0,0xc2,0x00,0x00,0x00,0x00,0x00,0x00,0x00,0x00,0x00,0x00,0x00,0x00,0x00,0x00,
    0x00,0x00,0x00,0x00,0x00,0x00,0x00,0x00,0x00,0x00,0x00,0x00,0x00,0x00,0x00,0x00,
    0x00,0x00,0x00,0x00,0x00,0x00,0x00,0x00,0x00,0x00,0x00,0x00,0x00,0x00,0x00,0x00,
    0x00,0x00,0x00,0x00,0x00,0x00,0x00,0x00,0x00,0x00,0x00,0x00,0x00,0x00,0x00,0x00,
    0x00,0x00,0x00,0x00,0x00,0x00,0x00,0x00,0x00,0x00,0x00,0x00,0x00,0x00,0x00,0x00,
    0x00,0x00,0x80,0x20,0x80,0xfb,0xa0,0xfb,0xa0,0xfb,0xa0,0xfb,0xa0,0xfb,0xa0,0xfb,
    0xa0,0xfb,0xa0,0xfb,0xa0,0xfb,0xa0,0xfb,0xa0,0xfb,0xa0,0xfb,0xa0,0xfb,0xa0,0xfb,
    0xa0,0xfb,0xa0,0xfb,0xe0,0xfb,0x40,0x51,0x00,0x00,0x00,0x00,0x00,0x00,0x00,0x00,
    0x00,0x00,0x00,0x00,0x00,0x00,0x00,0x00,0x00,0x00,0x00,0x00,0x00,0x00,0x00,0x00,
    0x00,0x00,0x00,0x00,0x00,0x00,0x00,0x00,0x00,0x00,0x00,0x00,0x00,0x00,0x00,0x00,
    0x00,0x00,0x00,0x00,0x00,0x00,0x00,0x00,0x00,0x00,0x00,0x00,0x00,0x00,0x00,0x00,
    0x00,0x00,0x00,0x00,0x00,0x00,0x00,0x00,0x00,0x00,0x00,0x00,0x00,0x00,0x00,0x00,
    0x00,0x00,0x00,0x00,0x00,0x00,0x00,0x00,0x60,0x61,0xc0,0xfb,0x80,0xfb,0xa0,0xfb,
    0xa0,0xfb,0xa0,0xfb,0xa0,0xfb,0xa0,0xfb,0xa0,0xfb,0xa0,0xfb,0xa0,0xfb,0xa0,0xfb,
    0xa0,0xfb,0xa0,0xfb,0xa0,0xfb,0xa0,0xfb,0xc0,0xfb,0x40,0xe3,0x20,0x08,0x00,0x00,
    0x00,0x00,0x00,0x00,0x00,0x00,0x00,0x00,0x00,0x00,0x00,0x00,0x00,0x00,0x00,0x00,
    0x00,0x00,0x00,0x00,0x00,0x00,0x00,0x00,0x00,0x00,0x00,0x00,0x00,0x00,0x00,0x00,
    0x00,0x00,0x00,0x00,0x00,0x00,0x00,0x00,0x00,0x00,0x00,0x00,0x00,0x00,0x00,0x00,
    0x00,0x00,0x00,0x00,0x00,0x00,0x00,0x00,0x00,0x00,0x00,0x00,0x00,0x00,0x00,0x00,
    0x00,0x00,0x00,0x00,0x00,0x00,0x00,0x00,0x00,0x00,0x00,0x00,0x00,0x00,0x60,0xaa,
    0xc0,0xfb,0x80,0xfb,0xa0,0xfb,0xa0,0xfb,0xa0,0xfb,0xa0,0xfb,0xa0,0xfb,0xa0,0xfb,
    0xa0,0xfb,0xa0,0xfb,0xa0,0xfb,0xa0,0xfb,0xa0,0xfb,0xa0,0xfb,0x80,0xfb,0xe0,0xfb,
    0x20,0x92,0x00,0x00,0x00,0x00,0x00,0x00,0x00,0x00,0x00,0x00,0x00,0x00,0x00,0x00,
    0x00,0x00,0x00,0x00,0x00,0x00,0x00,0x00,0x00,0x00,0x00,0x00,0x00,0x00,0x00,0x00,
    0x00,0x00,0x00,0x00,0x00,0x00,0x00,0x00,0x00,0x00,0x00,0x00,0x00,0x00,0x00,0x00,
    0x00,0x00,0x00,0x00,0x00,0x00,0x00,0x00,0x00,0x00,0x00,0x00,0x00,0x00,0x00,0x00,
    0x00,0x00,0x00,0x00,0x00,0x00,0x00,0x00,0x00,0x00,0x00,0x00,0x00,0x00,0x00,0x00,
    0x00,0x00,0x00,0x08,0x00,0xdb,0xa0,0xfb,0x80,0xfb,0xa0,0xfb,0xa0,0xfb,0xa0,0xfb,
    0xa0,0xfb,0xa0,0xfb,0xa0,0xfb,0xa0,0xfb,0xa0,0xfb,0xa0,0xfb,0xa0,0xfb,0xa0,0xfb,
    0xa0,0xfb,0xa0,0xfb,0xe0,0xfb,0x20,0x49,0x00,0x00,0x00,0x00,0x00,0x00,0x00,0x00,
    0x00,0x00,0x00,0x00,0x00,0x00,0x00,0x00,0x00,0x00,0x00,0x00,0x00,0x00,0x00,0x00,
    0x00,0x00,0x00,0x00,0x00,0x00,0x00,0x00,0x00,0x00,0x00,0x00,0x00,0x00,0x00,0x00,
    0x00,0x00,0x00,0x00,0x00,0x00,0x00,0x00,0x00,0x00,0x00,0x00,0x00,0x00,0x00,0x00,
    0x00,0x00,0x00,0x00,0x00,0x00,0x00,0x00,0x00,0x00,0x00,0x00,0x00,0x00,0x00,0x00,
    0x00,0x00,0x00,0x00,0x00,0x00,0x00,0x00,0xa0,0x28,0x80,0xfb,0x80,0xfb,0x80,0xfb,
    0xa0,0xfb,0xa0,0xfb,0xa0,0xfb,0xa0,0xfb,0xa0,0xfb,0xa0,0xfb,0xa0,0xfb,0xa0,0xfb,
    0xa0,0xfb,0xa0,0xfb,0xa0,0xfb,0xa0,0xfb,0xa0,0xfb,0x80,0xf3,0x40,0x18,0x00,0x00,
    0x00,0x00,0x00,0x00,0x00,0x00,0x00,0x00,0x00,0x00,0x00,0x00,0x00,0x00,0x00,0x00,
    0x00,0x00,0x00,0x00,0x00,0x00,0x00,0x00,0x00,0x00,0x00,0x00,0x00,0x00,0x00,0x00,
    0x00,0x00,0x00,0x00,0x00,0x00,0x00,0x00,0x00,0x00,0x00,0x00,0x00,0x00,0x00,0x00,
    0x00,0x00,0x00,0x00,0x00,0x00,0x00,0x00,0x00,0x00,0x00,0x00,0x00,0x00,0x00,0x00,
    0x00,0x00,0x00,0x00,0x00,0x00,0x00,0x00,0x00,0x00,0x00,0x00,0x00,0x00,0x20,0x51,
    0xa0,0xfb,0x80,0xfb,0xa0,0xfb,0xa0,0xfb,0xa0,0xfb,0xa0,0xfb,0xa0,0xfb,0xa0,0xfb,
    0xa0,0xfb,0xa0,0xfb,0xa0,0xfb,0xa0,0xfb,0xa0,0xfb,0xa0,0xfb,0x80,0xfb,0xc0,0xfb,
    0x00,0xcb,0x00,0x00,0x00,0x00,0x00,0x00,0x00,0x00,0x00,0x00,0x00,0x00,0x00,0x00,
    0x00,0x00,0x00,0x00,0x00,0x00,0x00,0x00,0x00,0x00,0x00,0x00,0x00,0x00,0x00,0x00,
    0x00,0x00,0x00,0x00,0x00,0x00,0x00,0x00,0x00,0x00,0x00,0x00,0x00,0x00,0x00,0x00,
    0x00,0x00,0x00,0x00,0x00,0x00,0x00,0x00,0x00,0x00,0x00,0x00,0x00,0x00,0x00,0x00,
    0x00,0x00,0x00,0x00,0x00,0x00,0x00,0x00,0x00,0x00,0x00,0x00,0x00,0x00,0x00,0x00,
    0x00,0x00,0x00,0x00,0xc0,0x81,0xc0,0xfb,0x80,0xfb,0xa0,0xfb,0xa0,0xfb,0xa0,0xfb,
    0xa0,0xfb,0xa0,0xfb,0xa0,0xfb,0xa0,0xfb,0xa0,0xfb,0xa0,0xfb,0xa0,0xfb,0xa0,0xfb,
    0xa0,0xfb,0x80,0xfb,0xe0,0xfb,0x60,0xa2,0x00,0x00,0x00,0x00,0x00,0x00,0x00,0x00,
    0x00,0x00,0x00,0x00,0x00,0x00,0x00,0x00,0x00,0x00,0x00,0x00,0x00,0x00,0x00,0x00,
    0x00,0x00,0x00,0x00,0x00,0x00,0x00,0x00,0x00,0x00,0x00,0x00,0x00,0x00,0x00,0x00,
    0x00,0x00,0x00,0x00,0x00,0x00,0x00,0x00,0x00,0x00,0x00,0x00,0x00,0x00,0x00,0x00,
    0x00,0x00,0x00,0x00,0x00,0x00,0x00,0x00,0x00,0x00,0x00,0x00,0x00,0x00,0x00,0x00,
    0x00,0x00,0x00,0x00,0x00,0x00,0x00,0x00,0x00,0x00,0x40,0xa2,0xc0,0xfb,0x80,0xfb,
    0xa0,0xfb,0xa0,0xfb,0xa0,0xfb,0xa0,0xfb,0xa0,0xfb,0xa0,0xfb,0xa0,0xfb,0xa0,0xfb,
    0xa0,0xfb,0xa0,0xfb,0xa0,0xfb,0xa0,0xfb,0x80,0xfb,0xe0,0xfb,0xe0,0x81,0x00,0x00,
    0x00,0x00,0x00,0x00,0x00,0x00,0x00,0x00,0x00,0x00,0x00,0x00,0x00,0x00,0x00,0x00,
    0x00,0x00,0x00,0x00,0x00,0x00,0x00,0x00,0x00,0x00,0x00,0x00,0x00,0x00,0x00,0x00,
    0x00,0x00,0x00,0x00,0x00,0x00,0x00,0x00,0x00,0x00,0x00,0x00,0x00,0x00,0x00,0x00,
    0x00,0x00,0x00,0x00,0x00,0x00,0x00,0x00,0x00,0x00,0x00,0x00,0x00,0x00,0x00,0x00,
    0x00,0x00,0x00,0x00,0x00,0x00,0x00,0x00,0x00,0x00,0x00,0x00,0x00,0x00,0x00,0x00,
    0xc0,0xc2,0xa0,0xfb,0x80,0xfb,0xa0,0xfb,0xa0,0xfb,0xa0,0xfb,0xa0,0xfb,0xa0,0xfb,
    0xa0,0xfb,0xa0,0xfb,0xa0,0xfb,0xa0,0xfb,0xa0,0xfb,0xa0,0xfb,0xa0,0xfb,0x80,0xfb,
    0xe0,0xfb,0x80,0x69,0x00,0x00,0x00,0x00,0x00,0x00,0x00,0x00,0x00,0x00,0x00,0x00,
    0x00,0x00,0x00,0x00,0x00,0x00,0x00,0x00,0x00,0x00,0x00,0x00,0x00,0x00,0x00,0x00,
    0x00,0x00,0x00,0x00,0x00,0x00,0x00,0x00,0x00,0x00,0x00,0x00,0x00,0x00,0x00,0x00,
    0x00,0x00,0x00,0x00,0x80,0x69,0xc0,0x71,0xa0,0x71,0xa0,0x71,0xa0,0x71,0xa0,0x71,
    0xa0,0x71,0xa0,0x71,0xc0,0x71,0xc0,0x71,0xc0,0x71,0xc0,0x71,0xc0,0x71,0xc0,0x71,
    0xc0,0x71,0xc0,0x71,0x80,0x59,0xe0,0xd2,0xa0,0xfb,0x80,0xfb,0xa0,0xfb,0xa0,0xfb,
    0xa0,0xfb,0xa0,0xfb,0xa0,0xfb,0xa0,0xfb,0xa0,0xfb,0xa0,0xfb,0xa0,0xfb,0xa0,0xfb,
    0xa0,0xfb,0xa0,0xfb,0x80,0xfb,0xe0,0xfb,0x40,0x59,0x00,0x00,0x00,0x00,0x00,0x00,
    0x00,0x00,0x00,0x00,0x00,0x00,0x00,0x00,0x00,0x00,0x00,0x00,0x00,0x00,0x00,0x00,
    0x00,0x00,0x00,0x00,0x00,0x00,0x00,0x00,0x00,0x00,0x00,0x00,0x00,0x00,0x00,0x00,
    0x00,0x00,0x00,0x00,0x00,0x00,0x00,0x00,0x20,0x10,0xa0,0xf3,0x20,0xfc,0x00,0xfc,
    0x00,0xfc,0x00,0xfc,0x00,0xfc,0x00,0xfc,0x00,0xfc,0x00,0xfc,0x00,0xfc,0x00,0xfc,
    0x00,0xfc,0x00,0xfc,0x00,0xfc,0x00,0xfc,0x40,0xfc,0x60,0xe3,0x20,0xe3,0xa0,0xfb,
    0x80,0xfb,0xa0,0xfb,0xa0,0xfb,0xa0,0xfb,0xa0,0xfb,0xa0,0xfb,0xa0,0xfb,0xa0,0xfb,
    0xa0,0xfb,0xa0,0xfb,0xa0,0xfb,0xa0,0xfb,0xa0,0xfb,0xa0,0xfb,0xc0,0xfb,0x20,0x49,
    0x00,0x00,0x00,0x00,0x00,0x00,0x00,0x00,0x00,0x00,0x00,0x00,0x00,0x00,0x00,0x00,
    0x00,0x00,0x00,0x00,0x00,0x00,0x00,0x00,0x00,0x00,0x00,0x00,0x00,0x00,0x00,0x00,
    0x00,0x00,0x00,0x00,0x00,0x00,0x00,0x00,0x00,0x00,0x00,0x00,0x00,0x00,0x20,0x08,
    0x60,0xe3,0xc0,0xfb,0xa0,0xf3,0xa0,0xf3,0xa0,0xf3,0xa0,0xf3,0xa0,0xf3,0xa0,0xf3,
    0xc0,0xf3,0xc0,0xf3,0xc0,0xf3,0xc0,0xf3,0xc0,0xf3,0xc0,0xf3,0xc0,0xf3,0xe0,0xfb,
    0x20,0xcb,0x40,0xeb,0xa0,0xfb,0x80,0xfb,0xa0,0xfb,0xa0,0xfb,0xa0,0xfb,0xa0,0xfb,
    0xa0,0xfb,0xa0,0xfb,0xa0,0xfb,0xa0,0xfb,0xa0,0xfb,0xa0,0xfb,0xa0,0xfb,0xa0,0xfb,
    0x80,0xfb,0xc0,0xfb,0x00,0x49,0x00,0x00,0x00,0x00,0x00,0x00,0x00,0x00,0x00,0x00,
    0x00,0x00,0x00,0x00,0x00,0x00,0x00,0x00,0x00,0x00,0x00,0x00,0x00,0x00,0x00,0x00,
    0x00,0x00,0x00,0x00,0x00,0x00,0x00,0x00,0x00,0x00,0x00,0x00,0x00,0x00,0x00,0x00,
    0x00,0x00,0x00,0x00,0x20,0x08,0x60,0xe3,0xe0,0xfb,0xc0,0xfb,0xc0,0xfb,0xc0,0xfb,
    0xc0,0xfb,0xc0,0xfb,0xc0,0xfb,0xc0,0xfb,0xc0,0xfb,0xc0,0xfb,0xc0,0xfb,0xc0,0xfb,
    0xc0,0xfb,0xc0,0xf3,0x00,0xfc,0x40,0xd3,0x40,0xeb,0xa0,0xfb,0x80,0xfb,0xa0,0xfb,
    0xa0,0xfb,0xa0,0xfb,0xa0,0xfb,0xa0,0xfb,0xa0,0xfb,0xa0,0xfb,0xa0,0xfb,0xa0,0xfb,
    0xa0,0xfb,0xa0,0xfb,0xa0,0xfb,0xa0,0xfb,0xc0,0xfb,0x20,0x49,0x00,0x00,0x00,0x00,
    0x00,0x00,0x00,0x00,0x00,0x00,0x00,0x00,0x00,0x00,0x00,0x00,0x00,0x00,0x00,0x00,
    0x00,0x00,0x00,0x00,0x00,0x00,0x00,0x00,0x00,0x00,0x00,0x00,0x00,0x00,0x00,0x00,
    0x00,0x00,0x00,0x00,0x00,0x00,0x00,0x00,0x00,0x00,0x20,0x08,0x60,0xe3,0xe0,0xfb,
    0xc0,0xfb,0xc0,0xfb,0xc0,0xfb,0xc0,0xfb,0xc0,0xfb,0xc0,0xfb,0xc0,0xfb,0xc0,0xfb,
    0xc0,0xfb,0xc0,0xfb,0xc0,0xfb,0xc0,0xfb,0xc0,0xf3,0x00,0xfc,0x40,0xd3,0x40,0xeb,
    0xa0,0xfb,0x80,0xfb,0xa0,0xfb,0xa0,0xfb,0xa0,0xfb,0xa0,0xfb,0xa0,0xfb,0xa0,0xfb,
    0xa0,0xfb,0xa0,0xfb,0xa0,0xfb,0xa0,0xfb,0xa0,0xfb,0xa0,0xfb,0x80,0xfb,0xe0,0xfb,
    0x40,0x51,0x00,0x00,0x00,0x00,0x00,0x00,0x00,0x00,0x00,0x00,0x00,0x00,0x00,0x00,
    0x00,0x00,0x00,0x00,0x00,0x00,0x00,0x00,0x00,0x00,0x00,0x00,0x00,0x00,0x00,0x00,
    0x00,0x00,0x00,0x00,0x00,0x00,0x00,0x00,0x00,0x00,0x00,0x00,0x00,0x00,0x00,0x00,
    0x20,0x08,0x60,0xe3,0xe0,0xfb,0xc0,0xfb,0xc0,0xfb,0xc0,0xfb,0xc0,0xfb,0xc0,0xfb,
    0xc0,0xfb,0xc0,0xfb,0xc0,0xfb,0xc0,0xfb,0xc0,0xfb,0xc0,0xfb,0xc0,0xfb,0xc0,0xf3,
    0x00,0xfc,0x40,0xd3,0x20,0xe3,0xa0,0xfb,0x80,0xfb,0xa0,0xfb,0xa0,0xfb,0xa0,0xfb,
    0xa0,0xfb,0xa0,0xfb,0xa0,0xfb,0xa0,0xfb,0xa0,0xfb,0xa0,0xfb,0xa0,0xfb,0xa0,0xfb,
    0xa0,0xfb,0x80,0xfb,0xe0,0xfb,0x80,0x61,0x00,0x00,0x00,0x00,0x00,0x00,0x00,0x00,
    0x00,0x00,0x00,0x00,0x00,0x00,0x00,0x00,0x00,0x00,0x00,0x00,0x00,0x00,0x00,0x00,
    0x00,0x00,0x00,0x00,0x00,0x00,0x00,0x00,0x00,0x00,0x00,0x00,0x00,0x00,0x00,0x00,
    0x00,0x00,0x00,0x00,0x00,0x00,0x20,0x08,0x60,0xe3,0xe0,0xfb,0xc0,0xfb,0xc0,0xfb,
    0xc0,0xfb,0xc0,0xfb,0xc0,0xfb,0xc0,0xfb,0xc0,0xfb,0xc0,0xfb,0xc0,0xfb,0xc0,0xfb,
    0xc0,0xfb,0xc0,0xfb,0xc0,0xf3,0x00,0xfc,0x40,0xd3,0x00,0xdb,0xa0,0xfb,0x80,0xfb,
    0xa0,0xfb,0xa0,0xfb,0xa0,0xfb,0xa0,0xfb,0xa0,0xfb,0xa0,0xfb,0xa0,0xfb,0xa0,0xfb,
    0xa0,0xfb,0xa0,0xfb,0xa0,0xfb,0xa0,0xfb,0x80,0xfb,0xe0,0xfb,0xe0,0x81,0x00,0x00,
    0x00,0x00,0x00,0x00,0x00,0x00,0x00,0x00,0x00,0x00,0x00,0x00,0x00,0x00,0x00,0x00,
    0x00,0x00,0x00,0x00,0x00,0x00,0x00,0x00,0x00,0x00,0x00,0x00,0x00,0x00,0x00,0x00,
    0x00,0x00,0x00,0x00,0x00,0x00,0x00,0x00,0x00,0x00,0x00,0x00,0x20,0x08,0x60,0xe3,
    0xe0,0xfb,0xc0,0xfb,0xc0,0xfb,0xc0,0xfb,0xc0,0xfb,0xc0,0xfb,0xc0,0xfb,0xc0,0xfb,
    0xc0,0xfb,0xc0,0xfb,0xc0,0xfb,0xc0,0xfb,0xc0,0xfb,0xc0,0xf3,0x00,0xfc,0x40,0xd3,
    0xc0,0xca,0xa0,0xfb,0x80,0xfb,0xa0,0xfb,0xa0,0xfb,0xa0,0xfb,0xa0,0xfb,0xa0,0xfb,
    0xa0,0xfb,0xa0,0xfb,0xa0,0xfb,0xa0,0xfb,0xa0,0xfb,0xa0,0xfb,0xa0,0xfb,0x80,0xfb,
    0xe0,0xfb,0x40,0xa2,0x00,0x00,0x00,0x00,0x00,0x00,0x00,0x00,0x00,0x00,0x00,0x00,
    0x00,0x00,0x00,0x00,0x00,0x00,0x00,0x00,0x00,0x00,0x00,0x00,0x00,0x00,0x00,0x00,
    0x00,0x00,0x00,0x00,0x00,0x00,0x00,0x00,0x00,0x00,0x00,0x00,0x00,0x00,0x00,0x00,
    0x00,0x00,0x20,0x08,0x60,0xe3,0xe0,0xfb,0xc0,0xfb,0xc0,0xfb,0xc0,0xfb,0xc0,0xfb,
    0xc0,0xfb,0xc0,0xfb,0xc0,0xfb,0xc0,0xfb,0xc0,0xfb,0xc0,0xfb,0xc0,0xfb,0xc0,0xfb,
    0xc0,0xf3,0x00,0xfc,0x40,0xd3,0x80,0xb2,0xc0,0xfb,0x80,0xfb,0xa0,0xfb,0xa0,0xfb,
    0xa0,0xfb,0xa0,0xfb,0xa0,0xfb,0xa0,0xfb,0xa0,0xfb,0xa0,0xfb,0xa0,0xfb,0xa0,0xfb,
    0xa0,0xfb,0xa0,0xfb,0x80,0xfb,0xc0,0xfb,0xe0,0xc2,0x00,0x00,0x00,0x00,0x00,0x00,
    0x00,0x00,0x00,0x00,0x00,0x00,0x00,0x00,0x00,0x00,0x00,0x00,0x00,0x00,0x00,0x00,
    0x00,0x00,0x00,0x00,0x00,0x00,0x00,0x00,0x00,0x00,0x00,0x00,0x00,0x00,0x00,0x00,
    0x00,0x00,0x00,0x00,0x00,0x00,0x00,0x00,0x20,0x08,0x60,0xe3,0xe0,0xfb,0xc0,0xfb,
    0xc0,0xfb,0xc0,0xfb,0xc0,0xfb,0xc0,0xfb,0xc0,0xfb,0xc0,0xfb,0xc0,0xfb,0xc0,0xfb,
    0xc0,0xfb,0xc0,0xfb,0xc0,0xfb,0xc0,0xf3,0x00,0xfc,0x40,0xd3,0x20,0x92,0xc0,0xfb,
    0x80,0xfb,0xa0,0xfb,0xa0,0xfb,0xa0,0xfb,0xa0,0xfb,0xa0,0xfb,0xa0,0xfb,0xa0,0xfb,
    0xa0,0xfb,0xa0,0xfb,0xa0,0xfb,0xa0,0xfb,0xa0,0xfb,0xa0,0xfb,0xa0,0xfb,0x60,0xeb,
    0x40,0x10,0x00,0x00,0x00,0x00,0x00,0x00,0x00,0x00,0x00,0x00,0x00,0x00,0x00,0x00,
    0x00,0x00,0x00,0x00,0x00,0x00,0x00,0x00,0x00,0x00,0x00,0x00,0x00,0x00,0x00,0x00,
    0x00,0x00,0x00,0x00,0x00,0x00,0x00,0x00,0x00,0x00,0x00,0x00,0x00,0x00,0x20,0x08,
    0x60,0xe3,0xe0,0xfb,0xc0,0xfb,0xc0,0xfb,0xc0,0xfb,0xc0,0xfb,0xc0,0xfb,0xc0,0xfb,
    0xc0,0xfb,0xc0,0xfb,0xc0,0xfb,0xc0,0xfb,0xc0,0xfb,0xc0,0xfb,0xc0,0xf3,0x00,0xfc,
    0x40,0xd3,0x80,0x71,0xc0,0xfb,0x80,0xfb,0xa0,0xfb,0xa0,0xfb,0xa0,0xfb,0xa0,0xfb,
    0xa0,0xfb,0xa0,0xfb,0xa0,0xfb,0xa0,0xfb,0xa0,0xfb,0xa0,0xfb,0xa0,0xfb,0xa0,0xfb,
    0xa0,0xfb,0x80,0xfb,0xc0,0xfb,0xe0,0x40,0x00,0x00,0x00,0x00,0x00,0x00,0x00,0x00,
    0x00,0x00,0x00,0x00,0x00,0x00,0x00,0x00,0x00,0x00,0x00,0x00,0x00,0x00,0x00,0x00,
    0x00,0x00,0x00,0x00,0x00,0x00,0x00,0x00,0x00,0x00,0x00,0x00,0x00,0x00,0x00,0x00,
    0x00,0x00,0x00,0x00,0x20,0x08,0x60,0xe3,0xe0,0xfb,0xc0,0xfb,0xc0,0xfb,0xc0,0xfb,
    0xc0,0xfb,0xc0,0xfb,0xc0,0xfb,0xc0,0xfb,0xc0,0xfb,0xc0,0xfb,0xc0,0xfb,0xc0,0xfb,
    0xc0,0xfb,0xc0,0xf3,0x00,0xfc,0x40,0xd3,0x00,0x49,0xa0,0xfb,0x80,0xfb,0xa0,0xfb,
    0xa0,0xfb,0xa0,0xfb,0xa0,0xfb,0xa0,0xfb,0xa0,0xfb,0xa0,0xfb,0xa0,0xfb,0xa0,0xfb,
    0xa0,0xfb,0xa0,0xfb,0xa0,0xfb,0xa0,0xfb,0x80,0xfb,0xe0,0xfb,0xe0,0x81,0x00,0x00,
    0x00,0x00,0x00,0x00,0x00,0x00,0x00,0x00,0x00,0x00,0x00,0x00,0x00,0x00,0x00,0x00,
    0x00,0x00,0x00,0x00,0x00,0x00,0x00,0x00,0x00,0x00,0x00,0x00,0x00,0x00,0x00,0x00,
    0x00,0x00,0x00,0x00,0x00,0x00,0x00,0x00,0x00,0x00,0x20,0x08,0x60,0xe3,0xe0,0xfb,
    0xc0,0xfb,0xc0,0xfb,0xc0,0xfb,0xc0,0xfb,0xc0,0xfb,0xc0,0xfb,0xc0,0xfb,0xc0,0xfb,
    0xc0,0xfb,0xc0,0xfb,0xc0,0xfb,0xc0,0xfb,0xc0,0xf3,0x00,0xfc,0x40,0xd3,0x60,0x20,
    0x60,0xf3,0xa0,0xfb,0x80,0xfb,0xa0,0xfb,0xa0,0xfb,0xa0,0xfb,0xa0,0xfb,0xa0,0xfb,
    0xa0,0xfb,0xa0,0xfb,0xa0,0xfb,0xa0,0xfb,0xa0,0xfb,0xa0,0xfb,0xa0,0xfb,0x80,0xfb,
    0xc0,0xfb,0x00,0xd3,0x00,0x00,0x00,0x00,0x00,0x00,0x00,0x00,0x00,0x00,0x00,0x00,
    0x00,0x00,0x00,0x00,0x00,0x00,0x00,0x00,0x00,0x00,0x00,0x00,0x00,0x00,0x00,0x00,
    0x00,0x00,0x00,0x00,0x00,0x00,0x00,0x00,0x00,0x00,0x00,0x00,0x00,0x00,0x00,0x00,
    0x20,0x08,0x60,0xe3,0xe0,0xfb,0xc0,0xfb,0xc0,0xfb,0xc0,0xfb,0xc0,0xfb,0xc0,0xfb,
    0xc0,0xfb,0xc0,0xfb,0xc0,0xfb,0xc0,0xfb,0xc0,0xfb,0xc0,0xfb,0xc0,0xfb,0xc0,0xf3,
    0x00,0xfc,0x40,0xd3,0x00,0x00,0xe0,0xd2,0xc0,0xfb,0x80,0xfb,0xa0,0xfb,0xa0,0xfb,
    0xa0,0xfb,0xa0,0xfb,0xa0,0xfb,0xa0,0xfb,0xa0,0xfb,0xa0,0xfb,0xa0,0xfb,0xa0,0xfb,
    0xa0,0xfb,0xa0,0xfb,0xa0,0xfb,0xa0,0xfb,0xc0,0xfb,0xc0,0x38,0x00,0x00,0x00,0x00,
    0x00,0x00,0x00,0x00,0x00,0x00,0x00,0x00,0x00,0x00,0x00,0x00,0x00,0x00,0x00,0x00,
    0x00,0x00,0x00,0x00,0x00,0x00,0x00,0x00,0x00,0x00,0x00,0x00,0x00,0x00,0x00,0x00,
    0x00,0x00,0x00,0x00,0x00,0x00,0x20,0x08,0x60,0xe3,0xe0,0xfb,0xc0,0xfb,0xc0,0xfb,
    0xc0,0xfb,0xc0,0xfb,0xc0,0xfb,0xc0,0xfb,0xc0,0xfb,0xc0,0xfb,0xc0,0xfb,0xc0,0xfb,
    0xc0,0xfb,0xc0,0xfb,0xc0,0xf3,0x00,0xfc,0x40,0xd3,0x00,0x00,0x20,0x9a,0xc0,0xfb,
    0x80,0xfb,0xa0,0xfb,0xa0,0xfb,0xa0,0xfb,0xa0,0xfb,0xa0,0xfb,0xa0,0xfb,0xa0,0xfb,
    0xa0,0xfb,0xa0,0xfb,0xa0,0xfb,0xa0,0xfb,0xa0,0xfb,0xa0,0xfb,0x80,0xfb,0xe0,0xfb,
    0x60,0xa2,0x00,0x00,0x00,0x00,0x00,0x00,0x00,0x00,0x00,0x00,0x00,0x00,0x00,0x00,
    0x00,0x00,0x00,0x00,0x00,0x00,0x00,0x00,0x00,0x00,0x00,0x00,0x00,0x00,0x00,0x00,
    0x00,0x00,0x00,0x00,0x00,0x00,0x00,0x00,0x00,0x00,0x00,0x00,0x20,0x08,0x60,0xe3,
    0xe0,0xfb,0xc0,0xfb,0xc0,0xfb,0xc0,0xfb,0xc0,0xfb,0xc0,0xfb,0xc0,0xfb,0xc0,0xfb,
    0xc0,0xfb,0xc0,0xfb,0xc0,0xfb,0xc0,0xfb,0xc0,0xfb,0xc0,0xf3,0x00,0xfc,0x40,0xd3,
    0x00,0x00,0x40,0x59,0xc0,0xfb,0x80,0xfb,0xa0,0xfb,0xa0,0xfb,0xa0,0xfb,0xa0,0xfb,
    0xa0,0xfb,0xa0,0xfb,0xa0,0xfb,0xa0,0xfb,0xa0,0xfb,0xa0,0xfb,0xa0,0xfb,0xa0,0xfb,
    0xa0,0xfb,0xa0,0xfb,0xa0,0xfb,0xa0,0xf3,0x80,0x28,0x00,0x00,0x00,0x00,0x00,0x00,
    0x00,0x00,0x00,0x00,0x00,0x00,0x00,0x00,0x00,0x00,0x00,0x00,0x00,0x00,0x00,0x00,
    0x00,0x00,0x00,0x00,0x00,0x00,0x00,0x00,0x00,0x00,0x00,0x00,0x00,0x00,0x00,0x00,
    0x00,0x00,0x20,0x08,0x60,0xe3,0xe0,0xfb,0xc0,0xfb,0xc0,0xfb,0xc0,0xfb,0xc0,0xfb,
    0xc0,0xfb,0xc0,0xfb,0xc0,0xfb,0xc0,0xfb,0xc0,0xfb,0xc0,0xfb,0xc0,0xfb,0xc0,0xfb,
    0xc0,0xf3,0x00,0xfc,0x40,0xd3,0x00,0x00,0x60,0x18,0x60,0xf3,0xa0,0xfb,0xa0,0xfb,
    0xa0,0xfb,0xa0,0xfb,0xa0,0xfb,0xa0,0xfb,0xa0,0xfb,0xa0,0xfb,0xa0,0xfb,0xa0,0xfb,
    0xa0,0xfb,0xa0,0xfb,0xa0,0xfb,0xa0,0xfb,0xa0,0xfb,0xa0,0xfb,0xe0,0xfb,0x80,0xaa,
    0x00,0x00,0x00,0x00,0x00,0x00,0x00,0x00,0x00,0x00,0x00,0x00,0x00,0x00,0x00,0x00,
    0x00,0x00,0x00,0x00,0x00,0x00,0x00,0x00,0x00,0x00,0x00,0x00,0x00,0x00,0x00,0x00,
    0x00,0x00,0x00,0x00,0x00,0x00,0x00,0x00,0x20,0x08,0x60,0xe3,0xe0,0xfb,0xc0,0xfb,
    0xc0,0xfb,0xc0,0xfb,0xc0,0xfb,0xc0,0xfb,0xc0,0xfb,0xc0,0xfb,0xc0,0xfb,0xc0,0xfb,
    0xc0,0xfb,0xc0,0xfb,0xc0,0xfb,0xc0,0xf3,0x00,0xfc,0x40,0xd3,0x00,0x00,0x00,0x00,
    0xa0,0xba,0xc0,0xfb,0x80,0xfb,0xa0,0xfb,0xa0,0xfb,0xa0,0xfb,0xa0,0xfb,0xa0,0xfb,
    0xa0,0xfb,0xa0,0xfb,0xa0,0xfb,0xa0,0xfb,0xa0,0xfb,0xa0,0xfb,0xa0,0xfb,0xa0,0xfb,
    0xa0,0xfb,0xa0,0xfb,0xe0,0xfb,0x20,0x51,0x00,0x00,0x00,0x00,0x00,0x00,0x00,0x00,
    0x00,0x00,0x00,0x00,0x00,0x00,0x00,0x00,0x00,0x00,0x00,0x00,0x00,0x00,0x00,0x00,
    0x00,0x00,0x00,0x00,0x00,0x00,0x00,0x00,0x00,0x00,0x00,0x00,0x00,0x00,0x20,0x08,
    0x60,0xe3,0xe0,0xfb,0xc0,0xfb,0xc0,0xfb,0xc0,0xfb,0xc0,0xfb,0xc0,0xfb,0xc0,0xfb,
    0xc0,0xfb,0xc0,0xfb,0xc0,0xfb,0xc0,0xfb,0xc0,0xfb,0xc0,0xfb,0xc0,0xf3,0x00,0xfc,
    0x40,0xd3,0x00,0x00,0x00,0x00,0x40,0x59,0xc0,0xfb,0x80,0xfb,0xa0,0xfb,0xa0,0xfb,
    0xa0,0xfb,0xa0,0xfb,0xa0,0xfb,0xa0,0xfb,0xa0,0xfb,0xa0,0xfb,0xa0,0xfb,0xa0,0xfb,
    0xa0,0xfb,0xa0,0xfb,0xa0,0xfb,0xa0,0xfb,0xa0,0xfb,0xa0,0xfb,0x80,0xeb,0x60,0x20,
    0x00,0x00,0x00,0x00,0x00,0x00,0x00,0x00,0x00,0x00,0x00,0x00,0x00,0x00,0x00,0x00,
    0x00,0x00,0x00,0x00,0x00,0x00,0x00,0x00,0x00,0x00,0x00,0x00,0x00,0x00,0x00,0x00,
    0x00,0x00,0x00,0x00,0x20,0x08,0x60,0xe3,0xe0,0xfb,0xc0,0xfb,0xc0,0xfb,0xc0,0xfb,
    0xc0,0xfb,0xc0,0xfb,0xc0,0xfb,0xc0,0xfb,0xc0,0xfb,0xc0,0xfb,0xc0,0xfb,0xc0,0xfb,
    0xc0,0xfb,0xc0,0xf3,0x00,0xfc,0x40,0xd3,0x00,0x00,0x00,0x00,0x20,0x08,0x40,0xeb,
    0xa0,0xfb,0xa0,0xfb,0xa0,0xfb,0xa0,0xfb,0xa0,0xfb,0xa0,0xfb,0xa0,0xfb,0xa0,0xfb,
    0xa0,0xfb,0xa0,0xfb,0xa0,0xfb,0xa0,0xfb,0xa0,0xfb,0xa0,0xfb,0xa0,0xfb,0xa0,0xfb,
    0x80,0xfb,0xc0,0xfb,0x00,0xcb,0x20,0x10,0x00,0x00,0x00,0x00,0x00,0x00,0x00,0x00,
    0x00,0x00,0x00,0x00,0x00,0x00,0x00,0x00,0x00,0x00,0x00,0x00,0x00,0x00,0x00,0x00,
    0x00,0x00,0x00,0x00,0x00,0x00,0x00,0x00,0x00,0x00,0x20,0x08,0x60,0xe3,0xe0,0xfb,
    0xc0,0xfb,0xc0,0xfb,0xc0,0xfb,0xc0,0xfb,0xc0,0xfb,0xc0,0xfb,0xc0,0xfb,0xc0,0xfb,
    0xc0,0xfb,0xc0,0xfb,0xc0,0xfb,0xc0,0xfb,0xc0,0xf3,0x00,0xfc,0x40,0xd3,0x00,0x00,
    0x00,0x00,0x00,0x00,0xe0,0x81,0xe0,0xfb,0x80,0xfb,0xa0,0xfb,0xa0,0xfb,0xa0,0xfb,
    0xa0,0xfb,0xa0,0xfb,0xa0,0xfb,0xa0,0xfb,0xa0,0xfb,0xa0,0xfb,0xa0,0xfb,0xa0,0xfb,
    0xa0,0xfb,0xa0,0xfb,0xa0,0xfb,0xa0,0xfb,0xa0,0xfb,0xe0,0xfb,0xe0,0xc2,0x40,0x10,
    0x00,0x00,0x00,0x00,0x00,0x00,0x00,0x00,0x00,0x00,0x00,0x00,0x00,0x00,0x00,0x00,
    0x00,0x00,0x00,0x00,0x00,0x00,0x00,0x00,0x00,0x00,0x00,0x00,0x00,0x00,0x00,0x00,
    0x20,0x08,0x60,0xe3,0xe0,0xfb,0xc0,0xfb,0xc0,0xfb,0xc0,0xfb,0xc0,0xfb,0xc0,0xfb,
    0xc0,0xfb,0xc0,0xfb,0xc0,0xfb,0xc0,0xfb,0xc0,0xfb,0xc0,0xfb,0xc0,0xfb,0xc0,0xf3,
    0x00,0xfc,0x40,0xd3,0x00,0x00,0x00,0x00,0x00,0x00,0x60,0x18,0x60,0xf3,0xa0,0xfb,
    0xa0,0xfb,0xa0,0xfb,0xa0,0xfb,0xa0,0xfb,0xa0,0xfb,0xa0,0xfb,0xa0,0xfb,0xa0,0xfb,
    0xa0,0xfb,0xa0,0xfb,0xa0,0xfb,0xa0,0xfb,0xa0,0xfb,0xa0,0xfb,0xa0,0xfb,0xa0,0xfb,
    0xa0,0xfb,0xe0,0xfb,0x20,0xd3,0xa0,0x30,0x00,0x00,0x00,0x00,0x00,0x00,0x00,0x00,
    0x00,0x00,0x00,0x00,0x00,0x00,0x00,0x00,0x00,0x00,0x00,0x00,0x00,0x00,0x00,0x00,
    0x00,0x00,0x00,0x00,0x00,0x00,0x20,0x08,0x60,0xe3,0xe0,0xfb,0xc0,0xfb,0xc0,0xfb,
    0xc0,0xfb,0xc0,0xfb,0xc0,0xfb,0xc0,0xfb,0xc0,0xfb,0xc0,0xfb,0xc0,0xfb,0xc0,0xfb,
    0xc0,0xfb,0xc0,0xfb,0xc0,0xf3,0x00,0xfc,0x40,0xd3,0x00,0x00,0x00,0x00,0x00,0x00,
    0x00,0x00,0xc0,0x81,0xe0,0xfb,0x80,0xfb,0xa0,0xfb,0xa0,0xfb,0xa0,0xfb,0xa0,0xfb,
    0xa0,0xfb,0xa0,0xfb,0xa0,0xfb,0xa0,0xfb,0xa0,0xfb,0xa0,0xfb,0xa0,0xfb,0xa0,0xfb,
    0xa0,0xfb,0xa0,0xfb,0xa0,0xfb,0xa0,0xfb,0xa0,0xfb,0xe0,0xfb,0xa0,0xf3,0xc0,0x79,
    0x20,0x08,0x00,0x00,0x00,0x00,0x00,0x00,0x00,0x00,0x00,0x00,0x00,0x00,0x00,0x00,
    0x00,0x00,0x00,0x00,0x00,0x00,0x00,0x00,0x00,0x00,0x00,0x00,0x20,0x08,0x60,0xe3,
    0xe0,0xfb,0xc0,0xfb,0xc0,0xfb,0xc0,0xfb,0xc0,0xfb,0xc0,0xfb,0xc0,0xfb,0xc0,0xfb,
    0xc0,0xfb,0xc0,0xfb,0xc0,0xfb,0xc0,0xfb,0xc0,0xfb,0xc0,0xf3,0x00,0xfc,0x40,0xd3,
    0x00,0x00,0x00,0x00,0x00,0x00,0x00,0x00,0x20,0x08,0x20,0xdb,0xa0,0xfb,0x80,0xfb,
    0xa0,0xfb,0xa0,0xfb,0xa0,0xfb,0xa0,0xfb,0xa0,0xfb,0xa0,0xfb,0xa0,0xfb,0xa0,0xfb,
    0xa0,0xfb,0xa0,0xfb,0xa0,0xfb,0xa0,0xfb,0xa0,0xfb,0xa0,0xfb,0xa0,0xfb,0xa0,0xfb,
    0xa0,0xfb,0xc0,0xfb,0xe0,0xfb,0x20,0xd3,0xa0,0x69,0x60,0x18,0x00,0x00,0x00,0x00,
    0x00,0x00,0x00,0x00,0x00,0x00,0x00,0x00,0x00,0x00,0x00,0x00,0x00,0x00,0x00,0x00,
    0x00,0x00,0x20,0x08,0x80,0xe3,0xe0,0xfb,0xc0,0xfb,0xc0,0xfb,0xc0,0xfb,0xc0,0xfb,
    0xc0,0xfb,0xc0,0xfb,0xc0,0xfb,0xc0,0xfb,0xc0,0xfb,0xc0,0xfb,0xc0,0xfb,0xc0,0xfb,
    0xc0,0xf3,0x00,0xfc,0x40,0xd3,0x00,0x00,0x00,0x00,0x00,0x00,0x00,0x00,0x00,0x00,
    0x20,0x49,0xc0,0xfb,0x80,0xfb,0xa0,0xfb,0xa0,0xfb,0xa0,0xfb,0xa0,0xfb,0xa0,0xfb,
    0xa0,0xfb,0xa0,0xfb,0xa0,0xfb,0xa0,0xfb,0xa0,0xfb,0xa0,0xfb,0xa0,0xfb,0xa0,0xfb,
    0xa0,0xfb,0xa0,0xfb,0xa0,0xfb,0xa0,0xfb,0xa0,0xfb,0xa0,0xfb,0xc0,0xfb,0xe0,0xfb,
    0x80,0xeb,0xa0,0xb2,0xc0,0x71,0x00,0x49,0xa0,0x28,0x60,0x18,0x60,0x18,0x60,0x18,
    0x60,0x18,0x60,0x18,0x80,0x20,0x80,0x20,0xc0,0x79,0xe0,0xfb,0xc0,0xfb,0xc0,0xfb,
    0xc0,0xfb,0xc0,0xfb,0xc0,0xfb,0xc0,0xfb,0xc0,0xfb,0xc0,0xfb,0xc0,0xfb,0xc0,0xfb,
    0xc0,0xfb,0xc0,0xfb,0xc0,0xfb,0xc0,0xf3,0x00,0xfc,0x40,0xd3,0x00,0x00,0x00,0x00,
    0x00,0x00,0x00,0x00,0x00,0x00,0x00,0x00,0x20,0x9a,0xe0,0xfb,0x80,0xfb,0xa0,0xfb,
    0xa0,0xfb,0xa0,0xfb,0xa0,0xfb,0xa0,0xfb,0xa0,0xfb,0xa0,0xfb,0xa0,0xfb,0xa0,0xfb,
    0xa0,0xfb,0xa0,0xfb,0xa0,0xfb,0xa0,0xfb,0xa0,0xfb,0xa0,0xfb,0xa0,0xfb,0xa0,0xfb,
    0xa0,0xfb,0xa0,0xfb,0xa0,0xfb,0xc0,0xfb,0xe0,0xfb,0x00,0xfc,0xe0,0xfb,0xc0,0xfb,
    0xa0,0xf3,0x80,0xeb,0x80,0xeb,0xa0,0xeb,0x80,0xf3,0xa0,0xf3,0xa0,0xf3,0xc0,0xfb,
    0xc0,0xfb,0xc0,0xfb,0xc0,0xfb,0xc0,0xfb,0xc0,0xfb,0xc0,0xfb,0xc0,0xfb,0xc0,0xfb,
    0xc0,0xfb,0xc0,0xfb,0xc0,0xfb,0xc0,0xfb,0xc0,0xfb,0xc0,0xfb,0xc0,0xf3,0x00,0xfc,
    0x40,0xd3,0x00,0x00,0x00,0x00,0x00,0x00,0x00,0x00,0x00,0x00,0x00,0x00,0x20,0x08,
    0xe0,0xca,0xc0,0xfb,0x80,0xfb,0xa0,0xfb,0xa0,0xfb,0xa0,0xfb,0xa0,0xfb,0xa0,0xfb,
    0xa0,0xfb,0xa0,0xfb,0xa0,0xfb,0xa0,0xfb,0xa0,0xfb,0xa0,0xfb,0xa0,0xfb,0xa0,0xfb,
    0xa0,0xfb,0xa0,0xfb,0xa0,0xfb,0xa0,0xfb,0xa0,0xfb,0xa0,0xfb,0xa0,0xfb,0xa0,0xfb,
    0xa0,0xf3,0xa0,0xfb,0xc0,0xfb,0xc0,0xfb,0xc0,0xfb,0xc0,0xfb,0xc0,0xfb,0xc0,0xfb,
    0xc0,0xfb,0xc0,0xfb,0xc0,0xfb,0xc0,0xfb,0xc0,0xfb,0xc0,0xfb,0xc0,0xfb,0xc0,0xfb,
    0xc0,0xfb,0xc0,0xfb,0xc0,0xfb,0xc0,0xfb,0xc0,0xfb,0xc0,0xfb,0xc0,0xfb,0xc0,0xfb,
    0xc0,0xfb,0xc0,0xf3,0x00,0xfc,0x40,0xd3,0x00,0x00,0x00,0x00,0x00,0x00,0x00,0x00,
    0x00,0x00,0x00,0x00,0x00,0x00,0x60,0x18,0x40,0xe3,0xc0,0xfb,0x80,0xfb,0xa0,0xfb,
    0xa0,0xfb,0xa0,0xfb,0xa0,0xfb,0xa0,0xfb,0xa0,0xfb,0xa0,0xfb,0xa0,0xfb,0xa0,0xfb,
    0xa0,0xfb,0xa0,0xfb,0xa0,0xfb,0xa0,0xfb,0xa0,0xfb,0xa0,0xfb,0xa0,0xfb,0xa0,0xfb,
    0xa0,0xfb,0xa0,0xfb,0xc0,0xfb,0xc0,0xfb,0xc0,0xfb,0xc0,0xfb,0xc0,0xfb,0xc0,0xfb,
    0xc0,0xfb,0xc0,0xfb,0xc0,0xfb,0xc0,0xfb,0xc0,0xfb,0xc0,0xfb,0xc0,0xfb,0xc0,0xfb,
    0xc0,0xfb,0xc0,0xfb,0xc0,0xfb,0xc0,0xfb,0xc0,0xfb,0xc0,0xfb,0xc0,0xfb,0xc0,0xfb,
    0xc0,0xfb,0xc0,0xfb,0xc0,0xfb,0xc0,0xfb,0xc0,0xf3,0x00,0xfc,0x40,0xd3,0x00,0x00,
    0x00,0x00,0x00,0x00,0x00,0x00,0x00,0x00,0x00,0x00,0x00,0x00,0x00,0x00,0xa0,0x28,
    0x60,0xeb,0xc0,0xfb,0x80,0xfb,0xa0,0xfb,0xa0,0xfb,0xa0,0xfb,0xa0,0xfb,0xa0,0xfb,
    0xa0,0xfb,0xa0,0xfb,0xa0,0xfb,0xa0,0xfb,0xa0,0xfb,0xa0,0xfb,0xa0,0xfb,0xa0,0xfb,
    0xa0,0xfb,0xa0,0xfb,0xa0,0xfb,0xa0,0xfb,0xa0,0xfb,0xc0,0xfb,0xc0,0xfb,0xc0,0xfb,
    0xc0,0xfb,0xc0,0xfb,0xc0,0xfb,0xc0,0xfb,0xc0,0xfb,0xc0,0xfb,0xc0,0xfb,0xc0,0xfb,
    0xc0,0xfb,0xc0,0xfb,0xc0,0xfb,0xc0,0xfb,0xc0,0xfb,0xc0,0xfb,0xc0,0xfb,0xc0,0xfb,
    0xc0,0xfb,0xc0,0xfb,0xc0,0xfb,0xc0,0xfb,0xc0,0xfb,0xc0,0xfb,0xc0,0xfb,0xc0,0xf3,
    0x00,0xfc,0x40,0xd3,0x00,0x00,0x00,0x00,0x00,0x00,0x00,0x00,0x00,0x00,0x00,0x00,
    0x00,0x00,0x00,0x00,0x00,0x00,0xa0,0x28,0x40,0xe3,0xe0,0xfb,0x80,0xfb,0xa0,0xfb,
    0xa0,0xfb,0xa0,0xfb,0xa0,0xfb,0xa0,0xfb,0xa0,0xfb,0xa0,0xfb,0xa0,0xfb,0xa0,0xfb,
    0xa0,0xfb,0xa0,0xfb,0xa0,0xfb,0xa0,0xfb,0xa0,0xfb,0xa0,0xfb,0xa0,0xfb,0xa0,0xfb,
    0xc0,0xfb,0xc0,0xfb,0xc0,0xfb,0xc0,0xfb,0xc0,0xfb,0xc0,0xfb,0xc0,0xfb,0xc0,0xfb,
    0xc0,0xfb,0xc0,0xfb,0xc0,0xfb,0xc0,0xfb,0xc0,0xfb,0xc0,0xfb,0xc0,0xfb,0xc0,0xfb,
    0xc0,0xfb,0xc0,0xfb,0xc0,0xfb,0xc0,0xfb,0xc0,0xfb,0xc0,0xfb,0xc0,0xfb,0xc0,0xfb,
    0xc0,0xfb,0xc0,0xfb,0xc0,0xf3,0x00,0xfc,0x40,0xd3,0x00,0x00,0x00,0x00,0x00,0x00,
    0x00,0x00,0x00,0x00,0x00,0x00,0x00,0x00,0x00,0x00,0x00,0x00,0x00,0x00,0x60,0x20,
    0xe0,0xca,0xe0,0xfb,0xa0,0xfb,0x80,0xfb,0xa0,0xfb,0xa0,0xfb,0xa0,0xfb,0xa0,0xfb,
    0xa0,0xfb,0xa0,0xfb,0xa0,0xfb,0xa0,0xfb,0xa0,0xfb,0xa0,0xfb,0xa0,0xfb,0xa0,0xfb,
    0xa0,0xfb,0xa0,0xfb,0xa0,0xfb,0xc0,0xfb,0xc0,0xfb,0xc0,0xfb,0xc0,0xfb,0xc0,0xfb,
    0xc0,0xfb,0xc0,0xfb,0xc0,0xfb,0xc0,0xfb,0xc0,0xfb,0xc0,0xfb,0xc0,0xfb,0xc0,0xfb,
    0xc0,0xfb,0xc0,0xfb,0xc0,0xfb,0xc0,0xfb,0xc0,0xfb,0xc0,0xfb,0xc0,0xfb,0xc0,0xfb,
    0xc0,0xfb,0xc0,0xfb,0xc0,0xfb,0xc0,0xfb,0xc0,0xfb,0xc0,0xf3,0x00,0xfc,0x40,0xd3,
    0x00,0x00,0x00,0x00,0x00,0x00,0x00,0x00,0x00,0x00,0x00,0x00,0x00,0x00,0x00,0x00,
    0x00,0x00,0x00,0x00,0x00,0x00,0x20,0x08,0x20,0x9a,0xc0,0xfb,0xc0,0xfb,0x80,0xfb,
    0xa0,0xfb,0xa0,0xfb,0xa0,0xfb,0xa0,0xfb,0xa0,0xfb,0xa0,0xfb,0xa0,0xfb,0xa0,0xfb,
    0xa0,0xfb,0xa0,0xfb,0xa0,0xfb,0xa0,0xfb,0xa0,0xfb,0xa0,0xfb,0xc0,0xfb,0xc0,0xfb,
    0xc0,0xfb,0xc0,0xfb,0xc0,0xfb,0xc0,0xfb,0xc0,0xfb,0xc0,0xfb,0xc0,0xfb,0xc0,0xfb,
    0xc0,0xfb,0xc0,0xfb,0xc0,0xfb,0xc0,0xfb,0xc0,0xfb,0xc0,0xfb,0xc0,0xfb,0xc0,0xfb,
    0xc0,0xfb,0xc0,0xfb,0xc0,0xfb,0xc0,0xfb,0xc0,0xfb,0xc0,0xfb,0xc0,0xfb,0xc0,0xf3,
    0xc0,0xf3,0xe0,0xfb,0x40,0xd3,0x00,0x00,0x00,0x00,0x00,0x00,0x00,0x00,0x00,0x00,
    0x00,0x00,0x00,0x00,0x00,0x00,0x00,0x00,0x00,0x00,0x00,0x00,0x00,0x00,0x00,0x00,
    0x20,0x51,0x40,0xdb,0xe0,0xfb,0xa0,0xfb,0x80,0xfb,0xa0,0xfb,0xa0,0xfb,0xa0,0xfb,
    0xa0,0xfb,0xa0,0xfb,0xa0,0xfb,0xa0,0xfb,0xa0,0xfb,0xa0,0xfb,0xa0,0xfb,0xa0,0xfb,
    0xa0,0xfb,0xc0,0xfb,0xc0,0xfb,0xc0,0xfb,0xc0,0xfb,0xc0,0xfb,0xc0,0xfb,0xc0,0xfb,
    0xc0,0xfb,0xc0,0xfb,0xc0,0xfb,0xc0,0xfb,0xc0,0xfb,0xc0,0xfb,0xc0,0xfb,0xc0,0xfb,
    0xc0,0xfb,0xc0,0xfb,0xc0,0xfb,0xc0,0xfb,0xc0,0xfb,0xc0,0xfb,0xc0,0xfb,0xc0,0xfb,
    0xc0,0xf3,0xc0,0xf3,0xc0,0xfb,0x00,0xfc,0x20,0xfc,0x00,0xc3,0x00,0x00,0x00,0x00,
    0x00,0x00,0x00,0x00,0x00,0x00,0x00,0x00,0x00,0x00,0x00,0x00,0x00,0x00,0x00,0x00,
    0x00,0x00,0x00,0x00,0x00,0x00,0x00,0x00,0x40,0x10,0xe0,0x81,0x80,0xf3,0xe0,0xfb,
    0xc0,0xfb,0xa0,0xfb,0xa0,0xfb,0xa0,0xfb,0xa0,0xfb,0xa0,0xfb,0xa0,0xfb,0xa0,0xfb,
    0xa0,0xfb,0xa0,0xfb,0xa0,0xfb,0xa0,0xfb,0xc0,0xfb,0xc0,0xfb,0xc0,0xfb,0xc0,0xfb,
    0xc0,0xfb,0xc0,0xfb,0xc0,0xfb,0xc0,0xfb,0xc0,0xfb,0xc0,0xfb,0xc0,0xfb,0xc0,0xfb,
    0xc0,0xfb,0xc0,0xfb,0xc0,0xfb,0xc0,0xfb,0xc0,0xfb,0xc0,0xfb,0xc0,0xfb,0xc0,0xfb,
    0xc0,0xf3,0xc0,0xf3,0xc0,0xfb,0x00,0xfc,0x00,0xfc,0xc0,0xf3,0xe0,0xba,0x80,0x61,
    0x40,0x10,0x00,0x00,0x00,0x00,0x00,0x00,0x00,0x00,0x00,0x00,0x00,0x00,0x00,0x00,
    0x00,0x00,0x00,0x00,0x00,0x00,0x00,0x00,0x00,0x00,0x00,0x00,0x00,0x00,0x00,0x00,
    0x00,0x00,0x60,0x20,0x00,0x8a,0x60,0xe3,0xe0,0xfb,0xe0,0xfb,0xa0,0xfb,0xa0,0xfb,
    0xa0,0xfb,0xa0,0xfb,0xa0,0xfb,0xa0,0xfb,0xa0,0xfb,0xa0,0xfb,0xa0,0xfb,0xc0,0xfb,
    0xc0,0xfb,0xc0,0xfb,0xc0,0xfb,0xc0,0xfb,0xc0,0xfb,0xc0,0xfb,0xc0,0xfb,0xc0,0xfb,
    0xc0,0xfb,0xc0,0xfb,0xc0,0xfb,0xc0,0xfb,0xc0,0xfb,0xc0,0xfb,0xc0,0xf3,0xa0,0xf3,
    0xa0,0xf3,0xc0,0xfb,0xe0,0xfb,0x00,0xfc,0x00,0xfc,0xc0,0xf3,0x00,0xc3,0xc0,0x71,
    0xa0,0x28,0x00,0x00,0x00,0x00,0x00,0x00,0x00,0x00,0x00,0x00,0x00,0x00,0x00,0x00,
    0x00,0x00,0x00,0x00,0x00,0x00,0x00,0x00,0x00,0x00,0x00,0x00,0x00,0x00,0x00,0x00,
    0x00,0x00,0x00,0x00,0x00,0x00,0x00,0x00,0x00,0x00,0x00,0x00,0x40,0x10,0x80,0x61,
    0xc0,0xba,0xa0,0xf3,0xe0,0xfb,0xe0,0xfb,0xc0,0xfb,0xc0,0xfb,0xa0,0xfb,0xa0,0xfb,
    0xa0,0xfb,0xa0,0xfb,0xa0,0xfb,0xa0,0xfb,0xa0,0xfb,0xa0,0xfb,0xa0,0xfb,0xa0,0xfb,
    0xa0,0xfb,0xa0,0xfb,0xa0,0xfb,0xc0,0xfb,0xc0,0xf3,0xc0,0xf3,0xa0,0xfb,0xc0,0xfb,
    0xe0,0xfb,0xe0,0xfb,0x00,0xfc,0x00,0xfc,0xe0,0xfb,0x60,0xe3,0xa0,0xaa,0xa0,0x69,
    0xa0,0x20,0x00,0x00,0x00,0x00,0x00,0x00,0x00,0x00,0x00,0x00,0x00,0x00,0x00,0x00,
    0x00,0x00,0x00,0x00,0x00,0x00,0x00,0x00,0x00,0x00,0x00,0x00,0x00,0x00,0x00,0x00,
    0x00,0x00,0x00,0x00,0x00,0x00,0x00,0x00,0x00,0x00,0x00,0x00,0x00,0x00,0x00,0x00,
    0x00,0x00,0x00,0x00,0x00,0x00,0x00,0x00,0x80,0x20,0x60,0x61,0x60,0xa2,0x00,0xd3,
    0x80,0xf3,0xc0,0xfb,0xe0,0xfb,0xe0,0xfb,0xe0,0xfb,0xe0,0xfb,0xc0,0xfb,0xc0,0xfb,
    0xc0,0xfb,0xc0,0xfb,0xc0,0xfb,0xc0,0xfb,0xe0,0xfb,0xe0,0xfb,0xe0,0xfb,0x00,0xfc,
    0xe0,0xfb,0xe0,0xfb,0xc0,0xfb,0x80,0xeb,0x00,0xcb,0x60,0x9a,0xa0,0x69,0xc0,0x30,
    0x20,0x08,0x00,0x00,0x00,0x00,0x00,0x00,0x00,0x00,0x00,0x00,0x00,0x00,0x00,0x00,
    0x00,0x00,0x00,0x00,0x00,0x00,0x00,0x00,0x00,0x00,0x00,0x00,0x00,0x00,0x00,0x00,
    0x00,0x00,0x00,0x00,0x00,0x00,0x00,0x00,0x00,0x00,0x00,0x00,0x00,0x00,0x00,0x00,
    0x00,0x00,0x00,0x00,0x00,0x00,0x00,0x00,0x00,0x00,0x00,0x00,0x00,0x00,0x00,0x00,
    0x00,0x00,0x00,0x00,0x00,0x00,0x80,0x20,0x20,0x49,0xa0,0x71,0x40,0x92,0xa0,0xb2,
    0xe0,0xc2,0x20,0xd3,0x40,0xdb,0x40,0xdb,0x40,0xdb,0x40,0xdb,0x20,0xd3,0x00,0xcb,
    0xc0,0xba,0x80,0xaa,0x20,0x92,0xc0,0x79,0x40,0x59,0xc0,0x38,0x40,0x10,0x00,0x00,
    0x00,0x00,0x00,0x00,0x00,0x00,0x00,0x00,0x00,0x00,0x00,0x00,0x00,0x00,0x00,0x00,
    0x00,0x00,0x00,0x00,0x00,0x00,0x00,0x00,0x00,0x00,
};
const lv_img_dsc_t img_genex_0 = {
    .header.cf = LV_IMG_CF_TRUE_COLOR,
    .header.always_zero = 0,
    .header.reserved = 0,
    .header.w = 59,
    .header.h = 71,
    .data_size = 8378,
    .data = img_genex_0_map,
};

static const uint8_t img_genex_1_map[] = {
    0xa0,0xaa,0x40,0xd3,0x40,0xcb,0x40,0xcb,0x40,0xcb,0x40,0xcb,0x40,0xcb,0x40,0xcb,
    0x40,0xcb,0x40,0xcb,0x40,0xcb,0x40,0xcb,0x40,0xcb,0x60,0xcb,0x60,0xcb,0x60,0xcb,
    0x60,0xcb,0x60,0xcb,0x60,0xcb,0x60,0xcb,0x60,0xcb,0x60,0xcb,0x60,0xcb,0x60,0xcb,
    0x60,0xcb,0x60,0xcb,0x60,0xcb,0x60,0xcb,0x60,0xcb,0x60,0xcb,0x80,0xcb,0x80,0xcb,
    0x80,0xcb,0x80,0xcb,0x80,0xcb,0x80,0xcb,0x80,0xcb,0x80,0xcb,0x80,0xcb,0x80,0xc3,
    0x80,0xc3,0x80,0xc3,0x80,0xc3,0x80,0xc3,0x80,0xc3,0xa0,0xc3,0x80,0xc3,0xc0,0x28,
    0x40,0xd3,0x20,0xfc,0x00,0xfc,0x00,0xfc,0x00,0xfc,0x00,0xfc,0x20,0xfc,0x20,0xfc,
    0x20,0xfc,0x20,0xfc,0x20,0xfc,0x20,0xfc,0x20,0xfc,0x20,0xfc,0x20,0xfc,0x20,0xfc,
    0x20,0xfc,0x20,0xfc,0x20,0xfc,0x20,0xfc,0x40,0xfc,0x40,0xfc,0x40,0xfc,0x40,0xfc,
    0x40,0xfc,0x40,0xfc,0x40,0xfc,0x40,0xfc,0x40,0xfc,0x40,0xfc,0x40,0xfc,0x40,0xfc,
    0x40,0xfc,0x60,0xfc,0x60,0xfc,0x60,0xfc,0x60,0xfc,0x60,0xfc,0x60,0xfc,0x60,0xfc,
    0x60,0xfc,0x60,0xfc,0x60,0xfc,0x60,0xfc,0x60,0xf4,0x80,0xfc,0x20,0xec,0x80,0x18,
    0x20,0xcb,0x00,0xfc,0xe0,0xf3,0xe0,0xf3,0xe0,0xf3,0xe0,0xf3,0xe0,0xf3,0xe0,0xf3,
    0xe0,0xf3,0x00,0xf4,0x00,0xf4,0x00,0xf4,0x00,0xf4,0x00,0xf4,0x00,0xf4,0x00,0xf4,
    0x00,0xf4,0x00,0xf4,0x00,0xf4,0x00,0xf4,0x00,0xf4,0x00,0xf4,0x00,0xf4,0x20,0xf4,
    0x20,0xf4,0x20,0xf4,0x20,0xf4,0x20,0xf4,0x20,0xf4,0x20,0xf4,0x20,0xf4,0x20,0xf4,
    0x20,0xf4,0x20,0xec,0x20,0xec,0x20,0xec,0x20,0xec,0x40,0xec,0x40,0xec,0x40,0xec,
    0x40,0xec,0x40,0xec,0x40,0xec,0x40,0xec,0x40,0xec,0x60,0xf4,0xa0,0xcb,0x00,0x00,
    0x40,0xcb,0x00,0xfc,0xe0,0xf3,0xe0,0xf3,0xe0,0xf3,0xe0,0xf3,0x00,0xf4,0x00,0xf4,
    0x00,0xf4,0x00,0xf4,0x00,0xf4,0x00,0xf4,0x00,0xf4,0x00,0xf4,0x00,0xf4,0x00,0xf4,
    0x00,0xf4,0x00,0xf4,0x00,0xf4,0x00,0xf4,0x20,0xf4,0x20,0xf4,0x20,0xf4,0x20,0xf4,
    0x20,0xf4,0x20,0xf4,0x20,0xf4,0x20,0xf4,0x20,0xf4,0x20,0xf4,0x20,0xf4,0x20,0xf4,
    0x20,0xf4,0x40,0xf4,0x40,0xf4,0x40,0xf4,0x40,0xf4,0x40,0xf4,0x40,0xf4,0x40,0xf4,
    0x40,0xf4,0x40,0xf4,0x40,0xf4,0x40,0xf4,0x40,0xec,0x80,0xfc,0x20,0xab,0x00,0x00,
    0x40,0xcb,0x00,0xfc,0xe0,0xf3,0xe0,0xf3,0xe0,0xf3,0xe0,0xf3,0x00,0xf4,0x00,0xf4,
    0x00,0xf4,0x00,0xf4,0x00,0xf4,0x00,0xf4,0x00,0xf4,0x00,0xf4,0x00,0xf4,0x00,0xf4,
    0x00,0xf4,0x00,0xf4,0x00,0xf4,0x00,0xf4,0x20,0xf4,0x20,0xf4,0x20,0xf4,0x20,0xf4,
    0x20,0xf4,0x20,0xf4,0x20,0xf4,0x20,0xf4,0x20,0xf4,0x20,0xf4,0x20,0xf4,0x20,0xf4,
    0x20,0xf4,0x40,0xf4,0x40,0xf4,0x40,0xf4,0x40,0xf4,0x40,0xf4,0x40,0xf4,0x40,0xf4,
    0x40,0xf4,0x40,0xf4,0x40,0xf4,0x40,0xf4,0x40,0xec,0xa0,0xfc,0x80,0x8a,0x00,0x00,
    0x40,0xcb,0x00,0xfc,0xe0,0xf3,0xe0,0xf3,0xe0,0xf3,0xe0,0xf3,0x00,0xf4,0x00,0xf4,
    0x00,0xf4,0x00,0xf4,0x00,0xf4,0x00,0xf4,0x00,0xf4,0x00,0xf4,0x00,0xf4,0x00,0xf4,
    0x00,0xf4,0x00,0xf4,0x00,0xf4,0x00,0xf4,0x20,0xf4,0x20,0xf4,0x20,0xf4,0x20,0xf4,
    0x20,0xf4,0x20,0xf4,0x20,0xf4,0x20,0xf4,0x20,0xf4,0x20,0xf4,0x20,0xf4,0x20,0xf4,
    0x20,0xf4,0x40,0xf4,0x40,0xf4,0x40,0xf4,0x40,0xf4,0x40,0xf4,0x40,0xf4,0x40,0xf4,
    0x40,0xf4,0x40,0xf4,0x40,0xf4,0x40,0xf4,0x40,0xec,0xa0,0xfc,0xe0,0x69,0x00,0x00,
    0x40,0xcb,0x00,0xfc,0xe0,0xf3,0xe0,0xf3,0xe0,0xf3,0xe0,0xf3,0x00,0xf4,0x00,0xf4,
    0x00,0xf4,0x00,0xf4,0x00,0xf4,0x00,0xf4,0x00,0xf4,0x00,0xf4,0x00,0xf4,0x00,0xf4,
    0x00,0xf4,0x00,0xf4,0x00,0xf4,0x00,0xf4,0x20,0xf4,0x20,0xf4,0x20,0xf4,0x20,0xf4,
    0x20,0xf4,0x20,0xf4,0x20,0xf4,0x20,0xf4,0x20,0xf4,0x20,0xf4,0x20,0xf4,0x20,0xf4,
    0x20,0xf4,0x40,0xf4,0x40,0xf4,0x40,0xf4,0x40,0xf4,0x40,0xf4,0x40,0xf4,0x40,0xf4,
    0x40,0xf4,0x40,0xf4,0x40,0xf4,0x40,0xf4,0x40,0xec,0x80,0xfc,0x40,0x49,0x00,0x00,
    0x40,0xcb,0x00,0xfc,0xe0,0xf3,0xe0,0xf3,0xe0,0xf3,0xe0,0xf3,0x00,0xf4,0x00,0xf4,
    0x00,0xf4,0x00,0xf4,0x00,0xf4,0x00,0xf4,0x00,0xf4,0x00,0xf4,0x00,0xf4,0x00,0xf4,
    0x00,0xf4,0x00,0xf4,0x00,0xf4,0x00,0xf4,0x20,0xf4,0x20,0xf4,0x20,0xf4,0x20,0xf4,
    0x20,0xf4,0x20,0xf4,0x20,0xf4,0x20,0xf4,0x20,0xf4,0x20,0xf4,0x20,0xf4,0x20,0xf4,
    0x20,0xf4,0x40,0xf4,0x40,0xf4,0x40,0xf4,0x40,0xf4,0x40,0xf4,0x40,0xf4,0x40,0xf4,
    0x40,0xf4,0x40,0xf4,0x40,0xf4,0x40,0xf4,0x40,0xf4,0x60,0xf4,0xc0,0x28,0x00,0x00,
    0x40,0xcb,0x00,0xfc,0xe0,0xf3,0xe0,0xf3,0xe0,0xf3,0xe0,0xf3,0x00,0xf4,0x00,0xf4,
    0x00,0xf4,0x00,0xf4,0x00,0xf4,0x00,0xf4,0x00,0xf4,0x00,0xf4,0x00,0xf4,0x00,0xf4,
    0x00,0xf4,0x00,0xf4,0x00,0xf4,0x00,0xf4,0x20,0xf4,0x20,0xf4,0x20,0xf4,0x20,0xf4,
    0x20,0xf4,0x20,0xf4,0x20,0xf4,0x20,0xf4,0x20,0xf4,0x20,0xf4,0x20,0xf4,0x20,0xf4,
    0x20,0xf4,0x40,0xf4,0x40,0xf4,0x40,0xf4,0x40,0xf4,0x40,0xf4,0x40,0xf4,0x40,0xf4,
    0x40,0xf4,0x40,0xf4,0x40,0xf4,0x40,0xec,0x60,0xf4,0x00,0xe4,0x40,0x10,0x00,0x00,
    0x40,0xcb,0x00,0xfc,0xe0,0xf3,0xe0,0xf3,0xe0,0xf3,0xe0,0xf3,0x00,0xf4,0x00,0xf4,
    0x00,0xf4,0x00,0xf4,0x00,0xf4,0x00,0xf4,0x00,0xf4,0x00,0xf4,0x00,0xf4,0x00,0xf4,
    0x00,0xf4,0x00,0xf4,0x00,0xf4,0x00,0xf4,0x20,0xf4,0x20,0xf4,0x20,0xf4,0x20,0xf4,
    0x20,0xf4,0x20,0xf4,0x20,0xf4,0x20,0xf4,0x20,0xf4,0x20,0xf4,0x20,0xf4,0x20,0xf4,
    0x20,0xf4,0x40,0xf4,0x40,0xf4,0x40,0xf4,0x40,0xf4,0x40,0xf4,0x40,0xf4,0x40,0xf4,
    0x40,0xf4,0x40,0xf4,0x40,0xf4,0x40,0xec,0x80,0xfc,0xa0,0xcb,0x00,0x00,0x00,0x00,
    0x40,0xcb,0x00,0xfc,0xe0,0xf3,0xe0,0xf3,0xe0,0xf3,0xe0,0xf3,0x00,0xf4,0x00,0xf4,
    0x00,0xf4,0x00,0xf4,0x00,0xf4,0x00,0xf4,0x00,0xf4,0x00,0xf4,0x00,0xf4,0x00,0xf4,
    0x00,0xf4,0x00,0xf4,0x00,0xf4,0x00,0xf4,0x00,0xf4,0x00,0xec,0x00,0xec,0x00,0xec,
    0x00,0xec,0x00,0xec,0x00,0xec,0x20,0xec,0x20,0xec,0x20,0xec,0x20,0xec,0x20,0xec,
    0x20,0xec,0x20,0xec,0x20,0xec,0x20,0xec,0x20,0xec,0x20,0xec,0x20,0xec,0x20,0xec,
    0x40,0xec,0x40,0xec,0x40,0xec,0x20,0xec,0x80,0xfc,0x00,0xab,0x00,0x00,0x00,0x00,
    0x40,0xcb,0x00,0xfc,0xe0,0xf3,0xe0,0xf3,0xe0,0xf3,0xe0,0xf3,0x00,0xf4,0x00,0xf4,
    0x00,0xf4,0x00,0xf4,0x00,0xf4,0x00,0xf4,0x00,0xf4,0x00,0xf4,0x00,0xf4,0x00,0xf4,
    0x00,0xf4,0x40,0xfc,0x60,0xfc,0x60,0xfc,0x60,0xfc,0x60,0xfc,0x60,0xfc,0x60,0xfc,
    0x60,0xfc,0x60,0xfc,0x60,0xfc,0x60,0xfc,0x60,0xfc,0x60,0xfc,0x80,0xfc,0x80,0xfc,
    0x80,0xfc,0x80,0xfc,0x80,0xfc,0x80,0xfc,0x80,0xfc,0x80,0xfc,0x80,0xfc,0x80,0xfc,
    0x80,0xfc,0x80,0xfc,0x80,0xfc,0x80,0xfc,0xe0,0xfc,0xa0,0x92,0x00,0x00,0x00,0x00,
    0x40,0xcb,0x00,0xfc,0xe0,0xf3,0xe0,0xf3,0xe0,0xf3,0xe0,0xf3,0x00,0xf4,0x00,0xf4,
    0x00,0xf4,0x00,0xf4,0x00,0xf4,0x00,0xf4,0x00,0xf4,0x00,0xf4,0x00,0xf4,0x00,0xf4,
    0x00,0xf4,0xa0,0xa2,0x80,0x9a,0x80,0x9a,0x80,0x9a,0x80,0x9a,0x80,0x9a,0x80,0x9a,
    0x80,0x9a,0x80,0x9a,0x80,0x9a,0x80,0x9a,0x80,0x9a,0x80,0x9a,0xa0,0x9a,0xa0,0x9a,
    0xa0,0x9a,0xa0,0x9a,0xa0,0x9a,0xa0,0x9a,0xa0,0x9a,0xa0,0x9a,0xa0,0x9a,0xa0,0x9a,
    0xa0,0x9a,0xa0,0x9a,0xa0,0x9a,0xa0,0x92,0xe0,0xa2,0x40,0x41,0x00,0x00,0x00,0x00,
    0x40,0xcb,0x00,0xfc,0xe0,0xf3,0xe0,0xf3,0xe0,0xf3,0xe0,0xf3,0x00,0xf4,0x00,0xf4,
    0x00,0xf4,0x00,0xf4,0x00,0xf4,0x00,0xf4,0x00,0xf4,0x00,0xf4,0x00,0xf4,0x20,0xfc,
    0xe0,0xeb,0x20,0x08,0x00,0x00,0x00,0x00,0x00,0x00,0x00,0x00,0x00,0x00,0x00,0x00,
    0x00,0x00,0x00,0x00,0x00,0x00,0x00,0x00,0x00,0x00,0x00,0x00,0x00,0x00,0x00,0x00,
    0x00,0x00,0x00,0x00,0x00,0x00,0x00,0x00,0x00,0x00,0x00,0x00,0x00,0x00,0x00,0x00,
    0x00,0x00,0x00,0x00,0x00,0x00,0x00,0x00,0x00,0x00,0x00,0x00,0x00,0x00,0x00,0x00,
    0x40,0xcb,0x00,0xfc,0xe0,0xf3,0xe0,0xf3,0xe0,0xf3,0xe0,0xf3,0x00,0xf4,0x00,0xf4,
    0x00,0xf4,0x00,0xf4,0x00,0xf4,0x00,0xf4,0x00,0xf4,0x00,0xf4,0x00,0xf4,0x20,0xfc,
    0xe0,0xeb,0x60,0x18,0x00,0x00,0x00,0x00,0x00,0x00,0x00,0x00,0x00,0x00,0x00,0x00,
    0x00,0x00,0x00,0x00,0x00,0x00,0x00,0x00,0x00,0x00,0x00,0x00,0x00,0x00,0x00,0x00,
    0x00,0x00,0x00,0x00,0x00,0x00,0x00,0x00,0x00,0x00,0x00,0x00,0x00,0x00,0x00,0x00,
    0x00,0x00,0x00,0x00,0x00,0x00,0x00,0x00,0x00,0x00,0x00,0x00,0x00,0x00,0x00,0x00,
    0x40,0xcb,0x00,0xfc,0xe0,0xf3,0xe0,0xf3,0xe0,0xf3,0xe0,0xf3,0x00,0xf4,0x00,0xf4,
    0x00,0xf4,0x00,0xf4,0x00,0xf4,0x00,0xf4,0x00,0xf4,0x00,0xf4,0x00,0xf4,0x20,0xfc,
    0xe0,0xeb,0x60,0x18,0x00,0x00,0x00,0x00,0x00,0x00,0x00,0x00,0x00,0x00,0x00,0x00,
    0x00,0x00,0x00,0x00,0x00,0x00,0x00,0x00,0x00,0x00,0x00,0x00,0x00,0x00,0x00,0x00,
    0x00,0x00,0x00,0x00,0x00,0x00,0x00,0x00,0x00,0x00,0x00,0x00,0x00,0x00,0x00,0x00,
    0x00,0x00,0x00,0x00,0x00,0x00,0x00,0x00,0x00,0x00,0x00,0x00,0x00,0x00,0x00,0x00,
    0x40,0xcb,0x00,0xfc,0xe0,0xf3,0xe0,0xf3,0xe0,0xf3,0xe0,0xf3,0x00,0xf4,0x00,0xf4,
    0x00,0xf4,0x00,0xf4,0x00,0xf4,0x00,0xf4,0x00,0xf4,0x00,0xf4,0x00,0xf4,0x20,0xfc,
    0xe0,0xeb,0x60,0x18,0x00,0x00,0x00,0x00,0x00,0x00,0x00,0x00,0x00,0x00,0x00,0x00,
    0x00,0x00,0x00,0x00,0x00,0x00,0x00,0x00,0x00,0x00,0x00,0x00,0x00,0x00,0x00,0x00,
    0x00,0x00,0x00,0x00,0x00,0x00,0x00,0x00,0x00,0x00,0x00,0x00,0x00,0x00,0x00,0x00,
    0x00,0x00,0x00,0x00,0x00,0x00,0x00,0x00,0x00,0x00,0x00,0x00,0x00,0x00,0x00,0x00,
    0x40,0xcb,0x00,0xfc,0xe0,0xf3,0xe0,0xf3,0xe0,0xf3,0xe0,0xf3,0x00,0xf4,0x00,0xf4,
    0x00,0xf4,0x00,0xf4,0x00,0xf4,0x00,0xf4,0x00,0xf4,0x00,0xf4,0x00,0xf4,0x20,0xfc,
    0xe0,0xeb,0x60,0x18,0x00,0x00,0x00,0x00,0x00,0x00,0x00,0x00,0x00,0x00,0x00,0x00,
    0x00,0x00,0x00,0x00,0x00,0x00,0x00,0x00,0x00,0x00,0x00,0x00,0x00,0x00,0x00,0x00,
    0x00,0x00,0x00,0x00,0x00,0x00,0x00,0x00,0x00,0x00,0x00,0x00,0x00,0x00,0x00,0x00,
    0x00,0x00,0x00,0x00,0x00,0x00,0x00,0x00,0x00,0x00,0x00,0x00,0x00,0x00,0x00,0x00,
    0x40,0xcb,0x00,0xfc,0xe0,0xf3,0xe0,0xf3,0xe0,0xf3,0xe0,0xf3,0x00,0xf4,0x00,0xf4,
    0x00,0xf4,0x00,0xf4,0x00,0xf4,0x00,0xf4,0x00,0xf4,0x00,0xf4,0x00,0xf4,0x20,0xfc,
    0xe0,0xeb,0x60,0x18,0x00,0x00,0x00,0x00,0x00,0x00,0x00,0x00,0x00,0x00,0x00,0x00,
    0x00,0x00,0x00,0x00,0x00,0x00,0x00,0x00,0x00,0x00,0x00,0x00,0x00,0x00,0x00,0x00,
    0x00,0x00,0x00,0x00,0x00,0x00,0x00,0x00,0x00,0x00,0x00,0x00,0x00,0x00,0x00,0x00,
    0x00,0x00,0x00,0x00,0x00,0x00,0x00,0x00,0x00,0x00,0x00,0x00,0x00,0x00,0x00,0x00,
    0x40,0xcb,0x00,0xfc,0xe0,0xf3,0xe0,0xf3,0xe0,0xf3,0xe0,0xf3,0x00,0xf4,0x00,0xf4,
    0x00,0xf4,0x00,0xf4,0x00,0xf4,0x00,0xf4,0x00,0xf4,0x00,0xf4,0x00,0xf4,0x20,0xfc,
    0xe0,0xeb,0x60,0x18,0x00,0x00,0x00,0x00,0x00,0x00,0x00,0x00,0x00,0x00,0x00,0x00,
    0x00,0x00,0x00,0x00,0x00,0x00,0x00,0x00,0x00,0x00,0x00,0x00,0x00,0x00,0x00,0x00,
    0x00,0x00,0x00,0x00,0x00,0x00,0x00,0x00,0x00,0x00,0x00,0x00,0x00,0x00,0x00,0x00,
    0x00,0x00,0x00,0x00,0x00,0x00,0x00,0x00,0x00,0x00,0x00,0x00,0x00,0x00,0x00,0x00,
    0x40,0xcb,0x00,0xfc,0xe0,0xf3,0xe0,0xf3,0xe0,0xf3,0xe0,0xf3,0x00,0xf4,0x00,0xf4,
    0x00,0xf4,0x00,0xf4,0x00,0xf4,0x00,0xf4,0x00,0xf4,0x00,0xf4,0x00,0xf4,0x20,0xfc,
    0xe0,0xeb,0x60,0x18,0x00,0x00,0x00,0x00,0x00,0x00,0x00,0x00,0x00,0x00,0x00,0x00,
    0x00,0x00,0x00,0x00,0x00,0x00,0x00,0x00,0x00,0x00,0x00,0x00,0x00,0x00,0x00,0x00,
    0x00,0x00,0x00,0x00,0x00,0x00,0x00,0x00,0x00,0x00,0x00,0x00,0x00,0x00,0x00,0x00,
    0x00,0x00,0x00,0x00,0x00,0x00,0x00,0x00,0x00,0x00,0x00,0x00,0x00,0x00,0x00,0x00,
    0x40,0xcb,0x00,0xfc,0xe0,0xf3,0xe0,0xf3,0xe0,0xf3,0xe0,0xf3,0x00,0xf4,0x00,0xf4,
    0x00,0xf4,0x00,0xf4,0x00,0xf4,0x00,0xf4,0x00,0xf4,0x00,0xf4,0x00,0xf4,0x20,0xfc,
    0xe0,0xeb,0x60,0x18,0x00,0x00,0x00,0x00,0x00,0x00,0x00,0x00,0x00,0x00,0x00,0x00,
    0x00,0x00,0x00,0x00,0x00,0x00,0x00,0x00,0x00,0x00,0x00,0x00,0x00,0x00,0x00,0x00,
    0x00,0x00,0x00,0x00,0x00,0x00,0x00,0x00,0x00,0x00,0x00,0x00,0x00,0x00,0x00,0x00,
    0x00,0x00,0x00,0x00,0x00,0x00,0x00,0x00,0x00,0x00,0x00,0x00,0x00,0x00,0x00,0x00,
    0x40,0xcb,0x00,0xfc,0xe0,0xf3,0xe0,0xf3,0xe0,0xf3,0xe0,0xf3,0x00,0xf4,0x00,0xf4,
    0x00,0xf4,0x00,0xf4,0x00,0xf4,0x00,0xf4,0x00,0xf4,0x00,0xf4,0x00,0xf4,0x20,0xfc,
    0xe0,0xeb,0x60,0x18,0x00,0x00,0x00,0x00,0x00,0x00,0x00,0x00,0x00,0x00,0x00,0x00,
    0x00,0x00,0x00,0x00,0x00,0x00,0x00,0x00,0x00,0x00,0x00,0x00,0x00,0x00,0x00,0x00,
    0x00,0x00,0x00,0x00,0x00,0x00,0x00,0x00,0x00,0x00,0x00,0x00,0x00,0x00,0x00,0x00,
    0x00,0x00,0x00,0x00,0x00,0x00,0x00,0x00,0x00,0x00,0x00,0x00,0x00,0x00,0x00,0x00,
    0x40,0xcb,0x00,0xfc,0xe0,0xf3,0xe0,0xf3,0xe0,0xf3,0xe0,0xf3,0x00,0xf4,0x00,0xf4,
    0x00,0xf4,0x00,0xf4,0x00,0xf4,0x00,0xf4,0x00,0xf4,0x00,0xf4,0x00,0xf4,0x20,0xfc,
    0xe0,0xeb,0x60,0x18,0x00,0x00,0x00,0x00,0x00,0x00,0x00,0x00,0x00,0x00,0x00,0x00,
    0x00,0x00,0x00,0x00,0x00,0x00,0x00,0x00,0x00,0x00,0x00,0x00,0x00,0x00,0x00,0x00,
    0x00,0x00,0x00,0x00,0x00,0x00,0x00,0x00,0x00,0x00,0x00,0x00,0x00,0x00,0x00,0x00,
    0x00,0x00,0x00,0x00,0x00,0x00,0x00,0x00,0x00,0x00,0x00,0x00,0x00,0x00,0x00,0x00,
    0x40,0xcb,0x00,0xfc,0xe0,0xf3,0xe0,0xf3,0xe0,0xf3,0xe0,0xf3,0x00,0xf4,0x00,0xf4,
    0x00,0xf4,0x00,0xf4,0x00,0xf4,0x00,0xf4,0x00,0xf4,0x00,0xf4,0x00,0xf4,0x20,0xfc,
    0xe0,0xeb,0x60,0x18,0x00,0x00,0x00,0x00,0x00,0x00,0x00,0x00,0x00,0x00,0x00,0x00,
    0x00,0x00,0x00,0x00,0x00,0x00,0x00,0x00,0x00,0x00,0x00,0x00,0x00,0x00,0x00,0x00,
    0x00,0x00,0x00,0x00,0x00,0x00,0x00,0x00,0x00,0x00,0x00,0x00,0x00,0x00,0x00,0x00,
    0x00,0x00,0x00,0x00,0x00,0x00,0x00,0x00,0x00,0x00,0x00,0x00,0x00,0x00,0x00,0x00,
    0x40,0xcb,0x00,0xfc,0xe0,0xf3,0xe0,0xf3,0xe0,0xf3,0xe0,0xf3,0x00,0xf4,0x00,0xf4,
    0x00,0xf4,0x00,0xf4,0x00,0xf4,0x00,0xf4,0x00,0xf4,0x00,0xf4,0x00,0xf4,0x20,0xfc,
    0xe0,0xeb,0x60,0x18,0x00,0x00,0x00,0x00,0x00,0x00,0x00,0x00,0x00,0x00,0x00,0x00,
    0x00,0x00,0x00,0x00,0x00,0x00,0x00,0x00,0x00,0x00,0x00,0x00,0x00,0x00,0x00,0x00,
    0x00,0x00,0x00,0x00,0x00,0x00,0x00,0x00,0x00,0x00,0x00,0x00,0x00,0x00,0x00,0x00,
    0x00,0x00,0x00,0x00,0x00,0x00,0x00,0x00,0x00,0x00,0x00,0x00,0x00,0x00,0x00,0x00,
    0x40,0xcb,0x00,0xfc,0xe0,0xf3,0xe0,0xf3,0xe0,0xf3,0xe0,0xf3,0x00,0xf4,0x00,0xf4,
    0x00,0xf4,0x00,0xf4,0x00,0xf4,0x00,0xf4,0x00,0xf4,0x00,0xf4,0x00,0xf4,0x20,0xfc,
    0xe0,0xeb,0x60,0x10,0x00,0x00,0x00,0x00,0x00,0x00,0x00,0x00,0x00,0x00,0x00,0x00,
    0x00,0x00,0x00,0x00,0x00,0x00,0x00,0x00,0x00,0x00,0x00,0x00,0x00,0x00,0x00,0x00,
    0x00,0x00,0x00,0x00,0x00,0x00,0x00,0x00,0x00,0x00,0x00,0x00,0x00,0x00,0x00,0x00,
    0x00,0x00,0x00,0x00,0x00,0x00,0x00,0x00,0x00,0x00,0x00,0x00,0x00,0x00,0x00,0x00,
    0x40,0xcb,0x00,0xfc,0xe0,0xf3,0xe0,0xf3,0xe0,0xf3,0xe0,0xf3,0x00,0xf4,0x00,0xf4,
    0x00,0xf4,0x00,0xf4,0x00,0xf4,0x00,0xf4,0x00,0xf4,0x00,0xf4,0x00,0xf4,0x00,0xf4,
    0x00,0xf4,0x60,0xcb,0x40,0xc3,0x40,0xc3,0x40,0xc3,0x40,0xc3,0x40,0xc3,0x40,0xc3,
    0x40,0xc3,0x40,0xc3,0x40,0xc3,0x40,0xc3,0x40,0xc3,0x40,0xc3,0x60,0xc3,0x60,0xc3,
    0x60,0xc3,0x60,0xc3,0x60,0xc3,0x60,0xc3,0x60,0xc3,0x60,0xc3,0x60,0xc3,0x60,0xc3,
    0x60,0xc3,0x60,0xc3,0xc0,0xcb,0x80,0x51,0x00,0x00,0x00,0x00,0x00,0x00,0x00,0x00,
    0x40,0xcb,0x00,0xfc,0xe0,0xf3,0xe0,0xf3,0xe0,0xf3,0xe0,0xf3,0x00,0xf4,0x00,0xf4,
    0x00,0xf4,0x00,0xf4,0x00,0xf4,0x00,0xf4,0x00,0xf4,0x00,0xf4,0x00,0xf4,0x00,0xf4,
    0x00,0xf4,0x40,0xfc,0x40,0xfc,0x40,0xfc,0x40,0xfc,0x40,0xfc,0x40,0xfc,0x40,0xfc,
    0x40,0xfc,0x40,0xfc,0x40,0xfc,0x60,0xfc,0x60,0xfc,0x60,0xfc,0x60,0xfc,0x60,0xfc,
    0x60,0xfc,0x60,0xfc,0x60,0xfc,0x60,0xfc,0x60,0xfc,0x60,0xfc,0x60,0xfc,0x60,0xfc,
    0x60,0xfc,0x60,0xfc,0xa0,0xfc,0x60,0x49,0x00,0x00,0x00,0x00,0x00,0x00,0x00,0x00,
    0x40,0xcb,0x00,0xfc,0xe0,0xf3,0xe0,0xf3,0xe0,0xf3,0xe0,0xf3,0x00,0xf4,0x00,0xf4,
    0x00,0xf4,0x00,0xf4,0x00,0xf4,0x00,0xf4,0x00,0xf4,0x00,0xf4,0x00,0xf4,0x00,0xf4,
    0x00,0xf4,0x00,0xf4,0x00,0xf4,0x00,0xf4,0x00,0xf4,0x00,0xf4,0x00,0xf4,0x20,0xf4,
    0x20,0xf4,0x20,0xf4,0x20,0xf4,0x20,0xf4,0x20,0xf4,0x20,0xf4,0x20,0xf4,0x20,0xf4,
    0x20,0xf4,0x20,0xec,0x20,0xec,0x20,0xec,0x20,0xec,0x40,0xec,0x40,0xec,0x40,0xec,
    0x20,0xec,0x40,0xec,0x40,0xec,0xa0,0x28,0x00,0x00,0x00,0x00,0x00,0x00,0x00,0x00,
    0x40,0xcb,0x00,0xfc,0xe0,0xf3,0xe0,0xf3,0xe0,0xf3,0xe0,0xf3,0x00,0xf4,0x00,0xf4,
    0x00,0xf4,0x00,0xf4,0x00,0xf4,0x00,0xf4,0x00,0xf4,0x00,0xf4,0x00,0xf4,0x00,0xf4,
    0x00,0xf4,0x00,0xf4,0x00,0xf4,0x00,0xf4,0x20,0xf4,0x20,0xf4,0x20,0xf4,0x20,0xf4,
    0x20,0xf4,0x20,0xf4,0x20,0xf4,0x20,0xf4,0x20,0xf4,0x20,0xf4,0x20,0xf4,0x20,0xf4,
    0x20,0xf4,0x40,0xf4,0x40,0xf4,0x40,0xf4,0x40,0xf4,0x40,0xf4,0x40,0xf4,0x40,0xf4,
    0x40,0xec,0x60,0xf4,0x00,0xdc,0x40,0x10,0x00,0x00,0x00,0x00,0x00,0x00,0x00,0x00,
    0x40,0xcb,0x00,0xfc,0xe0,0xf3,0xe0,0xf3,0xe0,0xf3,0xe0,0xf3,0x00,0xf4,0x00,0xf4,
    0x00,0xf4,0x00,0xf4,0x00,0xf4,0x00,0xf4,0x00,0xf4,0x00,0xf4,0x00,0xf4,0x00,0xf4,
    0x00,0xf4,0x00,0xf4,0x00,0xf4,0x00,0xf4,0x20,0xf4,0x20,0xf4,0x20,0xf4,0x20,0xf4,
    0x20,0xf4,0x20,0xf4,0x20,0xf4,0x20,0xf4,0x20,0xf4,0x20,0xf4,0x20,0xf4,0x20,0xf4,
    0x20,0xf4,0x40,0xf4,0x40,0xf4,0x40,0xf4,0x40,0xf4,0x40,0xf4,0x40,0xf4,0x40,0xf4,
    0x40,0xec,0x60,0xfc,0x80,0xc3,0x00,0x00,0x00,0x00,0x00,0x00,0x00,0x00,0x00,0x00,
    0x40,0xcb,0x00,0xfc,0xe0,0xf3,0xe0,0xf3,0xe0,0xf3,0xe0,0xf3,0x00,0xf4,0x00,0xf4,
    0x00,0xf4,0x00,0xf4,0x00,0xf4,0x00,0xf4,0x00,0xf4,0x00,0xf4,0x00,0xf4,0x00,0xf4,
    0x00,0xf4,0x00,0xf4,0x00,0xf4,0x00,0xf4,0x20,0xf4,0x20,0xf4,0x20,0xf4,0x20,0xf4,
    0x20,0xf4,0x20,0xf4,0x20,0xf4,0x20,0xf4,0x20,0xf4,0x20,0xf4,0x20,0xf4,0x20,0xf4,
    0x20,0xf4,0x40,0xf4,0x40,0xf4,0x40,0xf4,0x40,0xf4,0x40,0xf4,0x40,0xf4,0x40,0xf4,
    0x20,0xec,0x80,0xfc,0x00,0xab,0x00,0x00,0x00,0x00,0x00,0x00,0x00,0x00,0x00,0x00,
    0x40,0xcb,0x00,0xfc,0xe0,0xf3,0xe0,0xf3,0xe0,0xf3,0xe0,0xf3,0x00,0xf4,0x00,0xf4,
    0x00,0xf4,0x00,0xf4,0x00,0xf4,0x00,0xf4,0x00,0xf4,0x00,0xf4,0x00,0xf4,0x00,0xf4,
    0x00,0xf4,0x00,0xf4,0x00,0xf4,0x00,0xf4,0x20,0xf4,0x20,0xf4,0x20,0xf4,0x20,0xf4,
    0x20,0xf4,0x20,0xf4,0x20,0xf4,0x20,0xf4,0x20,0xf4,0x20,0xf4,0x20,0xf4,0x20,0xf4,
    0x20,0xf4,0x40,0xf4,0x40,0xf4,0x40,0xf4,0x40,0xf4,0x40,0xf4,0x40,0xf4,0x40,0xf4,
    0x20,0xec,0xa0,0xfc,0x60,0x82,0x00,0x00,0x00,0x00,0x00,0x00,0x00,0x00,0x00,0x00,
    0x40,0xcb,0x00,0xfc,0xe0,0xf3,0xe0,0xf3,0xe0,0xf3,0xe0,0xf3,0x00,0xf4,0x00,0xf4,
    0x00,0xf4,0x00,0xf4,0x00,0xf4,0x00,0xf4,0x00,0xf4,0x00,0xf4,0x00,0xf4,0x00,0xf4,
    0x00,0xf4,0x00,0xf4,0x00,0xf4,0x00,0xf4,0x20,0xf4,0x20,0xf4,0x20,0xf4,0x20,0xf4,
    0x20,0xf4,0x20,0xf4,0x20,0xf4,0x20,0xf4,0x20,0xf4,0x20,0xf4,0x20,0xf4,0x20,0xf4,
    0x20,0xf4,0x40,0xf4,0x40,0xf4,0x40,0xf4,0x40,0xf4,0x40,0xf4,0x40,0xf4,0x40,0xf4,
    0x20,0xec,0xa0,0xfc,0xc0,0x61,0x00,0x00,0x00,0x00,0x00,0x00,0x00,0x00,0x00,0x00,
    0x40,0xcb,0x00,0xfc,0xe0,0xf3,0xe0,0xf3,0xe0,0xf3,0xe0,0xf3,0x00,0xf4,0x00,0xf4,
    0x00,0xf4,0x00,0xf4,0x00,0xf4,0x00,0xf4,0x00,0xf4,0x00,0xf4,0x00,0xf4,0x00,0xf4,
    0x00,0xf4,0x00,0xf4,0x00,0xf4,0x00,0xf4,0x20,0xf4,0x20,0xf4,0x20,0xf4,0x20,0xf4,
    0x20,0xf4,0x20,0xf4,0x20,0xf4,0x20,0xf4,0x20,0xf4,0x20,0xf4,0x20,0xf4,0x20,0xf4,
    0x20,0xf4,0x40,0xf4,0x40,0xf4,0x40,0xf4,0x40,0xf4,0x40,0xf4,0x40,0xf4,0x40,0xf4,
    0x40,0xec,0x80,0xfc,0x20,0x41,0x00,0x00,0x00,0x00,0x00,0x00,0x00,0x00,0x00,0x00,
    0x40,0xcb,0x00,0xfc,0xe0,0xf3,0xe0,0xf3,0xe0,0xf3,0xe0,0xf3,0x00,0xf4,0x00,0xf4,
    0x00,0xf4,0x00,0xf4,0x00,0xf4,0x00,0xf4,0x00,0xf4,0x00,0xf4,0x00,0xf4,0x00,0xf4,
    0x00,0xf4,0x00,0xf4,0x00,0xf4,0x00,0xf4,0x20,0xf4,0x20,0xf4,0x20,0xf4,0x20,0xf4,
    0x20,0xf4,0x20,0xf4,0x20,0xf4,0x20,0xf4,0x20,0xf4,0x20,0xf4,0x20,0xf4,0x20,0xf4,
    0x20,0xf4,0x40,0xf4,0x40,0xf4,0x40,0xf4,0x40,0xf4,0x40,0xf4,0x40,0xf4,0x40,0xec,
    0x40,0xf4,0x40,0xec,0xa0,0x20,0x00,0x00,0x00,0x00,0x00,0x00,0x00,0x00,0x00,0x00,
    0x40,0xcb,0x00,0xfc,0xe0,0xf3,0xe0,0xf3,0xe0,0xf3,0xe0,0xf3,0x00,0xf4,0x00,0xf4,
    0x00,0xf4,0x00,0xf4,0x00,0xf4,0x00,0xf4,0x00,0xf4,0x00,0xf4,0x00,0xf4,0x00,0xf4,
    0x00,0xf4,0x00,0xf4,0x00,0xf4,0x00,0xf4,0x00,0xf4,0x00,0xec,0x00,0xec,0x00,0xec,
    0x00,0xec,0x00,0xec,0x00,0xec,0x20,0xec,0x20,0xec,0x20,0xec,0x20,0xec,0x20,0xec,
    0x20,0xec,0x20,0xec,0x20,0xec,0x20,0xec,0x20,0xec,0x20,0xec,0x20,0xec,0x20,0xec,
    0x40,0xf4,0xe0,0xdb,0x20,0x08,0x00,0x00,0x00,0x00,0x00,0x00,0x00,0x00,0x00,0x00,
    0x40,0xcb,0x00,0xfc,0xe0,0xf3,0xe0,0xf3,0xe0,0xf3,0xe0,0xf3,0x00,0xf4,0x00,0xf4,
    0x00,0xf4,0x00,0xf4,0x00,0xf4,0x00,0xf4,0x00,0xf4,0x00,0xf4,0x00,0xf4,0x00,0xf4,
    0x00,0xf4,0x40,0xfc,0x60,0xfc,0x60,0xfc,0x60,0xfc,0x60,0xfc,0x60,0xfc,0x60,0xfc,
    0x60,0xfc,0x60,0xfc,0x60,0xfc,0x60,0xfc,0x60,0xfc,0x60,0xfc,0x80,0xfc,0x80,0xfc,
    0x80,0xfc,0x80,0xfc,0x80,0xfc,0x80,0xfc,0x80,0xfc,0x80,0xfc,0x80,0xfc,0x80,0xfc,
    0xc0,0xfc,0xa0,0xcb,0x00,0x00,0x00,0x00,0x00,0x00,0x00,0x00,0x00,0x00,0x00,0x00,
    0x40,0xcb,0x00,0xfc,0xe0,0xf3,0xe0,0xf3,0xe0,0xf3,0xe0,0xf3,0x00,0xf4,0x00,0xf4,
    0x00,0xf4,0x00,0xf4,0x00,0xf4,0x00,0xf4,0x00,0xf4,0x00,0xf4,0x00,0xf4,0x00,0xf4,
    0x00,0xec,0x80,0x9a,0x60,0x92,0x80,0x92,0x80,0x92,0x80,0x92,0x80,0x92,0x80,0x92,
    0x80,0x92,0x80,0x92,0x80,0x92,0x80,0x92,0x80,0x92,0x80,0x92,0x80,0x92,0x80,0x92,
    0x80,0x92,0x80,0x92,0x80,0x92,0x80,0x92,0x80,0x92,0x80,0x92,0x80,0x92,0x80,0x92,
    0xa0,0x9a,0xc0,0x61,0x00,0x00,0x00,0x00,0x00,0x00,0x00,0x00,0x00,0x00,0x00,0x00,
    0x40,0xcb,0x00,0xfc,0xe0,0xf3,0xe0,0xf3,0xe0,0xf3,0xe0,0xf3,0x00,0xf4,0x00,0xf4,
    0x00,0xf4,0x00,0xf4,0x00,0xf4,0x00,0xf4,0x00,0xf4,0x00,0xf4,0x00,0xf4,0x20,0xfc,
    0xe0,0xeb,0x20,0x08,0x00,0x00,0x00,0x00,0x00,0x00,0x00,0x00,0x00,0x00,0x00,0x00,
    0x00,0x00,0x00,0x00,0x00,0x00,0x00,0x00,0x00,0x00,0x00,0x00,0x00,0x00,0x00,0x00,
    0x00,0x00,0x00,0x00,0x00,0x00,0x00,0x00,0x00,0x00,0x00,0x00,0x00,0x00,0x00,0x00,
    0x00,0x00,0x00,0x00,0x00,0x00,0x00,0x00,0x00,0x00,0x00,0x00,0x00,0x00,0x00,0x00,
    0x40,0xcb,0x00,0xfc,0xe0,0xf3,0xe0,0xf3,0xe0,0xf3,0xe0,0xf3,0x00,0xf4,0x00,0xf4,
    0x00,0xf4,0x00,0xf4,0x00,0xf4,0x00,0xf4,0x00,0xf4,0x00,0xf4,0x00,0xf4,0x20,0xfc,
    0xe0,0xeb,0x60,0x18,0x00,0x00,0x00,0x00,0x00,0x00,0x00,0x00,0x00,0x00,0x00,0x00,
    0x00,0x00,0x00,0x00,0x00,0x00,0x00,0x00,0x00,0x00,0x00,0x00,0x00,0x00,0x00,0x00,
    0x00,0x00,0x00,0x00,0x00,0x00,0x00,0x00,0x00,0x00,0x00,0x00,0x00,0x00,0x00,0x00,
    0x00,0x00,0x00,0x00,0x00,0x00,0x00,0x00,0x00,0x00,0x00,0x00,0x00,0x00,0x00,0x00,
    0x40,0xcb,0x00,0xfc,0xe0,0xf3,0xe0,0xf3,0xe0,0xf3,0xe0,0xf3,0x00,0xf4,0x00,0xf4,
    0x00,0xf4,0x00,0xf4,0x00,0xf4,0x00,0xf4,0x00,0xf4,0x00,0xf4,0x00,0xf4,0x20,0xfc,
    0xe0,0xeb,0x60,0x18,0x00,0x00,0x00,0x00,0x00,0x00,0x00,0x00,0x00,0x00,0x00,0x00,
    0x00,0x00,0x00,0x00,0x00,0x00,0x00,0x00,0x00,0x00,0x00,0x00,0x00,0x00,0x00,0x00,
    0x00,0x00,0x00,0x00,0x00,0x00,0x00,0x00,0x00,0x00,0x00,0x00,0x00,0x00,0x00,0x00,
    0x00,0x00,0x00,0x00,0x00,0x00,0x00,0x00,0x00,0x00,0x00,0x00,0x00,0x00,0x00,0x00,
    0x40,0xcb,0x00,0xfc,0xe0,0xf3,0xe0,0xf3,0xe0,0xf3,0xe0,0xf3,0x00,0xf4,0x00,0xf4,
    0x00,0xf4,0x00,0xf4,0x00,0xf4,0x00,0xf4,0x00,0xf4,0x00,0xf4,0x00,0xf4,0x20,0xfc,
    0xe0,0xeb,0x60,0x18,0x00,0x00,0x00,0x00,0x00,0x00,0x00,0x00,0x00,0x00,0x00,0x00,
    0x00,0x00,0x00,0x00,0x00,0x00,0x00,0x00,0x00,0x00,0x00,0x00,0x00,0x00,0x00,0x00,
    0x00,0x00,0x00,0x00,0x00,0x00,0x00,0x00,0x00,0x00,0x00,0x00,0x00,0x00,0x00,0x00,
    0x00,0x00,0x00,0x00,0x00,0x00,0x00,0x00,0x00,0x00,0x00,0x00,0x00,0x00,0x00,0x00,
    0x40,0xcb,0x00,0xfc,0xe0,0xf3,0xe0,0xf3,0xe0,0xf3,0xe0,0xf3,0x00,0xf4,0x00,0xf4,
    0x00,0xf4,0x00,0xf4,0x00,0xf4,0x00,0xf4,0x00,0xf4,0x00,0xf4,0x00,0xf4,0x20,0xfc,
    0xe0,0xeb,0x60,0x18,0x00,0x00,0x00,0x00,0x00,0x00,0x00,0x00,0x00,0x00,0x00,0x00,
    0x00,0x00,0x00,0x00,0x00,0x00,0x00,0x00,0x00,0x00,0x00,0x00,0x00,0x00,0x00,0x00,
    0x00,0x00,0x00,0x00,0x00,0x00,0x00,0x00,0x00,0x00,0x00,0x00,0x00,0x00,0x00,0x00,
    0x00,0x00,0x00,0x00,0x00,0x00,0x00,0x00,0x00,0x00,0x00,0x00,0x00,0x00,0x00,0x00,
    0x40,0xcb,0x00,0xfc,0xe0,0xf3,0xe0,0xf3,0xe0,0xf3,0xe0,0xf3,0x00,0xf4,0x00,0xf4,
    0x00,0xf4,0x00,0xf4,0x00,0xf4,0x00,0xf4,0x00,0xf4,0x00,0xf4,0x00,0xf4,0x20,0xfc,
    0xe0,0xeb,0x60,0x18,0x00,0x00,0x00,0x00,0x00,0x00,0x00,0x00,0x00,0x00,0x00,0x00,
    0x00,0x00,0x00,0x00,0x00,0x00,0x00,0x00,0x00,0x00,0x00,0x00,0x00,0x00,0x00,0x00,
    0x00,0x00,0x00,0x00,0x00,0x00,0x00,0x00,0x00,0x00,0x00,0x00,0x00,0x00,0x00,0x00,
    0x00,0x00,0x00,0x00,0x00,0x00,0x00,0x00,0x00,0x00,0x00,0x00,0x00,0x00,0x00,0x00,
    0x40,0xcb,0x00,0xfc,0xe0,0xf3,0xe0,0xf3,0xe0,0xf3,0xe0,0xf3,0x00,0xf4,0x00,0xf4,
    0x00,0xf4,0x00,0xf4,0x00,0xf4,0x00,0xf4,0x00,0xf4,0x00,0xf4,0x00,0xf4,0x20,0xfc,
    0xe0,0xeb,0x60,0x18,0x00,0x00,0x00,0x00,0x00,0x00,0x00,0x00,0x00,0x00,0x00,0x00,
    0x00,0x00,0x00,0x00,0x00,0x00,0x00,0x00,0x00,0x00,0x00,0x00,0x00,0x00,0x00,0x00,
    0x00,0x00,0x00,0x00,0x00,0x00,0x00,0x00,0x00,0x00,0x00,0x00,0x00,0x00,0x00,0x00,
    0x00,0x00,0x00,0x00,0x00,0x00,0x00,0x00,0x00,0x00,0x00,0x00,0x00,0x00,0x00,0x00,
    0x40,0xcb,0x00,0xfc,0xe0,0xf3,0xe0,0xf3,0xe0,0xf3,0xe0,0xf3,0x00,0xf4,0x00,0xf4,
    0x00,0xf4,0x00,0xf4,0x00,0xf4,0x00,0xf4,0x00,0xf4,0x00,0xf4,0x00,0xf4,0x20,0xfc,
    0xe0,0xeb,0x60,0x18,0x00,0x00,0x00,0x00,0x00,0x00,0x00,0x00,0x00,0x00,0x00,0x00,
    0x00,0x00,0x00,0x00,0x00,0x00,0x00,0x00,0x00,0x00,0x00,0x00,0x00,0x00,0x00,0x00,
    0x00,0x00,0x00,0x00,0x00,0x00,0x00,0x00,0x00,0x00,0x00,0x00,0x00,0x00,0x00,0x00,
    0x00,0x00,0x00,0x00,0x00,0x00,0x00,0x00,0x00,0x00,0x00,0x00,0x00,0x00,0x00,0x00,
    0x40,0xcb,0x00,0xfc,0xe0,0xf3,0xe0,0xf3,0xe0,0xf3,0xe0,0xf3,0x00,0xf4,0x00,0xf4,
    0x00,0xf4,0x00,0xf4,0x00,0xf4,0x00,0xf4,0x00,0xf4,0x00,0xf4,0x00,0xf4,0x20,0xfc,
    0xe0,0xeb,0x60,0x18,0x00,0x00,0x00,0x00,0x00,0x00,0x00,0x00,0x00,0x00,0x00,0x00,
    0x00,0x00,0x00,0x00,0x00,0x00,0x00,0x00,0x00,0x00,0x00,0x00,0x00,0x00,0x00,0x00,
    0x00,0x00,0x00,0x00,0x00,0x00,0x00,0x00,0x00,0x00,0x00,0x00,0x00,0x00,0x00,0x00,
    0x00,0x00,0x00,0x00,0x00,0x00,0x00,0x00,0x00,0x00,0x00,0x00,0x00,0x00,0x00,0x00,
    0x40,0xcb,0x00,0xfc,0xe0,0xf3,0xe0,0xf3,0xe0,0xf3,0xe0,0xf3,0x00,0xf4,0x00,0xf4,
    0x00,0xf4,0x00,0xf4,0x00,0xf4,0x00,0xf4,0x00,0xf4,0x00,0xf4,0x00,0xf4,0x20,0xfc,
    0xe0,0xeb,0x60,0x18,0x00,0x00,0x00,0x00,0x00,0x00,0x00,0x00,0x00,0x00,0x00,0x00,
    0x00,0x00,0x00,0x00,0x00,0x00,0x00,0x00,0x00,0x00,0x00,0x00,0x00,0x00,0x00,0x00,
    0x00,0x00,0x00,0x00,0x00,0x00,0x00,0x00,0x00,0x00,0x00,0x00,0x00,0x00,0x00,0x00,
    0x00,0x00,0x00,0x00,0x00,0x00,0x00,0x00,0x00,0x00,0x00,0x00,0x00,0x00,0x00,0x00,
    0x40,0xcb,0x00,0xfc,0xe0,0xf3,0xe0,0xf3,0xe0,0xf3,0xe0,0xf3,0x00,0xf4,0x00,0xf4,
    0x00,0xf4,0x00,0xf4,0x00,0xf4,0x00,0xf4,0x00,0xf4,0x00,0xf4,0x00,0xf4,0x20,0xfc,
    0xe0,0xeb,0x60,0x18,0x00,0x00,0x00,0x00,0x00,0x00,0x00,0x00,0x00,0x00,0x00,0x00,
    0x00,0x00,0x00,0x00,0x00,0x00,0x00,0x00,0x00,0x00,0x00,0x00,0x00,0x00,0x00,0x00,
    0x00,0x00,0x00,0x00,0x00,0x00,0x00,0x00,0x00,0x00,0x00,0x00,0x00,0x00,0x00,0x00,
    0x00,0x00,0x00,0x00,0x00,0x00,0x00,0x00,0x00,0x00,0x00,0x00,0x00,0x00,0x00,0x00,
    0x40,0xcb,0x00,0xfc,0xe0,0xf3,0xe0,0xf3,0xe0,0xf3,0xe0,0xf3,0x00,0xf4,0x00,0xf4,
    0x00,0xf4,0x00,0xf4,0x00,0xf4,0x00,0xf4,0x00,0xf4,0x00,0xf4,0x00,0xf4,0x20,0xfc,
    0xe0,0xeb,0x60,0x18,0x00,0x00,0x00,0x00,0x00,0x00,0x00,0x00,0x00,0x00,0x00,0x00,
    0x00,0x00,0x00,0x00,0x00,0x00,0x00,0x00,0x00,0x00,0x00,0x00,0x00,0x00,0x00,0x00,
    0x00,0x00,0x00,0x00,0x00,0x00,0x00,0x00,0x00,0x00,0x00,0x00,0x00,0x00,0x00,0x00,
    0x00,0x00,0x00,0x00,0x00,0x00,0x00,0x00,0x00,0x00,0x00,0x00,0x00,0x00,0x00,0x00,
    0x40,0xcb,0x00,0xfc,0xe0,0xf3,0xe0,0xf3,0xe0,0xf3,0xe0,0xf3,0x00,0xf4,0x00,0xf4,
    0x00,0xf4,0x00,0xf4,0x00,0xf4,0x00,0xf4,0x00,0xf4,0x00,0xf4,0x00,0xf4,0x20,0xfc,
    0xe0,0xeb,0x60,0x18,0x00,0x00,0x00,0x00,0x00,0x00,0x00,0x00,0x00,0x00,0x00,0x00,
    0x00,0x00,0x00,0x00,0x00,0x00,0x00,0x00,0x00,0x00,0x00,0x00,0x00,0x00,0x00,0x00,
    0x00,0x00,0x00,0x00,0x00,0x00,0x00,0x00,0x00,0x00,0x00,0x00,0x00,0x00,0x00,0x00,
    0x00,0x00,0x00,0x00,0x00,0x00,0x00,0x00,0x00,0x00,0x00,0x00,0x00,0x00,0x00,0x00,
    0x40,0xcb,0x00,0xfc,0xe0,0xf3,0xe0,0xf3,0xe0,0xf3,0xe0,0xf3,0x00,0xf4,0x00,0xf4,
    0x00,0xf4,0x00,0xf4,0x00,0xf4,0x00,0xf4,0x00,0xf4,0x00,0xf4,0x00,0xf4,0x20,0xfc,
    0xe0,0xeb,0x60,0x18,0x00,0x00,0x00,0x00,0x00,0x00,0x00,0x00,0x00,0x00,0x00,0x00,
    0x00,0x00,0x00,0x00,0x00,0x00,0x00,0x00,0x00,0x00,0x00,0x00,0x00,0x00,0x00,0x00,
    0x00,0x00,0x00,0x00,0x00,0x00,0x00,0x00,0x00,0x00,0x00,0x00,0x00,0x00,0x00,0x00,
    0x00,0x00,0x00,0x00,0x00,0x00,0x00,0x00,0x00,0x00,0x00,0x00,0x00,0x00,0x00,0x00,
    0x40,0xcb,0x00,0xfc,0xe0,0xf3,0xe0,0xf3,0xe0,0xf3,0xe0,0xf3,0x00,0xf4,0x00,0xf4,
    0x00,0xf4,0x00,0xf4,0x00,0xf4,0x00,0xf4,0x00,0xf4,0x00,0xf4,0x00,0xf4,0x20,0xfc,
    0xe0,0xeb,0x20,0x08,0x00,0x00,0x00,0x00,0x00,0x00,0x00,0x00,0x00,0x00,0x00,0x00,
    0x00,0x00,0x00,0x00,0x00,0x00,0x00,0x00,0x00,0x00,0x00,0x00,0x00,0x00,0x00,0x00,
    0x00,0x00,0x00,0x00,0x00,0x00,0x00,0x00,0x00,0x00,0x00,0x00,0x00,0x00,0x00,0x00,
    0x00,0x00,0x00,0x00,0x00,0x00,0x00,0x00,0x00,0x00,0x00,0x00,0x00,0x00,0x00,0x00,
    0x40,0xcb,0x00,0xfc,0xe0,0xf3,0xe0,0xf3,0xe0,0xf3,0xe0,0xf3,0x00,0xf4,0x00,0xf4,
    0x00,0xf4,0x00,0xf4,0x00,0xf4,0x00,0xf4,0x00,0xf4,0x00,0xf4,0x00,0xf4,0x00,0xf4,
    0x00,0xec,0xa0,0xa2,0x80,0x92,0x80,0x92,0x80,0x92,0x80,0x92,0x80,0x92,0x80,0x92,
    0x80,0x92,0x80,0x92,0x80,0x92,0x80,0x92,0x80,0x92,0x80,0x92,0x80,0x92,0x80,0x92,
    0x80,0x92,0xa0,0x92,0xa0,0x92,0xa0,0x92,0xa0,0x92,0xa0,0x92,0xa0,0x92,0xa0,0x92,
    0xa0,0x92,0xa0,0x92,0xa0,0x92,0xa0,0x92,0xa0,0x92,0xa0,0x92,0xa0,0x92,0x60,0x82,
    0x40,0xcb,0x00,0xfc,0xe0,0xf3,0xe0,0xf3,0xe0,0xf3,0xe0,0xf3,0x00,0xf4,0x00,0xf4,
    0x00,0xf4,0x00,0xf4,0x00,0xf4,0x00,0xf4,0x00,0xf4,0x00,0xf4,0x00,0xf4,0x00,0xf4,
    0x00,0xf4,0x40,0xfc,0x60,0xfc,0x60,0xfc,0x60,0xfc,0x60,0xfc,0x60,0xfc,0x60,0xfc,
    0x60,0xfc,0x60,0xfc,0x60,0xfc,0x60,0xfc,0x60,0xfc,0x60,0xfc,0x80,0xfc,0x80,0xfc,
    0x80,0xfc,0x80,0xfc,0x80,0xfc,0x80,0xfc,0x80,0xfc,0x80,0xfc,0x80,0xfc,0x80,0xfc,
    0x80,0xfc,0x80,0xfc,0x80,0xfc,0x80,0xfc,0xa0,0xfc,0x80,0xfc,0xc0,0xfc,0xa0,0xcb,
    0x40,0xcb,0x00,0xfc,0xe0,0xf3,0xe0,0xf3,0xe0,0xf3,0xe0,0xf3,0x00,0xf4,0x00,0xf4,
    0x00,0xf4,0x00,0xf4,0x00,0xf4,0x00,0xf4,0x00,0xf4,0x00,0xf4,0x00,0xf4,0x00,0xf4,
    0x00,0xf4,0x00,0xf4,0x00,0xf4,0x00,0xf4,0x00,0xf4,0x00,0xec,0x00,0xec,0x00,0xec,
    0x00,0xec,0x00,0xec,0x00,0xec,0x20,0xec,0x20,0xec,0x20,0xec,0x20,0xec,0x20,0xec,
    0x20,0xec,0x20,0xec,0x20,0xec,0x20,0xec,0x20,0xec,0x20,0xec,0x20,0xec,0x20,0xec,
    0x40,0xec,0x40,0xec,0x40,0xec,0x40,0xec,0x40,0xec,0x20,0xec,0x80,0xfc,0xa0,0x92,
    0x40,0xcb,0x00,0xfc,0xe0,0xf3,0xe0,0xf3,0xe0,0xf3,0xe0,0xf3,0x00,0xf4,0x00,0xf4,
    0x00,0xf4,0x00,0xf4,0x00,0xf4,0x00,0xf4,0x00,0xf4,0x00,0xf4,0x00,0xf4,0x00,0xf4,
    0x00,0xf4,0x00,0xf4,0x00,0xf4,0x00,0xf4,0x20,0xf4,0x20,0xf4,0x20,0xf4,0x20,0xf4,
    0x20,0xf4,0x20,0xf4,0x20,0xf4,0x20,0xf4,0x20,0xf4,0x20,0xf4,0x20,0xf4,0x20,0xf4,
    0x20,0xf4,0x40,0xf4,0x40,0xf4,0x40,0xf4,0x40,0xf4,0x40,0xf4,0x40,0xf4,0x40,0xf4,
    0x40,0xf4,0x40,0xf4,0x40,0xf4,0x40,0xf4,0x40,0xf4,0x40,0xec,0x80,0xfc,0x00,0x72,
    0x40,0xcb,0x00,0xfc,0xe0,0xf3,0xe0,0xf3,0xe0,0xf3,0xe0,0xf3,0x00,0xf4,0x00,0xf4,
    0x00,0xf4,0x00,0xf4,0x00,0xf4,0x00,0xf4,0x00,0xf4,0x00,0xf4,0x00,0xf4,0x00,0xf4,
    0x00,0xf4,0x00,0xf4,0x00,0xf4,0x00,0xf4,0x20,0xf4,0x20,0xf4,0x20,0xf4,0x20,0xf4,
    0x20,0xf4,0x20,0xf4,0x20,0xf4,0x20,0xf4,0x20,0xf4,0x20,0xf4,0x20,0xf4,0x20,0xf4,
    0x20,0xf4,0x40,0xf4,0x40,0xf4,0x40,0xf4,0x40,0xf4,0x40,0xf4,0x40,0xf4,0x40,0xf4,
    0x40,0xf4,0x40,0xf4,0x40,0xf4,0x40,0xf4,0x40,0xf4,0x40,0xec,0x80,0xfc,0x60,0x49,
    0x40,0xcb,0x00,0xfc,0xe0,0xf3,0xe0,0xf3,0xe0,0xf3,0xe0,0xf3,0x00,0xf4,0x00,0xf4,
    0x00,0xf4,0x00,0xf4,0x00,0xf4,0x00,0xf4,0x00,0xf4,0x00,0xf4,0x00,0xf4,0x00,0xf4,
    0x00,0xf4,0x00,0xf4,0x00,0xf4,0x00,0xf4,0x20,0xf4,0x20,0xf4,0x20,0xf4,0x20,0xf4,
    0x20,0xf4,0x20,0xf4,0x20,0xf4,0x20,0xf4,0x20,0xf4,0x20,0xf4,0x20,0xf4,0x20,0xf4,
    0x20,0xf4,0x40,0xf4,0x40,0xf4,0x40,0xf4,0x40,0xf4,0x40,0xf4,0x40,0xf4,0x40,0xf4,
    0x40,0xf4,0x40,0xf4,0x40,0xf4,0x40,0xf4,0x40,0xf4,0x60,0xf4,0x40,0xec,0xc0,0x28,
    0x40,0xcb,0x00,0xfc,0xe0,0xf3,0xe0,0xf3,0xe0,0xf3,0xe0,0xf3,0x00,0xf4,0x00,0xf4,
    0x00,0xf4,0x00,0xf4,0x00,0xf4,0x00,0xf4,0x00,0xf4,0x00,0xf4,0x00,0xf4,0x00,0xf4,
    0x00,0xf4,0x00,0xf4,0x00,0xf4,0x00,0xf4,0x20,0xf4,0x20,0xf4,0x20,0xf4,0x20,0xf4,
    0x20,0xf4,0x20,0xf4,0x20,0xf4,0x20,0xf4,0x20,0xf4,0x20,0xf4,0x20,0xf4,0x20,0xf4,
    0x20,0xf4,0x40,0xf4,0x40,0xf4,0x40,0xf4,0x40,0xf4,0x40,0xf4,0x40,0xf4,0x40,0xf4,
    0x40,0xf4,0x40,0xf4,0x40,0xf4,0x40,0xf4,0x40,0xec,0x60,0xf4,0xe0,0xdb,0x40,0x10,
    0x40,0xcb,0x00,0xfc,0xe0,0xf3,0xe0,0xf3,0xe0,0xf3,0xe0,0xf3,0x00,0xf4,0x00,0xf4,
    0x00,0xf4,0x00,0xf4,0x00,0xf4,0x00,0xf4,0x00,0xf4,0x00,0xf4,0x00,0xf4,0x00,0xf4,
    0x00,0xf4,0x00,0xf4,0x00,0xf4,0x00,0xf4,0x20,0xf4,0x20,0xf4,0x20,0xf4,0x20,0xf4,
    0x20,0xf4,0x20,0xf4,0x20,0xf4,0x20,0xf4,0x20,0xf4,0x20,0xf4,0x20,0xf4,0x20,0xf4,
    0x20,0xf4,0x40,0xf4,0x40,0xf4,0x40,0xf4,0x40,0xf4,0x40,0xf4,0x40,0xf4,0x40,0xf4,
    0x40,0xf4,0x40,0xf4,0x40,0xf4,0x40,0xf4,0x40,0xec,0x80,0xfc,0x80,0xc3,0x00,0x00,
    0x40,0xcb,0x00,0xfc,0xe0,0xf3,0xe0,0xf3,0xe0,0xf3,0xe0,0xf3,0x00,0xf4,0x00,0xf4,
    0x00,0xf4,0x00,0xf4,0x00,0xf4,0x00,0xf4,0x00,0xf4,0x00,0xf4,0x00,0xf4,0x00,0xf4,
    0x00,0xf4,0x00,0xf4,0x00,0xf4,0x00,0xf4,0x20,0xf4,0x20,0xf4,0x20,0xf4,0x20,0xf4,
    0x20,0xf4,0x20,0xf4,0x20,0xf4,0x20,0xf4,0x20,0xf4,0x20,0xf4,0x20,0xf4,0x20,0xf4,
    0x20,0xf4,0x40,0xf4,0x40,0xf4,0x40,0xf4,0x40,0xf4,0x40,0xf4,0x40,0xf4,0x40,0xf4,
    0x40,0xf4,0x40,0xf4,0x40,0xf4,0x40,0xf4,0x40,0xec,0xa0,0xfc,0xe0,0xa2,0x00,0x00,
    0x40,0xcb,0x00,0xfc,0xe0,0xf3,0xe0,0xf3,0xe0,0xf3,0xe0,0xf3,0x00,0xf4,0x00,0xf4,
    0x00,0xf4,0x00,0xf4,0x00,0xf4,0x00,0xf4,0x00,0xf4,0x00,0xf4,0x00,0xf4,0x00,0xf4,
    0x00,0xf4,0x00,0xf4,0x00,0xf4,0x00,0xf4,0x20,0xf4,0x20,0xf4,0x20,0xf4,0x20,0xf4,
    0x20,0xf4,0x20,0xf4,0x20,0xf4,0x20,0xf4,0x20,0xf4,0x20,0xf4,0x20,0xf4,0x20,0xf4,
    0x20,0xf4,0x40,0xf4,0x40,0xf4,0x40,0xf4,0x40,0xf4,0x40,0xf4,0x40,0xf4,0x40,0xf4,
    0x40,0xf4,0x40,0xf4,0x40,0xf4,0x40,0xf4,0x40,0xec,0xa0,0xfc,0x60,0x82,0x00,0x00,
    0x20,0xcb,0x00,0xfc,0xe0,0xf3,0xe0,0xf3,0xe0,0xf3,0xe0,0xf3,0xe0,0xf3,0xe0,0xf3,
    0xe0,0xf3,0xe0,0xf3,0xe0,0xf3,0xe0,0xf3,0xe0,0xf3,0x00,0xf4,0x00,0xf4,0x00,0xf4,
    0x00,0xf4,0x00,0xf4,0x00,0xf4,0x00,0xf4,0x00,0xf4,0x00,0xf4,0x00,0xf4,0x00,0xf4,
    0x00,0xf4,0x00,0xf4,0x00,0xf4,0x20,0xf4,0x20,0xf4,0x20,0xf4,0x20,0xf4,0x20,0xf4,
    0x20,0xf4,0x20,0xf4,0x20,0xf4,0x20,0xf4,0x20,0xf4,0x20,0xf4,0x20,0xf4,0x20,0xec,
    0x40,0xec,0x40,0xec,0x40,0xec,0x40,0xec,0x20,0xec,0x80,0xfc,0xc0,0x61,0x00,0x00,
    0x40,0xd3,0x20,0xfc,0x00,0xfc,0x00,0xfc,0x00,0xfc,0x00,0xfc,0x00,0xfc,0x00,0xfc,
    0x00,0xfc,0x20,0xfc,0x20,0xfc,0x20,0xfc,0x20,0xfc,0x20,0xfc,0x20,0xfc,0x20,0xfc,
    0x20,0xfc,0x20,0xfc,0x20,0xfc,0x20,0xfc,0x20,0xfc,0x20,0xfc,0x20,0xfc,0x40,0xfc,
    0x40,0xfc,0x40,0xfc,0x40,0xfc,0x40,0xfc,0x40,0xfc,0x40,0xfc,0x40,0xfc,0x40,0xfc,
    0x40,0xfc,0x60,0xfc,0x60,0xfc,0x60,0xfc,0x60,0xfc,0x60,0xfc,0x60,0xfc,0x60,0xf4,
    0x60,0xf4,0x60,0xf4,0x60,0xf4,0x60,0xf4,0x60,0xf4,0xa0,0xfc,0x20,0x41,0x00,0x00,
    0xc0,0xaa,0x60,0xdb,0x40,0xd3,0x60,0xd3,0x60,0xd3,0x60,0xd3,0x60,0xd3,0x60,0xd3,
    0x60,0xd3,0x60,0xd3,0x60,0xd3,0x60,0xd3,0x60,0xd3,0x60,0xd3,0x60,0xd3,0x60,0xd3,
    0x80,0xd3,0x80,0xd3,0x80,0xd3,0x80,0xd3,0x80,0xd3,0x80,0xd3,0x80,0xd3,0x80,0xd3,
    0x80,0xd3,0x80,0xd3,0x80,0xd3,0x80,0xd3,0x80,0xd3,0x80,0xd3,0x80,0xd3,0x80,0xd3,
    0x80,0xd3,0x80,0xcb,0x80,0xcb,0x80,0xcb,0x80,0xcb,0xa0,0xcb,0xa0,0xcb,0xa0,0xcb,
    0xa0,0xcb,0xa0,0xcb,0xa0,0xcb,0xa0,0xcb,0xa0,0xcb,0xa0,0xcb,0x80,0x20,0x00,0x00,
};
const lv_img_dsc_t img_genex_1 = {
    .header.cf = LV_IMG_CF_TRUE_COLOR,
    .header.always_zero = 0,
    .header.reserved = 0,
    .header.w = 48,
    .header.h = 68,
    .data_size = 6528,
    .data = img_genex_1_map,
};

static const uint8_t img_genex_2_map[] = {
    0x20,0xab,0xc0,0xcb,0xa0,0xc3,0xa0,0xc3,0xa0,0xc3,0xa0,0xc3,0xa0,0xc3,0xa0,0xc3,
    0xa0,0xc3,0xa0,0xc3,0xa0,0xc3,0xc0,0xc3,0xc0,0xc3,0xa0,0xc3,0xe0,0xcb,0x00,0x31,
    0x00,0x00,0x00,0x00,0x00,0x00,0x00,0x00,0x00,0x00,0x00,0x00,0x00,0x00,0x00,0x00,
    0x00,0x00,0x00,0x00,0x00,0x00,0x00,0x00,0x00,0x00,0x00,0x00,0x00,0x00,0x00,0x00,
    0x00,0x00,0x00,0x00,0x00,0x00,0x00,0x00,0x00,0x00,0x00,0x00,0x00,0x00,0x00,0x00,
    0x00,0x00,0x00,0x00,0x00,0x00,0xe0,0x28,0x00,0xc4,0xe0,0xbb,0xe0,0xc3,0x00,0xc4,
    0x00,0xc4,0x00,0xc4,0x00,0xc4,0x00,0xbc,0x00,0xbc,0x00,0xbc,0x00,0xbc,0x00,0xbc,
    0x00,0xbc,0x00,0xbc,0x20,0xc4,0xe0,0xb3,0xe0,0xd3,0xa0,0xfc,0x80,0xf4,0x80,0xf4,
    0x80,0xf4,0x80,0xf4,0x80,0xf4,0x80,0xf4,0xa0,0xf4,0xa0,0xf4,0xa0,0xf4,0xa0,0xf4,
    0xa0,0xf4,0xa0,0xf4,0xc0,0xfc,0xc0,0xc3,0x20,0x08,0x00,0x00,0x00,0x00,0x00,0x00,
    0x00,0x00,0x00,0x00,0x00,0x00,0x00,0x00,0x00,0x00,0x00,0x00,0x00,0x00,0x00,0x00,
    0x00,0x00,0x00,0x00,0x00,0x00,0x00,0x00,0x00,0x00,0x00,0x00,0x00,0x00,0x00,0x00,
    0x00,0x00,0x00,0x00,0x00,0x00,0x00,0x00,0x00,0x00,0x00,0x00,0x00,0x00,0x00,0x31,
    0x00,0xf5,0xe0,0xec,0xe0,0xec,0x00,0xed,0x00,0xed,0x00,0xed,0x00,0xed,0x00,0xed,
    0x00,0xed,0x00,0xed,0x00,0xed,0x00,0xed,0x00,0xed,0x00,0xed,0x20,0xed,0xc0,0xdc,
    0xc0,0xcb,0x80,0xf4,0x40,0xec,0x60,0xec,0x60,0xec,0x60,0xec,0x60,0xec,0x60,0xec,
    0x60,0xec,0x60,0xec,0x60,0xec,0x80,0xec,0x80,0xec,0x60,0xec,0x60,0xe4,0xe0,0xfc,
    0xa0,0x8a,0x00,0x00,0x00,0x00,0x00,0x00,0x00,0x00,0x00,0x00,0x00,0x00,0x00,0x00,
    0x00,0x00,0x00,0x00,0x00,0x00,0x00,0x00,0x00,0x00,0x00,0x00,0x00,0x00,0x00,0x00,
    0x00,0x00,0x00,0x00,0x00,0x00,0x00,0x00,0x00,0x00,0x00,0x00,0x00,0x00,0x00,0x00,
    0x00,0x00,0x00,0x00,0x00,0x00,0x00,0x31,0xe0,0xec,0xa0,0xe4,0xc0,0xe4,0xc0,0xe4,
    0xc0,0xe4,0xc0,0xe4,0xc0,0xe4,0xc0,0xe4,0xc0,0xe4,0xc0,0xe4,0xe0,0xe4,0xe0,0xe4,
    0xe0,0xe4,0xc0,0xe4,0xe0,0xe4,0x80,0xd4,0xc0,0xd3,0x80,0xf4,0x60,0xec,0x60,0xec,
    0x60,0xec,0x60,0xec,0x60,0xec,0x60,0xec,0x80,0xec,0x80,0xec,0x80,0xec,0x80,0xec,
    0x80,0xec,0x80,0xec,0x80,0xec,0x80,0xec,0xc0,0xf4,0x40,0x41,0x00,0x00,0x00,0x00,
    0x00,0x00,0x00,0x00,0x00,0x00,0x00,0x00,0x00,0x00,0x00,0x00,0x00,0x00,0x00,0x00,
    0x00,0x00,0x00,0x00,0x00,0x00,0x00,0x00,0x00,0x00,0x00,0x00,0x00,0x00,0x00,0x00,
    0x00,0x00,0x00,0x00,0x00,0x00,0x00,0x00,0x00,0x00,0x00,0x00,0x00,0x00,0x00,0x31,
    0xe0,0xec,0xc0,0xe4,0xc0,0xe4,0xc0,0xe4,0xc0,0xe4,0xc0,0xe4,0xc0,0xe4,0xe0,0xe4,
    0xe0,0xe4,0xe0,0xe4,0xe0,0xe4,0xe0,0xe4,0xe0,0xe4,0xe0,0xe4,0xe0,0xe4,0xa0,0xd4,
    0xc0,0xd3,0x80,0xf4,0x60,0xec,0x60,0xec,0x60,0xec,0x60,0xec,0x60,0xec,0x60,0xec,
    0x80,0xec,0x80,0xec,0x80,0xec,0x80,0xec,0x80,0xec,0x80,0xec,0x80,0xec,0x80,0xec,
    0xa0,0xf4,0x20,0xd4,0x40,0x10,0x00,0x00,0x00,0x00,0x00,0x00,0x00,0x00,0x00,0x00,
    0x00,0x00,0x00,0x00,0x00,0x00,0x00,0x00,0x00,0x00,0x00,0x00,0x00,0x00,0x00,0x00,
    0x00,0x00,0x00,0x00,0x00,0x00,0x00,0x00,0x00,0x00,0x00,0x00,0x00,0x00,0x00,0x00,
    0x00,0x00,0x00,0x00,0x00,0x00,0x00,0x31,0xe0,0xec,0xc0,0xe4,0xc0,0xe4,0xc0,0xe4,
    0xc0,0xe4,0xc0,0xe4,0xc0,0xe4,0xe0,0xe4,0xe0,0xe4,0xe0,0xe4,0xe0,0xe4,0xe0,0xe4,
    0xe0,0xe4,0xe0,0xe4,0xe0,0xe4,0xa0,0xd4,0xc0,0xd3,0x80,0xf4,0x60,0xec,0x60,0xec,
    0x60,0xec,0x60,0xec,0x60,0xec,0x60,0xec,0x80,0xec,0x80,0xec,0x80,0xec,0x80,0xec,
    0x80,0xec,0x80,0xec,0x80,0xec,0x80,0xec,0x60,0xe4,0xe0,0xfc,0xe0,0x9a,0x00,0x00,
    0x00,0x00,0x00,0x00,0x00,0x00,0x00,0x00,0x00,0x00,0x00,0x00,0x00,0x00,0x00,0x00,
    0x00,0x00,0x00,0x00,0x00,0x00,0x00,0x00,0x00,0x00,0x00,0x00,0x00,0x00,0x00,0x00,
    0x00,0x00,0x00,0x00,0x00,0x00,0x00,0x00,0x00,0x00,0x00,0x00,0x00,0x00,0x00,0x31,
    0xe0,0xec,0xc0,0xe4,0xc0,0xe4,0xc0,0xe4,0xc0,0xe4,0xc0,0xe4,0xc0,0xe4,0xe0,0xe4,
    0xe0,0xe4,0xe0,0xe4,0xe0,0xe4,0xe0,0xe4,0xe0,0xe4,0xe0,0xe4,0xe0,0xe4,0xa0,0xd4,
    0xc0,0xd3,0x80,0xf4,0x60,0xec,0x60,0xec,0x60,0xec,0x60,0xec,0x60,0xec,0x60,0xec,
    0x80,0xec,0x80,0xec,0x80,0xec,0x80,0xec,0x80,0xec,0x80,0xec,0x80,0xec,0x80,0xec,
    0x80,0xec,0x80,0xec,0xe0,0xfc,0x80,0x51,0x00,0x00,0x00,0x00,0x00,0x00,0x00,0x00,
    0x00,0x00,0x00,0x00,0x00,0x00,0x00,0x00,0x00,0x00,0x00,0x00,0x00,0x00,0x00,0x00,
    0x00,0x00,0x00,0x00,0x00,0x00,0x00,0x00,0x00,0x00,0x00,0x00,0x00,0x00,0x00,0x00,
    0x00,0x00,0x00,0x00,0x00,0x00,0x00,0x31,0xe0,0xec,0xc0,0xe4,0xc0,0xe4,0xc0,0xe4,
    0xc0,0xe4,0xc0,0xe4,0xc0,0xe4,0xe0,0xe4,0xe0,0xe4,0xe0,0xe4,0xe0,0xe4,0xe0,0xe4,
    0xe0,0xe4,0xe0,0xe4,0xe0,0xe4,0xa0,0xd4,0xc0,0xd3,0x80,0xf4,0x60,0xec,0x60,0xec,
    0x60,0xec,0x60,0xec,0x60,0xec,0x60,0xec,0x80,0xec,0x80,0xec,0x80,0xec,0x80,0xec,
    0x80,0xec,0x80,0xec,0x80,0xec,0x80,0xec,0x80,0xec,0x80,0xec,0xa0,0xec,0x40,0xdc,
    0x80,0x18,0x00,0x00,0x00,0x00,0x00,0x00,0x00,0x00,0x00,0x00,0x00,0x00,0x00,0x00,
    0x00,0x00,0x00,0x00,0x00,0x00,0x00,0x00,0x00,0x00,0x00,0x00,0x00,0x00,0x00,0x00,
    0x00,0x00,0x00,0x00,0x00,0x00,0x00,0x00,0x00,0x00,0x00,0x00,0x00,0x00,0x00,0x31,
    0xe0,0xec,0xc0,0xe4,0xc0,0xe4,0xc0,0xe4,0xc0,0xe4,0xc0,0xe4,0xc0,0xe4,0xe0,0xe4,
    0xe0,0xe4,0xe0,0xe4,0xe0,0xe4,0xe0,0xe4,0xe0,0xe4,0xe0,0xe4,0xe0,0xe4,0xa0,0xd4,
    0xc0,0xd3,0x80,0xf4,0x60,0xec,0x60,0xec,0x60,0xec,0x60,0xec,0x60,0xec,0x60,0xec,
    0x80,0xec,0x80,0xec,0x80,0xec,0x80,0xec,0x80,0xec,0x80,0xec,0x80,0xec,0x80,0xec,
    0x80,0xec,0x80,0xec,0x80,0xe4,0xe0,0xfc,0x40,0xab,0x00,0x00,0x00,0x00,0x00,0x00,
    0x00,0x00,0x00,0x00,0x00,0x00,0x00,0x00,0x00,0x00,0x00,0x00,0x00,0x00,0x00,0x00,
    0x00,0x00,0x00,0x00,0x00,0x00,0x00,0x00,0x00,0x00,0x00,0x00,0x00,0x00,0x00,0x00,
    0x00,0x00,0x00,0x00,0x00,0x00,0x00,0x31,0xe0,0xec,0xc0,0xe4,0xc0,0xe4,0xc0,0xe4,
    0xc0,0xe4,0xc0,0xe4,0xc0,0xe4,0xe0,0xe4,0xe0,0xe4,0xe0,0xe4,0xe0,0xe4,0xe0,0xe4,
    0xe0,0xe4,0xe0,0xe4,0xe0,0xe4,0xa0,0xd4,0xc0,0xd3,0x80,0xf4,0x60,0xec,0x60,0xec,
    0x60,0xec,0x60,0xec,0x60,0xec,0x60,0xec,0x80,0xec,0x80,0xec,0x80,0xec,0x80,0xec,
    0x80,0xec,0x80,0xec,0x80,0xec,0x80,0xec,0x80,0xec,0x80,0xec,0x80,0xec,0x80,0xe4,
    0xe0,0xfc,0xe0,0x61,0x00,0x00,0x00,0x00,0x00,0x00,0x00,0x00,0x00,0x00,0x00,0x00,
    0x00,0x00,0x00,0x00,0x00,0x00,0x00,0x00,0x00,0x00,0x00,0x00,0x00,0x00,0x00,0x00,
    0x00,0x00,0x00,0x00,0x00,0x00,0x00,0x00,0x00,0x00,0x00,0x00,0x00,0x00,0x00,0x31,
    0xe0,0xec,0xc0,0xe4,0xc0,0xe4,0xc0,0xe4,0xc0,0xe4,0xc0,0xe4,0xc0,0xe4,0xe0,0xe4,
    0xe0,0xe4,0xe0,0xe4,0xe0,0xe4,0xe0,0xe4,0xe0,0xe4,0xe0,0xe4,0xe0,0xe4,0xa0,0xd4,
    0xc0,0xd3,0x80,0xf4,0x60,0xec,0x60,0xec,0x60,0xec,0x60,0xec,0x60,0xec,0x60,0xec,
    0x80,0xec,0x80,0xec,0x80,0xec,0x80,0xec,0x80,0xec,0x80,0xec,0x80,0xec,0x80,0xec,
    0x80,0xec,0x80,0xec,0x80,0xec,0x80,0xec,0x80,0xec,0x80,0xec,0xa0,0x20,0x00,0x00,
    0x00,0x00,0x00,0x00,0x00,0x00,0x00,0x00,0x00,0x00,0x00,0x00,0x00,0x00,0x00,0x00,
    0x00,0x00,0x00,0x00,0x00,0x00,0x00,0x00,0x00,0x00,0x00,0x00,0x00,0x00,0x00,0x00,
    0x00,0x00,0x00,0x00,0x00,0x00,0x00,0x31,0xe0,0xec,0xc0,0xe4,0xc0,0xe4,0xc0,0xe4,
    0xc0,0xe4,0xc0,0xe4,0xc0,0xe4,0xe0,0xe4,0xe0,0xe4,0xe0,0xe4,0xe0,0xe4,0xe0,0xe4,
    0xe0,0xe4,0xe0,0xe4,0xe0,0xe4,0xa0,0xd4,0xc0,0xd3,0x80,0xf4,0x60,0xec,0x60,0xec,
    0x60,0xec,0x60,0xec,0x60,0xec,0x60,0xec,0x80,0xec,0x80,0xec,0x80,0xec,0x80,0xec,
    0x80,0xec,0x80,0xec,0x80,0xec,0x80,0xec,0x80,0xec,0x80,0xec,0x80,0xec,0x80,0xec,
    0x80,0xec,0xc0,0xf4,0x80,0xb3,0x00,0x00,0x00,0x00,0x00,0x00,0x00,0x00,0x00,0x00,
    0x00,0x00,0x00,0x00,0x00,0x00,0x00,0x00,0x00,0x00,0x00,0x00,0x00,0x00,0x00,0x00,
    0x00,0x00,0x00,0x00,0x00,0x00,0x00,0x00,0x00,0x00,0x00,0x00,0x00,0x00,0x00,0x31,
    0xe0,0xec,0xc0,0xe4,0xc0,0xe4,0xc0,0xe4,0xc0,0xe4,0xc0,0xe4,0xc0,0xe4,0xe0,0xe4,
    0xe0,0xe4,0xe0,0xe4,0xe0,0xe4,0xe0,0xe4,0xe0,0xe4,0xe0,0xe4,0xe0,0xe4,0xa0,0xd4,
    0xc0,0xd3,0x80,0xf4,0x60,0xec,0x60,0xec,0x60,0xec,0x60,0xec,0x60,0xec,0x60,0xec,
    0x80,0xec,0x80,0xec,0x80,0xec,0x80,0xec,0x80,0xec,0x80,0xec,0x80,0xec,0x80,0xec,
    0x80,0xec,0x80,0xec,0x80,0xec,0x80,0xec,0x80,0xec,0x80,0xe4,0xe0,0xfc,0x40,0x72,
    0x00,0x00,0x00,0x00,0x00,0x00,0x00,0x00,0x00,0x00,0x00,0x00,0x00,0x00,0x00,0x00,
    0x00,0x00,0x00,0x00,0x00,0x00,0x00,0x00,0x00,0x00,0x00,0x00,0x00,0x00,0x00,0x00,
    0x00,0x00,0x00,0x00,0x00,0x00,0x00,0x31,0xe0,0xec,0xc0,0xe4,0xc0,0xe4,0xc0,0xe4,
    0xc0,0xe4,0xc0,0xe4,0xc0,0xe4,0xe0,0xe4,0xe0,0xe4,0xe0,0xe4,0xe0,0xe4,0xe0,0xe4,
    0xe0,0xe4,0xe0,0xe4,0xe0,0xe4,0xa0,0xd4,0xc0,0xd3,0x80,0xf4,0x60,0xec,0x60,0xec,
    0x60,0xec,0x60,0xec,0x60,0xec,0x60,0xec,0x80,0xec,0x80,0xec,0x80,0xec,0x80,0xec,
    0x80,0xec,0x80,0xec,0x80,0xec,0x80,0xec,0x80,0xec,0x80,0xec,0x80,0xec,0x80,0xec,
    0x80,0xec,0x80,0xec,0x80,0xec,0xa0,0xec,0xe0,0x30,0x00,0x00,0x00,0x00,0x00,0x00,
    0x00,0x00,0x00,0x00,0x00,0x00,0x00,0x00,0x00,0x00,0x00,0x00,0x00,0x00,0x00,0x00,
    0x00,0x00,0x00,0x00,0x00,0x00,0x00,0x00,0x00,0x00,0x00,0x00,0x00,0x00,0x00,0x31,
    0xe0,0xec,0xc0,0xe4,0xc0,0xe4,0xc0,0xe4,0xc0,0xe4,0xc0,0xe4,0xc0,0xe4,0xe0,0xe4,
    0xe0,0xe4,0xe0,0xe4,0xe0,0xe4,0xe0,0xe4,0xe0,0xe4,0xe0,0xe4,0xe0,0xe4,0xa0,0xd4,
    0xc0,0xd3,0x80,0xf4,0x60,0xec,0x60,0xec,0x60,0xec,0x60,0xec,0x60,0xec,0x60,0xec,
    0x80,0xec,0x80,0xec,0x80,0xec,0x80,0xec,0x80,0xec,0x80,0xec,0x80,0xec,0x80,0xec,
    0x80,0xec,0x80,0xec,0x80,0xec,0x80,0xec,0x80,0xec,0xa0,0xec,0x80,0xe4,0xc0,0xf4,
    0xe0,0xc3,0x20,0x08,0x00,0x00,0x00,0x00,0x00,0x00,0x00,0x00,0x00,0x00,0x00,0x00,
    0x00,0x00,0x00,0x00,0x00,0x00,0x00,0x00,0x00,0x00,0x00,0x00,0x00,0x00,0x00,0x00,
    0x00,0x00,0x00,0x00,0x00,0x00,0x00,0x31,0xe0,0xec,0xc0,0xe4,0xc0,0xe4,0xc0,0xe4,
    0xc0,0xe4,0xc0,0xe4,0xc0,0xe4,0xe0,0xe4,0xe0,0xe4,0xe0,0xe4,0xe0,0xe4,0xe0,0xe4,
    0xe0,0xe4,0xe0,0xe4,0xe0,0xe4,0xa0,0xd4,0xc0,0xd3,0x80,0xf4,0x60,0xec,0x60,0xec,
    0x60,0xec,0x60,0xec,0x60,0xec,0x60,0xec,0x80,0xec,0x80,0xec,0x80,0xec,0x80,0xec,
    0x80,0xec,0x80,0xec,0x80,0xec,0x80,0xec,0x80,0xec,0x80,0xec,0x80,0xec,0x80,0xec,
    0x80,0xec,0xa0,0xec,0xa0,0xec,0x80,0xe4,0xe0,0xfc,0xa0,0x82,0x00,0x00,0x00,0x00,
    0x00,0x00,0x00,0x00,0x00,0x00,0x00,0x00,0x00,0x00,0x00,0x00,0x00,0x00,0x00,0x00,
    0x00,0x00,0x00,0x00,0x00,0x00,0x00,0x00,0x00,0x00,0x00,0x00,0x00,0x00,0x00,0x31,
    0xe0,0xec,0xc0,0xe4,0xc0,0xe4,0xc0,0xe4,0xc0,0xe4,0xc0,0xe4,0xc0,0xe4,0xe0,0xe4,
    0xe0,0xe4,0xe0,0xe4,0xe0,0xe4,0xe0,0xe4,0xe0,0xe4,0xe0,0xe4,0xe0,0xe4,0xa0,0xd4,
    0xc0,0xd3,0x80,0xf4,0x60,0xec,0x60,0xec,0x60,0xec,0x60,0xec,0x60,0xec,0x60,0xec,
    0x80,0xec,0x80,0xec,0x80,0xec,0x80,0xec,0x80,0xec,0x80,0xec,0x80,0xec,0x80,0xec,
    0x80,0xec,0x80,0xec,0x80,0xec,0x80,0xec,0x80,0xec,0xa0,0xec,0xa0,0xec,0x80,0xec,
    0x80,0xec,0xc0,0xf4,0x40,0x41,0x00,0x00,0x00,0x00,0x00,0x00,0x00,0x00,0x00,0x00,
    0x00,0x00,0x00,0x00,0x00,0x00,0x00,0x00,0x00,0x00,0x00,0x00,0x00,0x00,0x00,0x00,
    0x00,0x00,0x00,0x00,0x00,0x00,0x00,0x31,0xe0,0xec,0xc0,0xe4,0xc0,0xe4,0xc0,0xe4,
    0xc0,0xe4,0xc0,0xe4,0xc0,0xe4,0xe0,0xe4,0xe0,0xe4,0xe0,0xe4,0xe0,0xe4,0xe0,0xe4,
    0xe0,0xe4,0xe0,0xe4,0xe0,0xe4,0xa0,0xd4,0xc0,0xd3,0x80,0xf4,0x60,0xec,0x60,0xec,
    0x60,0xec,0x60,0xec,0x60,0xec,0x60,0xec,0x80,0xec,0x80,0xec,0x80,0xec,0x80,0xec,
    0x80,0xec,0x80,0xec,0x80,0xec,0x80,0xec,0x80,0xec,0x80,0xec,0x80,0xec,0x80,0xec,
    0x80,0xec,0xa0,0xec,0xa0,0xec,0xa0,0xec,0x80,0xec,0xc0,0xf4,0x20,0xd4,0x40,0x08,
    0x00,0x00,0x00,0x00,0x00,0x00,0x00,0x00,0x00,0x00,0x00,0x00,0x00,0x00,0x00,0x00,
    0x00,0x00,0x00,0x00,0x00,0x00,0x00,0x00,0x00,0x00,0x00,0x00,0x00,0x00,0x00,0x31,
    0xe0,0xec,0xc0,0xe4,0xc0,0xe4,0xc0,0xe4,0xc0,0xe4,0xc0,0xe4,0xc0,0xe4,0xe0,0xe4,
    0xe0,0xe4,0xe0,0xe4,0xe0,0xe4,0xe0,0xe4,0xe0,0xe4,0xe0,0xe4,0xe0,0xe4,0xa0,0xd4,
    0xc0,0xd3,0x80,0xf4,0x60,0xec,0x60,0xec,0x60,0xec,0x60,0xec,0x60,0xec,0x60,0xec,
    0x80,0xec,0x80,0xec,0x80,0xec,0x80,0xec,0x80,0xec,0x80,0xec,0x80,0xec,0x80,0xec,
    0x80,0xec,0x80,0xec,0x80,0xec,0x80,0xec,0x80,0xec,0xa0,0xec,0xa0,0xec,0xa0,0xec,
    0xa0,0xec,0x80,0xe4,0xe0,0xfc,0xe0,0x92,0x00,0x00,0x00,0x00,0x00,0x00,0x00,0x00,
    0x00,0x00,0x00,0x00,0x00,0x00,0x00,0x00,0x00,0x00,0x00,0x00,0x00,0x00,0x00,0x00,
    0x00,0x00,0x00,0x00,0x00,0x00,0x00,0x31,0xe0,0xec,0xc0,0xe4,0xc0,0xe4,0xc0,0xe4,
    0xc0,0xe4,0xc0,0xe4,0xc0,0xe4,0xe0,0xe4,0xe0,0xe4,0xe0,0xe4,0xe0,0xe4,0xe0,0xe4,
    0xe0,0xe4,0xe0,0xe4,0xe0,0xe4,0xa0,0xd4,0xc0,0xd3,0x80,0xf4,0x60,0xec,0x60,0xec,
    0x60,0xec,0x60,0xec,0x60,0xec,0x60,0xec,0x80,0xec,0x80,0xec,0x80,0xec,0x80,0xec,
    0x80,0xec,0x80,0xec,0x80,0xec,0x80,0xec,0x80,0xec,0x80,0xec,0x80,0xec,0x80,0xec,
    0x80,0xec,0xa0,0xec,0xa0,0xec,0xa0,0xec,0xa0,0xec,0xa0,0xec,0x80,0xe4,0xe0,0xfc,
    0x80,0x49,0x00,0x00,0x00,0x00,0x00,0x00,0x00,0x00,0x00,0x00,0x00,0x00,0x00,0x00,
    0x00,0x00,0x00,0x00,0x00,0x00,0x00,0x00,0x00,0x00,0x00,0x00,0x00,0x00,0x00,0x31,
    0xe0,0xec,0xc0,0xe4,0xc0,0xe4,0xc0,0xe4,0xc0,0xe4,0xc0,0xe4,0xc0,0xe4,0xe0,0xe4,
    0xe0,0xe4,0xe0,0xe4,0xe0,0xe4,0xe0,0xe4,0xe0,0xe4,0xe0,0xe4,0xe0,0xe4,0xa0,0xd4,
    0xc0,0xd3,0x80,0xf4,0x60,0xec,0x60,0xec,0x60,0xec,0x60,0xec,0x60,0xec,0x60,0xec,
    0x80,0xec,0x80,0xec,0x80,0xec,0x80,0xec,0x80,0xec,0x80,0xec,0x80,0xec,0x80,0xec,
    0x80,0xec,0x80,0xec,0x80,0xec,0x80,0xec,0x80,0xec,0xa0,0xec,0xa0,0xec,0xa0,0xec,
    0xa0,0xec,0xa0,0xec,0x80,0xec,0xc0,0xec,0x60,0xdc,0x60,0x18,0x00,0x00,0x00,0x00,
    0x00,0x00,0x00,0x00,0x00,0x00,0x00,0x00,0x00,0x00,0x00,0x00,0x00,0x00,0x00,0x00,
    0x00,0x00,0x00,0x00,0x00,0x00,0x00,0x31,0xe0,0xec,0xc0,0xe4,0xc0,0xe4,0xc0,0xe4,
    0xc0,0xe4,0xc0,0xe4,0xc0,0xe4,0xe0,0xe4,0xe0,0xe4,0xe0,0xe4,0xe0,0xe4,0xe0,0xe4,
    0xe0,0xe4,0xe0,0xe4,0xe0,0xe4,0xa0,0xd4,0xc0,0xd3,0x80,0xf4,0x60,0xec,0x60,0xec,
    0x60,0xec,0x60,0xec,0x60,0xec,0x60,0xec,0x80,0xec,0x80,0xec,0x80,0xec,0x80,0xec,
    0x80,0xec,0x80,0xec,0x80,0xec,0x80,0xec,0x80,0xec,0x80,0xec,0x80,0xec,0x80,0xec,
    0x80,0xec,0xa0,0xec,0xa0,0xec,0xa0,0xec,0xa0,0xec,0xa0,0xec,0xa0,0xec,0x80,0xe4,
    0xe0,0xfc,0x40,0xa3,0x00,0x00,0x00,0x00,0x00,0x00,0x00,0x00,0x00,0x00,0x00,0x00,
    0x00,0x00,0x00,0x00,0x00,0x00,0x00,0x00,0x00,0x00,0x00,0x00,0x00,0x00,0x00,0x31,
    0xe0,0xec,0xc0,0xe4,0xc0,0xe4,0xc0,0xe4,0xc0,0xe4,0xc0,0xe4,0xc0,0xe4,0xe0,0xe4,
    0xe0,0xe4,0xe0,0xe4,0xe0,0xe4,0xe0,0xe4,0xe0,0xe4,0xe0,0xe4,0xe0,0xe4,0xa0,0xd4,
    0xc0,0xd3,0x80,0xf4,0x60,0xec,0x60,0xec,0x60,0xec,0x60,0xec,0x60,0xec,0x60,0xec,
    0x80,0xec,0x80,0xec,0x80,0xec,0x80,0xec,0x80,0xec,0x80,0xec,0x80,0xec,0x80,0xec,
    0x80,0xec,0x80,0xec,0x80,0xec,0x80,0xec,0x80,0xec,0xa0,0xec,0xa0,0xec,0xa0,0xec,
    0xa0,0xec,0xa0,0xec,0xa0,0xec,0xa0,0xec,0x80,0xe4,0x00,0xfd,0xe0,0x59,0x00,0x00,
    0x00,0x00,0x00,0x00,0x00,0x00,0x00,0x00,0x00,0x00,0x00,0x00,0x00,0x00,0x00,0x00,
    0x00,0x00,0x00,0x00,0x00,0x00,0x00,0x31,0xe0,0xec,0xc0,0xe4,0xc0,0xe4,0xc0,0xe4,
    0xc0,0xe4,0xc0,0xe4,0xc0,0xe4,0xe0,0xe4,0xe0,0xe4,0xe0,0xe4,0xe0,0xe4,0xe0,0xe4,
    0xe0,0xe4,0xe0,0xe4,0xe0,0xe4,0xa0,0xd4,0xc0,0xd3,0x80,0xf4,0x60,0xec,0x60,0xec,
    0x60,0xec,0x60,0xec,0x60,0xec,0x60,0xec,0x80,0xec,0x80,0xec,0x80,0xec,0x80,0xec,
    0x80,0xec,0x80,0xec,0x80,0xec,0x80,0xec,0x80,0xec,0x80,0xec,0x80,0xec,0x80,0xec,
    0x80,0xec,0xa0,0xec,0xa0,0xec,0xa0,0xec,0xa0,0xec,0xa0,0xec,0xa0,0xec,0xa0,0xec,
    0xa0,0xec,0xa0,0xec,0x80,0xe4,0xa0,0x20,0x00,0x00,0x00,0x00,0x00,0x00,0x00,0x00,
    0x00,0x00,0x00,0x00,0x00,0x00,0x00,0x00,0x00,0x00,0x00,0x00,0x00,0x00,0x00,0x31,
    0xe0,0xec,0xc0,0xe4,0xc0,0xe4,0xc0,0xe4,0xc0,0xe4,0xc0,0xe4,0xc0,0xe4,0xe0,0xe4,
    0xe0,0xe4,0xe0,0xe4,0xe0,0xe4,0xe0,0xe4,0xe0,0xe4,0xe0,0xe4,0xe0,0xe4,0xa0,0xd4,
    0xc0,0xd3,0x80,0xf4,0x60,0xec,0x60,0xec,0x60,0xec,0x60,0xec,0x60,0xec,0x60,0xec,
    0x80,0xec,0x80,0xec,0x80,0xec,0x80,0xec,0x80,0xec,0x80,0xec,0x80,0xec,0x80,0xec,
    0x80,0xec,0x80,0xec,0x80,0xec,0x80,0xec,0x80,0xec,0xa0,0xec,0xa0,0xec,0xa0,0xec,
    0xa0,0xec,0xa0,0xec,0xa0,0xec,0xa0,0xec,0xa0,0xec,0x80,0xe4,0xe0,0xf4,0x80,0xb3,
    0x00,0x00,0x00,0x00,0x00,0x00,0x00,0x00,0x00,0x00,0x00,0x00,0x00,0x00,0x00,0x00,
    0x00,0x00,0x00,0x00,0x00,0x00,0x00,0x31,0xe0,0xec,0xc0,0xe4,0xc0,0xe4,0xc0,0xe4,
    0xc0,0xe4,0xc0,0xe4,0xc0,0xe4,0xe0,0xe4,0xe0,0xe4,0xe0,0xe4,0xe0,0xe4,0xe0,0xe4,
    0xe0,0xe4,0xe0,0xe4,0xe0,0xe4,0xa0,0xd4,0xc0,0xd3,0x80,0xf4,0x60,0xec,0x60,0xec,
    0x60,0xec,0x60,0xec,0x60,0xec,0x60,0xec,0x80,0xec,0x80,0xec,0x80,0xec,0x80,0xec,
    0x80,0xec,0x80,0xec,0x80,0xec,0x80,0xec,0xa0,0xf4,0x80,0xec,0x80,0xec,0x80,0xec,
    0x80,0xec,0xa0,0xec,0xa0,0xec,0xa0,0xec,0xa0,0xec,0xa0,0xec,0xa0,0xec,0xa0,0xec,
    0xa0,0xec,0xa0,0xec,0x80,0xe4,0x00,0xfd,0x40,0x72,0x00,0x00,0x00,0x00,0x00,0x00,
    0x00,0x00,0x00,0x00,0x00,0x00,0x00,0x00,0x00,0x00,0x00,0x00,0x00,0x00,0x00,0x31,
    0xe0,0xec,0xc0,0xe4,0xc0,0xe4,0xc0,0xe4,0xc0,0xe4,0xc0,0xe4,0xc0,0xe4,0xe0,0xe4,
    0xe0,0xe4,0xe0,0xe4,0xe0,0xe4,0xe0,0xe4,0xe0,0xe4,0xe0,0xe4,0xe0,0xe4,0xa0,0xd4,
    0xc0,0xd3,0x80,0xf4,0x60,0xec,0x60,0xec,0x60,0xec,0x60,0xec,0x60,0xec,0x60,0xec,
    0x80,0xec,0x80,0xec,0x80,0xec,0x80,0xec,0x80,0xec,0x80,0xec,0x80,0xec,0x80,0xec,
    0x60,0xb3,0xa0,0xf4,0x80,0xec,0x80,0xec,0x80,0xec,0xa0,0xec,0xa0,0xec,0xa0,0xec,
    0xa0,0xec,0xa0,0xec,0xa0,0xec,0xa0,0xec,0xa0,0xec,0xa0,0xec,0xa0,0xec,0xa0,0xec,
    0xc0,0xec,0xe0,0x28,0x00,0x00,0x00,0x00,0x00,0x00,0x00,0x00,0x00,0x00,0x00,0x00,
    0x00,0x00,0x00,0x00,0x00,0x00,0x00,0x31,0xe0,0xec,0xc0,0xe4,0xc0,0xe4,0xc0,0xe4,
    0xc0,0xe4,0xc0,0xe4,0xc0,0xe4,0xe0,0xe4,0xe0,0xe4,0xe0,0xe4,0xe0,0xe4,0xe0,0xe4,
    0xe0,0xe4,0xe0,0xe4,0xe0,0xe4,0xa0,0xd4,0xc0,0xd3,0x80,0xf4,0x60,0xec,0x60,0xec,
    0x60,0xec,0x60,0xec,0x60,0xec,0x60,0xec,0x80,0xec,0x80,0xec,0x80,0xec,0x80,0xec,
    0x80,0xec,0x80,0xec,0x60,0xec,0xc0,0xfc,0x20,0x41,0x20,0xa3,0xe0,0xfc,0x80,0xec,
    0x80,0xec,0xa0,0xec,0xa0,0xec,0xa0,0xec,0xa0,0xec,0xa0,0xec,0xa0,0xec,0xa0,0xec,
    0xa0,0xec,0xa0,0xec,0xa0,0xec,0xa0,0xe4,0xe0,0xf4,0xe0,0xc3,0x20,0x00,0x00,0x00,
    0x00,0x00,0x00,0x00,0x00,0x00,0x00,0x00,0x00,0x00,0x00,0x00,0x00,0x00,0x00,0x31,
    0xe0,0xec,0xc0,0xe4,0xc0,0xe4,0xc0,0xe4,0xc0,0xe4,0xc0,0xe4,0xc0,0xe4,0xe0,0xe4,
    0xe0,0xe4,0xe0,0xe4,0xe0,0xe4,0xe0,0xe4,0xe0,0xe4,0xe0,0xe4,0xe0,0xe4,0xa0,0xd4,
    0xc0,0xd3,0x80,0xf4,0x60,0xec,0x60,0xec,0x60,0xec,0x60,0xec,0x60,0xec,0x60,0xec,
    0x80,0xec,0x80,0xec,0x80,0xec,0x80,0xec,0x80,0xec,0x80,0xec,0x60,0xec,0xc0,0xfc,
    0x20,0x39,0x60,0x18,0x80,0xec,0x80,0xec,0x80,0xec,0xa0,0xec,0xa0,0xec,0xa0,0xec,
    0xa0,0xec,0xa0,0xec,0xa0,0xec,0xa0,0xec,0xa0,0xec,0xa0,0xec,0xa0,0xec,0xa0,0xec,
    0x80,0xe4,0x00,0xfd,0x80,0x82,0x00,0x00,0x00,0x00,0x00,0x00,0x00,0x00,0x00,0x00,
    0x00,0x00,0x00,0x00,0x00,0x00,0x00,0x31,0xe0,0xec,0xc0,0xe4,0xc0,0xe4,0xc0,0xe4,
    0xc0,0xe4,0xc0,0xe4,0xc0,0xe4,0xe0,0xe4,0xe0,0xe4,0xe0,0xe4,0xe0,0xe4,0xe0,0xe4,
    0xe0,0xe4,0xe0,0xe4,0xe0,0xe4,0xa0,0xd4,0xc0,0xd3,0x80,0xf4,0x60,0xec,0x60,0xec,
    0x60,0xec,0x60,0xec,0x60,0xec,0x60,0xec,0x80,0xec,0x80,0xec,0x80,0xec,0x80,0xec,
    0x80,0xec,0x80,0xec,0x60,0xec,0xc0,0xfc,0x60,0x49,0x00,0x00,0xe0,0x61,0xe0,0xfc,
    0x80,0xe4,0xa0,0xec,0xa0,0xec,0xa0,0xec,0xa0,0xec,0xa0,0xec,0xa0,0xec,0xa0,0xec,
    0xa0,0xec,0xa0,0xec,0xa0,0xec,0xa0,0xec,0xa0,0xec,0xa0,0xe4,0xe0,0xf4,0x20,0x39,
    0x00,0x00,0x00,0x00,0x00,0x00,0x00,0x00,0x00,0x00,0x00,0x00,0x00,0x00,0x00,0x31,
    0xe0,0xec,0xc0,0xe4,0xc0,0xe4,0xc0,0xe4,0xc0,0xe4,0xc0,0xe4,0xc0,0xe4,0xe0,0xe4,
    0xe0,0xe4,0xe0,0xe4,0xe0,0xe4,0xe0,0xe4,0xe0,0xe4,0xe0,0xe4,0xe0,0xe4,0xa0,0xd4,
    0xc0,0xd3,0x80,0xf4,0x60,0xec,0x60,0xec,0x60,0xec,0x60,0xec,0x60,0xec,0x60,0xec,
    0x80,0xec,0x80,0xec,0x80,0xec,0x80,0xec,0x80,0xec,0x80,0xec,0x60,0xec,0xc0,0xfc,
    0x40,0x41,0x00,0x00,0x00,0x00,0x20,0xa3,0xe0,0xfc,0x80,0xe4,0xa0,0xec,0xa0,0xec,
    0xa0,0xec,0xa0,0xec,0xa0,0xec,0xa0,0xec,0xa0,0xec,0xa0,0xec,0xa0,0xec,0xa0,0xec,
    0xa0,0xec,0xa0,0xe4,0xc0,0xec,0x20,0xcc,0x40,0x08,0x00,0x00,0x00,0x00,0x00,0x00,
    0x00,0x00,0x00,0x00,0x00,0x00,0x00,0x31,0xe0,0xec,0xc0,0xe4,0xc0,0xe4,0xc0,0xe4,
    0xc0,0xe4,0xc0,0xe4,0xc0,0xe4,0xe0,0xe4,0xe0,0xe4,0xe0,0xe4,0xe0,0xe4,0xe0,0xe4,
    0xe0,0xe4,0xe0,0xe4,0xe0,0xe4,0xa0,0xd4,0xc0,0xd3,0x80,0xf4,0x60,0xec,0x60,0xec,
    0x60,0xec,0x60,0xec,0x60,0xec,0x60,0xec,0x80,0xec,0x80,0xec,0x80,0xec,0x80,0xec,
    0x80,0xec,0x80,0xec,0x60,0xec,0xc0,0xfc,0x40,0x41,0x00,0x00,0x00,0x00,0x60,0x18,
    0x40,0xdc,0xa0,0xec,0x80,0xec,0xa0,0xec,0xa0,0xec,0xa0,0xec,0xa0,0xec,0xa0,0xec,
    0xa0,0xec,0xa0,0xec,0xa0,0xec,0xa0,0xec,0xa0,0xec,0xa0,0xec,0x80,0xe4,0x00,0xfd,
    0xe0,0x92,0x00,0x00,0x00,0x00,0x00,0x00,0x00,0x00,0x00,0x00,0x00,0x00,0x00,0x31,
    0xe0,0xec,0xc0,0xe4,0xc0,0xe4,0xc0,0xe4,0xc0,0xe4,0xc0,0xe4,0xc0,0xe4,0xe0,0xe4,
    0xe0,0xe4,0xe0,0xe4,0xe0,0xe4,0xe0,0xe4,0xe0,0xe4,0xe0,0xe4,0xe0,0xe4,0xa0,0xd4,
    0xc0,0xd3,0x80,0xf4,0x60,0xec,0x60,0xec,0x60,0xec,0x60,0xec,0x60,0xec,0x60,0xec,
    0x80,0xec,0x80,0xec,0x80,0xec,0x80,0xec,0x80,0xec,0x80,0xec,0x60,0xec,0xc0,0xfc,
    0x40,0x41,0x00,0x00,0x20,0x00,0x00,0x00,0x80,0x49,0xe0,0xfc,0x80,0xe4,0xa0,0xec,
    0xa0,0xec,0xa0,0xec,0xa0,0xec,0xa0,0xec,0xa0,0xec,0xa0,0xec,0xa0,0xec,0xa0,0xec,
    0xa0,0xec,0xa0,0xec,0xa0,0xec,0xa0,0xe4,0x00,0xf5,0x80,0x49,0x00,0x00,0x00,0x00,
    0x00,0x00,0x00,0x00,0x00,0x00,0x00,0x31,0xe0,0xec,0xc0,0xe4,0xc0,0xe4,0xc0,0xe4,
    0xc0,0xe4,0xc0,0xe4,0xc0,0xe4,0xe0,0xe4,0xe0,0xe4,0xe0,0xe4,0xe0,0xe4,0xe0,0xe4,
    0xe0,0xe4,0xe0,0xe4,0xe0,0xe4,0xa0,0xd4,0xc0,0xd3,0x80,0xf4,0x60,0xec,0x60,0xec,
    0x60,0xec,0x60,0xec,0x60,0xec,0x60,0xec,0x80,0xec,0x80,0xec,0x80,0xec,0x80,0xec,
    0x80,0xec,0x80,0xec,0x60,0xec,0xc0,0xfc,0x40,0x41,0x00,0x00,0x00,0x00,0x00,0x00,
    0x00,0x00,0xe0,0x92,0xe0,0xfc,0x80,0xe4,0xa0,0xec,0xa0,0xec,0xa0,0xec,0xa0,0xec,
    0xa0,0xec,0xa0,0xec,0xa0,0xec,0xa0,0xec,0xa0,0xec,0xa0,0xec,0xa0,0xec,0xa0,0xe4,
    0xc0,0xec,0x60,0xdc,0x60,0x10,0x00,0x00,0x00,0x00,0x00,0x00,0x00,0x00,0x00,0x31,
    0xe0,0xec,0xc0,0xe4,0xc0,0xe4,0xc0,0xe4,0xc0,0xe4,0xc0,0xe4,0xc0,0xe4,0xe0,0xe4,
    0xe0,0xe4,0xe0,0xe4,0xe0,0xe4,0xe0,0xe4,0xe0,0xe4,0xe0,0xe4,0xe0,0xe4,0xa0,0xd4,
    0xc0,0xd3,0x80,0xf4,0x60,0xec,0x60,0xec,0x60,0xec,0x60,0xec,0x60,0xec,0x60,0xec,
    0x80,0xec,0x80,0xec,0x80,0xec,0x80,0xec,0x80,0xec,0x80,0xec,0x60,0xec,0xc0,0xfc,
    0x40,0x41,0x00,0x00,0x00,0x00,0x00,0x00,0x00,0x00,0x40,0x08,0x00,0xd4,0xa0,0xf4,
    0x80,0xec,0xa0,0xec,0xa0,0xec,0xa0,0xec,0xa0,0xec,0xa0,0xec,0xa0,0xec,0xa0,0xec,
    0xa0,0xec,0xa0,0xec,0xa0,0xec,0xa0,0xec,0xa0,0xe4,0x00,0xfd,0x40,0xa3,0x00,0x00,
    0x00,0x00,0x00,0x00,0x00,0x00,0x00,0x31,0xe0,0xec,0xc0,0xe4,0xc0,0xe4,0xc0,0xe4,
    0xc0,0xe4,0xc0,0xe4,0xc0,0xe4,0xe0,0xe4,0xe0,0xe4,0xe0,0xe4,0xe0,0xe4,0xe0,0xe4,
    0xe0,0xe4,0xe0,0xe4,0xe0,0xe4,0xa0,0xd4,0xc0,0xd3,0x80,0xf4,0x60,0xec,0x60,0xec,
    0x60,0xec,0x60,0xec,0x60,0xec,0x60,0xec,0x80,0xec,0x80,0xec,0x80,0xec,0x80,0xec,
    0x80,0xec,0x80,0xec,0x60,0xec,0xc0,0xfc,0x40,0x41,0x00,0x00,0x00,0x00,0x00,0x00,
    0x00,0x00,0x00,0x00,0x20,0x39,0xc0,0xf4,0x80,0xec,0xa0,0xec,0xa0,0xec,0xa0,0xec,
    0xa0,0xec,0xa0,0xec,0xa0,0xec,0xa0,0xec,0xa0,0xec,0xa0,0xec,0xa0,0xec,0xa0,0xec,
    0xc0,0xec,0xa0,0xe4,0x00,0xfd,0xe0,0x59,0x00,0x00,0x20,0x00,0x00,0x00,0x00,0x31,
    0xe0,0xec,0xc0,0xe4,0xc0,0xe4,0xc0,0xe4,0xc0,0xe4,0xc0,0xe4,0xc0,0xe4,0xe0,0xe4,
    0xe0,0xe4,0xe0,0xe4,0xe0,0xe4,0xe0,0xe4,0xe0,0xe4,0xe0,0xe4,0xe0,0xe4,0xa0,0xd4,
    0xc0,0xd3,0x80,0xf4,0x60,0xec,0x60,0xec,0x60,0xec,0x60,0xec,0x60,0xec,0x60,0xec,
    0x80,0xec,0x80,0xec,0x80,0xec,0x80,0xec,0x80,0xec,0x80,0xec,0x60,0xec,0xc0,0xfc,
    0x40,0x41,0x00,0x00,0x00,0x00,0x00,0x00,0x00,0x00,0x00,0x00,0x00,0x00,0x80,0x82,
    0xe0,0xfc,0x80,0xe4,0xa0,0xec,0xa0,0xec,0xa0,0xec,0xa0,0xec,0xa0,0xec,0xa0,0xec,
    0xa0,0xec,0xa0,0xec,0xa0,0xec,0xa0,0xec,0xc0,0xec,0xa0,0xe4,0xc0,0xec,0xa0,0xe4,
    0xa0,0x20,0x00,0x00,0x00,0x00,0x00,0x31,0xe0,0xec,0xc0,0xe4,0xc0,0xe4,0xc0,0xe4,
    0xc0,0xe4,0xc0,0xe4,0xc0,0xe4,0xe0,0xe4,0xe0,0xe4,0xe0,0xe4,0xe0,0xe4,0xe0,0xe4,
    0xe0,0xe4,0xe0,0xe4,0xe0,0xe4,0xa0,0xd4,0xc0,0xd3,0x80,0xf4,0x60,0xec,0x60,0xec,
    0x60,0xec,0x60,0xec,0x60,0xec,0x60,0xec,0x80,0xec,0x80,0xec,0x80,0xec,0x80,0xec,
    0x80,0xec,0x80,0xec,0x60,0xec,0xc0,0xfc,0x40,0x41,0x00,0x00,0x00,0x00,0x00,0x00,
    0x00,0x00,0x00,0x00,0x00,0x00,0x20,0x08,0xe0,0xc3,0xc0,0xf4,0x80,0xe4,0xa0,0xec,
    0xa0,0xec,0xa0,0xec,0xa0,0xec,0xa0,0xec,0xa0,0xec,0xa0,0xec,0xa0,0xec,0xa0,0xec,
    0xc0,0xec,0xc0,0xec,0xa0,0xe4,0x00,0xf5,0xa0,0xb3,0x00,0x00,0x00,0x00,0x00,0x31,
    0xe0,0xec,0xc0,0xe4,0xc0,0xe4,0xc0,0xe4,0xc0,0xe4,0xc0,0xe4,0xc0,0xe4,0xe0,0xe4,
    0xe0,0xe4,0xe0,0xe4,0xe0,0xe4,0xe0,0xe4,0xe0,0xe4,0xe0,0xe4,0xe0,0xe4,0xa0,0xd4,
    0xc0,0xd3,0x80,0xf4,0x60,0xec,0x60,0xec,0x60,0xec,0x60,0xec,0x60,0xec,0x60,0xec,
    0x80,0xec,0x80,0xec,0x80,0xec,0x80,0xec,0x80,0xec,0x80,0xec,0x60,0xec,0xc0,0xfc,
    0x40,0x41,0x00,0x00,0x00,0x00,0x00,0x00,0x00,0x00,0x00,0x00,0x00,0x00,0x00,0x00,
    0xe0,0x30,0xa0,0xec,0xa0,0xec,0xa0,0xec,0xa0,0xec,0xa0,0xec,0xa0,0xec,0xa0,0xec,
    0xa0,0xec,0xa0,0xec,0xa0,0xec,0xa0,0xec,0xc0,0xec,0xc0,0xec,0xc0,0xec,0xa0,0xe4,
    0x20,0xfd,0x40,0x6a,0x00,0x00,0x20,0x39,0xe0,0xec,0xc0,0xe4,0xc0,0xe4,0xc0,0xe4,
    0xc0,0xe4,0xc0,0xe4,0xc0,0xe4,0xe0,0xe4,0xe0,0xe4,0xe0,0xe4,0xe0,0xe4,0xe0,0xe4,
    0xe0,0xe4,0xe0,0xe4,0xe0,0xe4,0xa0,0xd4,0xc0,0xd3,0x80,0xf4,0x60,0xec,0x60,0xec,
    0x60,0xec,0x60,0xec,0x60,0xec,0x60,0xec,0x80,0xec,0x80,0xec,0x80,0xec,0x80,0xec,
    0x80,0xec,0x80,0xec,0x60,0xec,0xc0,0xfc,0x40,0x41,0x00,0x00,0x00,0x00,0x00,0x00,
    0x00,0x00,0x00,0x00,0x00,0x00,0x00,0x00,0x00,0x00,0x40,0x72,0x00,0xfd,0x80,0xe4,
    0xa0,0xec,0xa0,0xec,0xa0,0xec,0xa0,0xec,0xa0,0xec,0xa0,0xec,0xa0,0xec,0xa0,0xec,
    0xc0,0xec,0xc0,0xec,0xc0,0xec,0xa0,0xe4,0xc0,0xe4,0xe0,0xec,0xa0,0x20,0xc0,0x28,
    0xe0,0xf4,0xc0,0xe4,0xc0,0xe4,0xc0,0xe4,0xc0,0xe4,0xc0,0xe4,0xc0,0xe4,0xe0,0xe4,
    0xe0,0xe4,0xe0,0xe4,0xe0,0xe4,0xe0,0xe4,0xe0,0xe4,0xe0,0xe4,0xe0,0xe4,0xa0,0xd4,
    0xc0,0xd3,0x80,0xf4,0x60,0xec,0x60,0xec,0x60,0xec,0x60,0xec,0x60,0xec,0x60,0xec,
    0x80,0xec,0x80,0xec,0x80,0xec,0x80,0xec,0x80,0xec,0x80,0xec,0x60,0xec,0xc0,0xfc,
    0x40,0x41,0x00,0x00,0x00,0x00,0x00,0x00,0x00,0x00,0x00,0x00,0x00,0x00,0x00,0x00,
    0x00,0x00,0x00,0x00,0x80,0xb3,0xe0,0xf4,0x80,0xe4,0xa0,0xec,0xa0,0xec,0xa0,0xec,
    0xa0,0xec,0xa0,0xec,0xa0,0xec,0xa0,0xec,0xc0,0xec,0xc0,0xec,0xc0,0xec,0xc0,0xec,
    0xa0,0xe4,0x00,0xf5,0xa0,0xb3,0x00,0x31,0xc0,0xec,0xc0,0xe4,0xc0,0xe4,0xc0,0xe4,
    0xc0,0xe4,0xc0,0xe4,0xc0,0xe4,0xe0,0xe4,0xe0,0xe4,0xe0,0xe4,0xe0,0xe4,0xe0,0xe4,
    0xe0,0xe4,0xe0,0xe4,0xe0,0xe4,0xa0,0xd4,0xc0,0xd3,0x80,0xf4,0x60,0xec,0x60,0xec,
    0x60,0xec,0x60,0xec,0x60,0xec,0x60,0xec,0x80,0xec,0x80,0xec,0x80,0xec,0x80,0xec,
    0x80,0xec,0x80,0xec,0x60,0xec,0xc0,0xfc,0x40,0x41,0x00,0x00,0x00,0x00,0x00,0x00,
    0x00,0x00,0x00,0x00,0x00,0x00,0x00,0x00,0x00,0x00,0x00,0x00,0xa0,0x20,0x80,0xe4,
    0xa0,0xec,0xa0,0xec,0xa0,0xec,0xa0,0xec,0xa0,0xec,0xa0,0xec,0xa0,0xec,0xa0,0xec,
    0xc0,0xec,0xc0,0xec,0xc0,0xec,0xc0,0xec,0xc0,0xec,0xa0,0xe4,0xe0,0xec,0xa0,0xb3,
    0xa0,0xe4,0xc0,0xec,0xc0,0xe4,0xc0,0xe4,0xc0,0xe4,0xc0,0xe4,0xc0,0xe4,0xe0,0xe4,
    0xe0,0xe4,0xe0,0xe4,0xe0,0xe4,0xe0,0xe4,0xe0,0xe4,0xe0,0xe4,0xe0,0xe4,0xa0,0xd4,
    0xc0,0xd3,0x80,0xf4,0x60,0xec,0x60,0xec,0x60,0xec,0x60,0xec,0x60,0xec,0x60,0xec,
    0x80,0xec,0x80,0xec,0x80,0xec,0x80,0xec,0x80,0xec,0x80,0xec,0x60,0xec,0xc0,0xfc,
    0x40,0x41,0x00,0x00,0x00,0x00,0x00,0x00,0x00,0x00,0x00,0x00,0x00,0x00,0x00,0x00,
    0x00,0x00,0x00,0x00,0x00,0x00,0xe0,0x61,0x00,0xfd,0xa0,0xe4,0xa0,0xec,0xa0,0xec,
    0xa0,0xec,0xa0,0xec,0xa0,0xec,0xa0,0xec,0xc0,0xec,0xc0,0xec,0xc0,0xec,0xc0,0xec,
    0xc0,0xec,0xc0,0xec,0xa0,0xe4,0xe0,0xec,0xc0,0xec,0xc0,0xe4,0xc0,0xe4,0xc0,0xe4,
    0xc0,0xe4,0xc0,0xe4,0xc0,0xe4,0xe0,0xe4,0xe0,0xe4,0xe0,0xe4,0xe0,0xe4,0xe0,0xe4,
    0xe0,0xe4,0xe0,0xe4,0xe0,0xe4,0xa0,0xd4,0xc0,0xd3,0x80,0xf4,0x60,0xec,0x60,0xec,
    0x60,0xec,0x60,0xec,0x60,0xec,0x60,0xec,0x80,0xec,0x80,0xec,0x80,0xec,0x80,0xec,
    0x80,0xec,0x80,0xec,0x60,0xec,0xc0,0xfc,0x40,0x41,0x00,0x00,0x00,0x00,0x00,0x00,
    0x00,0x00,0x00,0x00,0x00,0x00,0x00,0x00,0x00,0x00,0x00,0x00,0x00,0x00,0x00,0x00,
    0x40,0xa3,0xe0,0xfc,0x80,0xe4,0xa0,0xec,0xa0,0xec,0xa0,0xec,0xa0,0xec,0xa0,0xec,
    0xc0,0xec,0xc0,0xec,0xc0,0xec,0xc0,0xec,0xc0,0xec,0xc0,0xec,0xc0,0xec,0xc0,0xe4,
    0xc0,0xec,0xc0,0xe4,0xc0,0xe4,0xc0,0xe4,0xc0,0xe4,0xc0,0xe4,0xc0,0xe4,0xe0,0xe4,
    0xe0,0xe4,0xe0,0xe4,0xe0,0xe4,0xe0,0xe4,0xe0,0xe4,0xe0,0xe4,0xe0,0xe4,0xa0,0xd4,
    0xc0,0xd3,0x80,0xf4,0x60,0xec,0x60,0xec,0x60,0xec,0x60,0xec,0x60,0xec,0x60,0xec,
    0x80,0xec,0x80,0xec,0x80,0xec,0x80,0xec,0x80,0xec,0x80,0xec,0x60,0xec,0xc0,0xfc,
    0x40,0x41,0x00,0x00,0x00,0x00,0x00,0x00,0x00,0x00,0x00,0x00,0x00,0x00,0x00,0x00,
    0x00,0x00,0x00,0x00,0x00,0x00,0x00,0x00,0x80,0x18,0x60,0xdc,0xc0,0xec,0xa0,0xe4,
    0xa0,0xec,0xa0,0xec,0xa0,0xec,0xa0,0xec,0xc0,0xec,0xc0,0xec,0xc0,0xec,0xc0,0xec,
    0xc0,0xec,0xc0,0xec,0xc0,0xec,0xc0,0xec,0xc0,0xec,0xc0,0xe4,0xc0,0xe4,0xc0,0xe4,
    0xc0,0xe4,0xc0,0xe4,0xc0,0xe4,0xe0,0xe4,0xe0,0xe4,0xe0,0xe4,0xe0,0xe4,0xe0,0xe4,
    0xe0,0xe4,0xe0,0xe4,0xe0,0xe4,0xa0,0xd4,0xc0,0xd3,0x80,0xf4,0x60,0xec,0x60,0xec,
    0x60,0xec,0x60,0xec,0x60,0xec,0x60,0xec,0x80,0xec,0x80,0xec,0x80,0xec,0x80,0xec,
    0x80,0xec,0x80,0xec,0x60,0xec,0xc0,0xfc,0x40,0x41,0x00,0x00,0x00,0x00,0x00,0x00,
    0x00,0x00,0x00,0x00,0x00,0x00,0x00,0x00,0x00,0x00,0x00,0x00,0x00,0x00,0x00,0x00,
    0x00,0x00,0x80,0x51,0xe0,0xfc,0xa0,0xe4,0xa0,0xec,0xa0,0xec,0xa0,0xec,0xa0,0xec,
    0xc0,0xec,0xc0,0xec,0xc0,0xec,0xc0,0xec,0xc0,0xec,0xc0,0xec,0xc0,0xec,0xc0,0xec,
    0xc0,0xec,0xc0,0xe4,0xc0,0xe4,0xc0,0xe4,0xc0,0xe4,0xc0,0xe4,0xc0,0xe4,0xe0,0xe4,
    0xe0,0xe4,0xe0,0xe4,0xe0,0xe4,0xe0,0xe4,0xe0,0xe4,0xe0,0xe4,0xe0,0xe4,0xa0,0xd4,
    0xc0,0xd3,0x80,0xf4,0x60,0xec,0x60,0xec,0x60,0xec,0x60,0xec,0x60,0xec,0x60,0xec,
    0x80,0xec,0x80,0xec,0x80,0xec,0x80,0xec,0x80,0xec,0x80,0xec,0x60,0xec,0xc0,0xfc,
    0x40,0x41,0x00,0x00,0x00,0x00,0x00,0x00,0x00,0x00,0x00,0x00,0x00,0x00,0x00,0x00,
    0x00,0x00,0x00,0x00,0x00,0x00,0x00,0x00,0x00,0x00,0x00,0x00,0x00,0x93,0x00,0xfd,
    0xa0,0xe4,0xa0,0xec,0xa0,0xec,0xa0,0xec,0xc0,0xec,0xc0,0xec,0xc0,0xec,0xc0,0xec,
    0xc0,0xec,0xc0,0xec,0xc0,0xec,0xc0,0xec,0xc0,0xec,0xc0,0xe4,0xc0,0xe4,0xc0,0xe4,
    0xc0,0xe4,0xc0,0xe4,0xc0,0xe4,0xe0,0xe4,0xe0,0xe4,0xe0,0xe4,0xe0,0xe4,0xe0,0xe4,
    0xe0,0xe4,0xe0,0xe4,0xe0,0xe4,0xa0,0xd4,0xc0,0xd3,0x80,0xf4,0x60,0xec,0x60,0xec,
    0x60,0xec,0x60,0xec,0x60,0xec,0x60,0xec,0x80,0xec,0x80,0xec,0x80,0xec,0x80,0xec,
    0x80,0xec,0x80,0xec,0x60,0xec,0xc0,0xfc,0x40,0x41,0x00,0x00,0x00,0x00,0x00,0x00,
    0x00,0x00,0x00,0x00,0x00,0x00,0x00,0x00,0x00,0x00,0x00,0x00,0x00,0x00,0x00,0x00,
    0x00,0x00,0x00,0x00,0x40,0x10,0x20,0xd4,0xc0,0xf4,0xa0,0xe4,0xa0,0xec,0xa0,0xec,
    0xc0,0xec,0xc0,0xec,0xc0,0xec,0xc0,0xec,0xc0,0xec,0xc0,0xec,0xc0,0xec,0xc0,0xec,
    0xc0,0xec,0xc0,0xe4,0xc0,0xe4,0xc0,0xe4,0xc0,0xe4,0xc0,0xe4,0xc0,0xe4,0xe0,0xe4,
    0xe0,0xe4,0xe0,0xe4,0xe0,0xe4,0xe0,0xe4,0xe0,0xe4,0xe0,0xe4,0xe0,0xe4,0xa0,0xd4,
    0xc0,0xd3,0x80,0xf4,0x60,0xec,0x60,0xec,0x60,0xec,0x60,0xec,0x60,0xec,0x60,0xec,
    0x80,0xec,0x80,0xec,0x80,0xec,0x80,0xec,0x80,0xec,0x80,0xec,0x60,0xec,0xc0,0xfc,
    0x40,0x41,0x00,0x00,0x00,0x00,0x00,0x00,0x00,0x00,0x00,0x00,0x00,0x00,0x00,0x00,
    0x00,0x00,0x00,0x00,0x00,0x00,0x00,0x00,0x00,0x00,0x00,0x00,0x00,0x00,0x40,0x41,
    0xe0,0xf4,0xa0,0xe4,0xa0,0xec,0xa0,0xec,0xc0,0xec,0xc0,0xec,0xc0,0xec,0xc0,0xec,
    0xc0,0xec,0xc0,0xec,0xc0,0xec,0xc0,0xec,0xc0,0xec,0xc0,0xe4,0xc0,0xe4,0xc0,0xe4,
    0xc0,0xe4,0xc0,0xe4,0xc0,0xe4,0xe0,0xe4,0xe0,0xe4,0xe0,0xe4,0xe0,0xe4,0xe0,0xe4,
    0xe0,0xe4,0xe0,0xe4,0xe0,0xe4,0xa0,0xd4,0xc0,0xd3,0x80,0xf4,0x60,0xec,0x60,0xec,
    0x60,0xec,0x60,0xec,0x60,0xec,0x60,0xec,0x80,0xec,0x80,0xec,0x80,0xec,0x80,0xec,
    0x80,0xec,0x80,0xec,0x60,0xec,0xc0,0xfc,0x40,0x41,0x00,0x00,0x00,0x00,0x00,0x00,
    0x00,0x00,0x00,0x00,0x00,0x00,0x00,0x00,0x00,0x00,0x00,0x00,0x00,0x00,0x00,0x00,
    0x00,0x00,0x00,0x00,0x00,0x00,0x00,0x00,0xa0,0x82,0x00,0xfd,0xa0,0xe4,0xa0,0xec,
    0xc0,0xec,0xc0,0xec,0xc0,0xec,0xc0,0xec,0xc0,0xec,0xc0,0xec,0xc0,0xec,0xc0,0xec,
    0xc0,0xec,0xc0,0xe4,0xc0,0xe4,0xc0,0xe4,0xc0,0xe4,0xc0,0xe4,0xc0,0xe4,0xe0,0xe4,
    0xe0,0xe4,0xe0,0xe4,0xe0,0xe4,0xe0,0xe4,0xe0,0xe4,0xe0,0xe4,0xe0,0xe4,0xa0,0xd4,
    0xc0,0xd3,0x80,0xf4,0x60,0xec,0x60,0xec,0x60,0xec,0x60,0xec,0x60,0xec,0x60,0xec,
    0x80,0xec,0x80,0xec,0x80,0xec,0x80,0xec,0x80,0xec,0x80,0xec,0x60,0xec,0xc0,0xfc,
    0x40,0x41,0x00,0x00,0x00,0x00,0x00,0x00,0x00,0x00,0x00,0x00,0x00,0x00,0x00,0x00,
    0x00,0x00,0x00,0x00,0x00,0x00,0x00,0x00,0x00,0x00,0x00,0x00,0x00,0x00,0x00,0x00,
    0x20,0x08,0x00,0xc4,0xe0,0xf4,0xa0,0xe4,0xc0,0xec,0xc0,0xec,0xc0,0xec,0xc0,0xec,
    0xc0,0xec,0xc0,0xec,0xc0,0xec,0xc0,0xec,0xc0,0xec,0xc0,0xe4,0xc0,0xe4,0xc0,0xe4,
    0xc0,0xe4,0xc0,0xe4,0xc0,0xe4,0xe0,0xe4,0xe0,0xe4,0xe0,0xe4,0xe0,0xe4,0xe0,0xe4,
    0xe0,0xe4,0xe0,0xe4,0xe0,0xe4,0xa0,0xd4,0xc0,0xd3,0x80,0xf4,0x60,0xec,0x60,0xec,
    0x60,0xec,0x60,0xec,0x60,0xec,0x60,0xec,0x80,0xec,0x80,0xec,0x80,0xec,0x80,0xec,
    0x80,0xec,0x80,0xec,0x60,0xec,0xc0,0xfc,0x40,0x41,0x00,0x00,0x00,0x00,0x00,0x00,
    0x00,0x00,0x00,0x00,0x00,0x00,0x00,0x00,0x00,0x00,0x00,0x00,0x00,0x00,0x00,0x00,
    0x00,0x00,0x00,0x00,0x00,0x00,0x00,0x00,0x00,0x00,0x00,0x31,0xc0,0xec,0xa0,0xec,
    0xa0,0xe4,0xc0,0xec,0xc0,0xec,0xc0,0xec,0xc0,0xec,0xc0,0xec,0xc0,0xec,0xc0,0xec,
    0xc0,0xec,0xc0,0xe4,0xc0,0xe4,0xc0,0xe4,0xc0,0xe4,0xc0,0xe4,0xc0,0xe4,0xe0,0xe4,
    0xe0,0xe4,0xe0,0xe4,0xe0,0xe4,0xe0,0xe4,0xe0,0xe4,0xe0,0xe4,0xe0,0xe4,0xa0,0xd4,
    0xc0,0xd3,0x80,0xf4,0x60,0xec,0x60,0xec,0x60,0xec,0x60,0xec,0x60,0xec,0x60,0xec,
    0x80,0xec,0x80,0xec,0x80,0xec,0x80,0xec,0x80,0xec,0x80,0xec,0x60,0xec,0xc0,0xfc,
    0x40,0x41,0x00,0x00,0x00,0x00,0x00,0x00,0x00,0x00,0x00,0x00,0x00,0x00,0x00,0x00,
    0x00,0x00,0x00,0x00,0x00,0x00,0x00,0x00,0x00,0x00,0x00,0x00,0x00,0x00,0x00,0x00,
    0x00,0x00,0x00,0x00,0x40,0x72,0x00,0xfd,0xa0,0xe4,0xc0,0xec,0xc0,0xec,0xc0,0xec,
    0xc0,0xec,0xc0,0xec,0xc0,0xec,0xc0,0xec,0xc0,0xec,0xc0,0xe4,0xc0,0xe4,0xc0,0xe4,
    0xc0,0xe4,0xc0,0xe4,0xc0,0xe4,0xe0,0xe4,0xe0,0xe4,0xe0,0xe4,0xe0,0xe4,0xe0,0xe4,
    0xe0,0xe4,0xe0,0xe4,0xe0,0xe4,0xa0,0xd4,0xc0,0xd3,0x80,0xf4,0x60,0xec,0x60,0xec,
    0x60,0xec,0x60,0xec,0x60,0xec,0x60,0xec,0x80,0xec,0x80,0xec,0x80,0xec,0x80,0xec,
    0x80,0xec,0x80,0xec,0x60,0xec,0xc0,0xfc,0x40,0x41,0x00,0x00,0x00,0x00,0x00,0x00,
    0x00,0x00,0x00,0x00,0x00,0x00,0x00,0x00,0x00,0x00,0x00,0x00,0x00,0x00,0x00,0x00,
    0x00,0x00,0x00,0x00,0x00,0x00,0x00,0x00,0x00,0x00,0x00,0x00,0x00,0x00,0xa0,0xb3,
    0x00,0xf5,0xa0,0xe4,0xc0,0xec,0xc0,0xec,0xc0,0xec,0xc0,0xec,0xc0,0xec,0xc0,0xec,
    0xc0,0xec,0xc0,0xe4,0xc0,0xe4,0xc0,0xe4,0xc0,0xe4,0xc0,0xe4,0xc0,0xe4,0xe0,0xe4,
    0xe0,0xe4,0xe0,0xe4,0xe0,0xe4,0xe0,0xe4,0xe0,0xe4,0xe0,0xe4,0xe0,0xe4,0xa0,0xd4,
    0xc0,0xd3,0x80,0xf4,0x60,0xec,0x60,0xec,0x60,0xec,0x60,0xec,0x60,0xec,0x60,0xec,
    0x80,0xec,0x80,0xec,0x80,0xec,0x80,0xec,0x80,0xec,0x80,0xec,0x60,0xec,0xc0,0xfc,
    0x40,0x41,0x00,0x00,0x00,0x00,0x00,0x00,0x00,0x00,0x00,0x00,0x00,0x00,0x00,0x00,
    0x00,0x00,0x00,0x00,0x00,0x00,0x00,0x00,0x00,0x00,0x00,0x00,0x00,0x00,0x00,0x00,
    0x00,0x00,0x00,0x00,0x00,0x00,0xc0,0x20,0xa0,0xe4,0xc0,0xec,0xa0,0xe4,0xc0,0xec,
    0xc0,0xec,0xc0,0xec,0xc0,0xec,0xc0,0xec,0xc0,0xec,0xc0,0xe4,0xc0,0xe4,0xc0,0xe4,
    0xc0,0xe4,0xc0,0xe4,0xc0,0xe4,0xe0,0xe4,0xe0,0xe4,0xe0,0xe4,0xe0,0xe4,0xe0,0xe4,
    0xe0,0xe4,0xe0,0xe4,0xe0,0xe4,0xa0,0xd4,0xc0,0xd3,0x80,0xf4,0x60,0xec,0x60,0xec,
    0x60,0xec,0x60,0xec,0x60,0xec,0x60,0xec,0x80,0xec,0x80,0xec,0x80,0xec,0x80,0xec,
    0x80,0xec,0x80,0xec,0x60,0xec,0xc0,0xfc,0x40,0x41,0x00,0x00,0x00,0x00,0x00,0x00,
    0x00,0x00,0x00,0x00,0x00,0x00,0x00,0x00,0x00,0x00,0x00,0x00,0x00,0x00,0x00,0x00,
    0x00,0x00,0x00,0x00,0x00,0x00,0x00,0x00,0x00,0x00,0x00,0x00,0x00,0x00,0x00,0x00,
    0x00,0x62,0x00,0xfd,0xa0,0xe4,0xc0,0xec,0xc0,0xec,0xc0,0xec,0xc0,0xec,0xc0,0xec,
    0xc0,0xec,0xc0,0xe4,0xc0,0xe4,0xc0,0xe4,0xc0,0xe4,0xc0,0xe4,0xc0,0xe4,0xe0,0xe4,
    0xe0,0xe4,0xe0,0xe4,0xe0,0xe4,0xe0,0xe4,0xe0,0xe4,0xe0,0xe4,0xe0,0xe4,0xa0,0xd4,
    0xc0,0xd3,0x80,0xf4,0x60,0xec,0x60,0xec,0x60,0xec,0x60,0xec,0x60,0xec,0x60,0xec,
    0x80,0xec,0x80,0xec,0x80,0xec,0x80,0xec,0x80,0xec,0x80,0xec,0x60,0xec,0xc0,0xfc,
    0x40,0x41,0x00,0x00,0x00,0x00,0x00,0x00,0x00,0x00,0x00,0x00,0x00,0x00,0x00,0x00,
    0x00,0x00,0x00,0x00,0x00,0x00,0x00,0x00,0x00,0x00,0x00,0x00,0x00,0x00,0x00,0x00,
    0x00,0x00,0x00,0x00,0x00,0x00,0x00,0x00,0x00,0x00,0x60,0xa3,0x00,0xf5,0xa0,0xe4,
    0xc0,0xec,0xc0,0xec,0xc0,0xec,0xc0,0xec,0xc0,0xec,0xc0,0xe4,0xc0,0xe4,0xc0,0xe4,
    0xc0,0xe4,0xc0,0xe4,0xc0,0xe4,0xe0,0xe4,0xe0,0xe4,0xe0,0xe4,0xe0,0xe4,0xe0,0xe4,
    0xe0,0xe4,0xe0,0xe4,0xe0,0xe4,0xa0,0xd4,0xc0,0xd3,0x80,0xf4,0x60,0xec,0x60,0xec,
    0x60,0xec,0x60,0xec,0x60,0xec,0x60,0xec,0x80,0xec,0x80,0xec,0x80,0xec,0x80,0xec,
    0x80,0xec,0x80,0xec,0x60,0xec,0xc0,0xfc,0x40,0x41,0x00,0x00,0x00,0x00,0x00,0x00,
    0x00,0x00,0x00,0x00,0x00,0x00,0x00,0x00,0x00,0x00,0x00,0x00,0x00,0x00,0x00,0x00,
    0x00,0x00,0x00,0x00,0x00,0x00,0x00,0x00,0x00,0x00,0x00,0x00,0x00,0x00,0x00,0x00,
    0x00,0x00,0x80,0x18,0x80,0xdc,0xc0,0xec,0xc0,0xe4,0xc0,0xec,0xc0,0xec,0xc0,0xec,
    0xc0,0xec,0xc0,0xe4,0xc0,0xe4,0xc0,0xe4,0xc0,0xe4,0xc0,0xe4,0xc0,0xe4,0xe0,0xe4,
    0xe0,0xe4,0xe0,0xe4,0xe0,0xe4,0xe0,0xe4,0xe0,0xe4,0xe0,0xe4,0xe0,0xe4,0xa0,0xd4,
    0xc0,0xd3,0x80,0xf4,0x60,0xec,0x60,0xec,0x60,0xec,0x60,0xec,0x60,0xec,0x60,0xec,
    0x80,0xec,0x80,0xec,0x80,0xec,0x80,0xec,0x80,0xec,0x80,0xec,0x60,0xec,0xc0,0xfc,
    0x40,0x41,0x00,0x00,0x00,0x00,0x00,0x00,0x00,0x00,0x00,0x00,0x00,0x00,0x00,0x00,
    0x00,0x00,0x00,0x00,0x00,0x00,0x00,0x00,0x00,0x00,0x00,0x00,0x00,0x00,0x00,0x00,
    0x00,0x00,0x00,0x00,0x00,0x00,0x00,0x00,0x00,0x00,0x00,0x00,0xa0,0x51,0x00,0xf5,
    0xa0,0xe4,0xc0,0xec,0xc0,0xec,0xc0,0xec,0xc0,0xec,0xc0,0xe4,0xc0,0xe4,0xc0,0xe4,
    0xc0,0xe4,0xc0,0xe4,0xc0,0xe4,0xe0,0xe4,0xe0,0xe4,0xe0,0xe4,0xe0,0xe4,0xe0,0xe4,
    0xe0,0xe4,0xe0,0xe4,0xe0,0xe4,0xa0,0xd4,0xc0,0xd3,0x80,0xf4,0x60,0xec,0x60,0xec,
    0x60,0xec,0x60,0xec,0x60,0xec,0x60,0xec,0x80,0xec,0x80,0xec,0x80,0xec,0x80,0xec,
    0x80,0xec,0x80,0xec,0x60,0xec,0xc0,0xfc,0x40,0x41,0x00,0x00,0x00,0x00,0x00,0x00,
    0x00,0x00,0x00,0x00,0x00,0x00,0x00,0x00,0x00,0x00,0x00,0x00,0x00,0x00,0x00,0x00,
    0x00,0x00,0x00,0x00,0x00,0x00,0x00,0x00,0x00,0x00,0x00,0x00,0x00,0x00,0x00,0x00,
    0x00,0x00,0x00,0x00,0x00,0x00,0x00,0x93,0x00,0xfd,0xa0,0xe4,0xc0,0xec,0xc0,0xec,
    0xc0,0xec,0xc0,0xe4,0xc0,0xe4,0xc0,0xe4,0xc0,0xe4,0xc0,0xe4,0xc0,0xe4,0xe0,0xe4,
    0xe0,0xe4,0xe0,0xe4,0xe0,0xe4,0xe0,0xe4,0xe0,0xe4,0xe0,0xe4,0xe0,0xe4,0xa0,0xd4,
    0xc0,0xd3,0x80,0xf4,0x60,0xec,0x60,0xec,0x60,0xec,0x60,0xec,0x60,0xec,0x60,0xec,
    0x80,0xec,0x80,0xec,0x80,0xec,0x80,0xec,0x80,0xec,0x80,0xec,0x60,0xec,0xc0,0xfc,
    0x40,0x41,0x00,0x00,0x00,0x00,0x00,0x00,0x00,0x00,0x00,0x00,0x00,0x00,0x00,0x00,
    0x00,0x00,0x00,0x00,0x00,0x00,0x00,0x00,0x00,0x00,0x00,0x00,0x00,0x00,0x00,0x00,
    0x00,0x00,0x00,0x00,0x00,0x00,0x00,0x00,0x00,0x00,0x00,0x00,0x00,0x00,0x40,0x10,
    0x40,0xd4,0xe0,0xec,0xc0,0xe4,0xc0,0xec,0xc0,0xec,0xc0,0xe4,0xc0,0xe4,0xc0,0xe4,
    0xc0,0xe4,0xc0,0xe4,0xc0,0xe4,0xe0,0xe4,0xe0,0xe4,0xe0,0xe4,0xe0,0xe4,0xe0,0xe4,
    0xe0,0xe4,0xe0,0xe4,0xe0,0xe4,0xa0,0xd4,0xc0,0xd3,0x80,0xf4,0x60,0xec,0x60,0xec,
    0x60,0xec,0x60,0xec,0x60,0xec,0x60,0xec,0x80,0xec,0x80,0xec,0x80,0xec,0x80,0xec,
    0x80,0xec,0x80,0xec,0x60,0xec,0xc0,0xfc,0x40,0x41,0x00,0x00,0x00,0x00,0x00,0x00,
    0x00,0x00,0x00,0x00,0x00,0x00,0x00,0x00,0x00,0x00,0x00,0x00,0x00,0x00,0x00,0x00,
    0x00,0x00,0x00,0x00,0x00,0x00,0x00,0x00,0x00,0x00,0x00,0x00,0x00,0x00,0x00,0x00,
    0x00,0x00,0x00,0x00,0x00,0x00,0x00,0x00,0x60,0x41,0x00,0xf5,0xc0,0xe4,0xc0,0xec,
    0xc0,0xec,0xc0,0xe4,0xc0,0xe4,0xc0,0xe4,0xc0,0xe4,0xc0,0xe4,0xc0,0xe4,0xe0,0xe4,
    0xe0,0xe4,0xe0,0xe4,0xe0,0xe4,0xe0,0xe4,0xe0,0xe4,0xe0,0xe4,0xe0,0xe4,0xa0,0xd4,
    0xc0,0xd3,0x80,0xf4,0x60,0xec,0x60,0xec,0x60,0xec,0x60,0xec,0x60,0xec,0x60,0xec,
    0x80,0xec,0x80,0xec,0x80,0xec,0x80,0xec,0x80,0xec,0x80,0xec,0x60,0xec,0xc0,0xfc,
    0x40,0x41,0x00,0x00,0x00,0x00,0x00,0x00,0x00,0x00,0x00,0x00,0x00,0x00,0x00,0x00,
    0x00,0x00,0x00,0x00,0x00,0x00,0x00,0x00,0x00,0x00,0x00,0x00,0x00,0x00,0x00,0x00,
    0x00,0x00,0x00,0x00,0x00,0x00,0x00,0x00,0x00,0x00,0x00,0x00,0x00,0x00,0x00,0x00,
    0x00,0x00,0xc0,0x82,0x20,0xfd,0xa0,0xe4,0xc0,0xec,0xc0,0xe4,0xc0,0xe4,0xc0,0xe4,
    0xc0,0xe4,0xc0,0xe4,0xc0,0xe4,0xe0,0xe4,0xe0,0xe4,0xe0,0xe4,0xe0,0xe4,0xe0,0xe4,
    0xe0,0xe4,0xe0,0xe4,0xe0,0xe4,0xa0,0xd4,0xc0,0xd3,0x80,0xf4,0x60,0xec,0x60,0xec,
    0x60,0xec,0x60,0xec,0x60,0xec,0x60,0xec,0x80,0xec,0x80,0xec,0x80,0xec,0x80,0xec,
    0x80,0xec,0x80,0xec,0x60,0xec,0xc0,0xfc,0x40,0x41,0x00,0x00,0x00,0x00,0x00,0x00,
    0x00,0x00,0x00,0x00,0x00,0x00,0x00,0x00,0x00,0x00,0x00,0x00,0x00,0x00,0x00,0x00,
    0x00,0x00,0x00,0x00,0x00,0x00,0x00,0x00,0x00,0x00,0x00,0x00,0x00,0x00,0x00,0x00,
    0x00,0x00,0x00,0x00,0x00,0x00,0x00,0x00,0x00,0x00,0x20,0x08,0x00,0xc4,0x00,0xf5,
    0xc0,0xe4,0xc0,0xe4,0xc0,0xe4,0xc0,0xe4,0xc0,0xe4,0xc0,0xe4,0xc0,0xe4,0xe0,0xe4,
    0xe0,0xe4,0xe0,0xe4,0xe0,0xe4,0xe0,0xe4,0xe0,0xe4,0xe0,0xe4,0xe0,0xe4,0xa0,0xd4,
    0xc0,0xd3,0x80,0xf4,0x60,0xec,0x60,0xec,0x60,0xec,0x60,0xec,0x60,0xec,0x60,0xec,
    0x80,0xec,0x80,0xec,0x80,0xec,0x80,0xec,0x80,0xec,0x80,0xec,0x60,0xec,0xc0,0xfc,
    0x40,0x41,0x00,0x00,0x00,0x00,0x00,0x00,0x00,0x00,0x00,0x00,0x00,0x00,0x00,0x00,
    0x00,0x00,0x00,0x00,0x00,0x00,0x00,0x00,0x00,0x00,0x00,0x00,0x00,0x00,0x00,0x00,
    0x00,0x00,0x00,0x00,0x00,0x00,0x00,0x00,0x00,0x00,0x00,0x00,0x00,0x00,0x00,0x00,
    0x00,0x00,0x00,0x00,0x00,0x31,0xe0,0xec,0xc0,0xe4,0xc0,0xe4,0xc0,0xe4,0xc0,0xe4,
    0xc0,0xe4,0xc0,0xe4,0xc0,0xe4,0xe0,0xe4,0xe0,0xe4,0xe0,0xe4,0xe0,0xe4,0xe0,0xe4,
    0xe0,0xe4,0xe0,0xe4,0xe0,0xe4,0xa0,0xd4,0xc0,0xcb,0x60,0xf4,0x60,0xec,0x60,0xec,
    0x60,0xec,0x60,0xec,0x60,0xec,0x60,0xec,0x60,0xec,0x60,0xec,0x60,0xec,0x60,0xec,
    0x60,0xec,0x60,0xec,0x60,0xec,0xc0,0xf4,0x40,0x41,0x00,0x00,0x00,0x00,0x00,0x00,
    0x00,0x00,0x00,0x00,0x00,0x00,0x00,0x00,0x00,0x00,0x00,0x00,0x00,0x00,0x00,0x00,
    0x00,0x00,0x00,0x00,0x00,0x00,0x00,0x00,0x00,0x00,0x00,0x00,0x00,0x00,0x00,0x00,
    0x00,0x00,0x00,0x00,0x00,0x00,0x00,0x00,0x00,0x00,0x00,0x00,0x00,0x00,0x60,0x72,
    0x20,0xfd,0xa0,0xe4,0xc0,0xe4,0xc0,0xe4,0xc0,0xe4,0xc0,0xe4,0xc0,0xe4,0xc0,0xe4,
    0xc0,0xe4,0xc0,0xe4,0xc0,0xe4,0xc0,0xe4,0xc0,0xe4,0xe0,0xe4,0xe0,0xe4,0xa0,0xd4,
    0xe0,0xd3,0xa0,0xfc,0x80,0xf4,0x80,0xf4,0x80,0xf4,0x80,0xf4,0x80,0xf4,0x80,0xf4,
    0xa0,0xf4,0xa0,0xf4,0xa0,0xf4,0xa0,0xf4,0xa0,0xf4,0xa0,0xf4,0xa0,0xf4,0xe0,0xfc,
    0x60,0x41,0x00,0x00,0x00,0x00,0x00,0x00,0x00,0x00,0x00,0x00,0x00,0x00,0x00,0x00,
    0x00,0x00,0x00,0x00,0x00,0x00,0x00,0x00,0x00,0x00,0x00,0x00,0x00,0x00,0x00,0x00,
    0x00,0x00,0x00,0x00,0x00,0x00,0x00,0x00,0x00,0x00,0x00,0x00,0x00,0x00,0x00,0x00,
    0x00,0x00,0x00,0x00,0x00,0x00,0x00,0x00,0xc0,0xb3,0x20,0xf5,0xe0,0xec,0xe0,0xec,
    0xe0,0xec,0xe0,0xec,0xe0,0xec,0x00,0xed,0x00,0xed,0x00,0xed,0x00,0xed,0x00,0xed,
    0x00,0xed,0x00,0xed,0x00,0xed,0xc0,0xdc,0x40,0xb3,0xe0,0xd3,0xc0,0xcb,0xc0,0xcb,
    0xc0,0xcb,0xc0,0xcb,0xc0,0xcb,0xc0,0xcb,0xc0,0xcb,0xc0,0xcb,0xc0,0xcb,0xe0,0xcb,
    0xe0,0xcb,0xe0,0xcb,0xc0,0xcb,0x00,0xd4,0x20,0x39,0x00,0x00,0x00,0x00,0x00,0x00,
    0x00,0x00,0x00,0x00,0x00,0x00,0x00,0x00,0x00,0x00,0x00,0x00,0x00,0x00,0x00,0x00,
    0x00,0x00,0x00,0x00,0x00,0x00,0x00,0x00,0x00,0x00,0x00,0x00,0x00,0x00,0x00,0x00,
    0x00,0x00,0x00,0x00,0x00,0x00,0x00,0x00,0x00,0x00,0x00,0x00,0x00,0x00,0x00,0x00,
    0xe0,0x28,0x20,0xcc,0x20,0xc4,0x20,0xc4,0x20,0xc4,0x20,0xc4,0x20,0xc4,0x20,0xc4,
    0x20,0xc4,0x20,0xc4,0x20,0xc4,0x20,0xc4,0x20,0xc4,0x20,0xc4,0x40,0xc4,0x00,0xbc,
};
const lv_img_dsc_t img_genex_2 = {
    .header.cf = LV_IMG_CF_TRUE_COLOR,
    .header.always_zero = 0,
    .header.reserved = 0,
    .header.w = 60,
    .header.h = 68,
    .data_size = 8160,
    .data = img_genex_2_map,
};

static const uint8_t img_genex_3_map[] = {
    0xc0,0xab,0x40,0xc4,0x20,0xbc,0x20,0xbc,0x40,0xbc,0x40,0xbc,0x40,0xbc,0x40,0xbc,
    0x40,0xbc,0x40,0xbc,0x40,0xbc,0x40,0xbc,0x40,0xbc,0x40,0xbc,0x40,0xbc,0x40,0xbc,
    0x60,0xbc,0x60,0xbc,0x60,0xbc,0x60,0xbc,0x60,0xbc,0x60,0xbc,0x60,0xbc,0x60,0xbc,
    0x60,0xbc,0x60,0xbc,0x60,0xbc,0x80,0xbc,0x80,0xbc,0x80,0xbc,0x80,0xbc,0x80,0xbc,
    0x80,0xbc,0x80,0xbc,0x80,0xbc,0x80,0xbc,0x80,0xbc,0x80,0xbc,0x80,0xbc,0x80,0xbc,
    0x80,0xbc,0xa0,0xbc,0xa0,0xbc,0xa0,0xbc,0xa0,0xbc,0xa0,0xc4,0x80,0xb4,0xa0,0x18,
    0xa0,0xd4,0x40,0xf5,0x20,0xed,0x40,0xed,0x40,0xed,0x40,0xed,0x40,0xed,0x40,0xed,
    0x40,0xed,0x40,0xed,0x40,0xed,0x60,0xed,0x60,0xed,0x60,0xed,0x60,0xed,0x60,0xed,
    0x60,0xed,0x60,0xed,0x60,0xed,0x60,0xed,0x80,0xed,0x80,0xed,0x80,0xed,0x80,0xed,
    0x80,0xed,0x80,0xed,0x80,0xed,0x80,0xed,0x80,0xed,0xa0,0xed,0xa0,0xed,0xa0,0xed,
    0xa0,0xed,0xa0,0xed,0xa0,0xed,0xa0,0xed,0xa0,0xed,0xa0,0xed,0xa0,0xed,0xc0,0xed,
    0xc0,0xed,0xc0,0xed,0xc0,0xed,0xc0,0xed,0xc0,0xed,0x00,0xf6,0x20,0xd5,0x40,0x08,
    0x80,0xcc,0x20,0xe5,0x00,0xe5,0x00,0xe5,0x00,0xe5,0x00,0xe5,0x20,0xe5,0x20,0xe5,
    0x20,0xe5,0x20,0xe5,0x20,0xe5,0x20,0xe5,0x20,0xe5,0x20,0xe5,0x20,0xe5,0x20,0xe5,
    0x40,0xe5,0x40,0xe5,0x40,0xe5,0x40,0xe5,0x40,0xe5,0x40,0xe5,0x40,0xe5,0x40,0xe5,
    0x40,0xe5,0x60,0xe5,0x60,0xe5,0x60,0xe5,0x60,0xe5,0x60,0xe5,0x60,0xe5,0x60,0xe5,
    0x60,0xe5,0x60,0xe5,0x80,0xe5,0x80,0xe5,0x80,0xe5,0x80,0xe5,0x80,0xe5,0x80,0xe5,
    0x80,0xe5,0x80,0xe5,0x80,0xe5,0xa0,0xe5,0x80,0xe5,0xe0,0xed,0x60,0xac,0x00,0x00,
    0x80,0xcc,0x20,0xed,0x00,0xe5,0x00,0xe5,0x20,0xe5,0x20,0xe5,0x20,0xe5,0x20,0xe5,
    0x20,0xe5,0x20,0xe5,0x20,0xe5,0x20,0xe5,0x20,0xe5,0x40,0xe5,0x40,0xe5,0x40,0xe5,
    0x40,0xe5,0x40,0xe5,0x40,0xe5,0x40,0xe5,0x40,0xe5,0x40,0xe5,0x60,0xe5,0x60,0xe5,
    0x60,0xe5,0x60,0xe5,0x60,0xe5,0x60,0xe5,0x60,0xe5,0x60,0xe5,0x60,0xe5,0x60,0xe5,
    0x80,0xe5,0x80,0xe5,0x80,0xe5,0x80,0xe5,0x80,0xe5,0x80,0xe5,0x80,0xe5,0x80,0xe5,
    0x80,0xe5,0xa0,0xe5,0xa0,0xe5,0xa0,0xe5,0x80,0xe5,0x00,0xf6,0xa0,0x93,0x00,0x00,
    0x80,0xcc,0x20,0xed,0x00,0xe5,0x00,0xe5,0x20,0xe5,0x20,0xe5,0x20,0xe5,0x20,0xe5,
    0x20,0xe5,0x20,0xe5,0x20,0xe5,0x20,0xe5,0x20,0xe5,0x40,0xe5,0x40,0xe5,0x40,0xe5,
    0x40,0xe5,0x40,0xe5,0x40,0xe5,0x40,0xe5,0x40,0xe5,0x40,0xe5,0x60,0xe5,0x60,0xe5,
    0x60,0xe5,0x60,0xe5,0x60,0xe5,0x60,0xe5,0x60,0xe5,0x60,0xe5,0x60,0xe5,0x60,0xe5,
    0x80,0xe5,0x80,0xe5,0x80,0xe5,0x80,0xe5,0x80,0xe5,0x80,0xe5,0x80,0xe5,0x80,0xe5,
    0x80,0xe5,0xa0,0xe5,0xa0,0xe5,0xa0,0xe5,0x80,0xe5,0x00,0xf6,0xe0,0x72,0x00,0x00,
    0x80,0xcc,0x20,0xed,0x00,0xe5,0x00,0xe5,0x20,0xe5,0x20,0xe5,0x20,0xe5,0x20,0xe5,
    0x20,0xe5,0x20,0xe5,0x20,0xe5,0x20,0xe5,0x20,0xe5,0x40,0xe5,0x40,0xe5,0x40,0xe5,
    0x40,0xe5,0x40,0xe5,0x40,0xe5,0x40,0xe5,0x40,0xe5,0x40,0xe5,0x60,0xe5,0x60,0xe5,
    0x60,0xe5,0x60,0xe5,0x60,0xe5,0x60,0xe5,0x60,0xe5,0x60,0xe5,0x60,0xe5,0x60,0xe5,
    0x80,0xe5,0x80,0xe5,0x80,0xe5,0x80,0xe5,0x80,0xe5,0x80,0xe5,0x80,0xe5,0x80,0xe5,
    0x80,0xe5,0xa0,0xe5,0xa0,0xe5,0xa0,0xe5,0x80,0xe5,0x00,0xf6,0x00,0x52,0x00,0x00,
    0x80,0xcc,0x20,0xed,0x00,0xe5,0x00,0xe5,0x20,0xe5,0x20,0xe5,0x20,0xe5,0x20,0xe5,
    0x20,0xe5,0x20,0xe5,0x20,0xe5,0x20,0xe5,0x20,0xe5,0x40,0xe5,0x40,0xe5,0x40,0xe5,
    0x40,0xe5,0x40,0xe5,0x40,0xe5,0x40,0xe5,0x40,0xe5,0x40,0xe5,0x60,0xe5,0x60,0xe5,
    0x60,0xe5,0x60,0xe5,0x60,0xe5,0x60,0xe5,0x60,0xe5,0x60,0xe5,0x60,0xe5,0x60,0xe5,
    0x80,0xe5,0x80,0xe5,0x80,0xe5,0x80,0xe5,0x80,0xe5,0x80,0xe5,0x80,0xe5,0x80,0xe5,
    0x80,0xe5,0xa0,0xe5,0xa0,0xe5,0xa0,0xe5,0x80,0xe5,0xe0,0xed,0x40,0x31,0x00,0x00,
    0x80,0xcc,0x20,0xed,0x00,0xe5,0x00,0xe5,0x20,0xe5,0x20,0xe5,0x20,0xe5,0x20,0xe5,
    0x20,0xe5,0x20,0xe5,0x20,0xe5,0x20,0xe5,0x20,0xe5,0x40,0xe5,0x40,0xe5,0x40,0xe5,
    0x40,0xe5,0x40,0xe5,0x40,0xe5,0x40,0xe5,0x40,0xe5,0x40,0xe5,0x60,0xe5,0x60,0xe5,
    0x60,0xe5,0x60,0xe5,0x60,0xe5,0x60,0xe5,0x60,0xe5,0x60,0xe5,0x60,0xe5,0x60,0xe5,
    0x80,0xe5,0x80,0xe5,0x80,0xe5,0x80,0xe5,0x80,0xe5,0x80,0xe5,0x80,0xe5,0x80,0xe5,
    0x80,0xe5,0xa0,0xe5,0xa0,0xe5,0x80,0xe5,0xa0,0xe5,0x80,0xdd,0xa0,0x18,0x00,0x00,
    0x80,0xcc,0x20,0xed,0x00,0xe5,0x00,0xe5,0x20,0xe5,0x20,0xe5,0x20,0xe5,0x20,0xe5,
    0x20,0xe5,0x20,0xe5,0x20,0xe5,0x20,0xe5,0x20,0xe5,0x40,0xe5,0x40,0xe5,0x40,0xe5,
    0x40,0xe5,0x40,0xe5,0x40,0xe5,0x40,0xe5,0x40,0xe5,0x40,0xe5,0x60,0xe5,0x60,0xe5,
    0x60,0xe5,0x60,0xe5,0x60,0xe5,0x60,0xe5,0x60,0xe5,0x60,0xe5,0x60,0xe5,0x60,0xe5,
    0x80,0xe5,0x80,0xe5,0x80,0xe5,0x80,0xe5,0x80,0xe5,0x80,0xe5,0x80,0xe5,0x80,0xe5,
    0x80,0xe5,0xa0,0xe5,0xa0,0xe5,0xa0,0xe5,0xc0,0xed,0x00,0xcd,0x20,0x00,0x00,0x00,
    0x80,0xcc,0x20,0xed,0x00,0xe5,0x00,0xe5,0x20,0xe5,0x20,0xe5,0x20,0xe5,0x20,0xe5,
    0x20,0xe5,0x20,0xe5,0x20,0xe5,0x20,0xe5,0x20,0xe5,0x40,0xe5,0x40,0xe5,0x40,0xe5,
    0x40,0xe5,0x40,0xe5,0x40,0xe5,0x40,0xe5,0x40,0xe5,0x40,0xe5,0x60,0xe5,0x60,0xe5,
    0x60,0xe5,0x60,0xe5,0x60,0xe5,0x60,0xe5,0x60,0xe5,0x60,0xe5,0x60,0xe5,0x60,0xe5,
    0x80,0xe5,0x80,0xe5,0x80,0xe5,0x80,0xe5,0x80,0xe5,0x80,0xe5,0x80,0xe5,0x80,0xe5,
    0x80,0xe5,0xa0,0xe5,0xa0,0xe5,0x80,0xe5,0xe0,0xf5,0x40,0xac,0x00,0x00,0x00,0x00,
    0x80,0xcc,0x20,0xed,0x00,0xe5,0x00,0xe5,0x20,0xe5,0x20,0xe5,0x20,0xe5,0x20,0xe5,
    0x20,0xe5,0x20,0xe5,0x20,0xe5,0x20,0xe5,0x20,0xe5,0x40,0xe5,0x40,0xe5,0x40,0xe5,
    0x40,0xe5,0x20,0xe5,0x20,0xe5,0x20,0xe5,0x20,0xe5,0x20,0xe5,0x40,0xe5,0x40,0xe5,
    0x40,0xe5,0x40,0xe5,0x40,0xe5,0x40,0xe5,0x40,0xe5,0x40,0xe5,0x40,0xe5,0x40,0xe5,
    0x60,0xe5,0x60,0xe5,0x60,0xe5,0x60,0xe5,0x60,0xe5,0x60,0xe5,0x60,0xe5,0x60,0xe5,
    0x60,0xe5,0x80,0xe5,0x80,0xe5,0x60,0xdd,0xe0,0xed,0x80,0x8b,0x00,0x00,0x00,0x00,
    0x80,0xcc,0x20,0xed,0x00,0xe5,0x00,0xe5,0x20,0xe5,0x20,0xe5,0x20,0xe5,0x20,0xe5,
    0x20,0xe5,0x20,0xe5,0x20,0xe5,0x20,0xe5,0x20,0xe5,0x40,0xe5,0x40,0xe5,0x40,0xe5,
    0x40,0xe5,0xa0,0xf5,0xa0,0xf5,0xa0,0xf5,0xa0,0xf5,0xa0,0xf5,0xa0,0xf5,0xa0,0xf5,
    0xa0,0xf5,0xc0,0xf5,0xc0,0xf5,0xc0,0xf5,0xc0,0xf5,0xc0,0xf5,0xc0,0xf5,0xc0,0xf5,
    0xe0,0xf5,0xe0,0xf5,0xe0,0xf5,0xe0,0xf5,0xe0,0xf5,0xe0,0xf5,0xe0,0xf5,0xe0,0xf5,
    0xe0,0xf5,0x00,0xf6,0x00,0xf6,0xe0,0xf5,0x60,0xfe,0xe0,0x72,0x00,0x00,0x00,0x00,
    0x80,0xcc,0x20,0xed,0x00,0xe5,0x00,0xe5,0x20,0xe5,0x20,0xe5,0x20,0xe5,0x20,0xe5,
    0x20,0xe5,0x20,0xe5,0x20,0xe5,0x20,0xe5,0x20,0xe5,0x40,0xe5,0x40,0xe5,0x40,0xe5,
    0x00,0xdd,0x60,0x93,0x40,0x93,0x40,0x93,0x60,0x93,0x60,0x93,0x60,0x93,0x60,0x93,
    0x60,0x93,0x60,0x93,0x60,0x93,0x60,0x93,0x60,0x93,0x60,0x93,0x60,0x93,0x60,0x93,
    0x60,0x93,0x60,0x93,0x60,0x93,0x60,0x93,0x80,0x93,0x80,0x93,0x80,0x93,0x80,0x93,
    0x80,0x93,0x80,0x93,0x80,0x93,0x80,0x8b,0xc0,0x9b,0x40,0x31,0x00,0x00,0x00,0x00,
    0x80,0xcc,0x20,0xed,0x00,0xe5,0x00,0xe5,0x20,0xe5,0x20,0xe5,0x20,0xe5,0x20,0xe5,
    0x20,0xe5,0x20,0xe5,0x20,0xe5,0x20,0xe5,0x20,0xe5,0x40,0xe5,0x20,0xe5,0x60,0xed,
    0xc0,0xcc,0x00,0x00,0x00,0x00,0x00,0x00,0x00,0x00,0x00,0x00,0x00,0x00,0x00,0x00,
    0x00,0x00,0x00,0x00,0x00,0x00,0x00,0x00,0x00,0x00,0x00,0x00,0x00,0x00,0x00,0x00,
    0x00,0x00,0x00,0x00,0x00,0x00,0x00,0x00,0x00,0x00,0x00,0x00,0x00,0x00,0x00,0x00,
    0x00,0x00,0x00,0x00,0x00,0x00,0x00,0x00,0x00,0x00,0x00,0x00,0x00,0x00,0x00,0x00,
    0x80,0xcc,0x20,0xed,0x00,0xe5,0x00,0xe5,0x20,0xe5,0x20,0xe5,0x20,0xe5,0x20,0xe5,
    0x20,0xe5,0x20,0xe5,0x20,0xe5,0x20,0xe5,0x20,0xe5,0x40,0xe5,0x20,0xe5,0x60,0xed,
    0xc0,0xcc,0x40,0x08,0x00,0x00,0x00,0x00,0x00,0x00,0x00,0x00,0x00,0x00,0x00,0x00,
    0x00,0x00,0x00,0x00,0x00,0x00,0x00,0x00,0x00,0x00,0x00,0x00,0x00,0x00,0x00,0x00,
    0x00,0x00,0x00,0x00,0x00,0x00,0x00,0x00,0x00,0x00,0x00,0x00,0x00,0x00,0x00,0x00,
    0x00,0x00,0x00,0x00,0x00,0x00,0x00,0x00,0x00,0x00,0x00,0x00,0x00,0x00,0x00,0x00,
    0x80,0xcc,0x20,0xed,0x00,0xe5,0x00,0xe5,0x20,0xe5,0x20,0xe5,0x20,0xe5,0x20,0xe5,
    0x20,0xe5,0x20,0xe5,0x20,0xe5,0x20,0xe5,0x20,0xe5,0x40,0xe5,0x20,0xe5,0x60,0xed,
    0xc0,0xcc,0x20,0x08,0x00,0x00,0x00,0x00,0x00,0x00,0x00,0x00,0x00,0x00,0x00,0x00,
    0x00,0x00,0x00,0x00,0x00,0x00,0x00,0x00,0x00,0x00,0x00,0x00,0x00,0x00,0x00,0x00,
    0x00,0x00,0x00,0x00,0x00,0x00,0x00,0x00,0x00,0x00,0x00,0x00,0x00,0x00,0x00,0x00,
    0x00,0x00,0x00,0x00,0x00,0x00,0x00,0x00,0x00,0x00,0x00,0x00,0x00,0x00,0x00,0x00,
    0x80,0xcc,0x20,0xed,0x00,0xe5,0x00,0xe5,0x20,0xe5,0x20,0xe5,0x20,0xe5,0x20,0xe5,
    0x20,0xe5,0x20,0xe5,0x20,0xe5,0x20,0xe5,0x20,0xe5,0x40,0xe5,0x20,0xe5,0x60,0xed,
    0xc0,0xcc,0x20,0x08,0x00,0x00,0x00,0x00,0x00,0x00,0x00,0x00,0x00,0x00,0x00,0x00,
    0x00,0x00,0x00,0x00,0x00,0x00,0x00,0x00,0x00,0x00,0x00,0x00,0x00,0x00,0x00,0x00,
    0x00,0x00,0x00,0x00,0x00,0x00,0x00,0x00,0x00,0x00,0x00,0x00,0x00,0x00,0x00,0x00,
    0x00,0x00,0x00,0x00,0x00,0x00,0x00,0x00,0x00,0x00,0x00,0x00,0x00,0x00,0x00,0x00,
    0x80,0xcc,0x20,0xed,0x00,0xe5,0x00,0xe5,0x20,0xe5,0x20,0xe5,0x20,0xe5,0x20,0xe5,
    0x20,0xe5,0x20,0xe5,0x20,0xe5,0x20,0xe5,0x20,0xe5,0x40,0xe5,0x20,0xe5,0x60,0xed,
    0xc0,0xcc,0x20,0x08,0x00,0x00,0x00,0x00,0x00,0x00,0x00,0x00,0x00,0x00,0x00,0x00,
    0x00,0x00,0x00,0x00,0x00,0x00,0x00,0x00,0x00,0x00,0x00,0x00,0x00,0x00,0x00,0x00,
    0x00,0x00,0x00,0x00,0x00,0x00,0x00,0x00,0x00,0x00,0x00,0x00,0x00,0x00,0x00,0x00,
    0x00,0x00,0x00,0x00,0x00,0x00,0x00,0x00,0x00,0x00,0x00,0x00,0x00,0x00,0x00,0x00,
    0x80,0xcc,0x20,0xed,0x00,0xe5,0x00,0xe5,0x20,0xe5,0x20,0xe5,0x20,0xe5,0x20,0xe5,
    0x20,0xe5,0x20,0xe5,0x20,0xe5,0x20,0xe5,0x20,0xe5,0x40,0xe5,0x20,0xe5,0x60,0xed,
    0xc0,0xcc,0x20,0x08,0x00,0x00,0x00,0x00,0x00,0x00,0x00,0x00,0x00,0x00,0x00,0x00,
    0x00,0x00,0x00,0x00,0x00,0x00,0x00,0x00,0x00,0x00,0x00,0x00,0x00,0x00,0x00,0x00,
    0x00,0x00,0x00,0x00,0x00,0x00,0x00,0x00,0x00,0x00,0x00,0x00,0x00,0x00,0x00,0x00,
    0x00,0x00,0x00,0x00,0x00,0x00,0x00,0x00,0x00,0x00,0x00,0x00,0x00,0x00,0x00,0x00,
    0x80,0xcc,0x20,0xed,0x00,0xe5,0x00,0xe5,0x20,0xe5,0x20,0xe5,0x20,0xe5,0x20,0xe5,
    0x20,0xe5,0x20,0xe5,0x20,0xe5,0x20,0xe5,0x20,0xe5,0x40,0xe5,0x20,0xe5,0x60,0xed,
    0xc0,0xcc,0x20,0x08,0x00,0x00,0x00,0x00,0x00,0x00,0x00,0x00,0x00,0x00,0x00,0x00,
    0x00,0x00,0x00,0x00,0x00,0x00,0x00,0x00,0x00,0x00,0x00,0x00,0x00,0x00,0x00,0x00,
    0x00,0x00,0x00,0x00,0x00,0x00,0x00,0x00,0x00,0x00,0x00,0x00,0x00,0x00,0x00,0x00,
    0x00,0x00,0x00,0x00,0x00,0x00,0x00,0x00,0x00,0x00,0x00,0x00,0x00,0x00,0x00,0x00,
    0x80,0xcc,0x20,0xed,0x00,0xe5,0x00,0xe5,0x20,0xe5,0x20,0xe5,0x20,0xe5,0x20,0xe5,
    0x20,0xe5,0x20,0xe5,0x20,0xe5,0x20,0xe5,0x20,0xe5,0x40,0xe5,0x20,0xe5,0x60,0xed,
    0xc0,0xcc,0x20,0x08,0x00,0x00,0x00,0x00,0x00,0x00,0x00,0x00,0x00,0x00,0x00,0x00,
    0x00,0x00,0x00,0x00,0x00,0x00,0x00,0x00,0x00,0x00,0x00,0x00,0x00,0x00,0x00,0x00,
    0x00,0x00,0x00,0x00,0x00,0x00,0x00,0x00,0x00,0x00,0x00,0x00,0x00,0x00,0x00,0x00,
    0x00,0x00,0x00,0x00,0x00,0x00,0x00,0x00,0x00,0x00,0x00,0x00,0x00,0x00,0x00,0x00,
    0x80,0xcc,0x20,0xed,0x00,0xe5,0x00,0xe5,0x20,0xe5,0x20,0xe5,0x20,0xe5,0x20,0xe5,
    0x20,0xe5,0x20,0xe5,0x20,0xe5,0x20,0xe5,0x20,0xe5,0x40,0xe5,0x20,0xe5,0x60,0xed,
    0xc0,0xcc,0x20,0x08,0x00,0x00,0x00,0x00,0x00,0x00,0x00,0x00,0x00,0x00,0x00,0x00,
    0x00,0x00,0x00,0x00,0x00,0x00,0x00,0x00,0x00,0x00,0x00,0x00,0x00,0x00,0x00,0x00,
    0x00,0x00,0x00,0x00,0x00,0x00,0x00,0x00,0x00,0x00,0x00,0x00,0x00,0x00,0x00,0x00,
    0x00,0x00,0x00,0x00,0x00,0x00,0x00,0x00,0x00,0x00,0x00,0x00,0x00,0x00,0x00,0x00,
    0x80,0xcc,0x20,0xed,0x00,0xe5,0x00,0xe5,0x20,0xe5,0x20,0xe5,0x20,0xe5,0x20,0xe5,
    0x20,0xe5,0x20,0xe5,0x20,0xe5,0x20,0xe5,0x20,0xe5,0x40,0xe5,0x20,0xe5,0x60,0xed,
    0xc0,0xcc,0x20,0x08,0x00,0x00,0x00,0x00,0x00,0x00,0x00,0x00,0x00,0x00,0x00,0x00,
    0x00,0x00,0x00,0x00,0x00,0x00,0x00,0x00,0x00,0x00,0x00,0x00,0x00,0x00,0x00,0x00,
    0x00,0x00,0x00,0x00,0x00,0x00,0x00,0x00,0x00,0x00,0x00,0x00,0x00,0x00,0x00,0x00,
    0x00,0x00,0x00,0x00,0x00,0x00,0x00,0x00,0x00,0x00,0x00,0x00,0x00,0x00,0x00,0x00,
    0x80,0xcc,0x20,0xed,0x00,0xe5,0x00,0xe5,0x20,0xe5,0x20,0xe5,0x20,0xe5,0x20,0xe5,
    0x20,0xe5,0x20,0xe5,0x20,0xe5,0x20,0xe5,0x20,0xe5,0x40,0xe5,0x20,0xe5,0x60,0xed,
    0xc0,0xcc,0x20,0x08,0x00,0x00,0x00,0x00,0x00,0x00,0x00,0x00,0x00,0x00,0x00,0x00,
    0x00,0x00,0x00,0x00,0x00,0x00,0x00,0x00,0x00,0x00,0x00,0x00,0x00,0x00,0x00,0x00,
    0x00,0x00,0x00,0x00,0x00,0x00,0x00,0x00,0x00,0x00,0x00,0x00,0x00,0x00,0x00,0x00,
    0x00,0x00,0x00,0x00,0x00,0x00,0x00,0x00,0x00,0x00,0x00,0x00,0x00,0x00,0x00,0x00,
    0x80,0xcc,0x20,0xed,0x00,0xe5,0x00,0xe5,0x20,0xe5,0x20,0xe5,0x20,0xe5,0x20,0xe5,
    0x20,0xe5,0x20,0xe5,0x20,0xe5,0x20,0xe5,0x20,0xe5,0x40,0xe5,0x20,0xe5,0x60,0xed,
    0xc0,0xcc,0x20,0x08,0x00,0x00,0x00,0x00,0x00,0x00,0x00,0x00,0x00,0x00,0x00,0x00,
    0x00,0x00,0x00,0x00,0x00,0x00,0x00,0x00,0x00,0x00,0x00,0x00,0x00,0x00,0x00,0x00,
    0x00,0x00,0x00,0x00,0x00,0x00,0x00,0x00,0x00,0x00,0x00,0x00,0x00,0x00,0x00,0x00,
    0x00,0x00,0x00,0x00,0x00,0x00,0x00,0x00,0x00,0x00,0x00,0x00,0x00,0x00,0x00,0x00,
    0x80,0xcc,0x20,0xed,0x00,0xe5,0x00,0xe5,0x20,0xe5,0x20,0xe5,0x20,0xe5,0x20,0xe5,
    0x20,0xe5,0x20,0xe5,0x20,0xe5,0x20,0xe5,0x20,0xe5,0x40,0xe5,0x20,0xe5,0x60,0xed,
    0xc0,0xcc,0x20,0x08,0x00,0x00,0x00,0x00,0x00,0x00,0x00,0x00,0x00,0x00,0x00,0x00,
    0x00,0x00,0x00,0x00,0x00,0x00,0x00,0x00,0x00,0x00,0x00,0x00,0x00,0x00,0x00,0x00,
    0x00,0x00,0x00,0x00,0x00,0x00,0x00,0x00,0x00,0x00,0x00,0x00,0x00,0x00,0x00,0x00,
    0x00,0x00,0x00,0x00,0x00,0x00,0x00,0x00,0x00,0x00,0x00,0x00,0x00,0x00,0x00,0x00,
    0x80,0xcc,0x20,0xed,0x00,0xe5,0x00,0xe5,0x20,0xe5,0x20,0xe5,0x20,0xe5,0x20,0xe5,
    0x20,0xe5,0x20,0xe5,0x20,0xe5,0x20,0xe5,0x20,0xe5,0x40,0xe5,0x20,0xe5,0x60,0xed,
    0xc0,0xcc,0x20,0x00,0x00,0x00,0x00,0x00,0x00,0x00,0x00,0x00,0x00,0x00,0x00,0x00,
    0x00,0x00,0x00,0x00,0x00,0x00,0x00,0x00,0x00,0x00,0x00,0x00,0x00,0x00,0x00,0x00,
    0x00,0x00,0x00,0x00,0x00,0x00,0x00,0x00,0x00,0x00,0x00,0x00,0x00,0x00,0x00,0x00,
    0x00,0x00,0x00,0x00,0x00,0x00,0x00,0x00,0x00,0x00,0x00,0x00,0x00,0x00,0x00,0x00,
    0x80,0xcc,0x20,0xed,0x00,0xe5,0x00,0xe5,0x20,0xe5,0x20,0xe5,0x20,0xe5,0x20,0xe5,
    0x20,0xe5,0x20,0xe5,0x20,0xe5,0x20,0xe5,0x20,0xe5,0x40,0xe5,0x40,0xe5,0x40,0xe5,
    0x20,0xe5,0x40,0xbc,0x40,0xbc,0x40,0xbc,0x40,0xbc,0x40,0xbc,0x40,0xbc,0x40,0xbc,
    0x40,0xbc,0x60,0xbc,0x60,0xbc,0x60,0xbc,0x60,0xbc,0x60,0xbc,0x60,0xbc,0x60,0xbc,
    0x60,0xbc,0x60,0xbc,0x60,0xbc,0x60,0xbc,0x80,0xbc,0x80,0xbc,0x80,0xbc,0x80,0xbc,
    0x80,0xbc,0x80,0xb4,0xc0,0xc4,0x80,0x39,0x00,0x00,0x00,0x00,0x00,0x00,0x00,0x00,
    0x80,0xcc,0x20,0xed,0x00,0xe5,0x00,0xe5,0x20,0xe5,0x20,0xe5,0x20,0xe5,0x20,0xe5,
    0x20,0xe5,0x20,0xe5,0x20,0xe5,0x20,0xe5,0x20,0xe5,0x40,0xe5,0x40,0xe5,0x40,0xe5,
    0x40,0xe5,0x80,0xed,0x80,0xed,0x80,0xed,0x80,0xed,0x80,0xed,0x80,0xed,0x80,0xed,
    0x80,0xed,0xa0,0xed,0xa0,0xed,0xa0,0xed,0xa0,0xed,0xa0,0xed,0xa0,0xed,0xa0,0xed,
    0xa0,0xed,0xa0,0xed,0xc0,0xed,0xc0,0xed,0xc0,0xed,0xc0,0xed,0xc0,0xed,0xc0,0xed,
    0xc0,0xed,0xc0,0xed,0x00,0xf6,0x40,0x31,0x00,0x00,0x00,0x00,0x00,0x00,0x00,0x00,
    0x80,0xcc,0x20,0xed,0x00,0xe5,0x00,0xe5,0x20,0xe5,0x20,0xe5,0x20,0xe5,0x20,0xe5,
    0x20,0xe5,0x20,0xe5,0x20,0xe5,0x20,0xe5,0x20,0xe5,0x40,0xe5,0x40,0xe5,0x40,0xe5,
    0x40,0xe5,0x40,0xe5,0x40,0xe5,0x40,0xe5,0x40,0xe5,0x40,0xe5,0x40,0xe5,0x40,0xe5,
    0x40,0xe5,0x40,0xe5,0x40,0xe5,0x60,0xe5,0x60,0xe5,0x60,0xe5,0x60,0xe5,0x60,0xe5,
    0x60,0xe5,0x60,0xe5,0x60,0xe5,0x60,0xe5,0x80,0xe5,0x80,0xe5,0x80,0xe5,0x80,0xe5,
    0x80,0xe5,0xa0,0xe5,0x40,0xdd,0x80,0x10,0x00,0x00,0x00,0x00,0x00,0x00,0x00,0x00,
    0x80,0xcc,0x20,0xed,0x00,0xe5,0x00,0xe5,0x20,0xe5,0x20,0xe5,0x20,0xe5,0x20,0xe5,
    0x20,0xe5,0x20,0xe5,0x20,0xe5,0x20,0xe5,0x20,0xe5,0x40,0xe5,0x40,0xe5,0x40,0xe5,
    0x40,0xe5,0x40,0xe5,0x40,0xe5,0x40,0xe5,0x40,0xe5,0x40,0xe5,0x60,0xe5,0x60,0xe5,
    0x60,0xe5,0x60,0xe5,0x60,0xe5,0x60,0xe5,0x60,0xe5,0x60,0xe5,0x60,0xe5,0x60,0xe5,
    0x80,0xe5,0x80,0xe5,0x80,0xe5,0x80,0xe5,0x80,0xe5,0x80,0xe5,0x80,0xe5,0x80,0xe5,
    0x80,0xe5,0xc0,0xed,0xc0,0xc4,0x00,0x00,0x00,0x00,0x00,0x00,0x00,0x00,0x00,0x00,
    0x80,0xcc,0x20,0xed,0x00,0xe5,0x00,0xe5,0x20,0xe5,0x20,0xe5,0x20,0xe5,0x20,0xe5,
    0x20,0xe5,0x20,0xe5,0x20,0xe5,0x20,0xe5,0x20,0xe5,0x40,0xe5,0x40,0xe5,0x40,0xe5,
    0x40,0xe5,0x40,0xe5,0x40,0xe5,0x40,0xe5,0x40,0xe5,0x40,0xe5,0x60,0xe5,0x60,0xe5,
    0x60,0xe5,0x60,0xe5,0x60,0xe5,0x60,0xe5,0x60,0xe5,0x60,0xe5,0x60,0xe5,0x60,0xe5,
    0x80,0xe5,0x80,0xe5,0x80,0xe5,0x80,0xe5,0x80,0xe5,0x80,0xe5,0x80,0xe5,0x80,0xe5,
    0x80,0xe5,0xe0,0xf5,0x20,0xac,0x00,0x00,0x00,0x00,0x00,0x00,0x00,0x00,0x00,0x00,
    0x80,0xcc,0x20,0xed,0x00,0xe5,0x00,0xe5,0x20,0xe5,0x20,0xe5,0x20,0xe5,0x20,0xe5,
    0x20,0xe5,0x20,0xe5,0x20,0xe5,0x20,0xe5,0x20,0xe5,0x40,0xe5,0x40,0xe5,0x40,0xe5,
    0x40,0xe5,0x40,0xe5,0x40,0xe5,0x40,0xe5,0x40,0xe5,0x40,0xe5,0x60,0xe5,0x60,0xe5,
    0x60,0xe5,0x60,0xe5,0x60,0xe5,0x60,0xe5,0x60,0xe5,0x60,0xe5,0x60,0xe5,0x60,0xe5,
    0x80,0xe5,0x80,0xe5,0x80,0xe5,0x80,0xe5,0x80,0xe5,0x80,0xe5,0x80,0xe5,0x80,0xe5,
    0x80,0xe5,0x00,0xf6,0x60,0x8b,0x00,0x00,0x00,0x00,0x00,0x00,0x00,0x00,0x00,0x00,
    0x80,0xcc,0x20,0xed,0x00,0xe5,0x00,0xe5,0x20,0xe5,0x20,0xe5,0x20,0xe5,0x20,0xe5,
    0x20,0xe5,0x20,0xe5,0x20,0xe5,0x20,0xe5,0x20,0xe5,0x40,0xe5,0x40,0xe5,0x40,0xe5,
    0x40,0xe5,0x40,0xe5,0x40,0xe5,0x40,0xe5,0x40,0xe5,0x40,0xe5,0x60,0xe5,0x60,0xe5,
    0x60,0xe5,0x60,0xe5,0x60,0xe5,0x60,0xe5,0x60,0xe5,0x60,0xe5,0x60,0xe5,0x60,0xe5,
    0x80,0xe5,0x80,0xe5,0x80,0xe5,0x80,0xe5,0x80,0xe5,0x80,0xe5,0x80,0xe5,0x80,0xe5,
    0x60,0xe5,0x00,0xf6,0x80,0x6a,0x00,0x00,0x00,0x00,0x00,0x00,0x00,0x00,0x00,0x00,
    0x80,0xcc,0x20,0xed,0x00,0xe5,0x00,0xe5,0x20,0xe5,0x20,0xe5,0x20,0xe5,0x20,0xe5,
    0x20,0xe5,0x20,0xe5,0x20,0xe5,0x20,0xe5,0x20,0xe5,0x40,0xe5,0x40,0xe5,0x40,0xe5,
    0x40,0xe5,0x40,0xe5,0x40,0xe5,0x40,0xe5,0x40,0xe5,0x40,0xe5,0x60,0xe5,0x60,0xe5,
    0x60,0xe5,0x60,0xe5,0x60,0xe5,0x60,0xe5,0x60,0xe5,0x60,0xe5,0x60,0xe5,0x60,0xe5,
    0x80,0xe5,0x80,0xe5,0x80,0xe5,0x80,0xe5,0x80,0xe5,0x80,0xe5,0x80,0xe5,0x80,0xe5,
    0x80,0xe5,0xe0,0xf5,0xc0,0x49,0x00,0x00,0x00,0x00,0x00,0x00,0x00,0x00,0x00,0x00,
    0x80,0xcc,0x20,0xed,0x00,0xe5,0x00,0xe5,0x20,0xe5,0x20,0xe5,0x20,0xe5,0x20,0xe5,
    0x20,0xe5,0x20,0xe5,0x20,0xe5,0x20,0xe5,0x20,0xe5,0x40,0xe5,0x40,0xe5,0x40,0xe5,
    0x40,0xe5,0x40,0xe5,0x40,0xe5,0x40,0xe5,0x40,0xe5,0x40,0xe5,0x60,0xe5,0x60,0xe5,
    0x60,0xe5,0x60,0xe5,0x60,0xe5,0x60,0xe5,0x60,0xe5,0x60,0xe5,0x60,0xe5,0x60,0xe5,
    0x80,0xe5,0x80,0xe5,0x80,0xe5,0x80,0xe5,0x80,0xe5,0x80,0xe5,0x80,0xe5,0x80,0xe5,
    0x80,0xe5,0xa0,0xed,0x00,0x29,0x00,0x00,0x00,0x00,0x00,0x00,0x00,0x00,0x00,0x00,
    0x80,0xcc,0x20,0xed,0x00,0xe5,0x00,0xe5,0x20,0xe5,0x20,0xe5,0x20,0xe5,0x20,0xe5,
    0x20,0xe5,0x20,0xe5,0x20,0xe5,0x20,0xe5,0x20,0xe5,0x40,0xe5,0x40,0xe5,0x40,0xe5,
    0x40,0xe5,0x40,0xe5,0x40,0xe5,0x40,0xe5,0x40,0xe5,0x40,0xe5,0x60,0xe5,0x60,0xe5,
    0x60,0xe5,0x60,0xe5,0x60,0xe5,0x60,0xe5,0x60,0xe5,0x60,0xe5,0x60,0xe5,0x60,0xe5,
    0x80,0xe5,0x80,0xe5,0x80,0xe5,0x80,0xe5,0x80,0xe5,0x80,0xe5,0x80,0xe5,0x80,0xe5,
    0xa0,0xed,0x40,0xd5,0x60,0x10,0x00,0x00,0x00,0x00,0x00,0x00,0x00,0x00,0x00,0x00,
    0x80,0xcc,0x20,0xed,0x00,0xe5,0x00,0xe5,0x20,0xe5,0x20,0xe5,0x20,0xe5,0x20,0xe5,
    0x20,0xe5,0x20,0xe5,0x20,0xe5,0x20,0xe5,0x20,0xe5,0x40,0xe5,0x40,0xe5,0x40,0xe5,
    0x40,0xe5,0x20,0xe5,0x20,0xe5,0x20,0xe5,0x20,0xe5,0x20,0xe5,0x40,0xe5,0x40,0xe5,
    0x40,0xe5,0x40,0xe5,0x40,0xe5,0x40,0xe5,0x40,0xe5,0x40,0xe5,0x40,0xe5,0x40,0xe5,
    0x60,0xe5,0x60,0xe5,0x60,0xe5,0x60,0xe5,0x60,0xe5,0x60,0xe5,0x60,0xe5,0x60,0xe5,
    0xa0,0xed,0xa0,0xbc,0x00,0x00,0x00,0x00,0x00,0x00,0x00,0x00,0x00,0x00,0x00,0x00,
    0x80,0xcc,0x20,0xed,0x00,0xe5,0x00,0xe5,0x20,0xe5,0x20,0xe5,0x20,0xe5,0x20,0xe5,
    0x20,0xe5,0x20,0xe5,0x20,0xe5,0x20,0xe5,0x20,0xe5,0x40,0xe5,0x40,0xe5,0x40,0xe5,
    0x40,0xe5,0xa0,0xf5,0xa0,0xf5,0xa0,0xf5,0xa0,0xf5,0xa0,0xf5,0xa0,0xf5,0xa0,0xf5,
    0xa0,0xf5,0xc0,0xf5,0xc0,0xf5,0xc0,0xf5,0xc0,0xf5,0xc0,0xf5,0xc0,0xf5,0xc0,0xf5,
    0xe0,0xf5,0xe0,0xf5,0xe0,0xf5,0xe0,0xf5,0xe0,0xf5,0xe0,0xf5,0xe0,0xf5,0xe0,0xf5,
    0x40,0xfe,0x20,0xac,0x00,0x00,0x00,0x00,0x00,0x00,0x00,0x00,0x00,0x00,0x00,0x00,
    0x80,0xcc,0x20,0xed,0x00,0xe5,0x00,0xe5,0x20,0xe5,0x20,0xe5,0x20,0xe5,0x20,0xe5,
    0x20,0xe5,0x20,0xe5,0x20,0xe5,0x20,0xe5,0x20,0xe5,0x40,0xe5,0x40,0xe5,0x40,0xe5,
    0x00,0xdd,0x40,0x8b,0x20,0x8b,0x20,0x8b,0x20,0x8b,0x20,0x8b,0x40,0x8b,0x40,0x8b,
    0x40,0x8b,0x40,0x8b,0x40,0x8b,0x40,0x8b,0x40,0x8b,0x40,0x8b,0x40,0x8b,0x40,0x8b,
    0x40,0x8b,0x40,0x8b,0x40,0x8b,0x40,0x8b,0x40,0x8b,0x40,0x8b,0x40,0x8b,0x40,0x8b,
    0x80,0x93,0x00,0x52,0x00,0x00,0x00,0x00,0x00,0x00,0x00,0x00,0x00,0x00,0x00,0x00,
    0x80,0xcc,0x20,0xed,0x00,0xe5,0x00,0xe5,0x20,0xe5,0x20,0xe5,0x20,0xe5,0x20,0xe5,
    0x20,0xe5,0x20,0xe5,0x20,0xe5,0x20,0xe5,0x20,0xe5,0x40,0xe5,0x20,0xe5,0x60,0xed,
    0xc0,0xcc,0x00,0x00,0x00,0x00,0x00,0x00,0x00,0x00,0x00,0x00,0x00,0x00,0x00,0x00,
    0x00,0x00,0x00,0x00,0x00,0x00,0x00,0x00,0x00,0x00,0x00,0x00,0x00,0x00,0x00,0x00,
    0x00,0x00,0x00,0x00,0x00,0x00,0x00,0x00,0x00,0x00,0x00,0x00,0x00,0x00,0x00,0x00,
    0x00,0x00,0x00,0x00,0x00,0x00,0x00,0x00,0x00,0x00,0x00,0x00,0x00,0x00,0x00,0x00,
    0x80,0xcc,0x20,0xed,0x00,0xe5,0x00,0xe5,0x20,0xe5,0x20,0xe5,0x20,0xe5,0x20,0xe5,
    0x20,0xe5,0x20,0xe5,0x20,0xe5,0x20,0xe5,0x20,0xe5,0x40,0xe5,0x20,0xe5,0x60,0xed,
    0xc0,0xcc,0x40,0x08,0x00,0x00,0x00,0x00,0x00,0x00,0x00,0x00,0x00,0x00,0x00,0x00,
    0x00,0x00,0x00,0x00,0x00,0x00,0x00,0x00,0x00,0x00,0x00,0x00,0x00,0x00,0x00,0x00,
    0x00,0x00,0x00,0x00,0x00,0x00,0x00,0x00,0x00,0x00,0x00,0x00,0x00,0x00,0x00,0x00,
    0x00,0x00,0x00,0x00,0x00,0x00,0x00,0x00,0x00,0x00,0x00,0x00,0x00,0x00,0x00,0x00,
    0x80,0xcc,0x20,0xed,0x00,0xe5,0x00,0xe5,0x20,0xe5,0x20,0xe5,0x20,0xe5,0x20,0xe5,
    0x20,0xe5,0x20,0xe5,0x20,0xe5,0x20,0xe5,0x20,0xe5,0x40,0xe5,0x20,0xe5,0x60,0xed,
    0xc0,0xcc,0x20,0x08,0x00,0x00,0x00,0x00,0x00,0x00,0x00,0x00,0x00,0x00,0x00,0x00,
    0x00,0x00,0x00,0x00,0x00,0x00,0x00,0x00,0x00,0x00,0x00,0x00,0x00,0x00,0x00,0x00,
    0x00,0x00,0x00,0x00,0x00,0x00,0x00,0x00,0x00,0x00,0x00,0x00,0x00,0x00,0x00,0x00,
    0x00,0x00,0x00,0x00,0x00,0x00,0x00,0x00,0x00,0x00,0x00,0x00,0x00,0x00,0x00,0x00,
    0x80,0xcc,0x20,0xed,0x00,0xe5,0x00,0xe5,0x20,0xe5,0x20,0xe5,0x20,0xe5,0x20,0xe5,
    0x20,0xe5,0x20,0xe5,0x20,0xe5,0x20,0xe5,0x20,0xe5,0x40,0xe5,0x20,0xe5,0x60,0xed,
    0xc0,0xcc,0x20,0x08,0x00,0x00,0x00,0x00,0x00,0x00,0x00,0x00,0x00,0x00,0x00,0x00,
    0x00,0x00,0x00,0x00,0x00,0x00,0x00,0x00,0x00,0x00,0x00,0x00,0x00,0x00,0x00,0x00,
    0x00,0x00,0x00,0x00,0x00,0x00,0x00,0x00,0x00,0x00,0x00,0x00,0x00,0x00,0x00,0x00,
    0x00,0x00,0x00,0x00,0x00,0x00,0x00,0x00,0x00,0x00,0x00,0x00,0x00,0x00,0x00,0x00,
    0x80,0xcc,0x20,0xed,0x00,0xe5,0x00,0xe5,0x20,0xe5,0x20,0xe5,0x20,0xe5,0x20,0xe5,
    0x20,0xe5,0x20,0xe5,0x20,0xe5,0x20,0xe5,0x20,0xe5,0x40,0xe5,0x20,0xe5,0x60,0xed,
    0xc0,0xcc,0x20,0x08,0x00,0x00,0x00,0x00,0x00,0x00,0x00,0x00,0x00,0x00,0x00,0x00,
    0x00,0x00,0x00,0x00,0x00,0x00,0x00,0x00,0x00,0x00,0x00,0x00,0x00,0x00,0x00,0x00,
    0x00,0x00,0x00,0x00,0x00,0x00,0x00,0x00,0x00,0x00,0x00,0x00,0x00,0x00,0x00,0x00,
    0x00,0x00,0x00,0x00,0x00,0x00,0x00,0x00,0x00,0x00,0x00,0x00,0x00,0x00,0x00,0x00,
    0x80,0xcc,0x20,0xed,0x00,0xe5,0x00,0xe5,0x20,0xe5,0x20,0xe5,0x20,0xe5,0x20,0xe5,
    0x20,0xe5,0x20,0xe5,0x20,0xe5,0x20,0xe5,0x20,0xe5,0x40,0xe5,0x20,0xe5,0x60,0xed,
    0xc0,0xcc,0x20,0x08,0x00,0x00,0x00,0x00,0x00,0x00,0x00,0x00,0x00,0x00,0x00,0x00,
    0x00,0x00,0x00,0x00,0x00,0x00,0x00,0x00,0x00,0x00,0x00,0x00,0x00,0x00,0x00,0x00,
    0x00,0x00,0x00,0x00,0x00,0x00,0x00,0x00,0x00,0x00,0x00,0x00,0x00,0x00,0x00,0x00,
    0x00,0x00,0x00,0x00,0x00,0x00,0x00,0x00,0x00,0x00,0x00,0x00,0x00,0x00,0x00,0x00,
    0x80,0xcc,0x20,0xed,0x00,0xe5,0x00,0xe5,0x20,0xe5,0x20,0xe5,0x20,0xe5,0x20,0xe5,
    0x20,0xe5,0x20,0xe5,0x20,0xe5,0x20,0xe5,0x20,0xe5,0x40,0xe5,0x20,0xe5,0x60,0xed,
    0xc0,0xcc,0x20,0x08,0x00,0x00,0x00,0x00,0x00,0x00,0x00,0x00,0x00,0x00,0x00,0x00,
    0x00,0x00,0x00,0x00,0x00,0x00,0x00,0x00,0x00,0x00,0x00,0x00,0x00,0x00,0x00,0x00,
    0x00,0x00,0x00,0x00,0x00,0x00,0x00,0x00,0x00,0x00,0x00,0x00,0x00,0x00,0x00,0x00,
    0x00,0x00,0x00,0x00,0x00,0x00,0x00,0x00,0x00,0x00,0x00,0x00,0x00,0x00,0x00,0x00,
    0x80,0xcc,0x20,0xed,0x00,0xe5,0x00,0xe5,0x20,0xe5,0x20,0xe5,0x20,0xe5,0x20,0xe5,
    0x20,0xe5,0x20,0xe5,0x20,0xe5,0x20,0xe5,0x20,0xe5,0x40,0xe5,0x20,0xe5,0x60,0xed,
    0xc0,0xcc,0x20,0x08,0x00,0x00,0x00,0x00,0x00,0x00,0x00,0x00,0x00,0x00,0x00,0x00,
    0x00,0x00,0x00,0x00,0x00,0x00,0x00,0x00,0x00,0x00,0x00,0x00,0x00,0x00,0x00,0x00,
    0x00,0x00,0x00,0x00,0x00,0x00,0x00,0x00,0x00,0x00,0x00,0x00,0x00,0x00,0x00,0x00,
    0x00,0x00,0x00,0x00,0x00,0x00,0x00,0x00,0x00,0x00,0x00,0x00,0x00,0x00,0x00,0x00,
    0x80,0xcc,0x20,0xed,0x00,0xe5,0x00,0xe5,0x20,0xe5,0x20,0xe5,0x20,0xe5,0x20,0xe5,
    0x20,0xe5,0x20,0xe5,0x20,0xe5,0x20,0xe5,0x20,0xe5,0x40,0xe5,0x20,0xe5,0x60,0xed,
    0xc0,0xcc,0x20,0x08,0x00,0x00,0x00,0x00,0x00,0x00,0x00,0x00,0x00,0x00,0x00,0x00,
    0x00,0x00,0x00,0x00,0x00,0x00,0x00,0x00,0x00,0x00,0x00,0x00,0x00,0x00,0x00,0x00,
    0x00,0x00,0x00,0x00,0x00,0x00,0x00,0x00,0x00,0x00,0x00,0x00,0x00,0x00,0x00,0x00,
    0x00,0x00,0x00,0x00,0x00,0x00,0x00,0x00,0x00,0x00,0x00,0x00,0x00,0x00,0x00,0x00,
    0x80,0xcc,0x20,0xed,0x00,0xe5,0x00,0xe5,0x20,0xe5,0x20,0xe5,0x20,0xe5,0x20,0xe5,
    0x20,0xe5,0x20,0xe5,0x20,0xe5,0x20,0xe5,0x20,0xe5,0x40,0xe5,0x20,0xe5,0x60,0xed,
    0xc0,0xcc,0x20,0x08,0x00,0x00,0x00,0x00,0x00,0x00,0x00,0x00,0x00,0x00,0x00,0x00,
    0x00,0x00,0x00,0x00,0x00,0x00,0x00,0x00,0x00,0x00,0x00,0x00,0x00,0x00,0x00,0x00,
    0x00,0x00,0x00,0x00,0x00,0x00,0x00,0x00,0x00,0x00,0x00,0x00,0x00,0x00,0x00,0x00,
    0x00,0x00,0x00,0x00,0x00,0x00,0x00,0x00,0x00,0x00,0x00,0x00,0x00,0x00,0x00,0x00,
    0x80,0xcc,0x20,0xed,0x00,0xe5,0x00,0xe5,0x20,0xe5,0x20,0xe5,0x20,0xe5,0x20,0xe5,
    0x20,0xe5,0x20,0xe5,0x20,0xe5,0x20,0xe5,0x20,0xe5,0x40,0xe5,0x20,0xe5,0x60,0xed,
    0xc0,0xcc,0x20,0x08,0x00,0x00,0x00,0x00,0x00,0x00,0x00,0x00,0x00,0x00,0x00,0x00,
    0x00,0x00,0x00,0x00,0x00,0x00,0x00,0x00,0x00,0x00,0x00,0x00,0x00,0x00,0x00,0x00,
    0x00,0x00,0x00,0x00,0x00,0x00,0x00,0x00,0x00,0x00,0x00,0x00,0x00,0x00,0x00,0x00,
    0x00,0x00,0x00,0x00,0x00,0x00,0x00,0x00,0x00,0x00,0x00,0x00,0x00,0x00,0x00,0x00,
    0x80,0xcc,0x20,0xed,0x00,0xe5,0x00,0xe5,0x20,0xe5,0x20,0xe5,0x20,0xe5,0x20,0xe5,
    0x20,0xe5,0x20,0xe5,0x20,0xe5,0x20,0xe5,0x20,0xe5,0x40,0xe5,0x20,0xe5,0x60,0xed,
    0xc0,0xcc,0x20,0x08,0x00,0x00,0x00,0x00,0x00,0x00,0x00,0x00,0x00,0x00,0x00,0x00,
    0x00,0x00,0x00,0x00,0x00,0x00,0x00,0x00,0x00,0x00,0x00,0x00,0x00,0x00,0x00,0x00,
    0x00,0x00,0x00,0x00,0x00,0x00,0x00,0x00,0x00,0x00,0x00,0x00,0x00,0x00,0x00,0x00,
    0x00,0x00,0x00,0x00,0x00,0x00,0x00,0x00,0x00,0x00,0x00,0x00,0x00,0x00,0x00,0x00,
    0x80,0xcc,0x20,0xed,0x00,0xe5,0x00,0xe5,0x20,0xe5,0x20,0xe5,0x20,0xe5,0x20,0xe5,
    0x20,0xe5,0x20,0xe5,0x20,0xe5,0x20,0xe5,0x20,0xe5,0x40,0xe5,0x20,0xe5,0x60,0xed,
    0xc0,0xcc,0x20,0x08,0x00,0x00,0x00,0x00,0x00,0x00,0x00,0x00,0x00,0x00,0x00,0x00,
    0x00,0x00,0x00,0x00,0x00,0x00,0x00,0x00,0x00,0x00,0x00,0x00,0x00,0x00,0x00,0x00,
    0x00,0x00,0x00,0x00,0x00,0x00,0x00,0x00,0x00,0x00,0x00,0x00,0x00,0x00,0x00,0x00,
    0x00,0x00,0x00,0x00,0x00,0x00,0x00,0x00,0x00,0x00,0x00,0x00,0x00,0x00,0x00,0x00,
    0x80,0xcc,0x20,0xed,0x00,0xe5,0x00,0xe5,0x20,0xe5,0x20,0xe5,0x20,0xe5,0x20,0xe5,
    0x20,0xe5,0x20,0xe5,0x20,0xe5,0x20,0xe5,0x20,0xe5,0x40,0xe5,0x20,0xe5,0x60,0xed,
    0xc0,0xcc,0x40,0x08,0x00,0x00,0x00,0x00,0x00,0x00,0x00,0x00,0x00,0x00,0x00,0x00,
    0x00,0x00,0x00,0x00,0x00,0x00,0x00,0x00,0x00,0x00,0x00,0x00,0x00,0x00,0x00,0x00,
    0x00,0x00,0x00,0x00,0x00,0x00,0x00,0x00,0x00,0x00,0x00,0x00,0x00,0x00,0x00,0x00,
    0x00,0x00,0x00,0x00,0x00,0x00,0x00,0x00,0x00,0x00,0x00,0x00,0x00,0x00,0x00,0x00,
    0x80,0xcc,0x20,0xed,0x00,0xe5,0x00,0xe5,0x20,0xe5,0x20,0xe5,0x20,0xe5,0x20,0xe5,
    0x20,0xe5,0x20,0xe5,0x20,0xe5,0x20,0xe5,0x20,0xe5,0x40,0xe5,0x20,0xe5,0x60,0xed,
    0xc0,0xcc,0x00,0x00,0x00,0x00,0x00,0x00,0x00,0x00,0x00,0x00,0x00,0x00,0x00,0x00,
    0x00,0x00,0x00,0x00,0x00,0x00,0x00,0x00,0x00,0x00,0x00,0x00,0x00,0x00,0x00,0x00,
    0x00,0x00,0x00,0x00,0x00,0x00,0x00,0x00,0x00,0x00,0x00,0x00,0x00,0x00,0x00,0x00,
    0x00,0x00,0x00,0x00,0x00,0x00,0x00,0x00,0x00,0x00,0x00,0x00,0x00,0x00,0x00,0x00,
    0x80,0xcc,0x20,0xed,0x00,0xe5,0x00,0xe5,0x20,0xe5,0x20,0xe5,0x20,0xe5,0x20,0xe5,
    0x20,0xe5,0x20,0xe5,0x20,0xe5,0x20,0xe5,0x20,0xe5,0x40,0xe5,0x40,0xe5,0x40,0xe5,
    0x00,0xdd,0x40,0x93,0x40,0x8b,0x40,0x8b,0x40,0x8b,0x40,0x8b,0x40,0x8b,0x40,0x8b,
    0x40,0x8b,0x40,0x8b,0x40,0x8b,0x40,0x8b,0x40,0x8b,0x40,0x8b,0x40,0x8b,0x40,0x8b,
    0x60,0x8b,0x60,0x8b,0x60,0x8b,0x60,0x8b,0x60,0x8b,0x60,0x8b,0x60,0x8b,0x60,0x8b,
    0x60,0x8b,0x60,0x8b,0x60,0x8b,0x60,0x8b,0x60,0x8b,0x60,0x8b,0xa0,0x93,0xc0,0x72,
    0x80,0xcc,0x20,0xed,0x00,0xe5,0x00,0xe5,0x20,0xe5,0x20,0xe5,0x20,0xe5,0x20,0xe5,
    0x20,0xe5,0x20,0xe5,0x20,0xe5,0x20,0xe5,0x20,0xe5,0x40,0xe5,0x40,0xe5,0x40,0xe5,
    0x40,0xe5,0xa0,0xf5,0xa0,0xf5,0xa0,0xf5,0xa0,0xf5,0xa0,0xf5,0xc0,0xf5,0xc0,0xf5,
    0xc0,0xf5,0xc0,0xf5,0xc0,0xf5,0xc0,0xf5,0xc0,0xf5,0xc0,0xf5,0xc0,0xf5,0xc0,0xf5,
    0xe0,0xf5,0xe0,0xf5,0xe0,0xf5,0xe0,0xf5,0xe0,0xf5,0xe0,0xf5,0xe0,0xf5,0xe0,0xf5,
    0xe0,0xf5,0x00,0xf6,0x00,0xf6,0x00,0xf6,0x00,0xf6,0x00,0xf6,0x40,0xfe,0x20,0xac,
    0x80,0xcc,0x20,0xed,0x00,0xe5,0x00,0xe5,0x20,0xe5,0x20,0xe5,0x20,0xe5,0x20,0xe5,
    0x20,0xe5,0x20,0xe5,0x20,0xe5,0x20,0xe5,0x20,0xe5,0x40,0xe5,0x40,0xe5,0x40,0xe5,
    0x40,0xe5,0x20,0xe5,0x20,0xe5,0x20,0xe5,0x20,0xe5,0x20,0xe5,0x40,0xe5,0x40,0xe5,
    0x40,0xe5,0x40,0xe5,0x40,0xe5,0x40,0xe5,0x40,0xe5,0x40,0xe5,0x40,0xe5,0x40,0xe5,
    0x60,0xe5,0x60,0xe5,0x60,0xe5,0x60,0xe5,0x60,0xe5,0x60,0xe5,0x60,0xe5,0x60,0xe5,
    0x60,0xe5,0x80,0xe5,0x80,0xe5,0x80,0xe5,0x80,0xe5,0x80,0xdd,0xe0,0xed,0xe0,0x72,
    0x80,0xcc,0x20,0xed,0x00,0xe5,0x00,0xe5,0x20,0xe5,0x20,0xe5,0x20,0xe5,0x20,0xe5,
    0x20,0xe5,0x20,0xe5,0x20,0xe5,0x20,0xe5,0x20,0xe5,0x40,0xe5,0x40,0xe5,0x40,0xe5,
    0x40,0xe5,0x40,0xe5,0x40,0xe5,0x40,0xe5,0x40,0xe5,0x40,0xe5,0x60,0xe5,0x60,0xe5,
    0x60,0xe5,0x60,0xe5,0x60,0xe5,0x60,0xe5,0x60,0xe5,0x60,0xe5,0x60,0xe5,0x60,0xe5,
    0x80,0xe5,0x80,0xe5,0x80,0xe5,0x80,0xe5,0x80,0xe5,0x80,0xe5,0x80,0xe5,0x80,0xe5,
    0x80,0xe5,0xa0,0xe5,0xa0,0xe5,0xa0,0xe5,0xa0,0xe5,0xa0,0xe5,0xe0,0xed,0x20,0x52,
    0x80,0xcc,0x20,0xed,0x00,0xe5,0x00,0xe5,0x20,0xe5,0x20,0xe5,0x20,0xe5,0x20,0xe5,
    0x20,0xe5,0x20,0xe5,0x20,0xe5,0x20,0xe5,0x20,0xe5,0x40,0xe5,0x40,0xe5,0x40,0xe5,
    0x40,0xe5,0x40,0xe5,0x40,0xe5,0x40,0xe5,0x40,0xe5,0x40,0xe5,0x60,0xe5,0x60,0xe5,
    0x60,0xe5,0x60,0xe5,0x60,0xe5,0x60,0xe5,0x60,0xe5,0x60,0xe5,0x60,0xe5,0x60,0xe5,
    0x80,0xe5,0x80,0xe5,0x80,0xe5,0x80,0xe5,0x80,0xe5,0x80,0xe5,0x80,0xe5,0x80,0xe5,
    0x80,0xe5,0xa0,0xe5,0xa0,0xe5,0xa0,0xe5,0xa0,0xe5,0xa0,0xe5,0xa0,0xe5,0x40,0x31,
    0x80,0xcc,0x20,0xed,0x00,0xe5,0x00,0xe5,0x20,0xe5,0x20,0xe5,0x20,0xe5,0x20,0xe5,
    0x20,0xe5,0x20,0xe5,0x20,0xe5,0x20,0xe5,0x20,0xe5,0x40,0xe5,0x40,0xe5,0x40,0xe5,
    0x40,0xe5,0x40,0xe5,0x40,0xe5,0x40,0xe5,0x40,0xe5,0x40,0xe5,0x60,0xe5,0x60,0xe5,
    0x60,0xe5,0x60,0xe5,0x60,0xe5,0x60,0xe5,0x60,0xe5,0x60,0xe5,0x60,0xe5,0x60,0xe5,
    0x80,0xe5,0x80,0xe5,0x80,0xe5,0x80,0xe5,0x80,0xe5,0x80,0xe5,0x80,0xe5,0x80,0xe5,
    0x80,0xe5,0xa0,0xe5,0xa0,0xe5,0xa0,0xe5,0x80,0xe5,0xc0,0xed,0x40,0xd5,0xa0,0x18,
    0x80,0xcc,0x20,0xed,0x00,0xe5,0x00,0xe5,0x20,0xe5,0x20,0xe5,0x20,0xe5,0x20,0xe5,
    0x20,0xe5,0x20,0xe5,0x20,0xe5,0x20,0xe5,0x20,0xe5,0x40,0xe5,0x40,0xe5,0x40,0xe5,
    0x40,0xe5,0x40,0xe5,0x40,0xe5,0x40,0xe5,0x40,0xe5,0x40,0xe5,0x60,0xe5,0x60,0xe5,
    0x60,0xe5,0x60,0xe5,0x60,0xe5,0x60,0xe5,0x60,0xe5,0x60,0xe5,0x60,0xe5,0x60,0xe5,
    0x80,0xe5,0x80,0xe5,0x80,0xe5,0x80,0xe5,0x80,0xe5,0x80,0xe5,0x80,0xe5,0x80,0xe5,
    0x80,0xe5,0xa0,0xe5,0xa0,0xe5,0xa0,0xe5,0xa0,0xe5,0xe0,0xed,0xc0,0xc4,0x20,0x00,
    0x80,0xcc,0x20,0xed,0x00,0xe5,0x00,0xe5,0x20,0xe5,0x20,0xe5,0x20,0xe5,0x20,0xe5,
    0x20,0xe5,0x20,0xe5,0x20,0xe5,0x20,0xe5,0x20,0xe5,0x40,0xe5,0x40,0xe5,0x40,0xe5,
    0x40,0xe5,0x40,0xe5,0x40,0xe5,0x40,0xe5,0x40,0xe5,0x40,0xe5,0x60,0xe5,0x60,0xe5,
    0x60,0xe5,0x60,0xe5,0x60,0xe5,0x60,0xe5,0x60,0xe5,0x60,0xe5,0x60,0xe5,0x60,0xe5,
    0x80,0xe5,0x80,0xe5,0x80,0xe5,0x80,0xe5,0x80,0xe5,0x80,0xe5,0x80,0xe5,0x80,0xe5,
    0x80,0xe5,0xa0,0xe5,0xa0,0xe5,0xa0,0xe5,0x80,0xe5,0x00,0xf6,0x20,0xac,0x00,0x00,
    0x80,0xcc,0x20,0xed,0x00,0xe5,0x00,0xe5,0x20,0xe5,0x20,0xe5,0x20,0xe5,0x20,0xe5,
    0x20,0xe5,0x20,0xe5,0x20,0xe5,0x20,0xe5,0x20,0xe5,0x40,0xe5,0x40,0xe5,0x40,0xe5,
    0x40,0xe5,0x40,0xe5,0x40,0xe5,0x40,0xe5,0x40,0xe5,0x40,0xe5,0x60,0xe5,0x60,0xe5,
    0x60,0xe5,0x60,0xe5,0x60,0xe5,0x60,0xe5,0x60,0xe5,0x60,0xe5,0x60,0xe5,0x60,0xe5,
    0x80,0xe5,0x80,0xe5,0x80,0xe5,0x80,0xe5,0x80,0xe5,0x80,0xe5,0x80,0xe5,0x80,0xe5,
    0x80,0xe5,0xa0,0xe5,0xa0,0xe5,0xa0,0xe5,0x80,0xe5,0x00,0xf6,0x60,0x8b,0x00,0x00,
    0x80,0xcc,0x20,0xed,0x00,0xe5,0x00,0xe5,0x20,0xe5,0x20,0xe5,0x20,0xe5,0x20,0xe5,
    0x20,0xe5,0x20,0xe5,0x20,0xe5,0x20,0xe5,0x20,0xe5,0x40,0xe5,0x40,0xe5,0x40,0xe5,
    0x40,0xe5,0x40,0xe5,0x40,0xe5,0x40,0xe5,0x40,0xe5,0x40,0xe5,0x60,0xe5,0x60,0xe5,
    0x60,0xe5,0x60,0xe5,0x60,0xe5,0x60,0xe5,0x60,0xe5,0x60,0xe5,0x60,0xe5,0x60,0xe5,
    0x80,0xe5,0x80,0xe5,0x80,0xe5,0x80,0xe5,0x80,0xe5,0x80,0xe5,0x80,0xe5,0x80,0xe5,
    0x80,0xe5,0xa0,0xe5,0xa0,0xe5,0xa0,0xe5,0x80,0xe5,0x00,0xf6,0xa0,0x6a,0x00,0x00,
    0x80,0xcc,0x00,0xe5,0x00,0xe5,0x00,0xe5,0x00,0xe5,0x00,0xe5,0x00,0xe5,0x00,0xe5,
    0x20,0xe5,0x20,0xe5,0x20,0xe5,0x20,0xe5,0x20,0xe5,0x20,0xe5,0x20,0xe5,0x20,0xe5,
    0x20,0xe5,0x20,0xe5,0x40,0xe5,0x40,0xe5,0x40,0xe5,0x40,0xe5,0x40,0xe5,0x40,0xe5,
    0x40,0xe5,0x40,0xe5,0x40,0xe5,0x60,0xe5,0x60,0xe5,0x60,0xe5,0x60,0xe5,0x60,0xe5,
    0x60,0xe5,0x60,0xe5,0x60,0xe5,0x60,0xe5,0x80,0xe5,0x80,0xe5,0x80,0xe5,0x80,0xe5,
    0x80,0xe5,0x80,0xe5,0x80,0xe5,0x80,0xe5,0x80,0xe5,0xe0,0xf5,0xc0,0x49,0x00,0x00,
    0xa0,0xd4,0x40,0xed,0x20,0xed,0x20,0xed,0x40,0xed,0x40,0xed,0x40,0xed,0x40,0xed,
    0x40,0xed,0x40,0xed,0x40,0xed,0x40,0xed,0x40,0xed,0x60,0xed,0x60,0xed,0x60,0xed,
    0x60,0xed,0x60,0xed,0x60,0xed,0x60,0xed,0x60,0xed,0x60,0xed,0x80,0xed,0x80,0xed,
    0x80,0xed,0x80,0xed,0x80,0xed,0x80,0xed,0x80,0xed,0x80,0xed,0x80,0xed,0x80,0xed,
    0xa0,0xed,0xa0,0xed,0xa0,0xed,0xa0,0xed,0xa0,0xed,0xa0,0xed,0xa0,0xed,0xc0,0xed,
    0xc0,0xed,0xc0,0xed,0xc0,0xed,0xc0,0xed,0xc0,0xed,0xe0,0xed,0x00,0x29,0x00,0x00,
    0xe0,0xab,0x60,0xc4,0x40,0xc4,0x40,0xc4,0x40,0xc4,0x40,0xc4,0x60,0xc4,0x60,0xc4,
    0x60,0xc4,0x60,0xc4,0x60,0xc4,0x60,0xc4,0x60,0xc4,0x80,0xc4,0x80,0xc4,0x80,0xc4,
    0x80,0xc4,0x80,0xc4,0x80,0xc4,0x80,0xc4,0x80,0xc4,0x80,0xc4,0x80,0xc4,0x80,0xc4,
    0x80,0xc4,0xa0,0xc4,0xa0,0xc4,0xa0,0xc4,0xa0,0xc4,0xa0,0xc4,0xa0,0xc4,0xa0,0xc4,
    0xa0,0xc4,0xa0,0xc4,0xa0,0xc4,0xa0,0xc4,0xa0,0xc4,0xa0,0xc4,0xa0,0xc4,0xc0,0xc4,
    0xc0,0xc4,0xc0,0xc4,0xc0,0xc4,0xc0,0xc4,0xe0,0xc4,0xa0,0xbc,0x60,0x10,0x00,0x00,
};
const lv_img_dsc_t img_genex_3 = {
    .header.cf = LV_IMG_CF_TRUE_COLOR,
    .header.always_zero = 0,
    .header.reserved = 0,
    .header.w = 48,
    .header.h = 68,
    .data_size = 6528,
    .data = img_genex_3_map,
};

static const uint8_t img_genex_4_map[] = {
    0x00,0x00,0xa0,0x18,0xe0,0xc4,0xe0,0xc4,0xe0,0xc4,0xe0,0xc4,0xe0,0xc4,0xe0,0xc4,
    0xe0,0xc4,0x00,0xc5,0x00,0xc5,0x00,0xc5,0x00,0xc5,0x00,0xc5,0x00,0xc5,0x00,0xc5,
    0x00,0xc5,0x00,0xc5,0x00,0xc5,0x40,0xcd,0x80,0x39,0x00,0x00,0x00,0x00,0x00,0x00,
    0x00,0x00,0x00,0x00,0x00,0x00,0x00,0x00,0x00,0x00,0x00,0x00,0x00,0x00,0x00,0x00,
    0x00,0x00,0x00,0x00,0x00,0x00,0x00,0x00,0x00,0x00,0x00,0x00,0x00,0x00,0x00,0x00,
    0x00,0x00,0x00,0x00,0x00,0x00,0x00,0x00,0x20,0x73,0x80,0xd5,0x20,0xc5,0x40,0xc5,
    0x40,0xc5,0x40,0xc5,0x40,0xc5,0x40,0xc5,0x40,0xc5,0x40,0xc5,0x40,0xc5,0x40,0xc5,
    0x40,0xc5,0x40,0xc5,0x40,0xc5,0x40,0xc5,0x20,0xc5,0x80,0xcd,0xc0,0x41,0x00,0x00,
    0x00,0x00,0x20,0x83,0x40,0xfe,0xc0,0xe5,0xe0,0xed,0xe0,0xed,0xe0,0xed,0xe0,0xed,
    0x00,0xee,0x00,0xee,0x00,0xee,0x00,0xee,0x00,0xee,0x00,0xee,0x00,0xee,0x00,0xee,
    0x00,0xee,0x00,0xee,0x60,0xf6,0x80,0xac,0x00,0x00,0x00,0x00,0x00,0x00,0x00,0x00,
    0x00,0x00,0x00,0x00,0x00,0x00,0x00,0x00,0x00,0x00,0x00,0x00,0x00,0x00,0x00,0x00,
    0x00,0x00,0x00,0x00,0x00,0x00,0x00,0x00,0x00,0x00,0x00,0x00,0x00,0x00,0x00,0x00,
    0x00,0x00,0x00,0x00,0xe0,0x20,0x00,0xe6,0x60,0xee,0x40,0xee,0x40,0xee,0x40,0xee,
    0x40,0xee,0x40,0xee,0x40,0xee,0x40,0xee,0x40,0xee,0x40,0xee,0x40,0xee,0x40,0xee,
    0x40,0xee,0x40,0xee,0x20,0xe6,0xa0,0xfe,0x60,0xa4,0x20,0x00,0x00,0x00,0x00,0x00,
    0x20,0x00,0xe0,0xc4,0xe0,0xed,0xa0,0xe5,0xc0,0xe5,0xc0,0xe5,0xc0,0xe5,0xc0,0xe5,
    0xc0,0xe5,0xc0,0xe5,0xc0,0xe5,0xc0,0xe5,0xc0,0xe5,0xe0,0xe5,0xe0,0xe5,0xe0,0xe5,
    0xe0,0xe5,0xc0,0xe5,0x40,0xf6,0xc0,0x41,0x00,0x00,0x00,0x00,0x00,0x00,0x00,0x00,
    0x00,0x00,0x00,0x00,0x00,0x00,0x00,0x00,0x00,0x00,0x00,0x00,0x00,0x00,0x00,0x00,
    0x00,0x00,0x00,0x00,0x00,0x00,0x00,0x00,0x00,0x00,0x00,0x00,0x00,0x00,0x00,0x00,
    0x00,0x00,0x00,0x9c,0x80,0xf6,0x00,0xe6,0x00,0xe6,0x00,0xe6,0x00,0xe6,0x00,0xe6,
    0x00,0xe6,0x00,0xe6,0x00,0xe6,0x00,0xe6,0x00,0xe6,0x00,0xe6,0x00,0xe6,0x00,0xe6,
    0x00,0xe6,0x20,0xe6,0xc0,0xdd,0xa0,0x18,0x00,0x00,0x00,0x00,0x00,0x00,0x00,0x00,
    0x80,0x39,0x00,0xee,0xc0,0xe5,0xc0,0xe5,0xc0,0xe5,0xc0,0xe5,0xc0,0xe5,0xc0,0xe5,
    0xe0,0xe5,0xe0,0xe5,0xe0,0xe5,0xe0,0xe5,0xe0,0xe5,0xe0,0xe5,0xe0,0xe5,0xe0,0xe5,
    0xe0,0xe5,0x20,0xee,0xe0,0xbc,0x00,0x00,0x00,0x00,0x00,0x00,0x00,0x00,0x00,0x00,
    0x00,0x00,0x00,0x00,0x00,0x00,0x00,0x00,0x00,0x00,0x00,0x00,0x00,0x00,0x00,0x00,
    0x00,0x00,0x00,0x00,0x00,0x00,0x00,0x00,0x00,0x00,0x00,0x00,0x00,0x00,0x60,0x31,
    0x40,0xee,0x20,0xe6,0x20,0xe6,0x20,0xe6,0x20,0xe6,0x20,0xe6,0x20,0xe6,0x20,0xe6,
    0x20,0xe6,0x20,0xe6,0x20,0xe6,0x20,0xe6,0x20,0xe6,0x20,0xe6,0x20,0xe6,0x00,0xe6,
    0x80,0xf6,0x60,0x5a,0x00,0x00,0x00,0x00,0x00,0x00,0x00,0x00,0x00,0x00,0x00,0x00,
    0x80,0x8b,0x20,0xf6,0xa0,0xe5,0xc0,0xe5,0xc0,0xe5,0xc0,0xe5,0xc0,0xe5,0xe0,0xe5,
    0xe0,0xe5,0xe0,0xe5,0xe0,0xe5,0xe0,0xe5,0xe0,0xe5,0xe0,0xe5,0xe0,0xe5,0xe0,0xe5,
    0xe0,0xe5,0x60,0xf6,0x20,0x52,0x00,0x00,0x00,0x00,0x00,0x00,0x00,0x00,0x00,0x00,
    0x00,0x00,0x00,0x00,0x00,0x00,0x00,0x00,0x00,0x00,0x00,0x00,0x00,0x00,0x00,0x00,
    0x00,0x00,0x00,0x00,0x00,0x00,0x00,0x00,0x00,0x00,0x00,0x00,0xa0,0xac,0x60,0xf6,
    0x00,0xe6,0x20,0xe6,0x20,0xe6,0x20,0xe6,0x20,0xe6,0x20,0xe6,0x20,0xe6,0x20,0xe6,
    0x20,0xe6,0x20,0xe6,0x20,0xe6,0x20,0xe6,0x20,0xe6,0x00,0xe6,0x80,0xf6,0x60,0xa4,
    0x00,0x00,0x00,0x00,0x00,0x00,0x00,0x00,0x00,0x00,0x00,0x00,0x00,0x00,0x60,0x10,
    0x40,0xd5,0xe0,0xed,0xc0,0xe5,0xc0,0xe5,0xc0,0xe5,0xc0,0xe5,0xe0,0xe5,0xe0,0xe5,
    0xe0,0xe5,0xe0,0xe5,0xe0,0xe5,0xe0,0xe5,0xe0,0xe5,0xe0,0xe5,0xe0,0xe5,0xe0,0xe5,
    0x20,0xee,0x20,0xc5,0x20,0x08,0x00,0x00,0x00,0x00,0x00,0x00,0x00,0x00,0x00,0x00,
    0x00,0x00,0x00,0x00,0x00,0x00,0x00,0x00,0x00,0x00,0x00,0x00,0x00,0x00,0x00,0x00,
    0x00,0x00,0x00,0x00,0x00,0x00,0x00,0x00,0x00,0x4a,0x80,0xf6,0x00,0xe6,0x20,0xe6,
    0x20,0xe6,0x20,0xe6,0x20,0xe6,0x20,0xe6,0x20,0xe6,0x20,0xe6,0x20,0xe6,0x20,0xe6,
    0x20,0xe6,0x20,0xe6,0x20,0xe6,0x00,0xe6,0x20,0xe6,0xe0,0xdd,0xc0,0x18,0x00,0x00,
    0x00,0x00,0x00,0x00,0x00,0x00,0x00,0x00,0x00,0x00,0x00,0x00,0x00,0x00,0x00,0x52,
    0x20,0xf6,0xa0,0xe5,0xc0,0xe5,0xc0,0xe5,0xc0,0xe5,0xe0,0xe5,0xe0,0xe5,0xe0,0xe5,
    0xe0,0xe5,0xe0,0xe5,0xe0,0xe5,0xe0,0xe5,0xe0,0xe5,0xe0,0xe5,0x00,0xe6,0xe0,0xe5,
    0x60,0xf6,0x80,0x62,0x00,0x00,0x00,0x00,0x00,0x00,0x00,0x00,0x00,0x00,0x00,0x00,
    0x00,0x00,0x00,0x00,0x00,0x00,0x00,0x00,0x00,0x00,0x00,0x00,0x00,0x00,0x00,0x00,
    0x00,0x00,0x00,0x00,0x20,0x00,0x20,0xc5,0x40,0xee,0x00,0xe6,0x20,0xe6,0x20,0xe6,
    0x20,0xe6,0x20,0xe6,0x20,0xe6,0x20,0xe6,0x20,0xe6,0x20,0xe6,0x20,0xe6,0x20,0xe6,
    0x20,0xe6,0x20,0xe6,0x00,0xe6,0x80,0xf6,0x80,0x5a,0x00,0x00,0x00,0x00,0x00,0x00,
    0x00,0x00,0x00,0x00,0x00,0x00,0x00,0x00,0x00,0x00,0x00,0x00,0x00,0x00,0x20,0xa4,
    0x20,0xf6,0xc0,0xe5,0xc0,0xe5,0xc0,0xe5,0xe0,0xe5,0xe0,0xe5,0xe0,0xe5,0xe0,0xe5,
    0xe0,0xe5,0xe0,0xe5,0xe0,0xe5,0xe0,0xe5,0xe0,0xe5,0x00,0xe6,0xe0,0xe5,0x20,0xee,
    0x60,0xcd,0x40,0x08,0x00,0x00,0x00,0x00,0x00,0x00,0x00,0x00,0x00,0x00,0x00,0x00,
    0x00,0x00,0x00,0x00,0x00,0x00,0x00,0x00,0x00,0x00,0x00,0x00,0x00,0x00,0x00,0x00,
    0x00,0x00,0xa0,0x62,0x80,0xf6,0x00,0xe6,0x20,0xe6,0x20,0xe6,0x20,0xe6,0x20,0xe6,
    0x20,0xe6,0x20,0xe6,0x20,0xe6,0x20,0xe6,0x20,0xe6,0x20,0xe6,0x20,0xe6,0x20,0xe6,
    0x00,0xe6,0x80,0xf6,0x80,0xac,0x00,0x00,0x00,0x00,0x00,0x00,0x00,0x00,0x00,0x00,
    0x00,0x00,0x00,0x00,0x00,0x00,0x00,0x00,0x00,0x00,0x00,0x00,0xc0,0x20,0xa0,0xe5,
    0xe0,0xe5,0xc0,0xe5,0xc0,0xe5,0xe0,0xe5,0xe0,0xe5,0xe0,0xe5,0xe0,0xe5,0xe0,0xe5,
    0xe0,0xe5,0xe0,0xe5,0xe0,0xe5,0xe0,0xe5,0x00,0xe6,0x00,0xe6,0xe0,0xe5,0x60,0xf6,
    0xe0,0x6a,0x00,0x00,0x00,0x00,0x00,0x00,0x00,0x00,0x00,0x00,0x00,0x00,0x00,0x00,
    0x00,0x00,0x00,0x00,0x00,0x00,0x00,0x00,0x00,0x00,0x00,0x00,0x00,0x00,0x60,0x10,
    0xa0,0xd5,0x40,0xee,0x00,0xe6,0x20,0xe6,0x20,0xe6,0x20,0xe6,0x20,0xe6,0x20,0xe6,
    0x20,0xe6,0x20,0xe6,0x20,0xe6,0x20,0xe6,0x20,0xe6,0x20,0xe6,0x00,0xe6,0x20,0xe6,
    0x00,0xe6,0xe0,0x20,0x00,0x00,0x00,0x00,0x00,0x00,0x00,0x00,0x00,0x00,0x00,0x00,
    0x00,0x00,0x00,0x00,0x00,0x00,0x00,0x00,0x00,0x00,0x00,0x00,0xa0,0x6a,0x40,0xf6,
    0xc0,0xe5,0xc0,0xe5,0xe0,0xe5,0xe0,0xe5,0xe0,0xe5,0xe0,0xe5,0xe0,0xe5,0xe0,0xe5,
    0xe0,0xe5,0xe0,0xe5,0xe0,0xe5,0x00,0xe6,0x00,0xe6,0xe0,0xe5,0x00,0xee,0xa0,0xd5,
    0x80,0x10,0x00,0x00,0x00,0x00,0x00,0x00,0x00,0x00,0x00,0x00,0x00,0x00,0x00,0x00,
    0x00,0x00,0x00,0x00,0x00,0x00,0x00,0x00,0x00,0x00,0x00,0x00,0x40,0x7b,0x80,0xf6,
    0x00,0xe6,0x20,0xe6,0x20,0xe6,0x20,0xe6,0x20,0xe6,0x20,0xe6,0x20,0xe6,0x20,0xe6,
    0x20,0xe6,0x20,0xe6,0x20,0xe6,0x20,0xe6,0x20,0xe6,0x00,0xe6,0x80,0xf6,0xa0,0x62,
    0x00,0x00,0x00,0x00,0x00,0x00,0x00,0x00,0x00,0x00,0x00,0x00,0x00,0x00,0x00,0x00,
    0x00,0x00,0x00,0x00,0x00,0x00,0x00,0x00,0x00,0x00,0x00,0x00,0xa0,0xb4,0x00,0xee,
    0xc0,0xe5,0xe0,0xe5,0xe0,0xe5,0xe0,0xe5,0xe0,0xe5,0xe0,0xe5,0xe0,0xe5,0xe0,0xe5,
    0xe0,0xe5,0xe0,0xe5,0x00,0xe6,0x00,0xe6,0x00,0xe6,0xe0,0xe5,0x60,0xf6,0x40,0x7b,
    0x00,0x00,0x00,0x00,0x00,0x00,0x00,0x00,0x00,0x00,0x00,0x00,0x00,0x00,0x00,0x00,
    0x00,0x00,0x00,0x00,0x00,0x00,0x00,0x00,0xc0,0x18,0x00,0xe6,0x20,0xe6,0x00,0xe6,
    0x20,0xe6,0x20,0xe6,0x20,0xe6,0x20,0xe6,0x20,0xe6,0x20,0xe6,0x20,0xe6,0x20,0xe6,
    0x20,0xe6,0x20,0xe6,0x20,0xe6,0x00,0xe6,0x80,0xf6,0xa0,0xac,0x00,0x00,0x00,0x00,
    0x00,0x00,0x00,0x00,0x00,0x00,0x00,0x00,0x00,0x00,0x00,0x00,0x00,0x00,0x00,0x00,
    0x00,0x00,0x00,0x00,0x00,0x00,0x00,0x00,0x00,0x00,0x40,0x31,0xe0,0xed,0xc0,0xe5,
    0xc0,0xe5,0xe0,0xe5,0xe0,0xe5,0xe0,0xe5,0xe0,0xe5,0xe0,0xe5,0xe0,0xe5,0xe0,0xe5,
    0xe0,0xe5,0x00,0xe6,0x00,0xe6,0x00,0xe6,0xe0,0xe5,0x00,0xe6,0xe0,0xdd,0xc0,0x18,
    0x00,0x00,0x00,0x00,0x00,0x00,0x00,0x00,0x00,0x00,0x00,0x00,0x00,0x00,0x00,0x00,
    0x00,0x00,0x00,0x00,0x00,0x00,0x00,0x94,0x80,0xf6,0x00,0xe6,0x20,0xe6,0x20,0xe6,
    0x20,0xe6,0x20,0xe6,0x20,0xe6,0x20,0xe6,0x20,0xe6,0x20,0xe6,0x20,0xe6,0x20,0xe6,
    0x20,0xe6,0x00,0xe6,0x20,0xe6,0x00,0xe6,0xe0,0x20,0x00,0x00,0x00,0x00,0x00,0x00,
    0x00,0x00,0x00,0x00,0x00,0x00,0x00,0x00,0x00,0x00,0x00,0x00,0x00,0x00,0x00,0x00,
    0x00,0x00,0x00,0x00,0x00,0x00,0x00,0x00,0x00,0x00,0x40,0x83,0x40,0xf6,0xc0,0xe5,
    0xe0,0xe5,0xe0,0xe5,0xe0,0xe5,0xe0,0xe5,0xe0,0xe5,0xe0,0xe5,0xe0,0xe5,0xe0,0xe5,
    0x00,0xe6,0x00,0xe6,0x00,0xe6,0x00,0xe6,0xe0,0xe5,0x60,0xf6,0xa0,0x8b,0x00,0x00,
    0x00,0x00,0x00,0x00,0x00,0x00,0x00,0x00,0x00,0x00,0x00,0x00,0x00,0x00,0x00,0x00,
    0x00,0x00,0x40,0x31,0x40,0xee,0x20,0xe6,0x20,0xe6,0x20,0xe6,0x20,0xe6,0x20,0xe6,
    0x20,0xe6,0x20,0xe6,0x20,0xe6,0x20,0xe6,0x20,0xe6,0x20,0xe6,0x20,0xe6,0x20,0xe6,
    0x00,0xe6,0x80,0xf6,0xc0,0x62,0x00,0x00,0x00,0x00,0x00,0x00,0x00,0x00,0x00,0x00,
    0x00,0x00,0x00,0x00,0x00,0x00,0x00,0x00,0x00,0x00,0x00,0x00,0x00,0x00,0x00,0x00,
    0x00,0x00,0x00,0x00,0x00,0x00,0x00,0x00,0x40,0x08,0x20,0xcd,0x00,0xee,0xc0,0xe5,
    0xe0,0xe5,0xe0,0xe5,0xe0,0xe5,0xe0,0xe5,0xe0,0xe5,0xe0,0xe5,0xe0,0xe5,0x00,0xe6,
    0x00,0xe6,0x00,0xe6,0x00,0xe6,0x00,0xe6,0x00,0xe6,0x00,0xe6,0xe0,0x20,0x00,0x00,
    0x00,0x00,0x00,0x00,0x00,0x00,0x00,0x00,0x00,0x00,0x00,0x00,0x00,0x00,0x00,0x00,
    0x80,0xac,0x80,0xf6,0x00,0xe6,0x20,0xe6,0x20,0xe6,0x20,0xe6,0x20,0xe6,0x20,0xe6,
    0x20,0xe6,0x20,0xe6,0x20,0xe6,0x20,0xe6,0x20,0xe6,0x20,0xe6,0x00,0xe6,0x60,0xf6,
    0xc0,0xb4,0x00,0x00,0x00,0x00,0x00,0x00,0x00,0x00,0x00,0x00,0x00,0x00,0x00,0x00,
    0x00,0x00,0x00,0x00,0x00,0x00,0x00,0x00,0x00,0x00,0x00,0x00,0x00,0x00,0x00,0x00,
    0x00,0x00,0x00,0x00,0x00,0x00,0x00,0x00,0xc0,0x41,0x20,0xf6,0xc0,0xe5,0xe0,0xe5,
    0xe0,0xe5,0xe0,0xe5,0xe0,0xe5,0xe0,0xe5,0xe0,0xe5,0xe0,0xe5,0x00,0xe6,0x00,0xe6,
    0x00,0xe6,0x00,0xe6,0x00,0xe6,0xe0,0xe5,0x60,0xf6,0x00,0x94,0x00,0x00,0x00,0x00,
    0x00,0x00,0x00,0x00,0x00,0x00,0x00,0x00,0x00,0x00,0x00,0x00,0xe0,0x41,0x80,0xf6,
    0x00,0xe6,0x20,0xe6,0x20,0xe6,0x20,0xe6,0x20,0xe6,0x20,0xe6,0x20,0xe6,0x20,0xe6,
    0x20,0xe6,0x20,0xe6,0x20,0xe6,0x20,0xe6,0x00,0xe6,0x20,0xe6,0x20,0xe6,0x00,0x21,
    0x00,0x00,0x00,0x00,0x00,0x00,0x00,0x00,0x00,0x00,0x00,0x00,0x00,0x00,0x00,0x00,
    0x00,0x00,0x00,0x00,0x00,0x00,0x00,0x00,0x00,0x00,0x00,0x00,0x00,0x00,0x00,0x00,
    0x00,0x00,0x00,0x00,0x00,0x00,0x00,0x00,0xc0,0x93,0x40,0xf6,0xc0,0xe5,0xe0,0xe5,
    0xe0,0xe5,0xe0,0xe5,0xe0,0xe5,0xe0,0xe5,0xe0,0xe5,0x00,0xe6,0x00,0xe6,0x00,0xe6,
    0x00,0xe6,0x00,0xe6,0x00,0xe6,0x00,0xe6,0x20,0xee,0x40,0x29,0x00,0x00,0x00,0x00,
    0x00,0x00,0x00,0x00,0x00,0x00,0x00,0x00,0x20,0x00,0x20,0xbd,0x60,0xee,0x00,0xe6,
    0x20,0xe6,0x20,0xe6,0x20,0xe6,0x20,0xe6,0x20,0xe6,0x20,0xe6,0x20,0xe6,0x20,0xe6,
    0x20,0xe6,0x20,0xe6,0x20,0xe6,0x00,0xe6,0xa0,0xf6,0xe0,0x6a,0x00,0x00,0x00,0x00,
    0x00,0x00,0x00,0x00,0x00,0x00,0x00,0x00,0x00,0x00,0x00,0x00,0x00,0x00,0x00,0x00,
    0x00,0x00,0x00,0x00,0x00,0x00,0x00,0x00,0x00,0x00,0x00,0x00,0x00,0x00,0x00,0x00,
    0x00,0x00,0x00,0x00,0x00,0x00,0x80,0x10,0x80,0xdd,0xe0,0xed,0xc0,0xe5,0xe0,0xe5,
    0xe0,0xe5,0xe0,0xe5,0xe0,0xe5,0xe0,0xe5,0x00,0xe6,0x00,0xe6,0x00,0xe6,0x00,0xe6,
    0x00,0xe6,0x00,0xe6,0xe0,0xe5,0x60,0xf6,0x60,0xa4,0x00,0x00,0x00,0x00,0x00,0x00,
    0x00,0x00,0x00,0x00,0x00,0x00,0x80,0x5a,0x80,0xf6,0x00,0xe6,0x20,0xe6,0x20,0xe6,
    0x20,0xe6,0x20,0xe6,0x20,0xe6,0x20,0xe6,0x20,0xe6,0x20,0xe6,0x20,0xe6,0x20,0xe6,
    0x20,0xe6,0x00,0xe6,0x60,0xf6,0xe0,0xb4,0x00,0x00,0x00,0x00,0x00,0x00,0x00,0x00,
    0x00,0x00,0x00,0x00,0x00,0x00,0x00,0x00,0x00,0x00,0x00,0x00,0x00,0x00,0x00,0x00,
    0x00,0x00,0x00,0x00,0x00,0x00,0x00,0x00,0x00,0x00,0x00,0x00,0x00,0x00,0x00,0x00,
    0x00,0x00,0x00,0x00,0x00,0x00,0x40,0x5a,0x40,0xf6,0xc0,0xe5,0xe0,0xe5,0xe0,0xe5,
    0xe0,0xe5,0xe0,0xe5,0xe0,0xe5,0x00,0xe6,0x00,0xe6,0x00,0xe6,0x00,0xe6,0x00,0xe6,
    0x00,0xe6,0x00,0xe6,0x00,0xe6,0x40,0xee,0x80,0x39,0x00,0x00,0x00,0x00,0x00,0x00,
    0x00,0x00,0x60,0x08,0x80,0xd5,0x40,0xee,0x00,0xe6,0x20,0xe6,0x20,0xe6,0x20,0xe6,
    0x20,0xe6,0x20,0xe6,0x20,0xe6,0x20,0xe6,0x20,0xe6,0x20,0xe6,0x20,0xe6,0x20,0xe6,
    0x20,0xe6,0x20,0xe6,0x20,0x29,0x00,0x00,0x00,0x00,0x00,0x00,0x00,0x00,0x00,0x00,
    0x00,0x00,0x00,0x00,0x00,0x00,0x00,0x00,0x00,0x00,0x00,0x00,0x00,0x00,0x00,0x00,
    0x00,0x00,0x00,0x00,0x00,0x00,0x00,0x00,0x00,0x00,0x00,0x00,0x00,0x00,0x00,0x00,
    0x00,0x00,0x00,0x00,0x00,0x00,0x60,0xac,0x20,0xf6,0xc0,0xe5,0xe0,0xe5,0xe0,0xe5,
    0xe0,0xe5,0xe0,0xe5,0x00,0xe6,0x00,0xe6,0x00,0xe6,0x00,0xe6,0x00,0xe6,0x00,0xe6,
    0x00,0xe6,0x00,0xe6,0x60,0xf6,0xa0,0xac,0x00,0x00,0x00,0x00,0x00,0x00,0x00,0x00,
    0x20,0x7b,0x80,0xf6,0x00,0xe6,0x20,0xe6,0x20,0xe6,0x20,0xe6,0x20,0xe6,0x20,0xe6,
    0x20,0xe6,0x20,0xe6,0x20,0xe6,0x20,0xe6,0x20,0xe6,0x20,0xe6,0x00,0xe6,0x80,0xf6,
    0x00,0x73,0x00,0x00,0x00,0x00,0x00,0x00,0x00,0x00,0x00,0x00,0x00,0x00,0x00,0x00,
    0x00,0x00,0x00,0x00,0x00,0x00,0x00,0x00,0x00,0x00,0x00,0x00,0x00,0x00,0x00,0x00,
    0x00,0x00,0x00,0x00,0x00,0x00,0x00,0x00,0x00,0x00,0x00,0x00,0x00,0x00,0x00,0x00,
    0x00,0x00,0x00,0x00,0xe0,0x20,0xe0,0xe5,0xe0,0xe5,0xe0,0xe5,0xe0,0xe5,0xe0,0xe5,
    0xe0,0xe5,0x00,0xe6,0x00,0xe6,0x00,0xe6,0x00,0xe6,0x00,0xe6,0x00,0xe6,0x00,0xe6,
    0x00,0xe6,0x00,0xe6,0x60,0xf6,0xe0,0x41,0x00,0x00,0x00,0x00,0xc0,0x18,0xe0,0xdd,
    0x20,0xe6,0x00,0xe6,0x20,0xe6,0x20,0xe6,0x20,0xe6,0x20,0xe6,0x20,0xe6,0x20,0xe6,
    0x20,0xe6,0x20,0xe6,0x20,0xe6,0x20,0xe6,0x00,0xe6,0x60,0xee,0x00,0xbd,0x20,0x00,
    0x00,0x00,0x00,0x00,0x00,0x00,0x00,0x00,0x00,0x00,0x00,0x00,0x00,0x00,0x00,0x00,
    0x00,0x00,0x00,0x00,0x00,0x00,0x00,0x00,0x00,0x00,0x00,0x00,0x00,0x00,0x00,0x00,
    0x00,0x00,0x00,0x00,0x00,0x00,0x00,0x00,0x00,0x00,0x00,0x00,0x00,0x00,0x00,0x00,
    0x00,0x00,0x00,0x00,0xe0,0x72,0x40,0xf6,0xc0,0xe5,0xe0,0xe5,0xe0,0xe5,0xe0,0xe5,
    0x00,0xe6,0x00,0xe6,0x00,0xe6,0x00,0xe6,0x00,0xe6,0x00,0xe6,0x00,0xe6,0x00,0xe6,
    0x00,0xe6,0x40,0xee,0x00,0xbd,0x20,0x00,0x00,0x00,0xc0,0x93,0x80,0xf6,0x00,0xe6,
    0x20,0xe6,0x20,0xe6,0x20,0xe6,0x20,0xe6,0x20,0xe6,0x20,0xe6,0x20,0xe6,0x20,0xe6,
    0x20,0xe6,0x20,0xe6,0x00,0xe6,0x20,0xe6,0x40,0xe6,0x40,0x29,0x00,0x00,0x00,0x00,
    0x00,0x00,0x00,0x00,0x00,0x00,0x00,0x00,0x00,0x00,0x00,0x00,0x00,0x00,0x00,0x00,
    0x00,0x00,0x00,0x00,0x00,0x00,0x00,0x00,0x00,0x00,0x00,0x00,0x00,0x00,0x00,0x00,
    0x00,0x00,0x00,0x00,0x00,0x00,0x00,0x00,0x00,0x00,0x00,0x00,0x00,0x00,0x00,0x00,
    0x00,0x00,0x20,0x00,0xe0,0xbc,0x20,0xee,0xe0,0xe5,0xe0,0xe5,0xe0,0xe5,0x00,0xe6,
    0x00,0xe6,0x00,0xe6,0x00,0xe6,0x00,0xe6,0x00,0xe6,0x00,0xe6,0x00,0xe6,0x00,0xe6,
    0x00,0xe6,0x80,0xf6,0xe0,0x49,0xc0,0x18,0x40,0xee,0x00,0xe6,0x20,0xe6,0x20,0xe6,
    0x20,0xe6,0x20,0xe6,0x20,0xe6,0x20,0xe6,0x20,0xe6,0x20,0xe6,0x20,0xe6,0x20,0xe6,
    0x20,0xe6,0x00,0xe6,0xa0,0xf6,0x20,0x73,0x00,0x00,0x00,0x00,0x00,0x00,0x00,0x00,
    0x00,0x00,0x00,0x00,0x00,0x00,0x00,0x00,0x00,0x00,0x00,0x00,0x00,0x00,0x00,0x00,
    0x00,0x00,0x00,0x00,0x00,0x00,0x00,0x00,0x00,0x00,0x00,0x00,0x00,0x00,0x00,0x00,
    0x00,0x00,0x00,0x00,0x00,0x00,0x00,0x00,0x00,0x00,0x00,0x00,0x00,0x00,0x00,0x00,
    0x00,0x00,0x60,0x31,0x00,0xee,0xe0,0xe5,0xe0,0xe5,0xe0,0xe5,0x00,0xe6,0x00,0xe6,
    0x00,0xe6,0x00,0xe6,0x00,0xe6,0x00,0xe6,0x00,0xe6,0x00,0xe6,0x00,0xe6,0x00,0xe6,
    0x40,0xee,0x00,0xbd,0xa0,0xac,0x60,0xf6,0x00,0xe6,0x20,0xe6,0x20,0xe6,0x20,0xe6,
    0x20,0xe6,0x20,0xe6,0x20,0xe6,0x20,0xe6,0x20,0xe6,0x20,0xe6,0x20,0xe6,0x00,0xe6,
    0x60,0xee,0x00,0xbd,0x20,0x00,0x00,0x00,0x00,0x00,0x00,0x00,0x00,0x00,0x00,0x00,
    0x00,0x00,0x00,0x00,0x00,0x00,0x00,0x00,0x00,0x00,0x00,0x00,0x00,0x00,0x00,0x00,
    0x00,0x00,0x00,0x00,0x00,0x00,0x00,0x00,0x00,0x00,0x00,0x00,0x00,0x00,0x00,0x00,
    0x00,0x00,0x00,0x00,0x00,0x00,0x00,0x00,0x00,0x00,0x00,0x00,0x00,0x00,0x00,0x00,
    0x00,0x00,0x60,0x83,0x60,0xf6,0xc0,0xe5,0xe0,0xe5,0x00,0xe6,0x00,0xe6,0x00,0xe6,
    0x00,0xe6,0x00,0xe6,0x00,0xe6,0x00,0xe6,0x00,0xe6,0x00,0xe6,0x20,0xe6,0x00,0xe6,
    0x40,0xee,0x40,0xee,0x20,0xe6,0x20,0xe6,0x20,0xe6,0x20,0xe6,0x20,0xe6,0x20,0xe6,
    0x20,0xe6,0x20,0xe6,0x20,0xe6,0x20,0xe6,0x20,0xe6,0x20,0xe6,0x20,0xe6,0x40,0xee,
    0x40,0x31,0x00,0x00,0x00,0x00,0x00,0x00,0x00,0x00,0x00,0x00,0x00,0x00,0x00,0x00,
    0x00,0x00,0x00,0x00,0x00,0x00,0x00,0x00,0x00,0x00,0x00,0x00,0x00,0x00,0x00,0x00,
    0x00,0x00,0x00,0x00,0x00,0x00,0x00,0x00,0x00,0x00,0x00,0x00,0x00,0x00,0x00,0x00,
    0x00,0x00,0x00,0x00,0x00,0x00,0x00,0x00,0x00,0x00,0x00,0x00,0x00,0x00,0x00,0x00,
    0x60,0x08,0x60,0xcd,0x00,0xee,0xe0,0xe5,0x00,0xe6,0x00,0xe6,0x00,0xe6,0x00,0xe6,
    0x00,0xe6,0x00,0xe6,0x00,0xe6,0x00,0xe6,0x00,0xe6,0x20,0xe6,0x20,0xe6,0x00,0xe6,
    0x00,0xe6,0x20,0xe6,0x20,0xe6,0x20,0xe6,0x20,0xe6,0x20,0xe6,0x20,0xe6,0x20,0xe6,
    0x20,0xe6,0x20,0xe6,0x20,0xe6,0x20,0xe6,0x00,0xe6,0x80,0xf6,0x40,0x7b,0x00,0x00,
    0x00,0x00,0x00,0x00,0x00,0x00,0x00,0x00,0x00,0x00,0x00,0x00,0x00,0x00,0x00,0x00,
    0x00,0x00,0x00,0x00,0x00,0x00,0x00,0x00,0x00,0x00,0x00,0x00,0x00,0x00,0x00,0x00,
    0x00,0x00,0x00,0x00,0x00,0x00,0x00,0x00,0x00,0x00,0x00,0x00,0x00,0x00,0x00,0x00,
    0x00,0x00,0x00,0x00,0x00,0x00,0x00,0x00,0x00,0x00,0x00,0x00,0x00,0x00,0x00,0x00,
    0xe0,0x49,0x40,0xf6,0xe0,0xe5,0x00,0xe6,0x00,0xe6,0x00,0xe6,0x00,0xe6,0x00,0xe6,
    0x00,0xe6,0x00,0xe6,0x00,0xe6,0x00,0xe6,0x20,0xe6,0x20,0xe6,0x20,0xe6,0x20,0xe6,
    0x20,0xe6,0x20,0xe6,0x20,0xe6,0x20,0xe6,0x20,0xe6,0x20,0xe6,0x20,0xe6,0x20,0xe6,
    0x20,0xe6,0x20,0xe6,0x00,0xe6,0x60,0xee,0x20,0xc5,0x20,0x00,0x00,0x00,0x00,0x00,
    0x00,0x00,0x00,0x00,0x00,0x00,0x00,0x00,0x00,0x00,0x00,0x00,0x00,0x00,0x00,0x00,
    0x00,0x00,0x00,0x00,0x00,0x00,0x00,0x00,0x00,0x00,0x00,0x00,0x00,0x00,0x00,0x00,
    0x00,0x00,0x00,0x00,0x00,0x00,0x00,0x00,0x00,0x00,0x00,0x00,0x00,0x00,0x00,0x00,
    0x00,0x00,0x00,0x00,0x00,0x00,0x00,0x00,0x00,0x00,0x00,0x00,0x00,0x00,0x00,0x00,
    0x00,0x9c,0x40,0xf6,0xe0,0xe5,0x00,0xe6,0x00,0xe6,0x00,0xe6,0x00,0xe6,0x00,0xe6,
    0x00,0xe6,0x00,0xe6,0x00,0xe6,0x20,0xe6,0x20,0xe6,0x20,0xe6,0x20,0xe6,0x20,0xe6,
    0x20,0xe6,0x20,0xe6,0x20,0xe6,0x20,0xe6,0x20,0xe6,0x20,0xe6,0x20,0xe6,0x20,0xe6,
    0x20,0xe6,0x20,0xe6,0x40,0xee,0x60,0x31,0x00,0x00,0x00,0x00,0x00,0x00,0x00,0x00,
    0x00,0x00,0x00,0x00,0x00,0x00,0x00,0x00,0x00,0x00,0x00,0x00,0x00,0x00,0x00,0x00,
    0x00,0x00,0x00,0x00,0x00,0x00,0x00,0x00,0x00,0x00,0x00,0x00,0x00,0x00,0x00,0x00,
    0x00,0x00,0x00,0x00,0x00,0x00,0x00,0x00,0x00,0x00,0x00,0x00,0x00,0x00,0x00,0x00,
    0x00,0x00,0x00,0x00,0x00,0x00,0x00,0x00,0x00,0x00,0x00,0x00,0x00,0x00,0xa0,0x18,
    0xa0,0xdd,0x00,0xe6,0xe0,0xe5,0x00,0xe6,0x00,0xe6,0x00,0xe6,0x00,0xe6,0x00,0xe6,
    0x00,0xe6,0x00,0xe6,0x20,0xe6,0x20,0xe6,0x20,0xe6,0x20,0xe6,0x20,0xe6,0x20,0xe6,
    0x20,0xe6,0x20,0xe6,0x20,0xe6,0x20,0xe6,0x20,0xe6,0x20,0xe6,0x20,0xe6,0x00,0xe6,
    0x80,0xf6,0x60,0x7b,0x00,0x00,0x00,0x00,0x00,0x00,0x00,0x00,0x00,0x00,0x00,0x00,
    0x00,0x00,0x00,0x00,0x00,0x00,0x00,0x00,0x00,0x00,0x00,0x00,0x00,0x00,0x00,0x00,
    0x00,0x00,0x00,0x00,0x00,0x00,0x00,0x00,0x00,0x00,0x00,0x00,0x00,0x00,0x00,0x00,
    0x00,0x00,0x00,0x00,0x00,0x00,0x00,0x00,0x00,0x00,0x00,0x00,0x00,0x00,0x00,0x00,
    0x00,0x00,0x00,0x00,0x00,0x00,0x00,0x00,0x00,0x00,0x00,0x00,0x00,0x00,0x80,0x62,
    0x60,0xf6,0xe0,0xe5,0x00,0xe6,0x00,0xe6,0x00,0xe6,0x00,0xe6,0x00,0xe6,0x00,0xe6,
    0x00,0xe6,0x20,0xe6,0x20,0xe6,0x20,0xe6,0x20,0xe6,0x20,0xe6,0x20,0xe6,0x20,0xe6,
    0x20,0xe6,0x20,0xe6,0x20,0xe6,0x20,0xe6,0x20,0xe6,0x00,0xe6,0x60,0xee,0x40,0xc5,
    0x40,0x08,0x00,0x00,0x00,0x00,0x00,0x00,0x00,0x00,0x00,0x00,0x00,0x00,0x00,0x00,
    0x00,0x00,0x00,0x00,0x00,0x00,0x00,0x00,0x00,0x00,0x00,0x00,0x00,0x00,0x00,0x00,
    0x00,0x00,0x00,0x00,0x00,0x00,0x00,0x00,0x00,0x00,0x00,0x00,0x00,0x00,0x00,0x00,
    0x00,0x00,0x00,0x00,0x00,0x00,0x00,0x00,0x00,0x00,0x00,0x00,0x00,0x00,0x00,0x00,
    0x00,0x00,0x00,0x00,0x00,0x00,0x00,0x00,0x00,0x00,0x00,0x00,0x00,0x00,0xa0,0xb4,
    0x40,0xf6,0xe0,0xe5,0x00,0xe6,0x00,0xe6,0x00,0xe6,0x00,0xe6,0x00,0xe6,0x00,0xe6,
    0x20,0xe6,0x20,0xe6,0x20,0xe6,0x20,0xe6,0x20,0xe6,0x20,0xe6,0x20,0xe6,0x20,0xe6,
    0x20,0xe6,0x20,0xe6,0x20,0xe6,0x20,0xe6,0x20,0xe6,0x60,0xee,0x80,0x39,0x00,0x00,
    0x00,0x00,0x00,0x00,0x00,0x00,0x00,0x00,0x00,0x00,0x00,0x00,0x00,0x00,0x00,0x00,
    0x00,0x00,0x00,0x00,0x00,0x00,0x00,0x00,0x00,0x00,0x00,0x00,0x00,0x00,0x00,0x00,
    0x00,0x00,0x00,0x00,0x00,0x00,0x00,0x00,0x00,0x00,0x00,0x00,0x00,0x00,0x00,0x00,
    0x00,0x00,0x00,0x00,0x00,0x00,0x00,0x00,0x00,0x00,0x00,0x00,0x00,0x00,0x00,0x00,
    0x00,0x00,0x00,0x00,0x00,0x00,0x00,0x00,0x00,0x00,0x00,0x00,0x20,0x29,0x00,0xe6,
    0x00,0xe6,0xe0,0xe5,0x00,0xe6,0x00,0xe6,0x00,0xe6,0x00,0xe6,0x00,0xe6,0x20,0xe6,
    0x20,0xe6,0x20,0xe6,0x20,0xe6,0x20,0xe6,0x20,0xe6,0x20,0xe6,0x20,0xe6,0x20,0xe6,
    0x20,0xe6,0x20,0xe6,0x00,0xe6,0x80,0xf6,0x80,0x83,0x00,0x00,0x00,0x00,0x00,0x00,
    0x00,0x00,0x00,0x00,0x00,0x00,0x00,0x00,0x00,0x00,0x00,0x00,0x00,0x00,0x00,0x00,
    0x00,0x00,0x00,0x00,0x00,0x00,0x00,0x00,0x00,0x00,0x00,0x00,0x00,0x00,0x00,0x00,
    0x00,0x00,0x00,0x00,0x00,0x00,0x00,0x00,0x00,0x00,0x00,0x00,0x00,0x00,0x00,0x00,
    0x00,0x00,0x00,0x00,0x00,0x00,0x00,0x00,0x00,0x00,0x00,0x00,0x00,0x00,0x00,0x00,
    0x00,0x00,0x00,0x00,0x00,0x00,0x00,0x00,0x00,0x00,0x00,0x00,0x20,0x7b,0x60,0xf6,
    0xe0,0xe5,0x00,0xe6,0x00,0xe6,0x00,0xe6,0x00,0xe6,0x00,0xe6,0x20,0xe6,0x20,0xe6,
    0x20,0xe6,0x20,0xe6,0x20,0xe6,0x20,0xe6,0x20,0xe6,0x20,0xe6,0x20,0xe6,0x20,0xe6,
    0x00,0xe6,0x60,0xee,0x60,0xcd,0x40,0x08,0x00,0x00,0x00,0x00,0x00,0x00,0x00,0x00,
    0x00,0x00,0x00,0x00,0x00,0x00,0x00,0x00,0x00,0x00,0x00,0x00,0x00,0x00,0x00,0x00,
    0x00,0x00,0x00,0x00,0x00,0x00,0x00,0x00,0x00,0x00,0x00,0x00,0x00,0x00,0x00,0x00,
    0x00,0x00,0x00,0x00,0x00,0x00,0x00,0x00,0x00,0x00,0x00,0x00,0x00,0x00,0x00,0x00,
    0x00,0x00,0x00,0x00,0x00,0x00,0x00,0x00,0x00,0x00,0x00,0x00,0x00,0x00,0x00,0x00,
    0x00,0x00,0x00,0x00,0x00,0x00,0x00,0x00,0x00,0x00,0x20,0x08,0x20,0xc5,0x40,0xee,
    0xe0,0xe5,0x00,0xe6,0x00,0xe6,0x00,0xe6,0x00,0xe6,0x20,0xe6,0x20,0xe6,0x20,0xe6,
    0x20,0xe6,0x20,0xe6,0x20,0xe6,0x20,0xe6,0x20,0xe6,0x20,0xe6,0x20,0xe6,0x00,0xe6,
    0x40,0xee,0x80,0x39,0x00,0x00,0x00,0x00,0x00,0x00,0x00,0x00,0x00,0x00,0x00,0x00,
    0x00,0x00,0x00,0x00,0x00,0x00,0x00,0x00,0x00,0x00,0x00,0x00,0x00,0x00,0x00,0x00,
    0x00,0x00,0x00,0x00,0x00,0x00,0x00,0x00,0x00,0x00,0x00,0x00,0x00,0x00,0x00,0x00,
    0x00,0x00,0x00,0x00,0x00,0x00,0x00,0x00,0x00,0x00,0x00,0x00,0x00,0x00,0x00,0x00,
    0x00,0x00,0x00,0x00,0x00,0x00,0x00,0x00,0x00,0x00,0x00,0x00,0x00,0x00,0x00,0x00,
    0x00,0x00,0x00,0x00,0x00,0x00,0x00,0x00,0x00,0x00,0xa0,0x39,0x20,0xee,0xe0,0xe5,
    0x00,0xe6,0x00,0xe6,0x00,0xe6,0x00,0xe6,0x20,0xe6,0x20,0xe6,0x20,0xe6,0x20,0xe6,
    0x20,0xe6,0x20,0xe6,0x20,0xe6,0x20,0xe6,0x20,0xe6,0x20,0xe6,0x00,0xe6,0x60,0xee,
    0x20,0x52,0x00,0x00,0x00,0x00,0x00,0x00,0x00,0x00,0x00,0x00,0x00,0x00,0x00,0x00,
    0x00,0x00,0x00,0x00,0x00,0x00,0x00,0x00,0x00,0x00,0x00,0x00,0x00,0x00,0x00,0x00,
    0x00,0x00,0x00,0x00,0x00,0x00,0x00,0x00,0x00,0x00,0x00,0x00,0x00,0x00,0x00,0x00,
    0x00,0x00,0x00,0x00,0x00,0x00,0x00,0x00,0x00,0x00,0x00,0x00,0x00,0x00,0x00,0x00,
    0x00,0x00,0x00,0x00,0x00,0x00,0x00,0x00,0x00,0x00,0x00,0x00,0x00,0x00,0x00,0x00,
    0x00,0x00,0x00,0x00,0x00,0x00,0x00,0x00,0x00,0x73,0x40,0xf6,0xe0,0xe5,0x00,0xe6,
    0x00,0xe6,0x00,0xe6,0x00,0xe6,0x20,0xe6,0x20,0xe6,0x20,0xe6,0x20,0xe6,0x20,0xe6,
    0x20,0xe6,0x20,0xe6,0x20,0xe6,0x20,0xe6,0x20,0xe6,0x00,0xe6,0x40,0xee,0xc0,0xd5,
    0x80,0x10,0x00,0x00,0x00,0x00,0x00,0x00,0x00,0x00,0x00,0x00,0x00,0x00,0x00,0x00,
    0x00,0x00,0x00,0x00,0x00,0x00,0x00,0x00,0x00,0x00,0x00,0x00,0x00,0x00,0x00,0x00,
    0x00,0x00,0x00,0x00,0x00,0x00,0x00,0x00,0x00,0x00,0x00,0x00,0x00,0x00,0x00,0x00,
    0x00,0x00,0x00,0x00,0x00,0x00,0x00,0x00,0x00,0x00,0x00,0x00,0x00,0x00,0x00,0x00,
    0x00,0x00,0x00,0x00,0x00,0x00,0x00,0x00,0x00,0x00,0x00,0x00,0x00,0x00,0x00,0x00,
    0x00,0x00,0x00,0x00,0x40,0x31,0x20,0xee,0x00,0xe6,0x00,0xe6,0x00,0xe6,0x00,0xe6,
    0x00,0xe6,0x00,0xe6,0x20,0xe6,0x20,0xe6,0x20,0xe6,0x20,0xe6,0x20,0xe6,0x20,0xe6,
    0x20,0xe6,0x20,0xe6,0x20,0xe6,0x20,0xe6,0x20,0xe6,0x00,0xe6,0x80,0xf6,0xe0,0x8b,
    0x00,0x00,0x00,0x00,0x00,0x00,0x00,0x00,0x00,0x00,0x00,0x00,0x00,0x00,0x00,0x00,
    0x00,0x00,0x00,0x00,0x00,0x00,0x00,0x00,0x00,0x00,0x00,0x00,0x00,0x00,0x00,0x00,
    0x00,0x00,0x00,0x00,0x00,0x00,0x00,0x00,0x00,0x00,0x00,0x00,0x00,0x00,0x00,0x00,
    0x00,0x00,0x00,0x00,0x00,0x00,0x00,0x00,0x00,0x00,0x00,0x00,0x00,0x00,0x00,0x00,
    0x00,0x00,0x00,0x00,0x00,0x00,0x00,0x00,0x00,0x00,0x00,0x00,0x00,0x00,0x00,0x00,
    0x20,0x08,0x00,0xbd,0x40,0xee,0xe0,0xe5,0x00,0xe6,0x00,0xe6,0x00,0xe6,0x00,0xe6,
    0x00,0xe6,0x20,0xe6,0x20,0xe6,0x20,0xe6,0x20,0xe6,0x20,0xe6,0x20,0xe6,0x20,0xe6,
    0x20,0xe6,0x20,0xe6,0x20,0xe6,0x20,0xe6,0x20,0xe6,0x00,0xe6,0x60,0xee,0xa0,0x39,
    0x00,0x00,0x00,0x00,0x00,0x00,0x00,0x00,0x00,0x00,0x00,0x00,0x00,0x00,0x00,0x00,
    0x00,0x00,0x00,0x00,0x00,0x00,0x00,0x00,0x00,0x00,0x00,0x00,0x00,0x00,0x00,0x00,
    0x00,0x00,0x00,0x00,0x00,0x00,0x00,0x00,0x00,0x00,0x00,0x00,0x00,0x00,0x00,0x00,
    0x00,0x00,0x00,0x00,0x00,0x00,0x00,0x00,0x00,0x00,0x00,0x00,0x00,0x00,0x00,0x00,
    0x00,0x00,0x00,0x00,0x00,0x00,0x00,0x00,0x00,0x00,0x00,0x00,0x00,0x00,0x40,0x7b,
    0x60,0xf6,0xe0,0xe5,0x00,0xe6,0x00,0xe6,0x00,0xe6,0x00,0xe6,0x00,0xe6,0x00,0xe6,
    0x20,0xe6,0x20,0xe6,0x20,0xe6,0x20,0xe6,0x20,0xe6,0x20,0xe6,0x20,0xe6,0x20,0xe6,
    0x20,0xe6,0x20,0xe6,0x20,0xe6,0x20,0xe6,0x00,0xe6,0x40,0xee,0x40,0xc5,0x20,0x08,
    0x00,0x00,0x00,0x00,0x00,0x00,0x00,0x00,0x00,0x00,0x00,0x00,0x00,0x00,0x00,0x00,
    0x00,0x00,0x00,0x00,0x00,0x00,0x00,0x00,0x00,0x00,0x00,0x00,0x00,0x00,0x00,0x00,
    0x00,0x00,0x00,0x00,0x00,0x00,0x00,0x00,0x00,0x00,0x00,0x00,0x00,0x00,0x00,0x00,
    0x00,0x00,0x00,0x00,0x00,0x00,0x00,0x00,0x00,0x00,0x00,0x00,0x00,0x00,0x00,0x00,
    0x00,0x00,0x00,0x00,0x00,0x00,0x00,0x00,0x00,0x00,0x60,0x31,0x20,0xee,0xe0,0xe5,
    0xe0,0xe5,0x00,0xe6,0x00,0xe6,0x00,0xe6,0x00,0xe6,0x00,0xe6,0x00,0xe6,0x20,0xe6,
    0x20,0xe6,0x20,0xe6,0x20,0xe6,0x20,0xe6,0x20,0xe6,0x20,0xe6,0x20,0xe6,0x20,0xe6,
    0x20,0xe6,0x20,0xe6,0x20,0xe6,0x20,0xe6,0x00,0xe6,0xa0,0xf6,0x20,0x73,0x00,0x00,
    0x00,0x00,0x00,0x00,0x00,0x00,0x00,0x00,0x00,0x00,0x00,0x00,0x00,0x00,0x00,0x00,
    0x00,0x00,0x00,0x00,0x00,0x00,0x00,0x00,0x00,0x00,0x00,0x00,0x00,0x00,0x00,0x00,
    0x00,0x00,0x00,0x00,0x00,0x00,0x00,0x00,0x00,0x00,0x00,0x00,0x00,0x00,0x00,0x00,
    0x00,0x00,0x00,0x00,0x00,0x00,0x00,0x00,0x00,0x00,0x00,0x00,0x00,0x00,0x00,0x00,
    0x00,0x00,0x00,0x00,0x00,0x00,0x40,0x08,0x00,0xc5,0x20,0xee,0xe0,0xe5,0x00,0xe6,
    0x00,0xe6,0x00,0xe6,0x00,0xe6,0x00,0xe6,0x00,0xe6,0x00,0xe6,0x20,0xe6,0x20,0xe6,
    0x20,0xe6,0x20,0xe6,0x20,0xe6,0x20,0xe6,0x20,0xe6,0x20,0xe6,0x20,0xe6,0x20,0xe6,
    0x20,0xe6,0x20,0xe6,0x20,0xe6,0x00,0xe6,0x20,0xe6,0x20,0xe6,0x00,0x29,0x00,0x00,
    0x00,0x00,0x00,0x00,0x00,0x00,0x00,0x00,0x00,0x00,0x00,0x00,0x00,0x00,0x00,0x00,
    0x00,0x00,0x00,0x00,0x00,0x00,0x00,0x00,0x00,0x00,0x00,0x00,0x00,0x00,0x00,0x00,
    0x00,0x00,0x00,0x00,0x00,0x00,0x00,0x00,0x00,0x00,0x00,0x00,0x00,0x00,0x00,0x00,
    0x00,0x00,0x00,0x00,0x00,0x00,0x00,0x00,0x00,0x00,0x00,0x00,0x00,0x00,0x00,0x00,
    0x00,0x00,0x00,0x00,0x40,0x83,0x60,0xf6,0xc0,0xe5,0x00,0xe6,0x00,0xe6,0x00,0xe6,
    0x00,0xe6,0x00,0xe6,0x00,0xe6,0x00,0xe6,0x00,0xe6,0x20,0xe6,0x20,0xe6,0x20,0xe6,
    0x20,0xe6,0x20,0xe6,0x20,0xe6,0x20,0xe6,0x20,0xe6,0x20,0xe6,0x20,0xe6,0x20,0xe6,
    0x20,0xe6,0x20,0xe6,0x20,0xe6,0x00,0xe6,0x60,0xf6,0xa0,0xac,0x00,0x00,0x00,0x00,
    0x00,0x00,0x00,0x00,0x00,0x00,0x00,0x00,0x00,0x00,0x00,0x00,0x00,0x00,0x00,0x00,
    0x00,0x00,0x00,0x00,0x00,0x00,0x00,0x00,0x00,0x00,0x00,0x00,0x00,0x00,0x00,0x00,
    0x00,0x00,0x00,0x00,0x00,0x00,0x00,0x00,0x00,0x00,0x00,0x00,0x00,0x00,0x00,0x00,
    0x00,0x00,0x00,0x00,0x00,0x00,0x00,0x00,0x00,0x00,0x00,0x00,0x00,0x00,0x00,0x00,
    0x80,0x39,0x20,0xee,0xe0,0xe5,0xe0,0xe5,0x00,0xe6,0x00,0xe6,0x00,0xe6,0x00,0xe6,
    0x00,0xe6,0x00,0xe6,0x00,0xe6,0x00,0xe6,0x20,0xe6,0x20,0xe6,0x20,0xe6,0x20,0xe6,
    0x20,0xe6,0x20,0xe6,0x20,0xe6,0x20,0xe6,0x20,0xe6,0x20,0xe6,0x20,0xe6,0x20,0xe6,
    0x20,0xe6,0x20,0xe6,0x20,0xe6,0x00,0xe6,0x80,0xf6,0x60,0x5a,0x00,0x00,0x00,0x00,
    0x00,0x00,0x00,0x00,0x00,0x00,0x00,0x00,0x00,0x00,0x00,0x00,0x00,0x00,0x00,0x00,
    0x00,0x00,0x00,0x00,0x00,0x00,0x00,0x00,0x00,0x00,0x00,0x00,0x00,0x00,0x00,0x00,
    0x00,0x00,0x00,0x00,0x00,0x00,0x00,0x00,0x00,0x00,0x00,0x00,0x00,0x00,0x00,0x00,
    0x00,0x00,0x00,0x00,0x00,0x00,0x00,0x00,0x00,0x00,0x00,0x00,0x40,0x08,0x20,0xc5,
    0x20,0xee,0xe0,0xe5,0x00,0xe6,0x00,0xe6,0x00,0xe6,0x00,0xe6,0x00,0xe6,0x00,0xe6,
    0x00,0xe6,0x00,0xe6,0x00,0xe6,0x20,0xe6,0x20,0xe6,0x00,0xe6,0x20,0xe6,0x20,0xe6,
    0x20,0xe6,0x20,0xe6,0x20,0xe6,0x20,0xe6,0x20,0xe6,0x20,0xe6,0x20,0xe6,0x20,0xe6,
    0x20,0xe6,0x20,0xe6,0x00,0xe6,0x20,0xee,0xc0,0xdd,0xa0,0x18,0x00,0x00,0x00,0x00,
    0x00,0x00,0x00,0x00,0x00,0x00,0x00,0x00,0x00,0x00,0x00,0x00,0x00,0x00,0x00,0x00,
    0x00,0x00,0x00,0x00,0x00,0x00,0x00,0x00,0x00,0x00,0x00,0x00,0x00,0x00,0x00,0x00,
    0x00,0x00,0x00,0x00,0x00,0x00,0x00,0x00,0x00,0x00,0x00,0x00,0x00,0x00,0x00,0x00,
    0x00,0x00,0x00,0x00,0x00,0x00,0x00,0x00,0x00,0x00,0x60,0x83,0x60,0xf6,0xc0,0xe5,
    0xe0,0xe5,0x00,0xe6,0x00,0xe6,0x00,0xe6,0x00,0xe6,0x00,0xe6,0x00,0xe6,0x00,0xe6,
    0x00,0xe6,0x00,0xe6,0x20,0xe6,0x00,0xe6,0x40,0xee,0x20,0xe6,0x20,0xe6,0x20,0xe6,
    0x20,0xe6,0x20,0xe6,0x20,0xe6,0x20,0xe6,0x20,0xe6,0x20,0xe6,0x20,0xe6,0x20,0xe6,
    0x20,0xe6,0x20,0xe6,0x00,0xe6,0x80,0xf6,0x00,0x94,0x00,0x00,0x00,0x00,0x00,0x00,
    0x00,0x00,0x00,0x00,0x00,0x00,0x00,0x00,0x00,0x00,0x00,0x00,0x00,0x00,0x00,0x00,
    0x00,0x00,0x00,0x00,0x00,0x00,0x00,0x00,0x00,0x00,0x00,0x00,0x00,0x00,0x00,0x00,
    0x00,0x00,0x00,0x00,0x00,0x00,0x00,0x00,0x00,0x00,0x00,0x00,0x00,0x00,0x00,0x00,
    0x00,0x00,0x00,0x00,0x00,0x00,0x80,0x39,0x20,0xee,0xe0,0xe5,0xe0,0xe5,0xe0,0xe5,
    0x00,0xe6,0x00,0xe6,0x00,0xe6,0x00,0xe6,0x00,0xe6,0x00,0xe6,0x00,0xe6,0x00,0xe6,
    0x00,0xe6,0x00,0xe6,0x40,0xee,0xa0,0xac,0x00,0xde,0x20,0xe6,0x20,0xe6,0x20,0xe6,
    0x20,0xe6,0x20,0xe6,0x20,0xe6,0x20,0xe6,0x20,0xe6,0x20,0xe6,0x20,0xe6,0x20,0xe6,
    0x20,0xe6,0x20,0xe6,0x00,0xe6,0x60,0xf6,0xc0,0x41,0x00,0x00,0x00,0x00,0x00,0x00,
    0x00,0x00,0x00,0x00,0x00,0x00,0x00,0x00,0x00,0x00,0x00,0x00,0x00,0x00,0x00,0x00,
    0x00,0x00,0x00,0x00,0x00,0x00,0x00,0x00,0x00,0x00,0x00,0x00,0x00,0x00,0x00,0x00,
    0x00,0x00,0x00,0x00,0x00,0x00,0x00,0x00,0x00,0x00,0x00,0x00,0x00,0x00,0x00,0x00,
    0x00,0x00,0x40,0x08,0x20,0xcd,0x00,0xee,0xe0,0xe5,0xe0,0xe5,0xe0,0xe5,0x00,0xe6,
    0x00,0xe6,0x00,0xe6,0x00,0xe6,0x00,0xe6,0x00,0xe6,0x00,0xe6,0x00,0xe6,0x00,0xe6,
    0x20,0xee,0xa0,0xd5,0x60,0x08,0x40,0xa4,0x80,0xf6,0x00,0xe6,0x20,0xe6,0x20,0xe6,
    0x20,0xe6,0x20,0xe6,0x20,0xe6,0x20,0xe6,0x20,0xe6,0x20,0xe6,0x20,0xe6,0x20,0xe6,
    0x20,0xe6,0x00,0xe6,0x40,0xee,0x60,0xc5,0x40,0x08,0x00,0x00,0x00,0x00,0x00,0x00,
    0x00,0x00,0x00,0x00,0x00,0x00,0x00,0x00,0x00,0x00,0x00,0x00,0x00,0x00,0x00,0x00,
    0x00,0x00,0x00,0x00,0x00,0x00,0x00,0x00,0x00,0x00,0x00,0x00,0x00,0x00,0x00,0x00,
    0x00,0x00,0x00,0x00,0x00,0x00,0x00,0x00,0x00,0x00,0x00,0x00,0x00,0x00,0x00,0x00,
    0x80,0x8b,0x40,0xf6,0xc0,0xe5,0xe0,0xe5,0xe0,0xe5,0xe0,0xe5,0x00,0xe6,0x00,0xe6,
    0x00,0xe6,0x00,0xe6,0x00,0xe6,0x00,0xe6,0x00,0xe6,0x00,0xe6,0x00,0xe6,0x80,0xf6,
    0xa0,0x62,0x00,0x00,0x40,0x31,0x40,0xee,0x20,0xe6,0x20,0xe6,0x20,0xe6,0x20,0xe6,
    0x20,0xe6,0x20,0xe6,0x20,0xe6,0x20,0xe6,0x20,0xe6,0x20,0xe6,0x20,0xe6,0x20,0xe6,
    0x20,0xe6,0x00,0xe6,0x80,0xf6,0x40,0x7b,0x00,0x00,0x00,0x00,0x00,0x00,0x00,0x00,
    0x00,0x00,0x00,0x00,0x00,0x00,0x00,0x00,0x00,0x00,0x00,0x00,0x00,0x00,0x00,0x00,
    0x00,0x00,0x00,0x00,0x00,0x00,0x00,0x00,0x00,0x00,0x00,0x00,0x00,0x00,0x00,0x00,
    0x00,0x00,0x00,0x00,0x00,0x00,0x00,0x00,0x00,0x00,0x00,0x00,0xa0,0x41,0x20,0xee,
    0xc0,0xe5,0xe0,0xe5,0xe0,0xe5,0xe0,0xe5,0xe0,0xe5,0x00,0xe6,0x00,0xe6,0x00,0xe6,
    0x00,0xe6,0x00,0xe6,0x00,0xe6,0x00,0xe6,0x00,0xe6,0x40,0xee,0x20,0xc5,0x20,0x00,
    0x20,0x00,0x00,0x00,0xc0,0x8b,0x80,0xf6,0x00,0xe6,0x20,0xe6,0x20,0xe6,0x20,0xe6,
    0x20,0xe6,0x20,0xe6,0x20,0xe6,0x20,0xe6,0x20,0xe6,0x20,0xe6,0x20,0xe6,0x20,0xe6,
    0x20,0xe6,0x20,0xe6,0x40,0xee,0x40,0x29,0x00,0x00,0x00,0x00,0x00,0x00,0x00,0x00,
    0x00,0x00,0x00,0x00,0x00,0x00,0x00,0x00,0x00,0x00,0x00,0x00,0x00,0x00,0x00,0x00,
    0x00,0x00,0x00,0x00,0x00,0x00,0x00,0x00,0x00,0x00,0x00,0x00,0x00,0x00,0x00,0x00,
    0x00,0x00,0x00,0x00,0x00,0x00,0x00,0x00,0x60,0x08,0x40,0xcd,0x00,0xee,0xe0,0xe5,
    0xe0,0xe5,0xe0,0xe5,0xe0,0xe5,0xe0,0xe5,0x00,0xe6,0x00,0xe6,0x00,0xe6,0x00,0xe6,
    0x00,0xe6,0x00,0xe6,0x00,0xe6,0x00,0xe6,0x60,0xf6,0x00,0x4a,0x00,0x00,0x20,0x00,
    0x00,0x00,0xc0,0x18,0xe0,0xdd,0x20,0xe6,0x00,0xe6,0x20,0xe6,0x20,0xe6,0x20,0xe6,
    0x20,0xe6,0x20,0xe6,0x20,0xe6,0x20,0xe6,0x20,0xe6,0x20,0xe6,0x20,0xe6,0x20,0xe6,
    0x00,0xe6,0x60,0xf6,0xc0,0xb4,0x00,0x00,0x00,0x00,0x00,0x00,0x00,0x00,0x00,0x00,
    0x00,0x00,0x00,0x00,0x00,0x00,0x00,0x00,0x00,0x00,0x00,0x00,0x00,0x00,0x00,0x00,
    0x00,0x00,0x00,0x00,0x00,0x00,0x00,0x00,0x00,0x00,0x00,0x00,0x00,0x00,0x00,0x00,
    0x00,0x00,0x00,0x00,0x00,0x00,0x80,0x8b,0x40,0xf6,0xc0,0xe5,0xe0,0xe5,0xe0,0xe5,
    0xe0,0xe5,0xe0,0xe5,0xe0,0xe5,0x00,0xe6,0x00,0xe6,0x00,0xe6,0x00,0xe6,0x00,0xe6,
    0x00,0xe6,0x00,0xe6,0x60,0xf6,0xa0,0xac,0x00,0x00,0x00,0x00,0x00,0x00,0x00,0x00,
    0x00,0x00,0x40,0x7b,0x80,0xf6,0x00,0xe6,0x20,0xe6,0x20,0xe6,0x20,0xe6,0x20,0xe6,
    0x20,0xe6,0x20,0xe6,0x20,0xe6,0x20,0xe6,0x20,0xe6,0x20,0xe6,0x20,0xe6,0x20,0xe6,
    0x00,0xe6,0x80,0xf6,0xa0,0x62,0x00,0x00,0x00,0x00,0x00,0x00,0x00,0x00,0x00,0x00,
    0x00,0x00,0x00,0x00,0x00,0x00,0x00,0x00,0x00,0x00,0x00,0x00,0x00,0x00,0x00,0x00,
    0x00,0x00,0x00,0x00,0x00,0x00,0x00,0x00,0x00,0x00,0x00,0x00,0x00,0x00,0x00,0x00,
    0x00,0x00,0xc0,0x41,0x20,0xf6,0xc0,0xe5,0xe0,0xe5,0xe0,0xe5,0xe0,0xe5,0xe0,0xe5,
    0xe0,0xe5,0xe0,0xe5,0x00,0xe6,0x00,0xe6,0x00,0xe6,0x00,0xe6,0x00,0xe6,0x00,0xe6,
    0x00,0xe6,0x40,0xee,0x60,0x31,0x00,0x00,0x00,0x00,0x00,0x00,0x00,0x00,0x00,0x00,
    0x60,0x10,0xa0,0xd5,0x40,0xee,0x00,0xe6,0x20,0xe6,0x20,0xe6,0x20,0xe6,0x20,0xe6,
    0x20,0xe6,0x20,0xe6,0x20,0xe6,0x20,0xe6,0x20,0xe6,0x20,0xe6,0x20,0xe6,0x00,0xe6,
    0x20,0xe6,0xe0,0xdd,0xc0,0x18,0x00,0x00,0x00,0x00,0x00,0x00,0x00,0x00,0x00,0x00,
    0x00,0x00,0x00,0x00,0x00,0x00,0x00,0x00,0x00,0x00,0x00,0x00,0x00,0x00,0x00,0x00,
    0x00,0x00,0x00,0x00,0x00,0x00,0x00,0x00,0x00,0x00,0x00,0x00,0x00,0x00,0x60,0x10,
    0x40,0xcd,0x00,0xee,0xc0,0xe5,0xe0,0xe5,0xe0,0xe5,0xe0,0xe5,0xe0,0xe5,0xe0,0xe5,
    0xe0,0xe5,0x00,0xe6,0x00,0xe6,0x00,0xe6,0x00,0xe6,0x00,0xe6,0xe0,0xe5,0x60,0xf6,
    0x00,0x9c,0x00,0x00,0x00,0x00,0x00,0x00,0x00,0x00,0x00,0x00,0x00,0x00,0x00,0x00,
    0xa0,0x62,0x80,0xf6,0x00,0xe6,0x20,0xe6,0x20,0xe6,0x20,0xe6,0x20,0xe6,0x20,0xe6,
    0x20,0xe6,0x20,0xe6,0x20,0xe6,0x20,0xe6,0x20,0xe6,0x20,0xe6,0x20,0xe6,0x00,0xe6,
    0x80,0xf6,0x20,0x9c,0x00,0x00,0x00,0x00,0x00,0x00,0x00,0x00,0x00,0x00,0x00,0x00,
    0x00,0x00,0x00,0x00,0x00,0x00,0x00,0x00,0x00,0x00,0x00,0x00,0x00,0x00,0x00,0x00,
    0x00,0x00,0x00,0x00,0x00,0x00,0x00,0x00,0x00,0x00,0x00,0x00,0xa0,0x93,0x40,0xf6,
    0xc0,0xe5,0xe0,0xe5,0xe0,0xe5,0xe0,0xe5,0xe0,0xe5,0xe0,0xe5,0xe0,0xe5,0xe0,0xe5,
    0x00,0xe6,0x00,0xe6,0x00,0xe6,0x00,0xe6,0x00,0xe6,0x00,0xe6,0x00,0xe6,0xe0,0x20,
    0x00,0x00,0x00,0x00,0x00,0x00,0x00,0x00,0x00,0x00,0x00,0x00,0x00,0x00,0x20,0x08,
    0x40,0xc5,0x40,0xee,0x00,0xe6,0x20,0xe6,0x20,0xe6,0x20,0xe6,0x20,0xe6,0x20,0xe6,
    0x20,0xe6,0x20,0xe6,0x20,0xe6,0x20,0xe6,0x20,0xe6,0x20,0xe6,0x20,0xe6,0x00,0xe6,
    0x80,0xf6,0x00,0x4a,0x00,0x00,0x00,0x00,0x00,0x00,0x00,0x00,0x00,0x00,0x00,0x00,
    0x00,0x00,0x00,0x00,0x00,0x00,0x00,0x00,0x00,0x00,0x00,0x00,0x00,0x00,0x00,0x00,
    0x00,0x00,0x00,0x00,0x00,0x00,0x00,0x00,0xc0,0x49,0x20,0xf6,0xc0,0xe5,0xe0,0xe5,
    0xe0,0xe5,0xe0,0xe5,0xe0,0xe5,0xe0,0xe5,0xe0,0xe5,0xe0,0xe5,0xe0,0xe5,0x00,0xe6,
    0x00,0xe6,0x00,0xe6,0x00,0xe6,0xe0,0xe5,0x80,0xf6,0x60,0x83,0x00,0x00,0x00,0x00,
    0x00,0x00,0x00,0x00,0x00,0x00,0x00,0x00,0x00,0x00,0x00,0x00,0x00,0x00,0x20,0x4a,
    0x80,0xf6,0x00,0xe6,0x20,0xe6,0x20,0xe6,0x20,0xe6,0x20,0xe6,0x20,0xe6,0x20,0xe6,
    0x20,0xe6,0x20,0xe6,0x20,0xe6,0x20,0xe6,0x20,0xe6,0x20,0xe6,0x00,0xe6,0x40,0xee,
    0x80,0xcd,0x60,0x08,0x00,0x00,0x00,0x00,0x00,0x00,0x00,0x00,0x00,0x00,0x00,0x00,
    0x00,0x00,0x00,0x00,0x00,0x00,0x00,0x00,0x00,0x00,0x00,0x00,0x00,0x00,0x00,0x00,
    0x00,0x00,0x00,0x00,0x60,0x10,0x40,0xd5,0xe0,0xed,0xc0,0xe5,0xe0,0xe5,0xe0,0xe5,
    0xe0,0xe5,0xe0,0xe5,0xe0,0xe5,0xe0,0xe5,0xe0,0xe5,0xe0,0xe5,0x00,0xe6,0x00,0xe6,
    0x00,0xe6,0xe0,0xe5,0x00,0xee,0xa0,0xdd,0x80,0x10,0x00,0x00,0x00,0x00,0x00,0x00,
    0x00,0x00,0x00,0x00,0x00,0x00,0x00,0x00,0x00,0x00,0x00,0x00,0x00,0x00,0xc0,0xb4,
    0x60,0xee,0x00,0xe6,0x20,0xe6,0x20,0xe6,0x20,0xe6,0x20,0xe6,0x20,0xe6,0x20,0xe6,
    0x20,0xe6,0x20,0xe6,0x20,0xe6,0x20,0xe6,0x20,0xe6,0x20,0xe6,0x00,0xe6,0x80,0xf6,
    0x80,0x83,0x00,0x00,0x00,0x00,0x00,0x00,0x00,0x00,0x00,0x00,0x00,0x00,0x00,0x00,
    0x00,0x00,0x00,0x00,0x00,0x00,0x00,0x00,0x00,0x00,0x00,0x00,0x00,0x00,0x00,0x00,
    0x00,0x00,0xc0,0x93,0x20,0xf6,0xc0,0xe5,0xe0,0xe5,0xe0,0xe5,0xe0,0xe5,0xe0,0xe5,
    0xe0,0xe5,0xe0,0xe5,0xe0,0xe5,0xe0,0xe5,0xe0,0xe5,0x00,0xe6,0x00,0xe6,0x00,0xe6,
    0xe0,0xe5,0x60,0xf6,0xe0,0x6a,0x00,0x00,0x00,0x00,0x00,0x00,0x00,0x00,0x00,0x00,
    0x00,0x00,0x00,0x00,0x00,0x00,0x00,0x00,0x00,0x00,0x00,0x00,0x80,0x39,0x60,0xee,
    0x00,0xe6,0x20,0xe6,0x20,0xe6,0x20,0xe6,0x20,0xe6,0x20,0xe6,0x20,0xe6,0x20,0xe6,
    0x20,0xe6,0x20,0xe6,0x20,0xe6,0x20,0xe6,0x20,0xe6,0x20,0xe6,0x20,0xe6,0x40,0xee,
    0x60,0x31,0x00,0x00,0x00,0x00,0x00,0x00,0x00,0x00,0x00,0x00,0x00,0x00,0x00,0x00,
    0x00,0x00,0x00,0x00,0x00,0x00,0x00,0x00,0x00,0x00,0x00,0x00,0x00,0x00,0xe0,0x49,
    0x20,0xf6,0xc0,0xe5,0xc0,0xe5,0xe0,0xe5,0xe0,0xe5,0xe0,0xe5,0xe0,0xe5,0xe0,0xe5,
    0xe0,0xe5,0xe0,0xe5,0xe0,0xe5,0xe0,0xe5,0x00,0xe6,0x00,0xe6,0xe0,0xe5,0x20,0xee,
    0x40,0xcd,0x40,0x08,0x00,0x00,0x00,0x00,0x00,0x00,0x00,0x00,0x00,0x00,0x00,0x00,
    0x00,0x00,0x00,0x00,0x00,0x00,0x00,0x00,0x00,0x00,0x00,0x00,0x40,0xa4,0x80,0xf6,
    0x00,0xe6,0x20,0xe6,0x20,0xe6,0x20,0xe6,0x20,0xe6,0x20,0xe6,0x20,0xe6,0x20,0xe6,
    0x20,0xe6,0x20,0xe6,0x20,0xe6,0x20,0xe6,0x20,0xe6,0x00,0xe6,0x60,0xee,0x00,0xbd,
    0x20,0x00,0x00,0x00,0x00,0x00,0x00,0x00,0x00,0x00,0x00,0x00,0x00,0x00,0x00,0x00,
    0x00,0x00,0x00,0x00,0x00,0x00,0x00,0x00,0x00,0x00,0x80,0x10,0x60,0xd5,0xe0,0xed,
    0xc0,0xe5,0xc0,0xe5,0xe0,0xe5,0xe0,0xe5,0xe0,0xe5,0xe0,0xe5,0xe0,0xe5,0xe0,0xe5,
    0xe0,0xe5,0xe0,0xe5,0xe0,0xe5,0x00,0xe6,0x00,0xe6,0xe0,0xe5,0x60,0xf6,0x40,0x52,
    0x00,0x00,0x00,0x00,0x00,0x00,0x00,0x00,0x00,0x00,0x00,0x00,0x00,0x00,0x00,0x00,
    0x00,0x00,0x00,0x00,0x00,0x00,0x00,0x00,0x00,0x00,0x20,0x29,0x20,0xe6,0x20,0xe6,
    0x20,0xe6,0x20,0xe6,0x20,0xe6,0x20,0xe6,0x20,0xe6,0x20,0xe6,0x20,0xe6,0x20,0xe6,
    0x20,0xe6,0x20,0xe6,0x20,0xe6,0x20,0xe6,0x20,0xe6,0x00,0xe6,0x80,0xf6,0xc0,0x6a,
    0x00,0x00,0x00,0x00,0x00,0x00,0x00,0x00,0x00,0x00,0x00,0x00,0x00,0x00,0x00,0x00,
    0x00,0x00,0x00,0x00,0x00,0x00,0x00,0x00,0xc0,0x9b,0x20,0xf6,0xa0,0xe5,0xc0,0xe5,
    0xc0,0xe5,0xe0,0xe5,0xe0,0xe5,0xe0,0xe5,0xe0,0xe5,0xe0,0xe5,0xe0,0xe5,0xe0,0xe5,
    0xe0,0xe5,0xe0,0xe5,0x00,0xe6,0xe0,0xe5,0x40,0xee,0xc0,0xb4,0x00,0x00,0x00,0x00,
    0x00,0x00,0x00,0x00,0x00,0x00,0x00,0x00,0x00,0x00,0x00,0x00,0x00,0x00,0x00,0x00,
    0x00,0x00,0x00,0x00,0x00,0x00,0x00,0x00,0x00,0x00,0xc0,0x8b,0x80,0xf6,0x00,0xe6,
    0x20,0xe6,0x20,0xe6,0x20,0xe6,0x20,0xe6,0x20,0xe6,0x20,0xe6,0x20,0xe6,0x20,0xe6,
    0x20,0xe6,0x20,0xe6,0x20,0xe6,0x20,0xe6,0x00,0xe6,0x20,0xe6,0x00,0xe6,0xe0,0x20,
    0x00,0x00,0x00,0x00,0x00,0x00,0x00,0x00,0x00,0x00,0x00,0x00,0x00,0x00,0x00,0x00,
    0x00,0x00,0x00,0x00,0x00,0x4a,0x20,0xf6,0xa0,0xe5,0xc0,0xe5,0xc0,0xe5,0xc0,0xe5,
    0xe0,0xe5,0xe0,0xe5,0xe0,0xe5,0xe0,0xe5,0xe0,0xe5,0xe0,0xe5,0xe0,0xe5,0xe0,0xe5,
    0xe0,0xe5,0x00,0xe6,0xe0,0xe5,0x40,0xee,0xa0,0x39,0x00,0x00,0x00,0x00,0x00,0x00,
    0x00,0x00,0x00,0x00,0x00,0x00,0x00,0x00,0x00,0x00,0x00,0x00,0x00,0x00,0x00,0x00,
    0x00,0x00,0x00,0x00,0x00,0x00,0x00,0x00,0xa0,0x18,0xe0,0xdd,0x20,0xe6,0x00,0xe6,
    0x20,0xe6,0x20,0xe6,0x20,0xe6,0x20,0xe6,0x20,0xe6,0x20,0xe6,0x20,0xe6,0x20,0xe6,
    0x20,0xe6,0x20,0xe6,0x20,0xe6,0x20,0xe6,0x00,0xe6,0x80,0xf6,0x60,0xa4,0x00,0x00,
    0x00,0x00,0x00,0x00,0x00,0x00,0x00,0x00,0x00,0x00,0x00,0x00,0x00,0x00,0x00,0x00,
    0x80,0x10,0x60,0xd5,0xe0,0xed,0xc0,0xe5,0xc0,0xe5,0xc0,0xe5,0xc0,0xe5,0xe0,0xe5,
    0xe0,0xe5,0xe0,0xe5,0xe0,0xe5,0xe0,0xe5,0xe0,0xe5,0xe0,0xe5,0xe0,0xe5,0xe0,0xe5,
    0xe0,0xe5,0x40,0xf6,0x40,0xa4,0x00,0x00,0x00,0x00,0x00,0x00,0x00,0x00,0x00,0x00,
    0x00,0x00,0x00,0x00,0x00,0x00,0x00,0x00,0x00,0x00,0x00,0x00,0x00,0x00,0x00,0x00,
    0x00,0x00,0x00,0x00,0x00,0x00,0x00,0x00,0x20,0x73,0x80,0xf6,0x00,0xe6,0x20,0xe6,
    0x20,0xe6,0x20,0xe6,0x20,0xe6,0x20,0xe6,0x20,0xe6,0x20,0xe6,0x20,0xe6,0x20,0xe6,
    0x20,0xe6,0x20,0xe6,0x20,0xe6,0x20,0xe6,0x00,0xe6,0x80,0xf6,0x20,0x52,0x00,0x00,
    0x00,0x00,0x00,0x00,0x00,0x00,0x00,0x00,0x00,0x00,0x00,0x00,0x00,0x00,0xe0,0x9b,
    0x20,0xf6,0xa0,0xe5,0xc0,0xe5,0xc0,0xe5,0xc0,0xe5,0xc0,0xe5,0xe0,0xe5,0xe0,0xe5,
    0xe0,0xe5,0xe0,0xe5,0xe0,0xe5,0xe0,0xe5,0xe0,0xe5,0xe0,0xe5,0xe0,0xe5,0xe0,0xe5,
    0x00,0xe6,0x20,0x29,0x00,0x00,0x00,0x00,0x00,0x00,0x00,0x00,0x00,0x00,0x00,0x00,
    0x00,0x00,0x00,0x00,0x00,0x00,0x00,0x00,0x00,0x00,0x00,0x00,0x00,0x00,0x00,0x00,
    0x00,0x00,0x00,0x00,0x00,0x00,0x60,0x08,0x80,0xd5,0x40,0xee,0x00,0xe6,0x20,0xe6,
    0x20,0xe6,0x20,0xe6,0x20,0xe6,0x20,0xe6,0x20,0xe6,0x20,0xe6,0x20,0xe6,0x20,0xe6,
    0x20,0xe6,0x20,0xe6,0x20,0xe6,0x00,0xe6,0x40,0xee,0x80,0xd5,0x60,0x10,0x00,0x00,
    0x00,0x00,0x00,0x00,0x00,0x00,0x00,0x00,0x00,0x00,0x00,0x52,0x20,0xf6,0xa0,0xe5,
    0xc0,0xe5,0xc0,0xe5,0xc0,0xe5,0xc0,0xe5,0xc0,0xe5,0xe0,0xe5,0xe0,0xe5,0xe0,0xe5,
    0xe0,0xe5,0xe0,0xe5,0xe0,0xe5,0xe0,0xe5,0xe0,0xe5,0xe0,0xe5,0x60,0xf6,0xa0,0x8b,
    0x00,0x00,0x00,0x00,0x00,0x00,0x00,0x00,0x00,0x00,0x00,0x00,0x00,0x00,0x00,0x00,
    0x00,0x00,0x00,0x00,0x00,0x00,0x00,0x00,0x00,0x00,0x00,0x00,0x00,0x00,0x00,0x00,
    0x00,0x00,0x00,0x00,0x00,0x00,0xa0,0x62,0x80,0xf6,0x00,0xe6,0x20,0xe6,0x20,0xe6,
    0x20,0xe6,0x20,0xe6,0x20,0xe6,0x20,0xe6,0x20,0xe6,0x20,0xe6,0x20,0xe6,0x20,0xe6,
    0x20,0xe6,0x20,0xe6,0x20,0xe6,0x00,0xe6,0x80,0xf6,0xa0,0x8b,0x00,0x00,0x00,0x00,
    0x00,0x00,0x00,0x00,0x00,0x00,0xa0,0x18,0x60,0xdd,0xe0,0xed,0xa0,0xe5,0xc0,0xe5,
    0xc0,0xe5,0xc0,0xe5,0xc0,0xe5,0xc0,0xe5,0xe0,0xe5,0xe0,0xe5,0xe0,0xe5,0xe0,0xe5,
    0xe0,0xe5,0xe0,0xe5,0xe0,0xe5,0xe0,0xe5,0x00,0xe6,0xc0,0xdd,0xa0,0x18,0x00,0x00,
    0x00,0x00,0x00,0x00,0x00,0x00,0x00,0x00,0x00,0x00,0x00,0x00,0x00,0x00,0x00,0x00,
    0x00,0x00,0x00,0x00,0x00,0x00,0x00,0x00,0x00,0x00,0x00,0x00,0x00,0x00,0x00,0x00,
    0x00,0x00,0x00,0x00,0x20,0x00,0x40,0xc5,0x40,0xee,0x00,0xe6,0x20,0xe6,0x20,0xe6,
    0x20,0xe6,0x20,0xe6,0x20,0xe6,0x20,0xe6,0x20,0xe6,0x20,0xe6,0x20,0xe6,0x20,0xe6,
    0x20,0xe6,0x20,0xe6,0x20,0xe6,0x00,0xe6,0x60,0xee,0x80,0x39,0x00,0x00,0x00,0x00,
    0x00,0x00,0x00,0x00,0x00,0xa4,0x20,0xf6,0xa0,0xe5,0xc0,0xe5,0xc0,0xe5,0xc0,0xe5,
    0xc0,0xe5,0xc0,0xe5,0xc0,0xe5,0xe0,0xe5,0xe0,0xe5,0xe0,0xe5,0xe0,0xe5,0xe0,0xe5,
    0xe0,0xe5,0xe0,0xe5,0xc0,0xe5,0x60,0xf6,0x00,0x73,0x00,0x00,0x00,0x00,0x00,0x00,
    0x00,0x00,0x00,0x00,0x00,0x00,0x00,0x00,0x00,0x00,0x00,0x00,0x00,0x00,0x00,0x00,
    0x00,0x00,0x00,0x00,0x00,0x00,0x00,0x00,0x00,0x00,0x00,0x00,0x00,0x00,0x00,0x00,
    0x00,0x00,0x00,0x00,0x00,0x4a,0x80,0xf6,0x00,0xe6,0x20,0xe6,0x20,0xe6,0x20,0xe6,
    0x20,0xe6,0x20,0xe6,0x20,0xe6,0x20,0xe6,0x20,0xe6,0x20,0xe6,0x20,0xe6,0x20,0xe6,
    0x20,0xe6,0x20,0xe6,0x00,0xe6,0x60,0xee,0x20,0xbd,0x20,0x00,0x00,0x00,0x00,0x00,
    0x00,0x52,0x20,0xf6,0x80,0xe5,0xc0,0xe5,0xc0,0xe5,0xc0,0xe5,0xc0,0xe5,0xc0,0xe5,
    0xc0,0xe5,0xc0,0xe5,0xc0,0xe5,0xc0,0xe5,0xe0,0xe5,0xe0,0xe5,0xe0,0xe5,0xe0,0xe5,
    0xe0,0xe5,0x00,0xee,0x60,0xd5,0x60,0x08,0x00,0x00,0x00,0x00,0x00,0x00,0x00,0x00,
    0x00,0x00,0x00,0x00,0x00,0x00,0x00,0x00,0x00,0x00,0x00,0x00,0x00,0x00,0x00,0x00,
    0x00,0x00,0x00,0x00,0x00,0x00,0x00,0x00,0x00,0x00,0x00,0x00,0x00,0x00,0x00,0x00,
    0x00,0x00,0x00,0x00,0xc0,0xb4,0x60,0xf6,0x00,0xe6,0x00,0xe6,0x00,0xe6,0x00,0xe6,
    0x00,0xe6,0x00,0xe6,0x00,0xe6,0x00,0xe6,0x00,0xe6,0x00,0xe6,0x00,0xe6,0x00,0xe6,
    0x00,0xe6,0x00,0xe6,0xe0,0xdd,0x80,0xf6,0xe0,0x6a,0x00,0x00,0xe0,0x28,0x80,0xdd,
    0x00,0xf6,0xe0,0xed,0xe0,0xed,0xe0,0xed,0x00,0xee,0x00,0xee,0x00,0xee,0x00,0xee,
    0x00,0xee,0x00,0xee,0x00,0xee,0x00,0xee,0x00,0xee,0x20,0xee,0x20,0xee,0x00,0xee,
    0x60,0xfe,0x60,0x5a,0x00,0x00,0x00,0x00,0x00,0x00,0x00,0x00,0x00,0x00,0x00,0x00,
    0x00,0x00,0x00,0x00,0x00,0x00,0x00,0x00,0x00,0x00,0x00,0x00,0x00,0x00,0x00,0x00,
    0x00,0x00,0x00,0x00,0x00,0x00,0x00,0x00,0x00,0x00,0x00,0x00,0x00,0x00,0x00,0x00,
    0x00,0x00,0x80,0x39,0x60,0xee,0x40,0xee,0x40,0xee,0x40,0xee,0x40,0xee,0x40,0xee,
    0x40,0xee,0x40,0xee,0x40,0xee,0x40,0xee,0x40,0xee,0x40,0xee,0x40,0xee,0x40,0xee,
    0x40,0xee,0x40,0xee,0x60,0xee,0x20,0xe6,0x40,0x31,0x40,0x83,0xe0,0xcc,0xa0,0xbc,
    0xc0,0xbc,0xc0,0xbc,0xc0,0xbc,0xc0,0xbc,0xc0,0xbc,0xc0,0xbc,0xc0,0xbc,0xc0,0xbc,
    0xe0,0xbc,0xe0,0xbc,0xe0,0xbc,0xe0,0xbc,0xe0,0xbc,0xe0,0xbc,0x00,0xc5,0x40,0xa4,
    0x20,0x00,0x00,0x00,0x00,0x00,0x00,0x00,0x00,0x00,0x00,0x00,0x00,0x00,0x00,0x00,
    0x00,0x00,0x00,0x00,0x00,0x00,0x00,0x00,0x00,0x00,0x00,0x00,0x00,0x00,0x00,0x00,
    0x00,0x00,0x00,0x00,0x00,0x00,0x00,0x00,0x00,0x00,0x00,0x00,0x00,0x00,0x00,0x00,
    0x00,0x00,0xc0,0x8b,0x40,0xc5,0x00,0xbd,0x00,0xbd,0x00,0xbd,0x00,0xbd,0x00,0xbd,
    0x00,0xbd,0x00,0xbd,0x00,0xbd,0x00,0xbd,0x00,0xbd,0x00,0xbd,0x00,0xbd,0x00,0xbd,
    0x00,0xbd,0x00,0xbd,0x40,0xc5,0xa0,0x8b,
};
const lv_img_dsc_t img_genex_4 = {
    .header.cf = LV_IMG_CF_TRUE_COLOR,
    .header.always_zero = 0,
    .header.reserved = 0,
    .header.w = 63,
    .header.h = 68,
    .data_size = 8568,
    .data = img_genex_4_map,
};

static const uint8_t img_comics_map[] = {
    0x00,0x00,0x00,0x00,0x00,0x00,0x00,0x00,0x00,0x00,0x00,0x00,0x00,0x00,0x00,0x00,
    0x00,0x00,0x00,0x00,0x00,0x00,0x00,0x00,0x00,0x00,0x00,0x00,0x00,0x00,0x00,0x00,
    0x00,0x00,0x00,0x00,0x00,0x00,0x20,0x00,0x00,0x00,0x00,0x00,0x00,0x00,0x00,0x00,
    0x04,0x21,0x8a,0x4a,0x30,0x84,0x75,0xad,0x79,0xce,0x1c,0xe7,0xbe,0xf7,0xdf,0xff,
    0xff,0xff,0xdf,0xff,0xdf,0xf7,0x5d,0xef,0xba,0xd6,0xf7,0xbd,0x92,0x8c,0x0c,0x5b,
    0x65,0x29,0x20,0x00,0x00,0x00,0x00,0x00,0x00,0x00,0x20,0x00,0x00,0x00,0x00,0x00,
    0x00,0x00,0x00,0x00,0x00,0x00,0x00,0x00,0x00,0x00,0x00,0x00,0x00,0x00,0x00,0x00,
    0x00,0x00,0x00,0x00,0x00,0x00,0x00,0x00,0x00,0x00,0x00,0x00,0x00,0x00,0x00,0x00,
    0x00,0x00,0x00,0x00,0x00,0x00,0x00,0x00,0x00,0x00,0x00,0x00,0x00,0x00,0x00,0x00,
    0x00,0x00,0x00,0x00,0x00,0x00,0x00,0x00,0x00,0x00,0x41,0x08,0x86,0x29,0x0c,0x63,
    0x92,0x8c,0xb7,0xb5,0x9a,0xce,0x3c,0xe7,0x9e,0xf7,0xdf,0xf7,0xdf,0xff,0xbf,0xf7,
    0x7e,0xef,0xfb,0xde,0x59,0xce,0x55,0xad,0x10,0x84,0x8a,0x52,0x04,0x21,0x00,0x00,
    0x00,0x00,0x00,0x00,0x00,0x00,0x20,0x00,0x00,0x00,0x00,0x00,0x00,0x00,0x00,0x00,
    0x00,0x00,0x00,0x00,0x00,0x00,0x00,0x00,0x00,0x00,0x00,0x00,0x00,0x00,0x00,0x00,
    0x00,0x00,0x00,0x00,0x00,0x00,0x00,0x00,0x00,0x00,0x00,0x00,0x00,0x00,0x00,0x00,
    0x00,0x00,0x00,0x00,0x00,0x00,0x49,0x4a,0xaa,0x52,0xaa,0x52,0xaa,0x52,0xaa,0x52,
    0xaa,0x52,0xaa,0x52,0x28,0x42,0x00,0x00,0x00,0x00,0x00,0x00,0x00,0x00,0x00,0x00,
    0x00,0x00,0x00,0x00,0x00,0x00,0x00,0x00,0x00,0x00,0x00,0x00,0x00,0x00,0x00,0x00,
    0x00,0x00,0x00,0x00,0x00,0x00,0x00,0x00,0x00,0x00,0x00,0x00,0x00,0x00,0x00,0x00,
    0x00,0x00,0x00,0x00,0x00,0x00,0x00,0x00,0x00,0x00,0x00,0x00,0x00,0x00,0x00,0x00,
    0x00,0x00,0x00,0x00,0x00,0x00,0x00,0x00,0x00,0x00,0x00,0x00,0x00,0x00,0x00,0x00,
    0x00,0x00,0x69,0x4a,0xaa,0x52,0xaa,0x52,0xaa,0x52,0xaa,0x52,0xaa,0x52,0xaa,0x52,
    0xe7,0x39,0x00,0x00,0x00,0x00,0x00,0x00,0x00,0x00,0x20,0x00,0x8a,0x4a,0xcb,0x5a,
    0xcb,0x5a,0xcb,0x5a,0xcb,0x5a,0xaa,0x52,0xcb,0x5a,0xa6,0x31,0x00,0x00,0x00,0x00,
    0x00,0x00,0x00,0x00,0x00,0x00,0x00,0x00,0x00,0x00,0x00,0x00,0x00,0x00,0x00,0x00,
    0x00,0x00,0x00,0x00,0x00,0x00,0x00,0x00,0x00,0x00,0x00,0x00,0x00,0x00,0x00,0x00,
    0x00,0x00,0x00,0x00,0x00,0x00,0x00,0x00,0x00,0x00,0x20,0x00,0x00,0x00,0x00,0x00,
    0x00,0x00,0x20,0x00,0x65,0x29,0xeb,0x5a,0x71,0x8c,0xd7,0xb5,0x9a,0xd6,0x5d,0xe7,
    0xbe,0xf7,0xdf,0xff,0xff,0xff,0xdf,0xff,0xbe,0xf7,0x3c,0xe7,0x7a,0xce,0x96,0xb5,
    0x31,0x84,0xaa,0x52,0x04,0x21,0x00,0x00,0x00,0x00,0x00,0x00,0x00,0x00,0x20,0x00,
    0x00,0x00,0x00,0x00,0x00,0x00,0x00,0x00,0x00,0x00,0x00,0x00,0x00,0x00,0x00,0x00,
    0x00,0x00,0x00,0x00,0x00,0x00,0x00,0x00,0x00,0x00,0x00,0x00,0x00,0x00,0x00,0x00,
    0x00,0x00,0x00,0x00,0x00,0x00,0x00,0x00,0x00,0x00,0x20,0x00,0x00,0x00,0x00,0x00,
    0x00,0x00,0x20,0x00,0x25,0x21,0x8a,0x4a,0xcf,0x7b,0xd3,0x94,0xd7,0xb5,0x59,0xc6,
    0x79,0xce,0x9a,0xd6,0xbb,0xd6,0x9a,0xd6,0x79,0xce,0x59,0xc6,0x96,0xb5,0xb2,0x94,
    0xcf,0x73,0x6a,0x4a,0x24,0x21,0x20,0x00,0x00,0x00,0x00,0x00,0x00,0x00,0x00,0x00,
    0x00,0x00,0x00,0x00,0x00,0x00,0x00,0x00,0x00,0x00,0x00,0x00,0x00,0x00,0x00,0x00,
    0x00,0x00,0x00,0x00,0x00,0x00,0x00,0x00,0x00,0x00,0x00,0x00,0x00,0x00,0x00,0x00,
    0x00,0x00,0x00,0x00,0x00,0x00,0x00,0x00,0x00,0x00,0x00,0x00,0x00,0x00,0x00,0x00,
    0x00,0x00,0x00,0x00,0x00,0x00,0x00,0x00,0x00,0x00,0x00,0x00,0x00,0x00,0x00,0x00,
    0x00,0x00,0xc7,0x39,0x30,0x84,0x38,0xc6,0x9e,0xf7,0xff,0xff,0xff,0xff,0xff,0xff,
    0xff,0xff,0xff,0xff,0xff,0xff,0xff,0xff,0xff,0xff,0xff,0xff,0xff,0xff,0xff,0xff,
    0xff,0xff,0xff,0xff,0xff,0xff,0xff,0xff,0xdf,0xf7,0x9a,0xd6,0x92,0x8c,0x08,0x42,
    0x20,0x00,0x00,0x00,0x00,0x00,0x00,0x00,0x00,0x00,0x00,0x00,0x00,0x00,0x00,0x00,
    0x00,0x00,0x00,0x00,0x00,0x00,0x00,0x00,0x00,0x00,0x00,0x00,0x00,0x00,0x00,0x00,
    0x00,0x00,0x00,0x00,0x00,0x00,0x00,0x00,0x00,0x00,0x00,0x00,0x00,0x00,0x00,0x00,
    0x00,0x00,0x00,0x00,0x00,0x00,0x00,0x00,0x00,0x00,0x00,0x00,0x82,0x10,0xaa,0x52,
    0xf4,0x9c,0xdb,0xde,0xdf,0xff,0xff,0xff,0xff,0xff,0xff,0xff,0xff,0xff,0xff,0xff,
    0xff,0xff,0xff,0xff,0xff,0xff,0xff,0xff,0xff,0xff,0xff,0xff,0xff,0xff,0xff,0xff,
    0xff,0xff,0xff,0xff,0x9e,0xf7,0x39,0xc6,0x30,0x84,0xe7,0x39,0x20,0x00,0x00,0x00,
    0x00,0x00,0x00,0x00,0x00,0x00,0x00,0x00,0x00,0x00,0x00,0x00,0x00,0x00,0x00,0x00,
    0x00,0x00,0x00,0x00,0x00,0x00,0x00,0x00,0x00,0x00,0x00,0x00,0x00,0x00,0x00,0x00,
    0x00,0x00,0x00,0x00,0x00,0x00,0x00,0x00,0x00,0x00,0x00,0x00,0x41,0x00,0x5d,0xe7,
    0xff,0xff,0xff,0xff,0xff,0xff,0xff,0xff,0xff,0xff,0xff,0xff,0xff,0xff,0x8a,0x52,
    0x00,0x00,0x00,0x00,0x00,0x00,0x00,0x00,0x00,0x00,0x00,0x00,0x00,0x00,0x00,0x00,
    0x00,0x00,0x00,0x00,0x00,0x00,0x00,0x00,0x00,0x00,0x00,0x00,0x00,0x00,0x00,0x00,
    0x00,0x00,0x00,0x00,0x00,0x00,0x00,0x00,0x00,0x00,0x00,0x00,0x00,0x00,0x00,0x00,
    0x00,0x00,0x00,0x00,0x00,0x00,0x00,0x00,0x00,0x00,0x00,0x00,0x00,0x00,0x00,0x00,
    0x00,0x00,0x00,0x00,0x20,0x00,0x00,0x00,0x8e,0x6b,0xff,0xff,0xff,0xff,0xff,0xff,
    0xff,0xff,0xff,0xff,0xff,0xff,0xff,0xff,0x18,0xbe,0x00,0x00,0x00,0x00,0x00,0x00,
    0x00,0x00,0x41,0x08,0x9e,0xef,0xff,0xff,0xff,0xff,0xff,0xff,0xff,0xff,0xff,0xff,
    0xff,0xff,0x14,0x9d,0x00,0x00,0x20,0x00,0x00,0x00,0x00,0x00,0x00,0x00,0x00,0x00,
    0x00,0x00,0x00,0x00,0x00,0x00,0x00,0x00,0x00,0x00,0x00,0x00,0x00,0x00,0x00,0x00,
    0x00,0x00,0x00,0x00,0x00,0x00,0x00,0x00,0x00,0x00,0x00,0x00,0x00,0x00,0x00,0x00,
    0x00,0x00,0x00,0x00,0x41,0x08,0x49,0x4a,0xb2,0x94,0x9a,0xd6,0xdf,0xf7,0xff,0xff,
    0xff,0xff,0xff,0xff,0xff,0xff,0xff,0xff,0xff,0xff,0xff,0xff,0xff,0xff,0xff,0xff,
    0xff,0xff,0xff,0xff,0xff,0xff,0xff,0xff,0xff,0xff,0xff,0xff,0x9e,0xf7,0x38,0xc6,
    0x10,0x7c,0xa6,0x31,0x00,0x00,0x00,0x00,0x00,0x00,0x00,0x00,0x00,0x00,0x00,0x00,
    0x00,0x00,0x00,0x00,0x00,0x00,0x00,0x00,0x00,0x00,0x00,0x00,0x00,0x00,0x00,0x00,
    0x00,0x00,0x00,0x00,0x00,0x00,0x00,0x00,0x00,0x00,0x00,0x00,0x00,0x00,0x00,0x00,
    0x00,0x00,0x00,0x00,0x61,0x08,0x8a,0x4a,0xd3,0x9c,0x9a,0xd6,0xbe,0xf7,0xff,0xff,
    0xff,0xff,0xff,0xff,0xff,0xff,0xff,0xff,0xff,0xff,0xff,0xff,0xff,0xff,0xff,0xff,
    0xff,0xff,0xff,0xff,0xff,0xff,0xff,0xff,0xff,0xff,0xff,0xff,0xbe,0xf7,0xba,0xd6,
    0xf3,0x9c,0xaa,0x52,0xa2,0x10,0x00,0x00,0x00,0x00,0x00,0x00,0x00,0x00,0x00,0x00,
    0x00,0x00,0x00,0x00,0x00,0x00,0x00,0x00,0x00,0x00,0x00,0x00,0x00,0x00,0x00,0x00,
    0x00,0x00,0x00,0x00,0x00,0x00,0x00,0x00,0x00,0x00,0x00,0x00,0x00,0x00,0x00,0x00,
    0x00,0x00,0x00,0x00,0x00,0x00,0x00,0x00,0x00,0x00,0x00,0x00,0x00,0x00,0x00,0x00,
    0x00,0x00,0x00,0x00,0xa2,0x10,0x8e,0x73,0x7a,0xce,0xff,0xff,0xff,0xff,0xff,0xff,
    0xff,0xff,0xff,0xff,0xff,0xff,0xdf,0xff,0xff,0xff,0xff,0xff,0xff,0xff,0xff,0xff,
    0xff,0xff,0xff,0xff,0xff,0xff,0xff,0xff,0xff,0xff,0xff,0xff,0xff,0xff,0xff,0xff,
    0xff,0xff,0xff,0xff,0xff,0xff,0xff,0xff,0xdb,0xd6,0xef,0x7b,0xc3,0x18,0x00,0x00,
    0x00,0x00,0x00,0x00,0x00,0x00,0x00,0x00,0x00,0x00,0x00,0x00,0x00,0x00,0x00,0x00,
    0x00,0x00,0x00,0x00,0x00,0x00,0x00,0x00,0x00,0x00,0x00,0x00,0x00,0x00,0x00,0x00,
    0x00,0x00,0x00,0x00,0x00,0x00,0x00,0x00,0x00,0x00,0x00,0x00,0x00,0x00,0x00,0x00,
    0xa7,0x31,0xd3,0x9c,0x5d,0xe7,0xff,0xff,0xff,0xff,0xff,0xff,0xff,0xff,0xff,0xff,
    0xff,0xff,0xff,0xff,0xff,0xff,0xff,0xff,0xff,0xff,0xff,0xff,0xff,0xff,0xff,0xff,
    0xff,0xff,0xff,0xff,0xff,0xff,0xff,0xff,0xff,0xff,0xff,0xff,0xff,0xff,0xff,0xff,
    0xff,0xff,0xff,0xff,0x9a,0xd6,0xcf,0x73,0xc3,0x18,0x00,0x00,0x00,0x00,0x00,0x00,
    0x00,0x00,0x00,0x00,0x00,0x00,0x00,0x00,0x00,0x00,0x00,0x00,0x00,0x00,0x00,0x00,
    0x00,0x00,0x00,0x00,0x00,0x00,0x00,0x00,0x00,0x00,0x00,0x00,0x00,0x00,0x00,0x00,
    0x00,0x00,0x00,0x00,0x41,0x00,0xfb,0xde,0xff,0xff,0xdf,0xff,0xff,0xff,0xff,0xff,
    0xff,0xff,0xff,0xff,0xff,0xff,0x9e,0xf7,0x45,0x21,0x00,0x00,0x00,0x00,0x00,0x00,
    0x00,0x00,0x00,0x00,0x00,0x00,0x00,0x00,0x00,0x00,0x00,0x00,0x00,0x00,0x00,0x00,
    0x00,0x00,0x00,0x00,0x00,0x00,0x00,0x00,0x00,0x00,0x00,0x00,0x00,0x00,0x00,0x00,
    0x00,0x00,0x00,0x00,0x00,0x00,0x00,0x00,0x00,0x00,0x00,0x00,0x00,0x00,0x00,0x00,
    0x00,0x00,0x00,0x00,0x00,0x00,0x00,0x00,0x00,0x00,0x00,0x00,0x00,0x00,0xa6,0x31,
    0xdf,0xff,0xff,0xff,0xff,0xff,0xff,0xff,0xff,0xff,0xff,0xff,0xdf,0xff,0xff,0xff,
    0xb7,0xb5,0x00,0x00,0x00,0x00,0x00,0x00,0x00,0x00,0x41,0x08,0x3c,0xe7,0xff,0xff,
    0xff,0xff,0xff,0xff,0xff,0xff,0xdf,0xff,0xff,0xff,0xd3,0x9c,0x00,0x00,0x20,0x00,
    0x00,0x00,0x00,0x00,0x00,0x00,0x00,0x00,0x00,0x00,0x00,0x00,0x00,0x00,0x00,0x00,
    0x00,0x00,0x00,0x00,0x00,0x00,0x00,0x00,0x00,0x00,0x00,0x00,0x00,0x00,0x00,0x00,
    0x00,0x00,0x00,0x00,0x00,0x00,0x00,0x00,0x24,0x21,0x51,0x84,0xfb,0xde,0xff,0xff,
    0xff,0xff,0xff,0xff,0xff,0xff,0xff,0xff,0xff,0xff,0xff,0xff,0xff,0xff,0xff,0xff,
    0xff,0xff,0xff,0xff,0xff,0xff,0xff,0xff,0xff,0xff,0xff,0xff,0xff,0xff,0xff,0xff,
    0xff,0xff,0xff,0xff,0xff,0xff,0xff,0xff,0xff,0xff,0xff,0xff,0x38,0xc6,0x2c,0x63,
    0x61,0x08,0x00,0x00,0x00,0x00,0x00,0x00,0x00,0x00,0x00,0x00,0x00,0x00,0x00,0x00,
    0x00,0x00,0x00,0x00,0x00,0x00,0x00,0x00,0x00,0x00,0x00,0x00,0x00,0x00,0x00,0x00,
    0x00,0x00,0x00,0x00,0x00,0x00,0x00,0x00,0x04,0x21,0x51,0x8c,0x1c,0xe7,0xff,0xff,
    0xff,0xff,0xff,0xff,0xff,0xff,0xff,0xff,0xff,0xff,0xff,0xff,0xff,0xff,0xff,0xff,
    0xff,0xff,0xff,0xff,0xff,0xff,0xff,0xff,0xff,0xff,0xff,0xff,0xff,0xff,0xff,0xff,
    0xff,0xff,0xff,0xff,0xff,0xff,0xff,0xff,0xff,0xff,0xff,0xff,0x5d,0xef,0xb3,0x94,
    0x65,0x29,0x00,0x00,0x00,0x00,0x00,0x00,0x00,0x00,0x00,0x00,0x00,0x00,0x00,0x00,
    0x00,0x00,0x00,0x00,0x00,0x00,0x00,0x00,0x00,0x00,0x00,0x00,0x00,0x00,0x00,0x00,
    0x00,0x00,0x00,0x00,0x00,0x00,0x00,0x00,0x00,0x00,0x00,0x00,0x00,0x00,0x00,0x00,
    0x00,0x00,0x00,0x00,0x00,0x00,0x00,0x00,0xa2,0x10,0x10,0x84,0x5d,0xe7,0xff,0xff,
    0xff,0xff,0xff,0xff,0xdf,0xff,0xff,0xff,0xff,0xff,0xff,0xff,0xff,0xff,0xff,0xff,
    0xff,0xff,0xff,0xff,0xff,0xff,0xff,0xff,0xff,0xff,0xff,0xff,0xff,0xff,0xff,0xff,
    0xff,0xff,0xff,0xff,0xff,0xff,0xff,0xff,0xff,0xff,0xff,0xff,0xdf,0xff,0xff,0xff,
    0xff,0xff,0xff,0xff,0x7d,0xef,0x51,0x84,0xa3,0x10,0x00,0x00,0x00,0x00,0x00,0x00,
    0x00,0x00,0x00,0x00,0x00,0x00,0x00,0x00,0x00,0x00,0x00,0x00,0x00,0x00,0x00,0x00,
    0x00,0x00,0x00,0x00,0x00,0x00,0x00,0x00,0x00,0x00,0x00,0x00,0x00,0x00,0x00,0x00,
    0x00,0x00,0x00,0x00,0xe7,0x39,0x96,0xb5,0xff,0xff,0xff,0xff,0xff,0xff,0xff,0xff,
    0xff,0xff,0xff,0xff,0xff,0xff,0xff,0xff,0xff,0xff,0xff,0xff,0xff,0xff,0xff,0xff,
    0xff,0xff,0xff,0xff,0xff,0xff,0xff,0xff,0xff,0xff,0xff,0xff,0xff,0xff,0xff,0xff,
    0xff,0xff,0xff,0xff,0xff,0xff,0xff,0xff,0xdf,0xff,0xff,0xff,0xff,0xff,0xff,0xff,
    0x7d,0xef,0x51,0x8c,0xc3,0x18,0x00,0x00,0x00,0x00,0x00,0x00,0x00,0x00,0x00,0x00,
    0x00,0x00,0x00,0x00,0x00,0x00,0x00,0x00,0x00,0x00,0x00,0x00,0x00,0x00,0x00,0x00,
    0x00,0x00,0x00,0x00,0x00,0x00,0x00,0x00,0x00,0x00,0x00,0x00,0x41,0x00,0x1c,0xdf,
    0xff,0xff,0xff,0xff,0xff,0xff,0xff,0xff,0xff,0xff,0xff,0xff,0xff,0xff,0xff,0xff,
    0x9a,0xd6,0x41,0x08,0x00,0x00,0x00,0x00,0x00,0x00,0x00,0x00,0x00,0x00,0x00,0x00,
    0x00,0x00,0x00,0x00,0x00,0x00,0x00,0x00,0x00,0x00,0x00,0x00,0x00,0x00,0x00,0x00,
    0x00,0x00,0x00,0x00,0x00,0x00,0x00,0x00,0x00,0x00,0x00,0x00,0x00,0x00,0x00,0x00,
    0x00,0x00,0x00,0x00,0x00,0x00,0x00,0x00,0x00,0x00,0x00,0x00,0x00,0x00,0x00,0x00,
    0x00,0x00,0x00,0x00,0x61,0x08,0xdb,0xde,0xff,0xff,0xdf,0xff,0xff,0xff,0xff,0xff,
    0xff,0xff,0xff,0xff,0xff,0xff,0xff,0xff,0xd7,0xbd,0x00,0x00,0x00,0x00,0x00,0x00,
    0x00,0x00,0x41,0x08,0x3c,0xe7,0xff,0xff,0xff,0xff,0xff,0xff,0xff,0xff,0xdf,0xff,
    0xff,0xff,0xd3,0x9c,0x00,0x00,0x20,0x00,0x00,0x00,0x00,0x00,0x00,0x00,0x00,0x00,
    0x00,0x00,0x00,0x00,0x00,0x00,0x00,0x00,0x00,0x00,0x00,0x00,0x00,0x00,0x00,0x00,
    0x00,0x00,0x00,0x00,0x00,0x00,0x00,0x00,0x00,0x00,0x00,0x00,0x25,0x21,0xd3,0x9c,
    0xbe,0xf7,0xff,0xff,0xff,0xff,0xff,0xff,0xdf,0xff,0xff,0xff,0xff,0xff,0xff,0xff,
    0xff,0xff,0xff,0xff,0xff,0xff,0xff,0xff,0xff,0xff,0xff,0xff,0xff,0xff,0xff,0xff,
    0xff,0xff,0xff,0xff,0xff,0xff,0xff,0xff,0xff,0xff,0xff,0xff,0xff,0xff,0xdf,0xff,
    0xdf,0xff,0xff,0xff,0xff,0xff,0xff,0xff,0xdb,0xde,0x4d,0x6b,0x20,0x00,0x00,0x00,
    0x00,0x00,0x00,0x00,0x00,0x00,0x00,0x00,0x00,0x00,0x00,0x00,0x00,0x00,0x00,0x00,
    0x00,0x00,0x00,0x00,0x00,0x00,0x00,0x00,0x00,0x00,0x00,0x00,0x41,0x08,0x10,0x84,
    0x9e,0xef,0xff,0xff,0xff,0xff,0xff,0xff,0xdf,0xff,0xff,0xff,0xff,0xff,0xff,0xff,
    0xff,0xff,0xff,0xff,0xff,0xff,0xff,0xff,0xff,0xff,0xff,0xff,0xff,0xff,0xff,0xff,
    0xff,0xff,0xff,0xff,0xff,0xff,0xff,0xff,0xff,0xff,0xff,0xff,0xff,0xff,0xff,0xff,
    0xdf,0xff,0xff,0xff,0xff,0xff,0xff,0xff,0xdf,0xf7,0xd3,0x94,0xa2,0x10,0x00,0x00,
    0x00,0x00,0x00,0x00,0x00,0x00,0x00,0x00,0x00,0x00,0x00,0x00,0x00,0x00,0x00,0x00,
    0x00,0x00,0x00,0x00,0x00,0x00,0x00,0x00,0x00,0x00,0x00,0x00,0x00,0x00,0x00,0x00,
    0x00,0x00,0x00,0x00,0x00,0x00,0x00,0x00,0x00,0x00,0x00,0x00,0x00,0x00,0x2c,0x63,
    0x1c,0xe7,0xff,0xff,0xff,0xff,0xdf,0xff,0xff,0xff,0xff,0xff,0xff,0xff,0xff,0xff,
    0xff,0xff,0xff,0xff,0xff,0xff,0xff,0xff,0xff,0xff,0xff,0xff,0xff,0xff,0xff,0xff,
    0xff,0xff,0xff,0xff,0xff,0xff,0xff,0xff,0xff,0xff,0xff,0xff,0xff,0xff,0xff,0xff,
    0xff,0xff,0xff,0xff,0xff,0xff,0xff,0xff,0xff,0xff,0xdf,0xff,0xff,0xff,0xff,0xff,
    0x3c,0xe7,0x4d,0x63,0x00,0x00,0x00,0x00,0x00,0x00,0x00,0x00,0x00,0x00,0x00,0x00,
    0x00,0x00,0x00,0x00,0x00,0x00,0x00,0x00,0x00,0x00,0x00,0x00,0x00,0x00,0x00,0x00,
    0x00,0x00,0x00,0x00,0x00,0x00,0x00,0x00,0xe3,0x18,0x14,0x9d,0xff,0xff,0xff,0xff,
    0xff,0xff,0xdf,0xff,0xff,0xff,0xff,0xff,0xff,0xff,0xff,0xff,0xff,0xff,0xff,0xff,
    0xff,0xff,0xff,0xff,0xff,0xff,0xff,0xff,0xff,0xff,0xff,0xff,0xff,0xff,0xff,0xff,
    0xff,0xff,0xff,0xff,0xff,0xff,0xff,0xff,0xff,0xff,0xff,0xff,0xff,0xff,0xff,0xff,
    0xff,0xff,0xff,0xff,0xff,0xff,0xdf,0xff,0xff,0xff,0xff,0xff,0x3d,0xe7,0x6e,0x6b,
    0x00,0x00,0x00,0x00,0x00,0x00,0x00,0x00,0x00,0x00,0x00,0x00,0x00,0x00,0x00,0x00,
    0x00,0x00,0x00,0x00,0x00,0x00,0x00,0x00,0x00,0x00,0x00,0x00,0x00,0x00,0x00,0x00,
    0x00,0x00,0x00,0x00,0x41,0x00,0x1c,0xdf,0xff,0xff,0xff,0xff,0xff,0xff,0xff,0xff,
    0xff,0xff,0xff,0xff,0xff,0xff,0xdf,0xff,0xff,0xff,0x34,0xa5,0x00,0x00,0x20,0x00,
    0x00,0x00,0x00,0x00,0x00,0x00,0x00,0x00,0x00,0x00,0x00,0x00,0x00,0x00,0x00,0x00,
    0x00,0x00,0x00,0x00,0x00,0x00,0x00,0x00,0x00,0x00,0x00,0x00,0x00,0x00,0x00,0x00,
    0x00,0x00,0x00,0x00,0x00,0x00,0x00,0x00,0x00,0x00,0x00,0x00,0x00,0x00,0x00,0x00,
    0x00,0x00,0x00,0x00,0x00,0x00,0x00,0x00,0x20,0x00,0x00,0x00,0x14,0xa5,0xff,0xff,
    0xdf,0xff,0xff,0xff,0xff,0xff,0xff,0xff,0xff,0xff,0xff,0xff,0xff,0xff,0xff,0xff,
    0xd7,0xbd,0x00,0x00,0x00,0x00,0x00,0x00,0x00,0x00,0x41,0x08,0x3c,0xe7,0xff,0xff,
    0xff,0xff,0xff,0xff,0xff,0xff,0xdf,0xff,0xff,0xff,0xd3,0x9c,0x00,0x00,0x20,0x00,
    0x00,0x00,0x00,0x00,0x00,0x00,0x00,0x00,0x00,0x00,0x00,0x00,0x00,0x00,0x00,0x00,
    0x00,0x00,0x00,0x00,0x00,0x00,0x00,0x00,0x00,0x00,0x00,0x00,0x20,0x00,0x00,0x00,
    0x41,0x08,0x30,0x84,0x9e,0xf7,0xff,0xff,0xff,0xff,0xdf,0xff,0xff,0xff,0xff,0xff,
    0xff,0xff,0xff,0xff,0xff,0xff,0xff,0xff,0xff,0xff,0xff,0xff,0xff,0xff,0xff,0xff,
    0xff,0xff,0xff,0xff,0xff,0xff,0xff,0xff,0xff,0xff,0xff,0xff,0xff,0xff,0xff,0xff,
    0xff,0xff,0xff,0xff,0xff,0xff,0xff,0xff,0xff,0xff,0xff,0xff,0xff,0xff,0xff,0xff,
    0xff,0xff,0xff,0xff,0x7a,0xce,0x49,0x4a,0x00,0x00,0x00,0x00,0x00,0x00,0x00,0x00,
    0x00,0x00,0x00,0x00,0x00,0x00,0x00,0x00,0x00,0x00,0x00,0x00,0x00,0x00,0x20,0x00,
    0x00,0x00,0xa6,0x31,0x9a,0xd6,0xff,0xff,0xff,0xff,0xdf,0xff,0xff,0xff,0xff,0xff,
    0xff,0xff,0xff,0xff,0xff,0xff,0xff,0xff,0xdf,0xff,0xff,0xff,0xff,0xff,0xff,0xff,
    0xff,0xff,0xff,0xff,0xff,0xff,0xff,0xff,0xff,0xff,0xdf,0xff,0xdf,0xff,0xff,0xff,
    0xff,0xff,0xff,0xff,0xff,0xff,0xff,0xff,0xff,0xff,0xff,0xff,0xff,0xff,0xdf,0xff,
    0xff,0xff,0xff,0xff,0x1c,0xe7,0x49,0x42,0x00,0x00,0x00,0x00,0x00,0x00,0x00,0x00,
    0x00,0x00,0x00,0x00,0x00,0x00,0x00,0x00,0x00,0x00,0x00,0x00,0x00,0x00,0x00,0x00,
    0x00,0x00,0x00,0x00,0x00,0x00,0x00,0x00,0x00,0x00,0x00,0x00,0x00,0x00,0x20,0x00,
    0x00,0x00,0x24,0x21,0xd7,0xb5,0xff,0xff,0xff,0xff,0xdf,0xff,0xff,0xff,0xff,0xff,
    0xff,0xff,0xff,0xff,0xff,0xff,0xff,0xff,0xff,0xff,0xff,0xff,0xff,0xff,0xff,0xff,
    0xff,0xff,0xff,0xff,0xff,0xff,0xdf,0xff,0xdf,0xff,0xdf,0xff,0xff,0xff,0xff,0xff,
    0xff,0xff,0xff,0xff,0xff,0xff,0xff,0xff,0xff,0xff,0xff,0xff,0xff,0xff,0xff,0xff,
    0xff,0xff,0xff,0xff,0xff,0xff,0xdf,0xff,0xff,0xff,0xff,0xff,0xd7,0xb5,0x24,0x21,
    0x00,0x00,0x20,0x00,0x00,0x00,0x00,0x00,0x00,0x00,0x00,0x00,0x00,0x00,0x00,0x00,
    0x00,0x00,0x00,0x00,0x00,0x00,0x00,0x00,0x00,0x00,0x00,0x00,0x00,0x00,0x0c,0x5b,
    0x5d,0xef,0xff,0xff,0xff,0xff,0xff,0xff,0xff,0xff,0xff,0xff,0xff,0xff,0xff,0xff,
    0xff,0xff,0xff,0xff,0xff,0xff,0xff,0xff,0xff,0xff,0xff,0xff,0xff,0xff,0xff,0xff,
    0xff,0xff,0xdf,0xff,0xdf,0xff,0xdf,0xff,0xff,0xff,0xff,0xff,0xff,0xff,0xff,0xff,
    0xff,0xff,0xff,0xff,0xff,0xff,0xff,0xff,0xff,0xff,0xff,0xff,0xff,0xff,0xff,0xff,
    0xff,0xff,0xdf,0xff,0xff,0xff,0xff,0xff,0x18,0xc6,0x45,0x29,0x00,0x00,0x00,0x00,
    0x00,0x00,0x00,0x00,0x00,0x00,0x00,0x00,0x00,0x00,0x00,0x00,0x00,0x00,0x00,0x00,
    0x00,0x00,0x00,0x00,0x00,0x00,0x00,0x00,0x00,0x00,0x00,0x00,0x41,0x00,0x1c,0xdf,
    0xff,0xff,0xff,0xff,0xff,0xff,0xff,0xff,0xff,0xff,0xff,0xff,0xff,0xff,0xff,0xff,
    0xdf,0xff,0xff,0xff,0x8e,0x73,0x00,0x00,0x20,0x00,0x00,0x00,0x00,0x00,0x00,0x00,
    0x00,0x00,0x00,0x00,0x00,0x00,0x00,0x00,0x00,0x00,0x00,0x00,0x00,0x00,0x00,0x00,
    0x00,0x00,0x00,0x00,0x00,0x00,0x00,0x00,0x00,0x00,0x00,0x00,0x00,0x00,0x00,0x00,
    0x00,0x00,0x00,0x00,0x00,0x00,0x00,0x00,0x00,0x00,0x00,0x00,0x00,0x00,0x00,0x00,
    0x00,0x00,0x0c,0x5b,0xff,0xff,0xdf,0xff,0xff,0xff,0xff,0xff,0xff,0xff,0xff,0xff,
    0xff,0xff,0xff,0xff,0xff,0xff,0xff,0xff,0xd7,0xbd,0x00,0x00,0x00,0x00,0x00,0x00,
    0x00,0x00,0x41,0x08,0x3c,0xe7,0xff,0xff,0xff,0xff,0xff,0xff,0xff,0xff,0xdf,0xff,
    0xff,0xff,0xd3,0x9c,0x00,0x00,0x20,0x00,0x00,0x00,0x00,0x00,0x00,0x00,0x00,0x00,
    0x00,0x00,0x00,0x00,0x00,0x00,0x00,0x00,0x00,0x00,0x00,0x00,0x00,0x00,0x00,0x00,
    0x00,0x00,0x00,0x00,0x00,0x00,0x08,0x3a,0x9a,0xd6,0xff,0xff,0xff,0xff,0xdf,0xff,
    0xff,0xff,0xff,0xff,0xff,0xff,0xff,0xff,0xff,0xff,0xff,0xff,0xff,0xff,0xff,0xff,
    0xff,0xff,0xff,0xff,0xff,0xff,0xff,0xff,0xff,0xff,0xdf,0xff,0xdf,0xff,0xdf,0xff,
    0xff,0xff,0xff,0xff,0xff,0xff,0xff,0xff,0xff,0xff,0xff,0xff,0xff,0xff,0xff,0xff,
    0xff,0xff,0xff,0xff,0xff,0xff,0xff,0xff,0xff,0xff,0xff,0xff,0xff,0xff,0xff,0xff,
    0xd3,0x94,0x61,0x08,0x00,0x00,0x00,0x00,0x00,0x00,0x00,0x00,0x00,0x00,0x00,0x00,
    0x00,0x00,0x00,0x00,0x20,0x00,0x00,0x00,0xaa,0x52,0xbe,0xf7,0xff,0xff,0xdf,0xff,
    0xff,0xff,0xff,0xff,0xff,0xff,0xff,0xff,0xff,0xff,0xff,0xff,0xff,0xff,0xff,0xff,
    0xff,0xff,0xff,0xff,0xff,0xff,0xff,0xff,0xff,0xff,0xff,0xff,0xff,0xff,0xff,0xff,
    0xff,0xff,0xff,0xff,0xff,0xff,0xff,0xff,0xff,0xff,0xff,0xff,0xff,0xff,0xff,0xff,
    0xff,0xff,0xff,0xff,0xff,0xff,0xff,0xff,0xff,0xff,0xdf,0xff,0xff,0xff,0xff,0xff,
    0x2c,0x63,0x00,0x00,0x20,0x00,0x00,0x00,0x00,0x00,0x00,0x00,0x00,0x00,0x00,0x00,
    0x00,0x00,0x00,0x00,0x00,0x00,0x00,0x00,0x00,0x00,0x00,0x00,0x00,0x00,0x00,0x00,
    0x00,0x00,0x00,0x00,0x00,0x00,0x00,0x00,0xaa,0x52,0x5d,0xef,0xff,0xff,0xdf,0xff,
    0xff,0xff,0xff,0xff,0xff,0xff,0xff,0xff,0xff,0xff,0xff,0xff,0xff,0xff,0xff,0xff,
    0xff,0xff,0xdf,0xff,0xff,0xff,0xff,0xff,0xff,0xff,0xff,0xff,0xff,0xff,0xff,0xff,
    0xff,0xff,0xff,0xff,0xff,0xff,0xff,0xff,0xff,0xff,0xff,0xff,0xff,0xff,0xdf,0xff,
    0xff,0xff,0xff,0xff,0xff,0xff,0xff,0xff,0xff,0xff,0xff,0xff,0xff,0xff,0xff,0xff,
    0xff,0xff,0xdf,0xff,0xff,0xff,0x5d,0xef,0xaa,0x52,0x00,0x00,0x00,0x00,0x00,0x00,
    0x00,0x00,0x00,0x00,0x00,0x00,0x00,0x00,0x00,0x00,0x00,0x00,0x00,0x00,0x00,0x00,
    0x00,0x00,0x41,0x08,0xf4,0x9c,0xff,0xff,0xff,0xff,0xdf,0xff,0xff,0xff,0xff,0xff,
    0xff,0xff,0xff,0xff,0xff,0xff,0xff,0xff,0xff,0xff,0xff,0xff,0xff,0xff,0xdf,0xff,
    0xff,0xff,0xff,0xff,0xff,0xff,0xff,0xff,0xff,0xff,0xff,0xff,0xff,0xff,0xff,0xff,
    0xff,0xff,0xff,0xff,0xff,0xff,0xff,0xff,0xff,0xff,0xdf,0xff,0xff,0xff,0xff,0xff,
    0xff,0xff,0xff,0xff,0xff,0xff,0xff,0xff,0xff,0xff,0xff,0xff,0xff,0xff,0xdf,0xff,
    0xff,0xff,0x9e,0xf7,0xeb,0x5a,0x00,0x00,0x00,0x00,0x00,0x00,0x00,0x00,0x00,0x00,
    0x00,0x00,0x00,0x00,0x00,0x00,0x00,0x00,0x00,0x00,0x00,0x00,0x00,0x00,0x00,0x00,
    0x00,0x00,0x00,0x00,0x41,0x00,0x1c,0xdf,0xff,0xff,0xff,0xff,0xff,0xff,0xff,0xff,
    0xff,0xff,0xff,0xff,0xff,0xff,0xff,0xff,0xff,0xff,0xff,0xff,0xff,0xff,0x08,0x3a,
    0x00,0x00,0x00,0x00,0x00,0x00,0x00,0x00,0x00,0x00,0x00,0x00,0x00,0x00,0x00,0x00,
    0x00,0x00,0x00,0x00,0x00,0x00,0x00,0x00,0x00,0x00,0x00,0x00,0x00,0x00,0x00,0x00,
    0x00,0x00,0x00,0x00,0x00,0x00,0x00,0x00,0x00,0x00,0x00,0x00,0x00,0x00,0x00,0x00,
    0x00,0x00,0x00,0x00,0x00,0x00,0x00,0x00,0x45,0x21,0x9e,0xf7,0xff,0xff,0xff,0xff,
    0xff,0xff,0xff,0xff,0xff,0xff,0xff,0xff,0xff,0xff,0xff,0xff,0xff,0xff,0xff,0xff,
    0xd7,0xbd,0x00,0x00,0x00,0x00,0x00,0x00,0x00,0x00,0x41,0x08,0x3c,0xe7,0xff,0xff,
    0xff,0xff,0xff,0xff,0xff,0xff,0xdf,0xff,0xff,0xff,0xd3,0x9c,0x00,0x00,0x20,0x00,
    0x00,0x00,0x00,0x00,0x00,0x00,0x00,0x00,0x00,0x00,0x00,0x00,0x00,0x00,0x00,0x00,
    0x00,0x00,0x00,0x00,0x00,0x00,0x00,0x00,0x00,0x00,0x00,0x00,0xcf,0x7b,0xff,0xff,
    0xff,0xff,0xdf,0xff,0xff,0xff,0xff,0xff,0xff,0xff,0xff,0xff,0xff,0xff,0xff,0xff,
    0xff,0xff,0xff,0xff,0xff,0xff,0xdf,0xff,0xff,0xff,0xff,0xff,0xff,0xff,0xff,0xff,
    0xff,0xff,0xff,0xff,0xff,0xff,0xff,0xff,0xff,0xff,0xff,0xff,0xff,0xff,0xff,0xff,
    0xff,0xff,0xdf,0xff,0xff,0xff,0xff,0xff,0xff,0xff,0xff,0xff,0xff,0xff,0xff,0xff,
    0xff,0xff,0xff,0xff,0xff,0xff,0xff,0xff,0xff,0xff,0x9a,0xd6,0x86,0x29,0x00,0x00,
    0x20,0x00,0x00,0x00,0x00,0x00,0x00,0x00,0x00,0x00,0x00,0x00,0x00,0x00,0x8a,0x52,
    0xff,0xff,0xff,0xff,0xff,0xff,0xff,0xff,0xff,0xff,0xff,0xff,0xff,0xff,0xff,0xff,
    0xdf,0xff,0xff,0xff,0xff,0xff,0x18,0xbe,0xaf,0x73,0xaa,0x52,0xc7,0x39,0xa6,0x31,
    0x86,0x31,0x86,0x31,0x86,0x31,0xa6,0x31,0x08,0x42,0x2c,0x63,0x51,0x8c,0xf8,0xbd,
    0x9e,0xf7,0xff,0xff,0xff,0xff,0xff,0xff,0xff,0xff,0xff,0xff,0xff,0xff,0xff,0xff,
    0xff,0xff,0xff,0xff,0xff,0xff,0xff,0xff,0xff,0xff,0x2c,0x63,0x00,0x00,0x00,0x00,
    0x00,0x00,0x00,0x00,0x00,0x00,0x00,0x00,0x00,0x00,0x00,0x00,0x00,0x00,0x00,0x00,
    0x00,0x00,0x00,0x00,0x00,0x00,0x00,0x00,0x00,0x00,0x00,0x00,0x00,0x00,0xef,0x7b,
    0xff,0xff,0xff,0xff,0xff,0xff,0xff,0xff,0xff,0xff,0xff,0xff,0xff,0xff,0xff,0xff,
    0xff,0xff,0xff,0xff,0xdf,0xff,0xff,0xff,0xff,0xff,0xff,0xff,0xff,0xff,0xdf,0xff,
    0x1c,0xdf,0x59,0xc6,0xb6,0xb5,0x14,0xa5,0xd3,0x9c,0xf3,0x9c,0x75,0xad,0x18,0xbe,
    0xba,0xd6,0x9e,0xf7,0xff,0xff,0xff,0xff,0xff,0xff,0xff,0xff,0xdf,0xff,0xff,0xff,
    0xff,0xff,0xff,0xff,0xff,0xff,0xff,0xff,0xff,0xff,0xff,0xff,0xff,0xff,0xff,0xff,
    0xff,0xff,0xef,0x7b,0x00,0x00,0x00,0x00,0x00,0x00,0x00,0x00,0x00,0x00,0x00,0x00,
    0x00,0x00,0x00,0x00,0x00,0x00,0x00,0x00,0x04,0x19,0x59,0xce,0xff,0xff,0xdf,0xff,
    0xff,0xff,0xff,0xff,0xff,0xff,0xff,0xff,0xff,0xff,0xff,0xff,0xff,0xff,0xff,0xff,
    0xff,0xff,0xff,0xff,0xff,0xff,0xff,0xff,0xff,0xff,0x7d,0xef,0x9a,0xd6,0x18,0xbe,
    0x75,0xad,0xf3,0x9c,0xd3,0x9c,0x14,0x9d,0xb6,0xb5,0x59,0xc6,0xfb,0xde,0xdf,0xff,
    0xff,0xff,0xff,0xff,0xff,0xff,0xff,0xff,0xdf,0xff,0xff,0xff,0xff,0xff,0xff,0xff,
    0xff,0xff,0xff,0xff,0xff,0xff,0xff,0xff,0xff,0xff,0xff,0xff,0xff,0xff,0x30,0x84,
    0x00,0x00,0x00,0x00,0x00,0x00,0x00,0x00,0x00,0x00,0x00,0x00,0x00,0x00,0x00,0x00,
    0x00,0x00,0x00,0x00,0x00,0x00,0x00,0x00,0x00,0x00,0x00,0x00,0x41,0x00,0x1c,0xdf,
    0xff,0xff,0xff,0xff,0xff,0xff,0xff,0xff,0xff,0xff,0xff,0xff,0xff,0xff,0xff,0xff,
    0xff,0xff,0xff,0xff,0xff,0xff,0x3c,0xe7,0xc3,0x18,0x00,0x00,0x00,0x00,0x00,0x00,
    0x00,0x00,0x00,0x00,0x00,0x00,0x00,0x00,0x00,0x00,0x00,0x00,0x00,0x00,0x00,0x00,
    0x00,0x00,0x00,0x00,0x00,0x00,0x00,0x00,0x00,0x00,0x00,0x00,0x00,0x00,0x00,0x00,
    0x00,0x00,0x00,0x00,0x00,0x00,0x00,0x00,0x00,0x00,0x00,0x00,0x00,0x00,0x20,0x00,
    0x79,0xce,0xff,0xff,0xff,0xff,0xff,0xff,0xff,0xff,0xff,0xff,0xff,0xff,0xff,0xff,
    0xff,0xff,0xff,0xff,0xff,0xff,0xff,0xff,0xd7,0xbd,0x00,0x00,0x00,0x00,0x00,0x00,
    0x00,0x00,0x41,0x08,0x3c,0xe7,0xff,0xff,0xff,0xff,0xff,0xff,0xff,0xff,0xdf,0xff,
    0xff,0xff,0xd3,0x9c,0x00,0x00,0x20,0x00,0x00,0x00,0x00,0x00,0x00,0x00,0x00,0x00,
    0x00,0x00,0x00,0x00,0x00,0x00,0x00,0x00,0x00,0x00,0x00,0x00,0x00,0x00,0x00,0x00,
    0x41,0x08,0x35,0xa5,0xff,0xff,0xff,0xff,0xff,0xff,0xff,0xff,0xff,0xff,0xff,0xff,
    0xff,0xff,0xff,0xff,0xff,0xff,0xff,0xff,0xdf,0xff,0xff,0xff,0xff,0xff,0xff,0xff,
    0xff,0xff,0xbe,0xf7,0xdb,0xde,0x38,0xc6,0x96,0xad,0xf3,0x9c,0xd3,0x9c,0xf3,0x9c,
    0x96,0xad,0x38,0xc6,0xdb,0xde,0xbe,0xf7,0xff,0xff,0xff,0xff,0xff,0xff,0xff,0xff,
    0xdf,0xff,0xff,0xff,0xff,0xff,0xff,0xff,0xff,0xff,0xff,0xff,0xff,0xff,0xff,0xff,
    0xdf,0xff,0xff,0xff,0x9e,0xf7,0x8a,0x52,0x00,0x00,0x20,0x00,0x00,0x00,0x00,0x00,
    0x00,0x00,0x00,0x00,0x65,0x29,0xbe,0xf7,0xff,0xff,0xff,0xff,0xff,0xff,0xff,0xff,
    0xff,0xff,0xff,0xff,0xff,0xff,0xff,0xff,0xff,0xff,0x1c,0xe7,0xec,0x5a,0x00,0x00,
    0x00,0x00,0x00,0x00,0x00,0x00,0x00,0x00,0x00,0x00,0x00,0x00,0x00,0x00,0x00,0x00,
    0x00,0x00,0x00,0x00,0x00,0x00,0x00,0x00,0xe3,0x18,0x4d,0x63,0x9a,0xce,0xff,0xff,
    0xff,0xff,0xff,0xff,0xff,0xff,0xff,0xff,0xff,0xff,0xff,0xff,0xff,0xff,0xff,0xff,
    0xff,0xff,0xff,0xff,0x08,0x42,0x00,0x00,0x00,0x00,0x00,0x00,0x00,0x00,0x00,0x00,
    0x00,0x00,0x00,0x00,0x00,0x00,0x00,0x00,0x00,0x00,0x00,0x00,0x00,0x00,0x00,0x00,
    0x00,0x00,0x00,0x00,0xd3,0x94,0xff,0xff,0xff,0xff,0xff,0xff,0xff,0xff,0xff,0xff,
    0xff,0xff,0xff,0xff,0xff,0xff,0xff,0xff,0xff,0xff,0xff,0xff,0xff,0xff,0xff,0xff,
    0x9a,0xd6,0x92,0x8c,0x8a,0x52,0x24,0x21,0x41,0x08,0x00,0x00,0x00,0x00,0x00,0x00,
    0x00,0x00,0x00,0x00,0x00,0x00,0x00,0x00,0x00,0x00,0xa3,0x10,0xe7,0x39,0xcf,0x7b,
    0x18,0xbe,0xdf,0xff,0xff,0xff,0xff,0xff,0xff,0xff,0xff,0xff,0xff,0xff,0xff,0xff,
    0xff,0xff,0xff,0xff,0xff,0xff,0xff,0xff,0xff,0xff,0xff,0xff,0xb2,0x94,0x00,0x00,
    0x00,0x00,0x00,0x00,0x00,0x00,0x00,0x00,0x00,0x00,0x20,0x00,0x00,0x00,0x65,0x29,
    0x1c,0xe7,0xff,0xff,0xdf,0xff,0xff,0xff,0xff,0xff,0xff,0xff,0xff,0xff,0xff,0xff,
    0xff,0xff,0xff,0xff,0xff,0xff,0xff,0xff,0xff,0xff,0x7d,0xef,0x96,0xad,0x6d,0x6b,
    0xc7,0x31,0xa2,0x10,0x00,0x00,0x00,0x00,0x00,0x00,0x00,0x00,0x00,0x00,0x00,0x00,
    0x00,0x00,0x00,0x00,0x41,0x08,0x04,0x21,0x8a,0x4a,0x72,0x8c,0x9a,0xd6,0xff,0xff,
    0xff,0xff,0xff,0xff,0xff,0xff,0xff,0xff,0xff,0xff,0xff,0xff,0xff,0xff,0xff,0xff,
    0xff,0xff,0xff,0xff,0xdf,0xff,0xff,0xff,0xf4,0x9c,0x00,0x00,0x00,0x00,0x00,0x00,
    0x00,0x00,0x00,0x00,0x00,0x00,0x00,0x00,0x00,0x00,0x00,0x00,0x00,0x00,0x00,0x00,
    0x00,0x00,0x00,0x00,0x41,0x00,0x1c,0xdf,0xff,0xff,0xff,0xff,0xff,0xff,0xff,0xff,
    0xff,0xff,0xff,0xff,0xff,0xff,0xff,0xff,0xff,0xff,0xff,0xff,0xff,0xff,0xff,0xff,
    0x18,0xbe,0x00,0x00,0x00,0x00,0x00,0x00,0x00,0x00,0x00,0x00,0x00,0x00,0x00,0x00,
    0x00,0x00,0x00,0x00,0x00,0x00,0x00,0x00,0x00,0x00,0x00,0x00,0x00,0x00,0x00,0x00,
    0x00,0x00,0x00,0x00,0x00,0x00,0x00,0x00,0x00,0x00,0x00,0x00,0x00,0x00,0x00,0x00,
    0x00,0x00,0x20,0x00,0x00,0x00,0x92,0x8c,0xff,0xff,0xdf,0xff,0xff,0xff,0xff,0xff,
    0xff,0xff,0xff,0xff,0xff,0xff,0xff,0xff,0xff,0xff,0xff,0xff,0xff,0xff,0xff,0xff,
    0xd7,0xbd,0x00,0x00,0x00,0x00,0x00,0x00,0x00,0x00,0x41,0x08,0x3c,0xe7,0xff,0xff,
    0xff,0xff,0xff,0xff,0xff,0xff,0xdf,0xff,0xff,0xff,0xd3,0x9c,0x00,0x00,0x20,0x00,
    0x00,0x00,0x00,0x00,0x00,0x00,0x00,0x00,0x00,0x00,0x00,0x00,0x00,0x00,0x00,0x00,
    0x00,0x00,0x00,0x00,0x00,0x00,0x82,0x10,0x18,0xc6,0xff,0xff,0xdf,0xff,0xff,0xff,
    0xff,0xff,0xff,0xff,0xff,0xff,0xff,0xff,0xff,0xff,0xff,0xff,0xff,0xff,0xff,0xff,
    0xff,0xff,0xdf,0xff,0x18,0xc6,0xf0,0x7b,0x28,0x42,0xe3,0x18,0x20,0x00,0x00,0x00,
    0x00,0x00,0x00,0x00,0x00,0x00,0x00,0x00,0x00,0x00,0x00,0x00,0x20,0x00,0xe4,0x18,
    0x69,0x4a,0x51,0x8c,0x79,0xce,0xff,0xff,0xff,0xff,0xff,0xff,0xff,0xff,0xff,0xff,
    0xff,0xff,0xff,0xff,0xff,0xff,0xff,0xff,0xff,0xff,0xff,0xff,0xff,0xff,0xff,0xff,
    0x4d,0x63,0x00,0x00,0x00,0x00,0x00,0x00,0x00,0x00,0x20,0x00,0x59,0xce,0xff,0xff,
    0xff,0xff,0xff,0xff,0xff,0xff,0xff,0xff,0xff,0xff,0xff,0xff,0xff,0xff,0x9e,0xf7,
    0x10,0x7c,0x82,0x10,0x00,0x00,0x00,0x00,0x20,0x00,0x00,0x00,0x00,0x00,0x00,0x00,
    0x00,0x00,0x00,0x00,0x00,0x00,0x00,0x00,0x00,0x00,0x20,0x00,0x20,0x00,0x00,0x00,
    0x00,0x00,0x00,0x00,0x20,0x00,0x6d,0x6b,0x9e,0xf7,0xff,0xff,0xff,0xff,0xff,0xff,
    0xff,0xff,0xff,0xff,0xff,0xff,0xff,0xff,0xff,0xff,0xff,0xff,0x3c,0xe7,0x82,0x10,
    0x00,0x00,0x00,0x00,0x00,0x00,0x00,0x00,0x00,0x00,0x00,0x00,0x00,0x00,0x00,0x00,
    0x00,0x00,0x00,0x00,0x00,0x00,0x00,0x00,0x00,0x00,0x14,0xa5,0xff,0xff,0xdf,0xff,
    0xff,0xff,0xff,0xff,0xff,0xff,0xff,0xff,0xff,0xff,0xff,0xff,0xff,0xff,0xff,0xff,
    0xff,0xff,0x7d,0xef,0xb2,0x94,0xc7,0x39,0x00,0x00,0x00,0x00,0x00,0x00,0x00,0x00,
    0x00,0x00,0x00,0x00,0x00,0x00,0x00,0x00,0x20,0x00,0x20,0x00,0x00,0x00,0x00,0x00,
    0x00,0x00,0x00,0x00,0x00,0x00,0x00,0x00,0x00,0x00,0x25,0x21,0xf0,0x7b,0xfb,0xde,
    0xff,0xff,0xff,0xff,0xff,0xff,0xff,0xff,0xff,0xff,0xff,0xff,0xff,0xff,0xff,0xff,
    0xff,0xff,0xdf,0xff,0xff,0xff,0x55,0xa5,0x20,0x00,0x00,0x00,0x00,0x00,0x00,0x00,
    0x00,0x00,0x00,0x00,0x86,0x29,0x5d,0xef,0xff,0xff,0xdf,0xff,0xff,0xff,0xff,0xff,
    0xff,0xff,0xff,0xff,0xff,0xff,0xff,0xff,0xff,0xff,0xff,0xff,0xff,0xff,0x59,0xce,
    0x2d,0x63,0xc3,0x18,0x00,0x00,0x00,0x00,0x00,0x00,0x00,0x00,0x00,0x00,0x00,0x00,
    0x00,0x00,0x20,0x00,0x20,0x00,0x00,0x00,0x00,0x00,0x00,0x00,0x00,0x00,0x00,0x00,
    0x00,0x00,0x00,0x00,0x00,0x00,0xc7,0x39,0xd3,0x94,0x9e,0xef,0xff,0xff,0xff,0xff,
    0xff,0xff,0xff,0xff,0xff,0xff,0xff,0xff,0xff,0xff,0xff,0xff,0xff,0xff,0xdf,0xff,
    0xff,0xff,0x35,0xa5,0x00,0x00,0x00,0x00,0x00,0x00,0x00,0x00,0x00,0x00,0x00,0x00,
    0x00,0x00,0x00,0x00,0x00,0x00,0x00,0x00,0x00,0x00,0x00,0x00,0x41,0x00,0x1c,0xdf,
    0xff,0xff,0xff,0xff,0xff,0xff,0xff,0xff,0xff,0xff,0xff,0xff,0xff,0xff,0xff,0xff,
    0xff,0xff,0xff,0xff,0xff,0xff,0xdf,0xff,0xff,0xff,0x92,0x8c,0x00,0x00,0x20,0x00,
    0x00,0x00,0x00,0x00,0x00,0x00,0x00,0x00,0x00,0x00,0x00,0x00,0x00,0x00,0x00,0x00,
    0x00,0x00,0x00,0x00,0x00,0x00,0x00,0x00,0x00,0x00,0x00,0x00,0x00,0x00,0x00,0x00,
    0x00,0x00,0x00,0x00,0x00,0x00,0x00,0x00,0x00,0x00,0x00,0x00,0x8a,0x4a,0xff,0xff,
    0xdf,0xff,0xff,0xff,0xff,0xff,0xff,0xff,0xff,0xff,0xff,0xff,0xff,0xff,0xff,0xff,
    0xff,0xff,0xff,0xff,0xff,0xff,0xff,0xff,0xd7,0xbd,0x00,0x00,0x00,0x00,0x00,0x00,
    0x00,0x00,0x41,0x08,0x3c,0xe7,0xff,0xff,0xff,0xff,0xff,0xff,0xff,0xff,0xdf,0xff,
    0xff,0xff,0xd3,0x9c,0x00,0x00,0x20,0x00,0x00,0x00,0x00,0x00,0x00,0x00,0x00,0x00,
    0x00,0x00,0x00,0x00,0x00,0x00,0x00,0x00,0x00,0x00,0x00,0x00,0x82,0x10,0x59,0xce,
    0xff,0xff,0xdf,0xff,0xff,0xff,0xff,0xff,0xff,0xff,0xff,0xff,0xff,0xff,0xff,0xff,
    0xff,0xff,0xff,0xff,0xff,0xff,0xfb,0xde,0xef,0x7b,0x45,0x21,0x00,0x00,0x00,0x00,
    0x00,0x00,0x00,0x00,0x00,0x00,0x00,0x00,0x00,0x00,0x20,0x00,0x20,0x00,0x20,0x00,
    0x00,0x00,0x00,0x00,0x00,0x00,0x00,0x00,0x00,0x00,0x00,0x00,0x00,0x00,0xc7,0x31,
    0xd3,0x94,0x9e,0xef,0xff,0xff,0xff,0xff,0xff,0xff,0xff,0xff,0xff,0xff,0xff,0xff,
    0xff,0xff,0xff,0xff,0xff,0xff,0xff,0xff,0xff,0xff,0xaf,0x73,0x00,0x00,0x20,0x00,
    0x00,0x00,0xeb,0x5a,0xff,0xff,0xdf,0xff,0xff,0xff,0xff,0xff,0xff,0xff,0xff,0xff,
    0xff,0xff,0xff,0xff,0x39,0xc6,0x45,0x21,0x00,0x00,0x00,0x00,0x00,0x00,0x00,0x00,
    0x00,0x00,0x00,0x00,0x00,0x00,0x00,0x00,0x00,0x00,0x00,0x00,0x00,0x00,0x00,0x00,
    0x00,0x00,0x00,0x00,0x00,0x00,0x00,0x00,0x00,0x00,0x20,0x00,0x00,0x00,0x00,0x00,
    0x65,0x29,0xdb,0xde,0xff,0xff,0xff,0xff,0xff,0xff,0xff,0xff,0xff,0xff,0xff,0xff,
    0xff,0xff,0xdf,0xff,0xff,0xff,0xb3,0x94,0x00,0x00,0x00,0x00,0x00,0x00,0x00,0x00,
    0x00,0x00,0x00,0x00,0x00,0x00,0x00,0x00,0x00,0x00,0x00,0x00,0x20,0x00,0x00,0x00,
    0xd3,0x9c,0xff,0xff,0xdf,0xff,0xff,0xff,0xff,0xff,0xff,0xff,0xff,0xff,0xff,0xff,
    0xff,0xff,0xff,0xff,0xff,0xff,0xbe,0xf7,0x51,0x8c,0xe3,0x18,0x00,0x00,0x00,0x00,
    0x00,0x00,0x20,0x00,0x00,0x00,0x00,0x00,0x00,0x00,0x00,0x00,0x00,0x00,0x00,0x00,
    0x00,0x00,0x00,0x00,0x00,0x00,0x00,0x00,0x00,0x00,0x00,0x00,0x00,0x00,0x20,0x00,
    0x00,0x00,0x00,0x00,0x00,0x00,0x62,0x08,0xae,0x73,0x5d,0xef,0xff,0xff,0xff,0xff,
    0xff,0xff,0xff,0xff,0xff,0xff,0xff,0xff,0xff,0xff,0xdf,0xff,0xff,0xff,0xb2,0x94,
    0x00,0x00,0x00,0x00,0x00,0x00,0x00,0x00,0x00,0x00,0x25,0x21,0x3c,0xe7,0xff,0xff,
    0xff,0xff,0xff,0xff,0xff,0xff,0xff,0xff,0xff,0xff,0xff,0xff,0xff,0xff,0xff,0xff,
    0xff,0xff,0x79,0xce,0x8a,0x52,0x00,0x00,0x00,0x00,0x00,0x00,0x00,0x00,0x20,0x00,
    0x00,0x00,0x00,0x00,0x00,0x00,0x00,0x00,0x00,0x00,0x00,0x00,0x00,0x00,0x00,0x00,
    0x00,0x00,0x00,0x00,0x00,0x00,0x00,0x00,0x00,0x00,0x20,0x00,0x00,0x00,0x00,0x00,
    0x00,0x00,0xe4,0x18,0x92,0x8c,0xdf,0xf7,0xff,0xff,0xff,0xff,0xff,0xff,0xff,0xff,
    0xff,0xff,0xff,0xff,0xff,0xff,0xff,0xff,0xdf,0xff,0xff,0xff,0xf3,0x9c,0x00,0x00,
    0x20,0x00,0x00,0x00,0x00,0x00,0x00,0x00,0x00,0x00,0x00,0x00,0x00,0x00,0x00,0x00,
    0x00,0x00,0x00,0x00,0x41,0x00,0x1c,0xdf,0xff,0xff,0xff,0xff,0xff,0xff,0xff,0xff,
    0xff,0xff,0xff,0xff,0xff,0xff,0xff,0xff,0xff,0xff,0xff,0xff,0xff,0xff,0xff,0xff,
    0xdf,0xff,0xff,0xff,0xeb,0x5a,0x00,0x00,0x20,0x00,0x00,0x00,0x00,0x00,0x00,0x00,
    0x00,0x00,0x00,0x00,0x00,0x00,0x00,0x00,0x00,0x00,0x00,0x00,0x00,0x00,0x00,0x00,
    0x00,0x00,0x00,0x00,0x00,0x00,0x00,0x00,0x00,0x00,0x00,0x00,0x00,0x00,0x00,0x00,
    0x00,0x00,0xe3,0x18,0x5d,0xef,0xff,0xff,0xff,0xff,0xff,0xff,0xff,0xff,0xff,0xff,
    0xff,0xff,0xff,0xff,0xff,0xff,0xff,0xff,0xff,0xff,0xff,0xff,0xff,0xff,0xff,0xff,
    0xd7,0xbd,0x00,0x00,0x00,0x00,0x00,0x00,0x00,0x00,0x41,0x08,0x3c,0xe7,0xff,0xff,
    0xff,0xff,0xff,0xff,0xff,0xff,0xdf,0xff,0xff,0xff,0xd3,0x9c,0x00,0x00,0x20,0x00,
    0x00,0x00,0x00,0x00,0x00,0x00,0x00,0x00,0x00,0x00,0x00,0x00,0x00,0x00,0x00,0x00,
    0x00,0x00,0x41,0x08,0x38,0xc6,0xff,0xff,0xdf,0xff,0xff,0xff,0xff,0xff,0xff,0xff,
    0xff,0xff,0xff,0xff,0xff,0xff,0xff,0xff,0xff,0xff,0x1c,0xe7,0x6d,0x6b,0x61,0x08,
    0x00,0x00,0x00,0x00,0x00,0x00,0x20,0x00,0x00,0x00,0x00,0x00,0x00,0x00,0x00,0x00,
    0x00,0x00,0x00,0x00,0x00,0x00,0x00,0x00,0x00,0x00,0x00,0x00,0x00,0x00,0x00,0x00,
    0x00,0x00,0x20,0x00,0x00,0x00,0x00,0x00,0x00,0x00,0x04,0x19,0x92,0x94,0xdf,0xff,
    0xff,0xff,0xdf,0xff,0xff,0xff,0xff,0xff,0xff,0xff,0xff,0xff,0xff,0xff,0xff,0xff,
    0xff,0xff,0x4d,0x63,0x00,0x00,0x00,0x00,0x00,0x00,0x9a,0xce,0xff,0xff,0xff,0xff,
    0xff,0xff,0xff,0xff,0xff,0xff,0xff,0xff,0xff,0xff,0xd7,0xbd,0x41,0x08,0x00,0x00,
    0x20,0x00,0x00,0x00,0x00,0x00,0x00,0x00,0x00,0x00,0x00,0x00,0x00,0x00,0x00,0x00,
    0x00,0x00,0x00,0x00,0x00,0x00,0x00,0x00,0x00,0x00,0x00,0x00,0x00,0x00,0x00,0x00,
    0x00,0x00,0x00,0x00,0x00,0x00,0x20,0x00,0x00,0x00,0xe3,0x18,0xfc,0xde,0xff,0xff,
    0xff,0xff,0xff,0xff,0xff,0xff,0xff,0xff,0xff,0xff,0xff,0xff,0xff,0xff,0xdf,0xff,
    0x24,0x21,0x00,0x00,0x00,0x00,0x00,0x00,0x00,0x00,0x00,0x00,0x00,0x00,0x00,0x00,
    0x00,0x00,0x20,0x00,0x00,0x00,0x10,0x7c,0xff,0xff,0xdf,0xff,0xff,0xff,0xff,0xff,
    0xff,0xff,0xff,0xff,0xff,0xff,0xff,0xff,0xff,0xff,0xff,0xff,0xd7,0xb5,0x65,0x29,
    0x00,0x00,0x00,0x00,0x00,0x00,0x00,0x00,0x00,0x00,0x00,0x00,0x00,0x00,0x00,0x00,
    0x00,0x00,0x00,0x00,0x00,0x00,0x00,0x00,0x00,0x00,0x00,0x00,0x00,0x00,0x00,0x00,
    0x00,0x00,0x00,0x00,0x00,0x00,0x00,0x00,0x00,0x00,0x00,0x00,0x20,0x00,0x00,0x00,
    0x00,0x00,0xe3,0x18,0x34,0xa5,0xff,0xff,0xff,0xff,0xff,0xff,0xff,0xff,0xff,0xff,
    0xdf,0xff,0xff,0xff,0x71,0x8c,0x00,0x00,0x00,0x00,0x00,0x00,0x00,0x00,0x00,0x00,
    0xa2,0x10,0xdb,0xde,0xff,0xff,0xff,0xff,0xff,0xff,0xff,0xff,0xff,0xff,0xff,0xff,
    0xff,0xff,0xff,0xff,0xff,0xff,0xbe,0xf7,0xae,0x73,0x20,0x00,0x00,0x00,0x00,0x00,
    0x20,0x00,0x00,0x00,0x00,0x00,0x00,0x00,0x00,0x00,0x00,0x00,0x00,0x00,0x00,0x00,
    0x00,0x00,0x00,0x00,0x00,0x00,0x00,0x00,0x00,0x00,0x00,0x00,0x00,0x00,0x00,0x00,
    0x00,0x00,0x00,0x00,0x00,0x00,0x00,0x00,0x00,0x00,0x00,0x00,0x00,0x00,0x86,0x31,
    0x18,0xc6,0xff,0xff,0xff,0xff,0xff,0xff,0xff,0xff,0xff,0xff,0xff,0xff,0xff,0xff,
    0xff,0xff,0xdf,0xff,0xff,0xff,0x10,0x84,0x00,0x00,0x20,0x00,0x00,0x00,0x00,0x00,
    0x00,0x00,0x00,0x00,0x00,0x00,0x00,0x00,0x00,0x00,0x00,0x00,0x41,0x00,0x1c,0xdf,
    0xff,0xff,0xff,0xff,0xff,0xff,0xff,0xff,0xff,0xff,0xff,0xff,0xff,0xff,0xff,0xff,
    0xff,0xff,0xff,0xff,0xff,0xff,0xff,0xff,0xff,0xff,0xff,0xff,0xbe,0xf7,0x65,0x29,
    0x00,0x00,0x00,0x00,0x00,0x00,0x00,0x00,0x00,0x00,0x00,0x00,0x00,0x00,0x00,0x00,
    0x00,0x00,0x00,0x00,0x00,0x00,0x00,0x00,0x00,0x00,0x00,0x00,0x00,0x00,0x00,0x00,
    0x00,0x00,0x00,0x00,0x00,0x00,0x20,0x00,0x00,0x00,0xf7,0xbd,0xff,0xff,0xff,0xff,
    0xff,0xff,0xff,0xff,0xff,0xff,0xff,0xff,0xff,0xff,0xff,0xff,0xff,0xff,0xff,0xff,
    0xff,0xff,0xff,0xff,0xff,0xff,0xff,0xff,0xd7,0xbd,0x00,0x00,0x00,0x00,0x00,0x00,
    0x00,0x00,0x41,0x08,0x3c,0xe7,0xff,0xff,0xff,0xff,0xff,0xff,0xff,0xff,0xdf,0xff,
    0xff,0xff,0xd3,0x9c,0x00,0x00,0x20,0x00,0x00,0x00,0x00,0x00,0x00,0x00,0x00,0x00,
    0x00,0x00,0x00,0x00,0x00,0x00,0x00,0x00,0x00,0x00,0x96,0xb5,0xff,0xff,0xdf,0xff,
    0xff,0xff,0xff,0xff,0xff,0xff,0xff,0xff,0xff,0xff,0xff,0xff,0xff,0xff,0xff,0xff,
    0xb3,0x94,0xa2,0x10,0x00,0x00,0x00,0x00,0x20,0x00,0x00,0x00,0x00,0x00,0x00,0x00,
    0x00,0x00,0x00,0x00,0x00,0x00,0x00,0x00,0x00,0x00,0x00,0x00,0x00,0x00,0x00,0x00,
    0x00,0x00,0x00,0x00,0x00,0x00,0x00,0x00,0x00,0x00,0x00,0x00,0x00,0x00,0x00,0x00,
    0x00,0x00,0x00,0x00,0x00,0x00,0xa6,0x31,0x38,0xc6,0xff,0xff,0xdf,0xff,0xff,0xff,
    0xff,0xff,0xff,0xff,0xff,0xff,0xff,0xff,0xeb,0x5a,0x00,0x00,0x20,0x00,0x00,0x00,
    0xa6,0x31,0xff,0xff,0xff,0xff,0xff,0xff,0xff,0xff,0xff,0xff,0xff,0xff,0xff,0xff,
    0xfb,0xde,0x62,0x08,0x00,0x00,0x20,0x00,0x00,0x00,0x00,0x00,0x00,0x00,0x00,0x00,
    0x00,0x00,0x00,0x00,0x00,0x00,0x00,0x00,0x00,0x00,0x00,0x00,0x00,0x00,0x00,0x00,
    0x00,0x00,0x00,0x00,0x00,0x00,0x00,0x00,0x00,0x00,0x00,0x00,0x00,0x00,0x00,0x00,
    0x20,0x00,0x00,0x00,0xa6,0x31,0xdf,0xf7,0xff,0xff,0xff,0xff,0xff,0xff,0xff,0xff,
    0xff,0xff,0xff,0xff,0xdf,0xff,0xff,0xff,0x92,0x8c,0x00,0x00,0x20,0x00,0x00,0x00,
    0x00,0x00,0x00,0x00,0x00,0x00,0x00,0x00,0x00,0x00,0x00,0x00,0xaa,0x52,0xff,0xff,
    0xdf,0xff,0xff,0xff,0xff,0xff,0xff,0xff,0xff,0xff,0xff,0xff,0xff,0xff,0xff,0xff,
    0xff,0xff,0xae,0x73,0x00,0x00,0x00,0x00,0x20,0x00,0x00,0x00,0x00,0x00,0x00,0x00,
    0x00,0x00,0x00,0x00,0x00,0x00,0x00,0x00,0x00,0x00,0x00,0x00,0x00,0x00,0x00,0x00,
    0x00,0x00,0x00,0x00,0x00,0x00,0x00,0x00,0x00,0x00,0x00,0x00,0x00,0x00,0x00,0x00,
    0x00,0x00,0x00,0x00,0x00,0x00,0x00,0x00,0x20,0x00,0x00,0x00,0x00,0x00,0x2c,0x63,
    0xbe,0xf7,0xff,0xff,0xff,0xff,0xdf,0xff,0xff,0xff,0x71,0x8c,0x00,0x00,0x00,0x00,
    0x00,0x00,0x00,0x00,0x00,0x00,0x00,0x00,0xf7,0xbd,0xff,0xff,0xdf,0xff,0xff,0xff,
    0xff,0xff,0xff,0xff,0xff,0xff,0xff,0xff,0xdf,0xff,0xff,0xff,0x9a,0xce,0x86,0x29,
    0x00,0x00,0x00,0x00,0x00,0x00,0x00,0x00,0x00,0x00,0x00,0x00,0x00,0x00,0x00,0x00,
    0x00,0x00,0x00,0x00,0x00,0x00,0x00,0x00,0x00,0x00,0x00,0x00,0x00,0x00,0x00,0x00,
    0x00,0x00,0x00,0x00,0x00,0x00,0x00,0x00,0x00,0x00,0x00,0x00,0x00,0x00,0x00,0x00,
    0x00,0x00,0x00,0x00,0x20,0x00,0x00,0x00,0x00,0x00,0x10,0x84,0xff,0xff,0xff,0xff,
    0xff,0xff,0xff,0xff,0xff,0xff,0xff,0xff,0xff,0xff,0xff,0xff,0xdf,0xff,0xff,0xff,
    0xaa,0x52,0x00,0x00,0x00,0x00,0x00,0x00,0x00,0x00,0x00,0x00,0x00,0x00,0x00,0x00,
    0x00,0x00,0x00,0x00,0x41,0x00,0x1c,0xdf,0xff,0xff,0xff,0xff,0xff,0xff,0xff,0xff,
    0xff,0xff,0xff,0xff,0xff,0xff,0xff,0xff,0xff,0xff,0xff,0xff,0xff,0xff,0xff,0xff,
    0xff,0xff,0xdf,0xff,0xff,0xff,0xbb,0xd6,0x61,0x08,0x00,0x00,0x00,0x00,0x00,0x00,
    0x00,0x00,0x00,0x00,0x00,0x00,0x00,0x00,0x00,0x00,0x00,0x00,0x00,0x00,0x00,0x00,
    0x00,0x00,0x00,0x00,0x00,0x00,0x00,0x00,0x00,0x00,0x00,0x00,0x20,0x00,0x00,0x00,
    0xf0,0x7b,0xff,0xff,0xdf,0xff,0xff,0xff,0xff,0xff,0xff,0xff,0xff,0xff,0xff,0xff,
    0xff,0xff,0xff,0xff,0xff,0xff,0xff,0xff,0xff,0xff,0xff,0xff,0xff,0xff,0xff,0xff,
    0xd7,0xbd,0x00,0x00,0x00,0x00,0x00,0x00,0x00,0x00,0x41,0x08,0x3c,0xe7,0xff,0xff,
    0xff,0xff,0xff,0xff,0xff,0xff,0xdf,0xff,0xff,0xff,0xd3,0x9c,0x00,0x00,0x20,0x00,
    0x00,0x00,0x00,0x00,0x00,0x00,0x00,0x00,0x00,0x00,0x00,0x00,0x20,0x00,0x00,0x00,
    0x51,0x8c,0xff,0xff,0xdf,0xff,0xff,0xff,0xff,0xff,0xff,0xff,0xff,0xff,0xff,0xff,
    0xff,0xff,0xff,0xff,0x5d,0xef,0x8a,0x4a,0x00,0x00,0x00,0x00,0x20,0x00,0x00,0x00,
    0x00,0x00,0x00,0x00,0x00,0x00,0x00,0x00,0x00,0x00,0x00,0x00,0x00,0x00,0x00,0x00,
    0x00,0x00,0x00,0x00,0x00,0x00,0x00,0x00,0x00,0x00,0x00,0x00,0x00,0x00,0x00,0x00,
    0x00,0x00,0x00,0x00,0x00,0x00,0x00,0x00,0x00,0x00,0x00,0x00,0x20,0x00,0x00,0x00,
    0x00,0x00,0x51,0x8c,0xff,0xff,0xff,0xff,0xff,0xff,0xff,0xff,0xff,0xff,0xec,0x5a,
    0x00,0x00,0x20,0x00,0x20,0x00,0x00,0x00,0xcf,0x7b,0xff,0xff,0xdf,0xff,0xff,0xff,
    0xff,0xff,0xff,0xff,0xff,0xff,0xff,0xff,0xeb,0x5a,0x00,0x00,0x20,0x00,0x00,0x00,
    0x00,0x00,0x00,0x00,0x00,0x00,0x00,0x00,0x00,0x00,0x00,0x00,0x00,0x00,0x00,0x00,
    0x00,0x00,0x00,0x00,0x00,0x00,0x00,0x00,0x00,0x00,0x00,0x00,0x00,0x00,0x00,0x00,
    0x00,0x00,0x00,0x00,0x00,0x00,0x00,0x00,0x00,0x00,0x20,0x00,0x00,0x00,0x10,0x84,
    0xff,0xff,0xff,0xff,0xff,0xff,0xff,0xff,0xff,0xff,0xff,0xff,0xff,0xff,0xff,0xff,
    0x1c,0xe7,0x41,0x08,0x00,0x00,0x00,0x00,0x00,0x00,0x00,0x00,0x00,0x00,0x00,0x00,
    0x00,0x00,0x04,0x21,0x9e,0xef,0xff,0xff,0xff,0xff,0xff,0xff,0xff,0xff,0xff,0xff,
    0xff,0xff,0xff,0xff,0xff,0xff,0x7d,0xef,0x49,0x42,0x00,0x00,0x00,0x00,0x00,0x00,
    0x00,0x00,0x00,0x00,0x00,0x00,0x00,0x00,0x00,0x00,0x00,0x00,0x00,0x00,0x00,0x00,
    0x00,0x00,0x00,0x00,0x00,0x00,0x00,0x00,0x00,0x00,0x00,0x00,0x00,0x00,0x00,0x00,
    0x00,0x00,0x00,0x00,0x00,0x00,0x00,0x00,0x00,0x00,0x00,0x00,0x00,0x00,0x00,0x00,
    0x00,0x00,0x00,0x00,0x00,0x00,0x00,0x00,0xc7,0x31,0x3c,0xe7,0xff,0xff,0xff,0xff,
    0x71,0x8c,0x00,0x00,0x00,0x00,0x00,0x00,0x00,0x00,0x00,0x00,0x00,0x00,0x10,0x84,
    0xff,0xff,0xdf,0xff,0xff,0xff,0xff,0xff,0xff,0xff,0xff,0xff,0xff,0xff,0xdf,0xff,
    0xff,0xff,0x96,0xad,0x61,0x08,0x00,0x00,0x20,0x00,0x00,0x00,0x00,0x00,0x00,0x00,
    0x00,0x00,0x00,0x00,0x00,0x00,0x00,0x00,0x00,0x00,0x00,0x00,0x00,0x00,0x00,0x00,
    0x00,0x00,0x00,0x00,0x00,0x00,0x00,0x00,0x00,0x00,0x00,0x00,0x00,0x00,0x00,0x00,
    0x00,0x00,0x00,0x00,0x00,0x00,0x00,0x00,0x00,0x00,0x00,0x00,0x00,0x00,0x00,0x00,
    0x00,0x00,0x00,0x00,0xab,0x52,0xbe,0xf7,0xff,0xff,0xff,0xff,0xff,0xff,0xff,0xff,
    0xff,0xff,0xff,0xff,0xff,0xff,0xff,0xff,0x9e,0xef,0x04,0x21,0x00,0x00,0x00,0x00,
    0x00,0x00,0x00,0x00,0x00,0x00,0x00,0x00,0x00,0x00,0x00,0x00,0x41,0x00,0x1c,0xdf,
    0xff,0xff,0xff,0xff,0xff,0xff,0xff,0xff,0xff,0xff,0xff,0xff,0xff,0xff,0xff,0xff,
    0xff,0xff,0xff,0xff,0xff,0xff,0xff,0xff,0xff,0xff,0xff,0xff,0xdf,0xff,0xff,0xff,
    0x75,0xad,0x00,0x00,0x20,0x00,0x00,0x00,0x00,0x00,0x00,0x00,0x00,0x00,0x00,0x00,
    0x00,0x00,0x00,0x00,0x00,0x00,0x00,0x00,0x00,0x00,0x00,0x00,0x00,0x00,0x00,0x00,
    0x00,0x00,0x00,0x00,0x00,0x00,0x08,0x3a,0xff,0xff,0xdf,0xff,0xff,0xff,0xff,0xff,
    0xff,0xff,0xff,0xff,0xff,0xff,0xff,0xff,0xff,0xff,0xff,0xff,0xff,0xff,0xff,0xff,
    0xff,0xff,0xff,0xff,0xff,0xff,0xff,0xff,0xd7,0xbd,0x00,0x00,0x00,0x00,0x00,0x00,
    0x00,0x00,0x41,0x08,0x3c,0xe7,0xff,0xff,0xff,0xff,0xff,0xff,0xff,0xff,0xdf,0xff,
    0xff,0xff,0xd3,0x9c,0x00,0x00,0x20,0x00,0x00,0x00,0x00,0x00,0x00,0x00,0x00,0x00,
    0x00,0x00,0x00,0x00,0x00,0x00,0x6a,0x4a,0xff,0xff,0xdf,0xff,0xff,0xff,0xff,0xff,
    0xff,0xff,0xff,0xff,0xff,0xff,0xdf,0xff,0xff,0xff,0x9a,0xd6,0x24,0x21,0x00,0x00,
    0x20,0x00,0x00,0x00,0x00,0x00,0x00,0x00,0x00,0x00,0x00,0x00,0x00,0x00,0x00,0x00,
    0x00,0x00,0x00,0x00,0x00,0x00,0x00,0x00,0x00,0x00,0x00,0x00,0x00,0x00,0x00,0x00,
    0x00,0x00,0x00,0x00,0x00,0x00,0x00,0x00,0x00,0x00,0x00,0x00,0x00,0x00,0x00,0x00,
    0x00,0x00,0x00,0x00,0x00,0x00,0x00,0x00,0x00,0x00,0x00,0x00,0xec,0x5a,0xdf,0xff,
    0xff,0xff,0xff,0xff,0x0c,0x5b,0x00,0x00,0x20,0x00,0x00,0x00,0x00,0x00,0x00,0x00,
    0x75,0xad,0xff,0xff,0xff,0xff,0xff,0xff,0xff,0xff,0xff,0xff,0xff,0xff,0x5d,0xe7,
    0x61,0x08,0x00,0x00,0x00,0x00,0x00,0x00,0x00,0x00,0x00,0x00,0x00,0x00,0x00,0x00,
    0x00,0x00,0x00,0x00,0x00,0x00,0x00,0x00,0x00,0x00,0x00,0x00,0x00,0x00,0x00,0x00,
    0x00,0x00,0x00,0x00,0x00,0x00,0x00,0x00,0x00,0x00,0x00,0x00,0x00,0x00,0x00,0x00,
    0x00,0x00,0x00,0x00,0x00,0x00,0x61,0x08,0x3c,0xe7,0xff,0xff,0xdf,0xff,0xff,0xff,
    0xff,0xff,0xff,0xff,0xdf,0xff,0xdf,0xff,0xff,0xff,0xe7,0x39,0x00,0x00,0x00,0x00,
    0x00,0x00,0x00,0x00,0x00,0x00,0x00,0x00,0x00,0x00,0x18,0xbe,0xff,0xff,0xff,0xff,
    0xff,0xff,0xff,0xff,0xff,0xff,0xff,0xff,0xff,0xff,0xff,0xff,0x5d,0xe7,0x86,0x31,
    0x00,0x00,0x20,0x00,0x00,0x00,0x00,0x00,0x00,0x00,0x00,0x00,0x00,0x00,0x00,0x00,
    0x00,0x00,0x00,0x00,0x00,0x00,0x00,0x00,0x00,0x00,0x00,0x00,0x00,0x00,0x00,0x00,
    0x00,0x00,0x00,0x00,0x00,0x00,0x00,0x00,0x00,0x00,0x00,0x00,0x00,0x00,0x00,0x00,
    0x00,0x00,0x00,0x00,0x00,0x00,0x00,0x00,0x00,0x00,0x00,0x00,0x00,0x00,0x20,0x00,
    0x00,0x00,0x04,0x21,0xfb,0xde,0xb2,0x94,0x00,0x00,0x00,0x00,0x00,0x00,0x00,0x00,
    0x00,0x00,0x00,0x00,0xc7,0x39,0xff,0xff,0xdf,0xff,0xff,0xff,0xff,0xff,0xff,0xff,
    0xff,0xff,0xff,0xff,0xdf,0xff,0xff,0xff,0x14,0x9d,0x00,0x00,0x00,0x00,0x00,0x00,
    0x00,0x00,0x00,0x00,0x00,0x00,0x00,0x00,0x00,0x00,0x00,0x00,0x00,0x00,0x00,0x00,
    0x00,0x00,0x00,0x00,0x00,0x00,0x00,0x00,0x00,0x00,0x00,0x00,0x00,0x00,0x00,0x00,
    0x00,0x00,0x00,0x00,0x00,0x00,0x00,0x00,0x00,0x00,0x00,0x00,0x00,0x00,0x00,0x00,
    0x00,0x00,0x00,0x00,0x00,0x00,0x00,0x00,0x00,0x00,0x20,0x00,0x00,0x00,0x08,0x42,
    0x9e,0xf7,0xff,0xff,0xff,0xff,0xff,0xff,0xff,0xff,0xff,0xff,0xff,0xff,0xff,0xff,
    0xff,0xff,0xf7,0xbd,0x00,0x00,0x00,0x00,0x00,0x00,0x00,0x00,0x00,0x00,0x00,0x00,
    0x00,0x00,0x00,0x00,0x41,0x00,0x1c,0xdf,0xff,0xff,0xff,0xff,0xff,0xff,0xff,0xff,
    0xff,0xff,0xff,0xff,0xff,0xff,0xff,0xff,0xff,0xff,0xff,0xff,0xff,0xff,0xff,0xff,
    0xff,0xff,0xff,0xff,0xff,0xff,0xdf,0xff,0xff,0xff,0xcf,0x73,0x00,0x00,0x20,0x00,
    0x00,0x00,0x00,0x00,0x00,0x00,0x00,0x00,0x00,0x00,0x00,0x00,0x00,0x00,0x00,0x00,
    0x00,0x00,0x00,0x00,0x00,0x00,0x00,0x00,0x00,0x00,0x00,0x00,0x82,0x10,0x1c,0xe7,
    0xff,0xff,0xff,0xff,0xff,0xff,0xff,0xff,0xff,0xff,0xff,0xff,0xff,0xff,0xff,0xff,
    0xff,0xff,0xff,0xff,0xff,0xff,0xff,0xff,0xff,0xff,0xff,0xff,0xff,0xff,0xff,0xff,
    0xd7,0xbd,0x00,0x00,0x00,0x00,0x00,0x00,0x00,0x00,0x41,0x08,0x3c,0xe7,0xff,0xff,
    0xff,0xff,0xff,0xff,0xff,0xff,0xdf,0xff,0xff,0xff,0xd3,0x9c,0x00,0x00,0x20,0x00,
    0x00,0x00,0x00,0x00,0x00,0x00,0x00,0x00,0x00,0x00,0x00,0x00,0xa2,0x10,0x3d,0xe7,
    0xff,0xff,0xff,0xff,0xff,0xff,0xff,0xff,0xff,0xff,0xff,0xff,0xff,0xff,0xff,0xff,
    0x59,0xc6,0xa2,0x10,0x00,0x00,0x20,0x00,0x00,0x00,0x00,0x00,0x00,0x00,0x00,0x00,
    0x00,0x00,0x00,0x00,0x00,0x00,0x00,0x00,0x00,0x00,0x00,0x00,0x00,0x00,0x00,0x00,
    0x00,0x00,0x00,0x00,0x00,0x00,0x00,0x00,0x00,0x00,0x00,0x00,0x00,0x00,0x00,0x00,
    0x00,0x00,0x00,0x00,0x00,0x00,0x00,0x00,0x00,0x00,0x00,0x00,0x00,0x00,0x00,0x00,
    0x00,0x00,0x20,0x00,0x00,0x00,0x49,0x4a,0x5d,0xef,0x0c,0x63,0x00,0x00,0x20,0x00,
    0x00,0x00,0x00,0x00,0x00,0x00,0x00,0x00,0x79,0xce,0xff,0xff,0xff,0xff,0xff,0xff,
    0xff,0xff,0xff,0xff,0xff,0xff,0xf7,0xbd,0x00,0x00,0x00,0x00,0x00,0x00,0x00,0x00,
    0x00,0x00,0x00,0x00,0x00,0x00,0x00,0x00,0x00,0x00,0x00,0x00,0x00,0x00,0x00,0x00,
    0x00,0x00,0x00,0x00,0x00,0x00,0x00,0x00,0x00,0x00,0x00,0x00,0x00,0x00,0x00,0x00,
    0x00,0x00,0x00,0x00,0x00,0x00,0x00,0x00,0x00,0x00,0x00,0x00,0x20,0x00,0x00,0x00,
    0x30,0x84,0xff,0xff,0xff,0xff,0xff,0xff,0xff,0xff,0xff,0xff,0xff,0xff,0xff,0xff,
    0xff,0xff,0x71,0x8c,0x00,0x00,0x20,0x00,0x00,0x00,0x00,0x00,0x00,0x00,0x00,0x00,
    0x2d,0x63,0xff,0xff,0xdf,0xff,0xff,0xff,0xff,0xff,0xff,0xff,0xff,0xff,0xff,0xff,
    0xff,0xff,0x7d,0xef,0x86,0x29,0x00,0x00,0x20,0x00,0x00,0x00,0x00,0x00,0x00,0x00,
    0x00,0x00,0x00,0x00,0x00,0x00,0x00,0x00,0x00,0x00,0x00,0x00,0x00,0x00,0x00,0x00,
    0x00,0x00,0x00,0x00,0x00,0x00,0x00,0x00,0x00,0x00,0x00,0x00,0x00,0x00,0x00,0x00,
    0x00,0x00,0x00,0x00,0x00,0x00,0x00,0x00,0x00,0x00,0x00,0x00,0x00,0x00,0x00,0x00,
    0x00,0x00,0x00,0x00,0x00,0x00,0x00,0x00,0x00,0x00,0x00,0x00,0x82,0x10,0x00,0x00,
    0x00,0x00,0x00,0x00,0x00,0x00,0x00,0x00,0x00,0x00,0x20,0x00,0x9a,0xd6,0xff,0xff,
    0xff,0xff,0xff,0xff,0xff,0xff,0xff,0xff,0xff,0xff,0xdf,0xff,0xff,0xff,0x34,0xa5,
    0x00,0x00,0x00,0x00,0x00,0x00,0x00,0x00,0x00,0x00,0x00,0x00,0x00,0x00,0x00,0x00,
    0x00,0x00,0x00,0x00,0x00,0x00,0x00,0x00,0x00,0x00,0x00,0x00,0x00,0x00,0x00,0x00,
    0x00,0x00,0x00,0x00,0x00,0x00,0x00,0x00,0x00,0x00,0x00,0x00,0x00,0x00,0x00,0x00,
    0x00,0x00,0x00,0x00,0x00,0x00,0x00,0x00,0x00,0x00,0x00,0x00,0x00,0x00,0x00,0x00,
    0x00,0x00,0x00,0x00,0x20,0x00,0x00,0x00,0x08,0x3a,0xbf,0xf7,0xff,0xff,0xff,0xff,
    0xff,0xff,0xff,0xff,0xff,0xff,0xff,0xff,0xdf,0xff,0xff,0xff,0x0c,0x63,0x00,0x00,
    0x00,0x00,0x00,0x00,0x00,0x00,0x00,0x00,0x00,0x00,0x00,0x00,0x41,0x00,0x1c,0xdf,
    0xff,0xff,0xff,0xff,0xff,0xff,0xff,0xff,0xff,0xff,0xff,0xff,0xff,0xff,0xff,0xff,
    0xff,0xff,0xff,0xff,0xff,0xff,0xff,0xff,0xff,0xff,0xff,0xff,0xff,0xff,0xff,0xff,
    0xdf,0xff,0xff,0xff,0x29,0x42,0x00,0x00,0x00,0x00,0x00,0x00,0x00,0x00,0x00,0x00,
    0x00,0x00,0x00,0x00,0x00,0x00,0x00,0x00,0x00,0x00,0x00,0x00,0x00,0x00,0x00,0x00,
    0x20,0x00,0x00,0x00,0x75,0xad,0xff,0xff,0xff,0xff,0xff,0xff,0xff,0xff,0xff,0xff,
    0xff,0xff,0xff,0xff,0xff,0xff,0xff,0xff,0xff,0xff,0xff,0xff,0xff,0xff,0xff,0xff,
    0xff,0xff,0xff,0xff,0xff,0xff,0xff,0xff,0xd7,0xbd,0x00,0x00,0x00,0x00,0x00,0x00,
    0x00,0x00,0x41,0x08,0x3c,0xe7,0xff,0xff,0xff,0xff,0xff,0xff,0xff,0xff,0xdf,0xff,
    0xff,0xff,0xd3,0x9c,0x00,0x00,0x20,0x00,0x00,0x00,0x00,0x00,0x00,0x00,0x00,0x00,
    0x00,0x00,0x00,0x00,0x14,0x9d,0xff,0xff,0xdf,0xff,0xff,0xff,0xff,0xff,0xff,0xff,
    0xff,0xff,0xff,0xff,0xff,0xff,0x79,0xce,0x82,0x10,0x00,0x00,0x00,0x00,0x00,0x00,
    0x00,0x00,0x00,0x00,0x00,0x00,0x00,0x00,0x00,0x00,0x00,0x00,0x00,0x00,0x00,0x00,
    0x00,0x00,0x00,0x00,0x00,0x00,0x00,0x00,0x00,0x00,0x00,0x00,0x00,0x00,0x00,0x00,
    0x00,0x00,0x00,0x00,0x00,0x00,0x00,0x00,0x00,0x00,0x00,0x00,0x00,0x00,0x00,0x00,
    0x00,0x00,0x00,0x00,0x00,0x00,0x00,0x00,0x00,0x00,0x00,0x00,0x00,0x00,0x00,0x00,
    0xa3,0x10,0x00,0x00,0x00,0x00,0x00,0x00,0x00,0x00,0x00,0x00,0x00,0x00,0x21,0x00,
    0x1c,0xdf,0xff,0xff,0xff,0xff,0xff,0xff,0xff,0xff,0xdf,0xff,0xff,0xff,0x55,0xa5,
    0x00,0x00,0x00,0x00,0x00,0x00,0x00,0x00,0x00,0x00,0x00,0x00,0x00,0x00,0x00,0x00,
    0x00,0x00,0x00,0x00,0x00,0x00,0x00,0x00,0x00,0x00,0x00,0x00,0x00,0x00,0x00,0x00,
    0x00,0x00,0x00,0x00,0x00,0x00,0x00,0x00,0x00,0x00,0x00,0x00,0x00,0x00,0x00,0x00,
    0x00,0x00,0x00,0x00,0x00,0x00,0x00,0x00,0x45,0x21,0xba,0xd6,0x9a,0xd6,0x79,0xce,
    0x38,0xc6,0xd7,0xb5,0x55,0xad,0xf3,0x9c,0xf3,0x9c,0x0c,0x5b,0x00,0x00,0x00,0x00,
    0x00,0x00,0x00,0x00,0x00,0x00,0x82,0x10,0x5d,0xef,0xff,0xff,0xff,0xff,0xff,0xff,
    0xff,0xff,0xff,0xff,0xff,0xff,0xff,0xff,0xdf,0xff,0x08,0x42,0x00,0x00,0x20,0x00,
    0x00,0x00,0x00,0x00,0x00,0x00,0x00,0x00,0x00,0x00,0x00,0x00,0x00,0x00,0x00,0x00,
    0x00,0x00,0x00,0x00,0x00,0x00,0x00,0x00,0x00,0x00,0x00,0x00,0x00,0x00,0x00,0x00,
    0x00,0x00,0x00,0x00,0x00,0x00,0x00,0x00,0x00,0x00,0x00,0x00,0x00,0x00,0x00,0x00,
    0x00,0x00,0x00,0x00,0x00,0x00,0x00,0x00,0x00,0x00,0x00,0x00,0x00,0x00,0x00,0x00,
    0x00,0x00,0x00,0x00,0x00,0x00,0x00,0x00,0x00,0x00,0x00,0x00,0x00,0x00,0x00,0x00,
    0x00,0x00,0x6d,0x6b,0xff,0xff,0xdf,0xff,0xff,0xff,0xff,0xff,0xff,0xff,0xff,0xff,
    0xff,0xff,0xff,0xff,0xf7,0xbd,0x00,0x00,0x00,0x00,0x00,0x00,0x00,0x00,0x00,0x00,
    0x00,0x00,0x00,0x00,0x00,0x00,0x00,0x00,0x00,0x00,0x00,0x00,0x00,0x00,0x00,0x00,
    0x00,0x00,0x00,0x00,0x00,0x00,0x00,0x00,0x00,0x00,0x00,0x00,0x00,0x00,0x00,0x00,
    0x00,0x00,0x00,0x00,0x00,0x00,0x00,0x00,0x00,0x00,0x00,0x00,0x00,0x00,0x00,0x00,
    0x00,0x00,0x00,0x00,0x00,0x00,0x00,0x00,0x00,0x00,0x00,0x00,0x00,0x00,0x20,0x00,
    0x00,0x00,0xaa,0x52,0xff,0xff,0xdf,0xff,0xff,0xff,0xff,0xff,0xff,0xff,0xff,0xff,
    0xff,0xff,0xff,0xff,0x3c,0xe7,0x82,0x10,0x00,0x00,0x00,0x00,0x00,0x00,0x00,0x00,
    0x00,0x00,0x00,0x00,0x41,0x00,0x1c,0xdf,0xff,0xff,0xff,0xff,0xff,0xff,0xff,0xff,
    0xff,0xff,0xff,0xff,0x79,0xce,0x5d,0xef,0xff,0xff,0xff,0xff,0xff,0xff,0xff,0xff,
    0xff,0xff,0xff,0xff,0xff,0xff,0xff,0xff,0xff,0xff,0xff,0xff,0x5d,0xef,0xe3,0x18,
    0x00,0x00,0x00,0x00,0x00,0x00,0x00,0x00,0x00,0x00,0x00,0x00,0x00,0x00,0x00,0x00,
    0x00,0x00,0x00,0x00,0x00,0x00,0x20,0x00,0x00,0x00,0x6d,0x6b,0xff,0xff,0xdf,0xff,
    0xff,0xff,0xff,0xff,0xff,0xff,0xff,0xff,0xff,0xff,0xff,0xff,0xff,0xff,0xff,0xff,
    0xdf,0xff,0x9e,0xf7,0xff,0xff,0xff,0xff,0xff,0xff,0xff,0xff,0xff,0xff,0xff,0xff,
    0xd7,0xbd,0x00,0x00,0x00,0x00,0x00,0x00,0x00,0x00,0x41,0x08,0x3c,0xe7,0xff,0xff,
    0xff,0xff,0xff,0xff,0xff,0xff,0xdf,0xff,0xff,0xff,0xd3,0x9c,0x00,0x00,0x20,0x00,
    0x00,0x00,0x00,0x00,0x00,0x00,0x00,0x00,0x00,0x00,0xc7,0x39,0xff,0xff,0xff,0xff,
    0xff,0xff,0xff,0xff,0xff,0xff,0xff,0xff,0xff,0xff,0xff,0xff,0x1c,0xe7,0xc3,0x18,
    0x00,0x00,0x00,0x00,0x00,0x00,0x00,0x00,0x00,0x00,0x00,0x00,0x00,0x00,0x00,0x00,
    0x00,0x00,0x00,0x00,0x00,0x00,0x00,0x00,0x00,0x00,0x00,0x00,0x00,0x00,0x00,0x00,
    0x00,0x00,0x00,0x00,0x00,0x00,0x00,0x00,0x00,0x00,0x00,0x00,0x00,0x00,0x00,0x00,
    0x00,0x00,0x00,0x00,0x00,0x00,0x00,0x00,0x00,0x00,0x00,0x00,0x00,0x00,0x00,0x00,
    0x00,0x00,0x00,0x00,0x00,0x00,0x00,0x00,0x00,0x00,0x00,0x00,0x00,0x00,0x00,0x00,
    0x00,0x00,0x00,0x00,0x00,0x00,0x41,0x08,0x3c,0xe7,0xff,0xff,0xff,0xff,0xff,0xff,
    0xff,0xff,0xff,0xff,0xff,0xff,0x96,0xad,0x00,0x00,0x00,0x00,0x00,0x00,0x00,0x00,
    0x00,0x00,0x00,0x00,0x00,0x00,0x00,0x00,0x00,0x00,0x00,0x00,0x00,0x00,0x00,0x00,
    0x00,0x00,0x00,0x00,0x00,0x00,0x00,0x00,0x00,0x00,0x00,0x00,0x00,0x00,0x00,0x00,
    0x00,0x00,0x00,0x00,0x00,0x00,0x00,0x00,0x00,0x00,0x00,0x00,0x00,0x00,0x00,0x00,
    0x00,0x00,0x00,0x00,0x00,0x00,0x00,0x00,0x00,0x00,0x00,0x00,0x00,0x00,0x00,0x00,
    0x00,0x00,0x00,0x00,0x00,0x00,0x00,0x00,0x00,0x00,0x20,0x00,0x00,0x00,0x30,0x84,
    0xff,0xff,0xdf,0xff,0xff,0xff,0xff,0xff,0xff,0xff,0xff,0xff,0xdf,0xff,0xff,0xff,
    0x6d,0x6b,0x00,0x00,0x20,0x00,0x00,0x00,0x00,0x00,0x00,0x00,0x00,0x00,0x00,0x00,
    0x00,0x00,0x00,0x00,0x00,0x00,0x00,0x00,0x00,0x00,0x00,0x00,0x00,0x00,0x00,0x00,
    0x00,0x00,0x00,0x00,0x00,0x00,0x00,0x00,0x00,0x00,0x00,0x00,0x00,0x00,0x00,0x00,
    0x00,0x00,0x00,0x00,0x00,0x00,0x00,0x00,0x00,0x00,0x00,0x00,0x00,0x00,0x00,0x00,
    0x00,0x00,0x00,0x00,0x00,0x00,0x00,0x00,0x00,0x00,0x00,0x00,0x00,0x00,0x00,0x00,
    0x00,0x00,0x00,0x00,0x00,0x00,0x00,0x00,0x62,0x08,0x3c,0xe7,0xff,0xff,0xff,0xff,
    0xff,0xff,0xff,0xff,0xff,0xff,0xff,0xff,0xff,0xff,0x3c,0xe7,0xa2,0x10,0x00,0x00,
    0x00,0x00,0x00,0x00,0x00,0x00,0x00,0x00,0x00,0x00,0x00,0x00,0x00,0x00,0x00,0x00,
    0x00,0x00,0x00,0x00,0x00,0x00,0x00,0x00,0x00,0x00,0x00,0x00,0x00,0x00,0x00,0x00,
    0x00,0x00,0x00,0x00,0x00,0x00,0x00,0x00,0x00,0x00,0x00,0x00,0x00,0x00,0x00,0x00,
    0x00,0x00,0x00,0x00,0x00,0x00,0x00,0x00,0x00,0x00,0x00,0x00,0x00,0x00,0x00,0x00,
    0x00,0x00,0x00,0x00,0x00,0x00,0x00,0x00,0x20,0x00,0x00,0x00,0x10,0x7c,0xff,0xff,
    0xff,0xff,0xff,0xff,0xff,0xff,0xff,0xff,0xff,0xff,0xdf,0xff,0xff,0xff,0xef,0x7b,
    0x00,0x00,0x00,0x00,0x00,0x00,0x00,0x00,0x00,0x00,0x00,0x00,0x41,0x00,0x1c,0xdf,
    0xff,0xff,0xff,0xff,0xff,0xff,0xff,0xff,0xdf,0xff,0xff,0xff,0xb2,0x94,0xab,0x52,
    0xff,0xff,0xdf,0xff,0xff,0xff,0xff,0xff,0xff,0xff,0xff,0xff,0xff,0xff,0xff,0xff,
    0xff,0xff,0xff,0xff,0xff,0xff,0x38,0xc6,0x20,0x00,0x00,0x00,0x00,0x00,0x00,0x00,
    0x00,0x00,0x00,0x00,0x00,0x00,0x00,0x00,0x00,0x00,0x00,0x00,0x00,0x00,0x00,0x00,
    0x86,0x31,0xdf,0xf7,0xff,0xff,0xff,0xff,0xff,0xff,0xff,0xff,0xff,0xff,0xff,0xff,
    0xff,0xff,0xff,0xff,0xff,0xff,0xff,0xff,0x10,0x84,0xf7,0xbd,0xff,0xff,0xff,0xff,
    0xff,0xff,0xff,0xff,0xff,0xff,0xff,0xff,0xd7,0xbd,0x00,0x00,0x00,0x00,0x00,0x00,
    0x00,0x00,0x41,0x08,0x3c,0xe7,0xff,0xff,0xff,0xff,0xff,0xff,0xff,0xff,0xdf,0xff,
    0xff,0xff,0xd3,0x9c,0x00,0x00,0x20,0x00,0x00,0x00,0x00,0x00,0x00,0x00,0x00,0x00,
    0x00,0x00,0xf7,0xbd,0xff,0xff,0xff,0xff,0xff,0xff,0xff,0xff,0xff,0xff,0xff,0xff,
    0xff,0xff,0xff,0xff,0xe7,0x39,0x00,0x00,0x20,0x00,0x00,0x00,0x00,0x00,0x00,0x00,
    0x00,0x00,0x00,0x00,0x00,0x00,0x00,0x00,0x00,0x00,0x00,0x00,0x00,0x00,0x00,0x00,
    0x00,0x00,0x00,0x00,0x00,0x00,0x00,0x00,0x00,0x00,0x00,0x00,0x00,0x00,0x00,0x00,
    0x00,0x00,0x00,0x00,0x00,0x00,0x00,0x00,0x00,0x00,0x00,0x00,0x00,0x00,0x00,0x00,
    0x00,0x00,0x00,0x00,0x00,0x00,0x00,0x00,0x00,0x00,0x00,0x00,0x00,0x00,0x00,0x00,
    0x00,0x00,0x00,0x00,0x00,0x00,0x00,0x00,0x00,0x00,0x00,0x00,0x00,0x00,0x41,0x00,
    0x1c,0xe7,0xff,0xff,0xff,0xff,0xff,0xff,0xff,0xff,0xff,0xff,0xff,0xff,0x59,0xce,
    0x00,0x00,0x00,0x00,0x00,0x00,0x00,0x00,0x00,0x00,0x00,0x00,0x00,0x00,0x00,0x00,
    0x00,0x00,0x00,0x00,0x00,0x00,0x00,0x00,0x00,0x00,0x00,0x00,0x00,0x00,0x00,0x00,
    0x00,0x00,0x00,0x00,0x00,0x00,0x00,0x00,0x00,0x00,0x00,0x00,0x00,0x00,0x00,0x00,
    0x00,0x00,0x00,0x00,0x00,0x00,0x00,0x00,0x00,0x00,0x00,0x00,0x00,0x00,0x00,0x00,
    0x00,0x00,0x00,0x00,0x00,0x00,0x20,0x00,0x20,0x00,0x00,0x00,0x00,0x00,0x00,0x00,
    0x00,0x00,0x00,0x00,0xa2,0x10,0x7d,0xef,0xff,0xff,0xff,0xff,0xff,0xff,0xff,0xff,
    0xff,0xff,0xff,0xff,0xff,0xff,0xb6,0xb5,0x00,0x00,0x20,0x00,0x00,0x00,0x00,0x00,
    0x00,0x00,0x00,0x00,0x00,0x00,0x00,0x00,0x00,0x00,0x00,0x00,0x00,0x00,0x00,0x00,
    0x00,0x00,0x00,0x00,0x00,0x00,0x00,0x00,0x00,0x00,0x00,0x00,0x00,0x00,0x00,0x00,
    0x00,0x00,0x00,0x00,0x00,0x00,0x00,0x00,0x00,0x00,0x00,0x00,0x00,0x00,0x00,0x00,
    0x00,0x00,0x00,0x00,0x00,0x00,0x00,0x00,0x00,0x00,0x00,0x00,0x00,0x00,0x00,0x00,
    0x00,0x00,0x00,0x00,0x00,0x00,0x00,0x00,0x00,0x00,0x00,0x00,0x20,0x00,0x00,0x00,
    0x8e,0x73,0xff,0xff,0xff,0xff,0xff,0xff,0xff,0xff,0xff,0xff,0xff,0xff,0xff,0xff,
    0xff,0xff,0x49,0x42,0x00,0x00,0x20,0x00,0x00,0x00,0x00,0x00,0x00,0x00,0x00,0x00,
    0x00,0x00,0x00,0x00,0x00,0x00,0x00,0x00,0x00,0x00,0x00,0x00,0x00,0x00,0x00,0x00,
    0x00,0x00,0x00,0x00,0x00,0x00,0x00,0x00,0x00,0x00,0x00,0x00,0x00,0x00,0x00,0x00,
    0x00,0x00,0x00,0x00,0x00,0x00,0x00,0x00,0x00,0x00,0x00,0x00,0x00,0x00,0x00,0x00,
    0x00,0x00,0x00,0x00,0x00,0x00,0x00,0x00,0x00,0x00,0x00,0x00,0x00,0x00,0x00,0x00,
    0x00,0x00,0x20,0x00,0x00,0x00,0x18,0xc6,0xff,0xff,0xff,0xff,0xff,0xff,0xff,0xff,
    0xff,0xff,0xff,0xff,0xff,0xff,0x5d,0xef,0x82,0x10,0x00,0x00,0x00,0x00,0x00,0x00,
    0x00,0x00,0x00,0x00,0x41,0x00,0x1c,0xdf,0xff,0xff,0xff,0xff,0xff,0xff,0xff,0xff,
    0xdf,0xff,0xff,0xff,0x55,0xad,0x00,0x00,0x76,0xad,0xff,0xff,0xff,0xff,0xff,0xff,
    0xff,0xff,0xff,0xff,0xff,0xff,0xff,0xff,0xff,0xff,0xff,0xff,0xdf,0xff,0xff,0xff,
    0xd3,0x94,0x00,0x00,0x20,0x00,0x00,0x00,0x00,0x00,0x00,0x00,0x00,0x00,0x00,0x00,
    0x00,0x00,0x00,0x00,0x00,0x00,0x41,0x08,0xba,0xd6,0xff,0xff,0xff,0xff,0xff,0xff,
    0xff,0xff,0xff,0xff,0xff,0xff,0xff,0xff,0xff,0xff,0xff,0xff,0xff,0xff,0x79,0xce,
    0x00,0x00,0x79,0xce,0xff,0xff,0xff,0xff,0xff,0xff,0xff,0xff,0xff,0xff,0xff,0xff,
    0xd7,0xbd,0x00,0x00,0x00,0x00,0x00,0x00,0x00,0x00,0x41,0x08,0x3c,0xe7,0xff,0xff,
    0xff,0xff,0xff,0xff,0xff,0xff,0xdf,0xff,0xff,0xff,0xd3,0x9c,0x00,0x00,0x20,0x00,
    0x00,0x00,0x00,0x00,0x00,0x00,0x00,0x00,0xe7,0x39,0xff,0xff,0xff,0xff,0xff,0xff,
    0xff,0xff,0xff,0xff,0xff,0xff,0xff,0xff,0xff,0xff,0xef,0x7b,0x00,0x00,0x20,0x00,
    0x00,0x00,0x00,0x00,0x00,0x00,0x00,0x00,0x00,0x00,0x00,0x00,0x00,0x00,0x00,0x00,
    0x00,0x00,0x00,0x00,0x00,0x00,0x00,0x00,0x00,0x00,0x00,0x00,0x00,0x00,0x00,0x00,
    0x00,0x00,0x00,0x00,0x00,0x00,0x00,0x00,0x00,0x00,0x00,0x00,0x00,0x00,0x00,0x00,
    0x00,0x00,0x00,0x00,0x00,0x00,0x00,0x00,0x00,0x00,0x00,0x00,0x00,0x00,0x00,0x00,
    0x00,0x00,0x00,0x00,0x00,0x00,0x00,0x00,0x00,0x00,0x00,0x00,0x00,0x00,0x00,0x00,
    0x00,0x00,0x00,0x00,0x00,0x00,0x00,0x00,0x9a,0xce,0xff,0xff,0xff,0xff,0xff,0xff,
    0xff,0xff,0xff,0xff,0xff,0xff,0xbe,0xf7,0xc3,0x18,0x00,0x00,0x00,0x00,0x00,0x00,
    0x00,0x00,0x00,0x00,0x00,0x00,0x00,0x00,0x00,0x00,0x00,0x00,0x00,0x00,0x00,0x00,
    0x00,0x00,0x00,0x00,0x00,0x00,0x00,0x00,0x00,0x00,0x00,0x00,0x00,0x00,0x00,0x00,
    0x00,0x00,0x00,0x00,0x00,0x00,0x00,0x00,0x00,0x00,0x00,0x00,0x00,0x00,0x00,0x00,
    0x00,0x00,0x00,0x00,0x00,0x00,0x00,0x00,0x00,0x00,0x00,0x00,0x00,0x00,0x00,0x00,
    0x00,0x00,0x00,0x00,0x00,0x00,0x00,0x00,0x20,0x00,0x00,0x00,0x8e,0x73,0xff,0xff,
    0xdf,0xff,0xff,0xff,0xff,0xff,0xff,0xff,0xff,0xff,0xff,0xff,0x9e,0xf7,0x04,0x19,
    0x00,0x00,0x00,0x00,0x00,0x00,0x00,0x00,0x00,0x00,0x00,0x00,0x00,0x00,0x00,0x00,
    0x00,0x00,0x00,0x00,0x00,0x00,0x00,0x00,0x00,0x00,0x00,0x00,0x00,0x00,0x00,0x00,
    0x00,0x00,0x00,0x00,0x00,0x00,0x00,0x00,0x00,0x00,0x00,0x00,0x00,0x00,0x00,0x00,
    0x00,0x00,0x00,0x00,0x00,0x00,0x00,0x00,0x00,0x00,0x00,0x00,0x00,0x00,0x00,0x00,
    0x00,0x00,0x00,0x00,0x00,0x00,0x00,0x00,0x00,0x00,0x00,0x00,0x00,0x00,0x00,0x00,
    0x00,0x00,0x00,0x00,0x00,0x00,0x41,0x00,0xdb,0xde,0xff,0xff,0xff,0xff,0xff,0xff,
    0xff,0xff,0xff,0xff,0xff,0xff,0xff,0xff,0x14,0x9d,0x00,0x00,0x20,0x00,0x00,0x00,
    0x00,0x00,0x00,0x00,0x00,0x00,0x00,0x00,0x00,0x00,0x00,0x00,0x00,0x00,0x00,0x00,
    0x00,0x00,0x00,0x00,0x00,0x00,0x00,0x00,0x00,0x00,0x00,0x00,0x00,0x00,0x00,0x00,
    0x00,0x00,0x00,0x00,0x00,0x00,0x00,0x00,0x00,0x00,0x00,0x00,0x00,0x00,0x00,0x00,
    0x00,0x00,0x00,0x00,0x00,0x00,0x00,0x00,0x00,0x00,0x00,0x00,0x00,0x00,0x00,0x00,
    0x00,0x00,0x00,0x00,0x00,0x00,0x00,0x00,0x00,0x00,0x00,0x00,0x00,0x00,0x45,0x29,
    0xdf,0xf7,0xff,0xff,0xff,0xff,0xff,0xff,0xff,0xff,0xff,0xff,0xdf,0xff,0xff,0xff,
    0x4d,0x6b,0x00,0x00,0x20,0x00,0x00,0x00,0x00,0x00,0x00,0x00,0x41,0x00,0x1c,0xdf,
    0xff,0xff,0xff,0xff,0xff,0xff,0xff,0xff,0xdf,0xff,0xff,0xff,0x55,0xad,0x00,0x00,
    0xa2,0x10,0x1c,0xe7,0xff,0xff,0xff,0xff,0xff,0xff,0xff,0xff,0xff,0xff,0xff,0xff,
    0xff,0xff,0xff,0xff,0xff,0xff,0xdf,0xff,0xff,0xff,0x0c,0x63,0x00,0x00,0x20,0x00,
    0x00,0x00,0x00,0x00,0x00,0x00,0x00,0x00,0x00,0x00,0x20,0x00,0x00,0x00,0xf3,0x9c,
    0xff,0xff,0xdf,0xff,0xff,0xff,0xff,0xff,0xff,0xff,0xff,0xff,0xff,0xff,0xff,0xff,
    0xff,0xff,0xff,0xff,0xbe,0xf7,0x65,0x29,0x00,0x00,0x9a,0xd6,0xff,0xff,0xff,0xff,
    0xff,0xff,0xff,0xff,0xff,0xff,0xff,0xff,0xd7,0xbd,0x00,0x00,0x00,0x00,0x00,0x00,
    0x00,0x00,0x41,0x08,0x3c,0xe7,0xff,0xff,0xff,0xff,0xff,0xff,0xff,0xff,0xdf,0xff,
    0xff,0xff,0xd3,0x9c,0x00,0x00,0x20,0x00,0x00,0x00,0x00,0x00,0x00,0x00,0x00,0x00,
    0x75,0xad,0xff,0xff,0xdf,0xff,0xff,0xff,0xff,0xff,0xff,0xff,0xff,0xff,0xff,0xff,
    0x9a,0xd6,0x20,0x00,0x00,0x00,0x00,0x00,0x00,0x00,0x00,0x00,0x00,0x00,0x00,0x00,
    0x00,0x00,0x00,0x00,0x00,0x00,0x00,0x00,0x00,0x00,0x00,0x00,0x00,0x00,0x00,0x00,
    0x00,0x00,0x00,0x00,0x00,0x00,0x00,0x00,0x00,0x00,0x00,0x00,0x00,0x00,0x00,0x00,
    0x00,0x00,0x00,0x00,0x00,0x00,0x00,0x00,0x00,0x00,0x00,0x00,0x00,0x00,0x00,0x00,
    0x00,0x00,0x00,0x00,0x00,0x00,0x00,0x00,0x00,0x00,0x00,0x00,0x00,0x00,0x00,0x00,
    0x00,0x00,0x00,0x00,0x00,0x00,0x00,0x00,0x00,0x00,0x00,0x00,0x00,0x00,0x00,0x00,
    0x96,0xad,0xff,0xff,0xff,0xff,0xff,0xff,0xff,0xff,0xff,0xff,0xff,0xff,0xff,0xff,
    0x10,0x7c,0x00,0x00,0x20,0x00,0x00,0x00,0x00,0x00,0x00,0x00,0x00,0x00,0x00,0x00,
    0x00,0x00,0x00,0x00,0x00,0x00,0x00,0x00,0x00,0x00,0x00,0x00,0x00,0x00,0x00,0x00,
    0x00,0x00,0x00,0x00,0x00,0x00,0x00,0x00,0x00,0x00,0x00,0x00,0x00,0x00,0x00,0x00,
    0x00,0x00,0x00,0x00,0x00,0x00,0x00,0x00,0x00,0x00,0x00,0x00,0x00,0x00,0x00,0x00,
    0x00,0x00,0x00,0x00,0x00,0x00,0x00,0x00,0x00,0x00,0x00,0x00,0x00,0x00,0x00,0x00,
    0x00,0x00,0x00,0x00,0x9a,0xd6,0xff,0xff,0xdf,0xff,0xff,0xff,0xff,0xff,0xff,0xff,
    0xff,0xff,0xff,0xff,0x10,0x84,0x00,0x00,0x20,0x00,0x00,0x00,0x00,0x00,0x00,0x00,
    0x00,0x00,0x00,0x00,0x00,0x00,0x00,0x00,0x00,0x00,0x00,0x00,0x00,0x00,0x00,0x00,
    0x00,0x00,0x00,0x00,0x00,0x00,0x00,0x00,0x00,0x00,0x00,0x00,0x00,0x00,0x00,0x00,
    0x00,0x00,0x00,0x00,0x00,0x00,0x00,0x00,0x00,0x00,0x00,0x00,0x00,0x00,0x00,0x00,
    0x00,0x00,0x00,0x00,0x00,0x00,0x00,0x00,0x00,0x00,0x00,0x00,0x00,0x00,0x00,0x00,
    0x00,0x00,0x00,0x00,0x00,0x00,0x00,0x00,0x00,0x00,0x00,0x00,0x00,0x00,0x49,0x4a,
    0xff,0xff,0xff,0xff,0xff,0xff,0xff,0xff,0xff,0xff,0xff,0xff,0xff,0xff,0x9e,0xf7,
    0xe3,0x18,0x00,0x00,0x00,0x00,0x00,0x00,0x00,0x00,0x00,0x00,0x00,0x00,0x00,0x00,
    0x00,0x00,0x00,0x00,0x00,0x00,0x00,0x00,0x00,0x00,0x00,0x00,0x00,0x00,0x00,0x00,
    0x00,0x00,0x00,0x00,0x00,0x00,0x00,0x00,0x00,0x00,0x00,0x00,0x00,0x00,0x00,0x00,
    0x00,0x00,0x00,0x00,0x00,0x00,0x00,0x00,0x00,0x00,0x00,0x00,0x00,0x00,0x00,0x00,
    0x00,0x00,0x00,0x00,0x00,0x00,0x00,0x00,0x00,0x00,0x00,0x00,0x00,0x00,0x00,0x00,
    0x00,0x00,0x00,0x00,0x20,0x00,0x00,0x00,0x92,0x8c,0xff,0xff,0xdf,0xff,0xff,0xff,
    0xff,0xff,0xff,0xff,0xff,0xff,0xff,0xff,0x79,0xce,0x00,0x00,0x00,0x00,0x00,0x00,
    0x00,0x00,0x00,0x00,0x41,0x00,0x1c,0xdf,0xff,0xff,0xff,0xff,0xff,0xff,0xff,0xff,
    0xdf,0xff,0xff,0xff,0x35,0xa5,0x00,0x00,0x00,0x00,0x08,0x42,0xff,0xff,0xdf,0xff,
    0xff,0xff,0xff,0xff,0xff,0xff,0xff,0xff,0xff,0xff,0xff,0xff,0xff,0xff,0xff,0xff,
    0xff,0xff,0xbe,0xf7,0xa6,0x31,0x00,0x00,0x00,0x00,0x00,0x00,0x00,0x00,0x00,0x00,
    0x20,0x00,0x00,0x00,0xeb,0x5a,0xff,0xff,0xdf,0xff,0xff,0xff,0xff,0xff,0xff,0xff,
    0xff,0xff,0xff,0xff,0xff,0xff,0xff,0xff,0xdf,0xff,0xff,0xff,0x8e,0x73,0x00,0x00,
    0x00,0x00,0x79,0xce,0xff,0xff,0xff,0xff,0xff,0xff,0xff,0xff,0xff,0xff,0xff,0xff,
    0xd7,0xbd,0x00,0x00,0x00,0x00,0x00,0x00,0x00,0x00,0x41,0x08,0x3c,0xe7,0xff,0xff,
    0xff,0xff,0xff,0xff,0xff,0xff,0xdf,0xff,0xff,0xff,0xd3,0x9c,0x00,0x00,0x20,0x00,
    0x00,0x00,0x00,0x00,0x00,0x00,0xe3,0x18,0xbe,0xf7,0xff,0xff,0xff,0xff,0xff,0xff,
    0xff,0xff,0xff,0xff,0xff,0xff,0xff,0xff,0x49,0x4a,0x00,0x00,0x00,0x00,0x00,0x00,
    0x00,0x00,0x00,0x00,0x00,0x00,0x00,0x00,0x00,0x00,0x00,0x00,0x00,0x00,0x00,0x00,
    0x00,0x00,0x00,0x00,0x00,0x00,0x00,0x00,0x00,0x00,0x00,0x00,0x00,0x00,0x00,0x00,
    0x00,0x00,0x00,0x00,0x00,0x00,0x00,0x00,0x00,0x00,0x00,0x00,0x00,0x00,0x00,0x00,
    0x00,0x00,0x00,0x00,0x00,0x00,0x00,0x00,0x00,0x00,0x00,0x00,0x00,0x00,0x00,0x00,
    0x00,0x00,0x00,0x00,0x00,0x00,0x00,0x00,0x00,0x00,0x00,0x00,0x00,0x00,0x00,0x00,
    0x00,0x00,0x00,0x00,0x20,0x00,0x00,0x00,0xcf,0x7b,0xff,0xff,0xdf,0xff,0xff,0xff,
    0xff,0xff,0xff,0xff,0xff,0xff,0xff,0xff,0xbe,0xf7,0xc7,0x39,0x00,0x00,0x20,0x00,
    0x00,0x00,0x00,0x00,0x00,0x00,0x00,0x00,0x00,0x00,0x00,0x00,0x00,0x00,0x00,0x00,
    0x00,0x00,0x00,0x00,0x00,0x00,0x00,0x00,0x00,0x00,0x00,0x00,0x00,0x00,0x00,0x00,
    0x00,0x00,0x00,0x00,0x00,0x00,0x00,0x00,0x00,0x00,0x00,0x00,0x00,0x00,0x00,0x00,
    0x00,0x00,0x00,0x00,0x00,0x00,0x00,0x00,0x00,0x00,0x00,0x00,0x00,0x00,0x00,0x00,
    0x00,0x00,0x00,0x00,0x00,0x00,0x00,0x00,0x00,0x00,0xa6,0x31,0xff,0xff,0xff,0xff,
    0xff,0xff,0xff,0xff,0xff,0xff,0xff,0xff,0xff,0xff,0x5d,0xef,0x82,0x10,0x00,0x00,
    0x00,0x00,0x00,0x00,0x00,0x00,0x00,0x00,0x00,0x00,0x00,0x00,0x00,0x00,0x00,0x00,
    0x00,0x00,0x00,0x00,0x00,0x00,0x00,0x00,0x00,0x00,0x00,0x00,0x00,0x00,0x00,0x00,
    0x00,0x00,0x00,0x00,0x00,0x00,0x00,0x00,0x00,0x00,0x00,0x00,0x00,0x00,0x00,0x00,
    0x00,0x00,0x00,0x00,0x00,0x00,0x00,0x00,0x00,0x00,0x00,0x00,0x00,0x00,0x00,0x00,
    0x00,0x00,0x00,0x00,0x00,0x00,0x00,0x00,0x00,0x00,0x00,0x00,0x00,0x00,0x00,0x00,
    0x00,0x00,0x00,0x00,0x00,0x00,0x34,0xa5,0xff,0xff,0xdf,0xff,0xff,0xff,0xff,0xff,
    0xff,0xff,0xdf,0xff,0xff,0xff,0x72,0x8c,0x00,0x00,0x00,0x00,0x00,0x00,0x00,0x00,
    0x00,0x00,0x00,0x00,0x00,0x00,0x00,0x00,0x00,0x00,0x00,0x00,0x00,0x00,0x00,0x00,
    0x00,0x00,0x00,0x00,0x00,0x00,0x00,0x00,0x00,0x00,0x00,0x00,0x00,0x00,0x00,0x00,
    0x00,0x00,0x00,0x00,0x00,0x00,0x00,0x00,0x00,0x00,0x00,0x00,0x00,0x00,0x00,0x00,
    0x00,0x00,0x00,0x00,0x00,0x00,0x00,0x00,0x00,0x00,0x00,0x00,0x00,0x00,0x00,0x00,
    0x00,0x00,0x00,0x00,0x00,0x00,0x00,0x00,0x00,0x00,0x00,0x00,0x00,0x00,0x00,0x00,
    0xc3,0x18,0x9e,0xf7,0xff,0xff,0xff,0xff,0xff,0xff,0xff,0xff,0xff,0xff,0xff,0xff,
    0xff,0xff,0x86,0x29,0x00,0x00,0x00,0x00,0x00,0x00,0x00,0x00,0x41,0x00,0x1c,0xdf,
    0xff,0xff,0xff,0xff,0xff,0xff,0xff,0xff,0xdf,0xff,0xff,0xff,0x35,0xa5,0x00,0x00,
    0x20,0x00,0x00,0x00,0x31,0x84,0xff,0xff,0xdf,0xff,0xff,0xff,0xff,0xff,0xff,0xff,
    0xff,0xff,0xff,0xff,0xff,0xff,0xff,0xff,0xff,0xff,0xff,0xff,0xfb,0xde,0x82,0x10,
    0x00,0x00,0x00,0x00,0x00,0x00,0x00,0x00,0x00,0x00,0x24,0x21,0x9e,0xf7,0xff,0xff,
    0xff,0xff,0xff,0xff,0xff,0xff,0xff,0xff,0xff,0xff,0xff,0xff,0xff,0xff,0xff,0xff,
    0xff,0xff,0xf7,0xbd,0x00,0x00,0x20,0x00,0x00,0x00,0x79,0xce,0xff,0xff,0xff,0xff,
    0xff,0xff,0xff,0xff,0xff,0xff,0xff,0xff,0xd7,0xbd,0x00,0x00,0x00,0x00,0x00,0x00,
    0x00,0x00,0x41,0x08,0x3c,0xe7,0xff,0xff,0xff,0xff,0xff,0xff,0xff,0xff,0xdf,0xff,
    0xff,0xff,0xd3,0x9c,0x00,0x00,0x20,0x00,0x00,0x00,0x20,0x00,0x00,0x00,0x6d,0x6b,
    0xff,0xff,0xdf,0xff,0xff,0xff,0xff,0xff,0xff,0xff,0xff,0xff,0xff,0xff,0x38,0xc6,
    0x00,0x00,0x00,0x00,0x00,0x00,0x00,0x00,0x00,0x00,0x00,0x00,0x00,0x00,0x00,0x00,
    0x00,0x00,0x00,0x00,0x00,0x00,0x00,0x00,0x00,0x00,0x00,0x00,0x00,0x00,0x00,0x00,
    0x00,0x00,0x00,0x00,0x00,0x00,0x00,0x00,0x00,0x00,0x00,0x00,0x00,0x00,0x00,0x00,
    0x00,0x00,0x00,0x00,0x00,0x00,0x00,0x00,0x00,0x00,0x00,0x00,0x00,0x00,0x00,0x00,
    0x00,0x00,0x00,0x00,0x00,0x00,0x00,0x00,0x00,0x00,0x00,0x00,0x00,0x00,0x00,0x00,
    0x00,0x00,0x00,0x00,0x00,0x00,0x00,0x00,0x00,0x00,0x00,0x00,0x00,0x00,0x00,0x00,
    0xa6,0x31,0xff,0xff,0xff,0xff,0xff,0xff,0xff,0xff,0xff,0xff,0xff,0xff,0xff,0xff,
    0xff,0xff,0x7d,0xef,0xc7,0x39,0x00,0x00,0x00,0x00,0x00,0x00,0x00,0x00,0x00,0x00,
    0x00,0x00,0x00,0x00,0x00,0x00,0x00,0x00,0x00,0x00,0x00,0x00,0x00,0x00,0x00,0x00,
    0x00,0x00,0x00,0x00,0x00,0x00,0x00,0x00,0x00,0x00,0x00,0x00,0x00,0x00,0x00,0x00,
    0x00,0x00,0x00,0x00,0x00,0x00,0x00,0x00,0x00,0x00,0x00,0x00,0x00,0x00,0x00,0x00,
    0x00,0x00,0x00,0x00,0x00,0x00,0x00,0x00,0x00,0x00,0x00,0x00,0x00,0x00,0x00,0x00,
    0x00,0x00,0x30,0x84,0xff,0xff,0xdf,0xff,0xff,0xff,0xff,0xff,0xff,0xff,0xdf,0xff,
    0xff,0xff,0x71,0x8c,0x00,0x00,0x20,0x00,0x00,0x00,0x00,0x00,0x00,0x00,0x00,0x00,
    0x00,0x00,0x00,0x00,0x00,0x00,0x00,0x00,0x00,0x00,0x00,0x00,0x00,0x00,0x00,0x00,
    0x00,0x00,0x00,0x00,0x00,0x00,0x00,0x00,0x00,0x00,0x00,0x00,0x00,0x00,0x00,0x00,
    0x00,0x00,0x00,0x00,0x00,0x00,0x00,0x00,0x00,0x00,0x00,0x00,0x00,0x00,0x00,0x00,
    0x00,0x00,0x00,0x00,0x00,0x00,0x00,0x00,0x00,0x00,0x00,0x00,0x00,0x00,0x00,0x00,
    0x00,0x00,0x00,0x00,0x00,0x00,0x00,0x00,0x00,0x00,0x00,0x00,0x61,0x08,0x5d,0xe7,
    0xff,0xff,0xff,0xff,0xff,0xff,0xff,0xff,0xff,0xff,0xff,0xff,0xbf,0xf7,0x24,0x21,
    0x00,0x00,0x00,0x00,0x00,0x00,0x00,0x00,0x00,0x00,0x00,0x00,0x00,0x00,0x00,0x00,
    0x00,0x00,0x00,0x00,0x00,0x00,0x00,0x00,0x00,0x00,0x00,0x00,0x00,0x00,0x00,0x00,
    0x00,0x00,0x00,0x00,0x00,0x00,0x00,0x00,0x00,0x00,0x00,0x00,0x00,0x00,0x00,0x00,
    0x00,0x00,0x00,0x00,0x00,0x00,0x00,0x00,0x00,0x00,0x00,0x00,0x00,0x00,0x00,0x00,
    0x00,0x00,0x00,0x00,0x00,0x00,0x00,0x00,0x00,0x00,0x00,0x00,0x00,0x00,0x00,0x00,
    0x00,0x00,0x00,0x00,0x00,0x00,0x00,0x00,0x00,0x00,0xd3,0x9c,0xff,0xff,0xdf,0xff,
    0xff,0xff,0xff,0xff,0xff,0xff,0xdf,0xff,0xff,0xff,0xef,0x7b,0x00,0x00,0x20,0x00,
    0x00,0x00,0x00,0x00,0x41,0x00,0x1c,0xdf,0xff,0xff,0xff,0xff,0xff,0xff,0xff,0xff,
    0xdf,0xff,0xff,0xff,0x35,0xa5,0x00,0x00,0x20,0x00,0x00,0x00,0x00,0x00,0x38,0xc6,
    0xff,0xff,0xff,0xff,0xff,0xff,0xff,0xff,0xff,0xff,0xff,0xff,0xff,0xff,0xff,0xff,
    0xff,0xff,0xff,0xff,0xff,0xff,0xb6,0xb5,0x00,0x00,0x20,0x00,0x00,0x00,0x00,0x00,
    0x20,0x00,0x59,0xce,0xff,0xff,0xff,0xff,0xff,0xff,0xff,0xff,0xff,0xff,0xff,0xff,
    0xff,0xff,0xff,0xff,0xff,0xff,0xff,0xff,0x7e,0xef,0xe4,0x18,0x00,0x00,0x00,0x00,
    0x00,0x00,0x79,0xce,0xff,0xff,0xff,0xff,0xff,0xff,0xff,0xff,0xff,0xff,0xff,0xff,
    0xd7,0xbd,0x00,0x00,0x00,0x00,0x00,0x00,0x00,0x00,0x41,0x08,0x3c,0xe7,0xff,0xff,
    0xff,0xff,0xff,0xff,0xff,0xff,0xdf,0xff,0xff,0xff,0xd3,0x9c,0x00,0x00,0x20,0x00,
    0x00,0x00,0x00,0x00,0x00,0x00,0xf7,0xbd,0xff,0xff,0xff,0xff,0xff,0xff,0xff,0xff,
    0xff,0xff,0xff,0xff,0xff,0xff,0xaa,0x52,0x00,0x00,0x20,0x00,0x00,0x00,0x00,0x00,
    0x00,0x00,0x00,0x00,0x00,0x00,0x00,0x00,0x00,0x00,0x00,0x00,0x00,0x00,0x00,0x00,
    0x00,0x00,0x00,0x00,0x00,0x00,0x00,0x00,0x00,0x00,0x00,0x00,0x00,0x00,0x00,0x00,
    0x00,0x00,0x00,0x00,0x00,0x00,0x00,0x00,0x00,0x00,0x00,0x00,0x00,0x00,0x00,0x00,
    0x00,0x00,0x00,0x00,0x00,0x00,0x00,0x00,0x00,0x00,0x00,0x00,0x00,0x00,0x00,0x00,
    0x00,0x00,0x00,0x00,0x00,0x00,0x00,0x00,0x00,0x00,0x00,0x00,0x00,0x00,0x00,0x00,
    0x00,0x00,0x00,0x00,0x00,0x00,0x00,0x00,0x00,0x00,0x79,0xce,0xff,0xff,0xff,0xff,
    0xff,0xff,0xff,0xff,0xff,0xff,0xff,0xff,0xff,0xff,0xff,0xff,0xbe,0xf7,0x4d,0x63,
    0x00,0x00,0x00,0x00,0x00,0x00,0x20,0x00,0x00,0x00,0x00,0x00,0x00,0x00,0x00,0x00,
    0x00,0x00,0x00,0x00,0x00,0x00,0x00,0x00,0x00,0x00,0x00,0x00,0x00,0x00,0x00,0x00,
    0x00,0x00,0x00,0x00,0x00,0x00,0x00,0x00,0x00,0x00,0x00,0x00,0x00,0x00,0x00,0x00,
    0x00,0x00,0x00,0x00,0x00,0x00,0x00,0x00,0x00,0x00,0x00,0x00,0x00,0x00,0x00,0x00,
    0x00,0x00,0x00,0x00,0x00,0x00,0x00,0x00,0x00,0x00,0x38,0xc6,0xff,0xff,0xff,0xff,
    0xff,0xff,0xff,0xff,0xff,0xff,0xff,0xff,0xff,0xff,0x65,0x29,0x00,0x00,0x00,0x00,
    0x00,0x00,0x00,0x00,0x00,0x00,0x00,0x00,0x00,0x00,0x00,0x00,0x00,0x00,0x00,0x00,
    0x00,0x00,0x00,0x00,0x00,0x00,0x00,0x00,0x00,0x00,0x00,0x00,0x00,0x00,0x00,0x00,
    0x00,0x00,0x00,0x00,0x00,0x00,0x00,0x00,0x00,0x00,0x00,0x00,0x00,0x00,0x00,0x00,
    0x00,0x00,0x00,0x00,0x00,0x00,0x00,0x00,0x00,0x00,0x00,0x00,0x00,0x00,0x00,0x00,
    0x00,0x00,0x00,0x00,0x00,0x00,0x00,0x00,0x00,0x00,0x00,0x00,0x00,0x00,0x00,0x00,
    0x00,0x00,0x00,0x00,0x08,0x42,0xff,0xff,0xff,0xff,0xff,0xff,0xff,0xff,0xff,0xff,
    0xdf,0xff,0xff,0xff,0xb6,0xb5,0x00,0x00,0x00,0x00,0x00,0x00,0x00,0x00,0x00,0x00,
    0x00,0x00,0x00,0x00,0x00,0x00,0x00,0x00,0x00,0x00,0x00,0x00,0x00,0x00,0x00,0x00,
    0x00,0x00,0x00,0x00,0x00,0x00,0x00,0x00,0x00,0x00,0x00,0x00,0x00,0x00,0x00,0x00,
    0x00,0x00,0x00,0x00,0x00,0x00,0x00,0x00,0x00,0x00,0x00,0x00,0x00,0x00,0x00,0x00,
    0x00,0x00,0x00,0x00,0x00,0x00,0x00,0x00,0x00,0x00,0x00,0x00,0x00,0x00,0x00,0x00,
    0x00,0x00,0x00,0x00,0x00,0x00,0x00,0x00,0x00,0x00,0x00,0x00,0x00,0x00,0x00,0x00,
    0x00,0x00,0xa7,0x31,0xff,0xff,0xff,0xff,0xff,0xff,0xff,0xff,0xff,0xff,0xff,0xff,
    0xff,0xff,0x18,0xc6,0x00,0x00,0x00,0x00,0x00,0x00,0x00,0x00,0x41,0x00,0x1c,0xdf,
    0xff,0xff,0xff,0xff,0xff,0xff,0xff,0xff,0xdf,0xff,0xff,0xff,0x35,0xa5,0x00,0x00,
    0x00,0x00,0x00,0x00,0x00,0x00,0x24,0x21,0x9e,0xf7,0xff,0xff,0xff,0xff,0xff,0xff,
    0xff,0xff,0xff,0xff,0xff,0xff,0xff,0xff,0xff,0xff,0xff,0xff,0xdf,0xff,0xff,0xff,
    0x10,0x7c,0x00,0x00,0x41,0x08,0x00,0x00,0x71,0x8c,0xff,0xff,0xdf,0xff,0xff,0xff,
    0xff,0xff,0xff,0xff,0xff,0xff,0xff,0xff,0xff,0xff,0xff,0xff,0xdf,0xff,0xff,0xff,
    0xeb,0x5a,0x00,0x00,0x20,0x00,0x00,0x00,0x00,0x00,0x79,0xce,0xff,0xff,0xff,0xff,
    0xff,0xff,0xff,0xff,0xff,0xff,0xff,0xff,0xd7,0xbd,0x00,0x00,0x00,0x00,0x00,0x00,
    0x00,0x00,0x41,0x08,0x3c,0xe7,0xff,0xff,0xff,0xff,0xff,0xff,0xff,0xff,0xdf,0xff,
    0xff,0xff,0xd3,0x9c,0x00,0x00,0x20,0x00,0x00,0x00,0x00,0x00,0xa2,0x10,0x9e,0xf7,
    0xff,0xff,0xff,0xff,0xff,0xff,0xff,0xff,0xff,0xff,0xff,0xff,0x3c,0xe7,0x41,0x08,
    0x00,0x00,0x00,0x00,0x00,0x00,0x00,0x00,0x00,0x00,0x00,0x00,0x00,0x00,0x00,0x00,
    0x00,0x00,0x00,0x00,0x00,0x00,0x00,0x00,0x00,0x00,0x00,0x00,0x00,0x00,0x00,0x00,
    0x00,0x00,0x00,0x00,0x00,0x00,0x00,0x00,0x00,0x00,0x00,0x00,0x00,0x00,0x00,0x00,
    0x00,0x00,0x00,0x00,0x00,0x00,0x00,0x00,0x00,0x00,0x00,0x00,0x00,0x00,0x00,0x00,
    0x00,0x00,0x00,0x00,0x00,0x00,0x00,0x00,0x00,0x00,0x00,0x00,0x00,0x00,0x00,0x00,
    0x00,0x00,0x00,0x00,0x00,0x00,0x00,0x00,0x00,0x00,0x00,0x00,0x00,0x00,0x20,0x00,
    0x00,0x00,0xeb,0x5a,0xff,0xff,0xdf,0xff,0xff,0xff,0xff,0xff,0xff,0xff,0xff,0xff,
    0xff,0xff,0xff,0xff,0xff,0xff,0xff,0xff,0x38,0xc6,0x8a,0x52,0x20,0x00,0x00,0x00,
    0x00,0x00,0x00,0x00,0x20,0x00,0x00,0x00,0x00,0x00,0x00,0x00,0x00,0x00,0x00,0x00,
    0x00,0x00,0x00,0x00,0x00,0x00,0x00,0x00,0x00,0x00,0x00,0x00,0x00,0x00,0x00,0x00,
    0x00,0x00,0x00,0x00,0x00,0x00,0x00,0x00,0x00,0x00,0x00,0x00,0x00,0x00,0x00,0x00,
    0x00,0x00,0x00,0x00,0x00,0x00,0x00,0x00,0x00,0x00,0x00,0x00,0x00,0x00,0x00,0x00,
    0xe3,0x18,0x9e,0xf7,0xff,0xff,0xff,0xff,0xff,0xff,0xff,0xff,0xff,0xff,0xff,0xff,
    0x7a,0xce,0x00,0x00,0x00,0x00,0x00,0x00,0x00,0x00,0x00,0x00,0x00,0x00,0x00,0x00,
    0x00,0x00,0x00,0x00,0x00,0x00,0x00,0x00,0x00,0x00,0x00,0x00,0x00,0x00,0x00,0x00,
    0x00,0x00,0x00,0x00,0x00,0x00,0x00,0x00,0x00,0x00,0x00,0x00,0x00,0x00,0x00,0x00,
    0x00,0x00,0x00,0x00,0x00,0x00,0x00,0x00,0x00,0x00,0x00,0x00,0x00,0x00,0x00,0x00,
    0x00,0x00,0x00,0x00,0x00,0x00,0x00,0x00,0x00,0x00,0x00,0x00,0x00,0x00,0x00,0x00,
    0x00,0x00,0x00,0x00,0x00,0x00,0x00,0x00,0x20,0x00,0x00,0x00,0x10,0x7c,0xff,0xff,
    0xdf,0xff,0xff,0xff,0xff,0xff,0xff,0xff,0xdf,0xff,0xff,0xff,0x0c,0x63,0x00,0x00,
    0x20,0x00,0x00,0x00,0x00,0x00,0x00,0x00,0x00,0x00,0x00,0x00,0x00,0x00,0x00,0x00,
    0x00,0x00,0x00,0x00,0x00,0x00,0x00,0x00,0x00,0x00,0x00,0x00,0x00,0x00,0x00,0x00,
    0x00,0x00,0x00,0x00,0x00,0x00,0x00,0x00,0x00,0x00,0x00,0x00,0x00,0x00,0x00,0x00,
    0x00,0x00,0x00,0x00,0x00,0x00,0x00,0x00,0x00,0x00,0x00,0x00,0x00,0x00,0x00,0x00,
    0x00,0x00,0x00,0x00,0x00,0x00,0x00,0x00,0x00,0x00,0x00,0x00,0x00,0x00,0x00,0x00,
    0x00,0x00,0x00,0x00,0x00,0x00,0x00,0x00,0x00,0x00,0x00,0x00,0xba,0xd6,0xff,0xff,
    0xff,0xff,0xff,0xff,0xff,0xff,0xff,0xff,0xff,0xff,0x7e,0xef,0xa2,0x10,0x00,0x00,
    0x00,0x00,0x00,0x00,0x41,0x00,0x1c,0xdf,0xff,0xff,0xff,0xff,0xff,0xff,0xff,0xff,
    0xdf,0xff,0xff,0xff,0x35,0xa5,0x00,0x00,0x00,0x00,0x00,0x00,0x20,0x00,0x00,0x00,
    0x0c,0x5b,0xff,0xff,0xdf,0xff,0xff,0xff,0xff,0xff,0xff,0xff,0xff,0xff,0xff,0xff,
    0xff,0xff,0xff,0xff,0xff,0xff,0xdf,0xff,0xff,0xff,0x8a,0x4a,0x00,0x00,0x6a,0x4a,
    0xff,0xff,0xdf,0xff,0xff,0xff,0xff,0xff,0xff,0xff,0xff,0xff,0xff,0xff,0xff,0xff,
    0xff,0xff,0xff,0xff,0xff,0xff,0x55,0xa5,0x00,0x00,0x20,0x00,0x00,0x00,0x00,0x00,
    0x00,0x00,0x79,0xce,0xff,0xff,0xff,0xff,0xff,0xff,0xff,0xff,0xff,0xff,0xff,0xff,
    0xd7,0xbd,0x00,0x00,0x00,0x00,0x00,0x00,0x00,0x00,0x41,0x08,0x3c,0xe7,0xff,0xff,
    0xff,0xff,0xff,0xff,0xff,0xff,0xdf,0xff,0xff,0xff,0xd3,0x9c,0x00,0x00,0x20,0x00,
    0x00,0x00,0x00,0x00,0x49,0x4a,0xff,0xff,0xff,0xff,0xff,0xff,0xff,0xff,0xff,0xff,
    0xdf,0xff,0xff,0xff,0xd3,0x9c,0x00,0x00,0x00,0x00,0x00,0x00,0x00,0x00,0x00,0x00,
    0x00,0x00,0x00,0x00,0x00,0x00,0x00,0x00,0x00,0x00,0x00,0x00,0x00,0x00,0x00,0x00,
    0x00,0x00,0x00,0x00,0x00,0x00,0x00,0x00,0x00,0x00,0x00,0x00,0x00,0x00,0x00,0x00,
    0x00,0x00,0x00,0x00,0x00,0x00,0x00,0x00,0x00,0x00,0x00,0x00,0x00,0x00,0x00,0x00,
    0x00,0x00,0x00,0x00,0x00,0x00,0x00,0x00,0x00,0x00,0x00,0x00,0x00,0x00,0x00,0x00,
    0x00,0x00,0x00,0x00,0x00,0x00,0x00,0x00,0x00,0x00,0x00,0x00,0x00,0x00,0x00,0x00,
    0x00,0x00,0x00,0x00,0x00,0x00,0x00,0x00,0x00,0x00,0x20,0x00,0x59,0xce,0xff,0xff,
    0xff,0xff,0xff,0xff,0xff,0xff,0xff,0xff,0xff,0xff,0xff,0xff,0xff,0xff,0xff,0xff,
    0xff,0xff,0xff,0xff,0x9a,0xd6,0xcf,0x73,0x45,0x21,0x00,0x00,0x00,0x00,0x00,0x00,
    0x00,0x00,0x00,0x00,0x20,0x00,0x00,0x00,0x00,0x00,0x00,0x00,0x00,0x00,0x00,0x00,
    0x00,0x00,0x00,0x00,0x00,0x00,0x00,0x00,0x00,0x00,0x00,0x00,0x00,0x00,0x00,0x00,
    0x00,0x00,0x00,0x00,0x00,0x00,0x00,0x00,0x00,0x00,0x00,0x00,0x00,0x00,0x00,0x00,
    0x00,0x00,0x00,0x00,0x00,0x00,0x00,0x00,0x49,0x4a,0xff,0xff,0xff,0xff,0xff,0xff,
    0xff,0xff,0xff,0xff,0xdf,0xff,0xff,0xff,0x51,0x84,0x00,0x00,0x20,0x00,0x00,0x00,
    0x00,0x00,0x00,0x00,0x00,0x00,0x00,0x00,0x00,0x00,0x00,0x00,0x00,0x00,0x00,0x00,
    0x00,0x00,0x00,0x00,0x00,0x00,0x00,0x00,0x00,0x00,0x00,0x00,0x00,0x00,0x00,0x00,
    0x00,0x00,0x00,0x00,0x00,0x00,0x00,0x00,0x00,0x00,0x00,0x00,0x00,0x00,0x00,0x00,
    0x00,0x00,0x00,0x00,0x00,0x00,0x00,0x00,0x00,0x00,0x00,0x00,0x00,0x00,0x00,0x00,
    0x00,0x00,0x00,0x00,0x00,0x00,0x00,0x00,0x00,0x00,0x00,0x00,0x00,0x00,0x00,0x00,
    0x00,0x00,0x00,0x00,0xb6,0xb5,0xff,0xff,0xff,0xff,0xff,0xff,0xff,0xff,0xff,0xff,
    0xff,0xff,0xdf,0xf7,0x04,0x21,0x00,0x00,0x00,0x00,0x00,0x00,0x00,0x00,0x00,0x00,
    0x00,0x00,0x00,0x00,0x00,0x00,0x00,0x00,0x00,0x00,0x00,0x00,0x00,0x00,0x00,0x00,
    0x00,0x00,0x00,0x00,0x00,0x00,0x00,0x00,0x00,0x00,0x00,0x00,0x00,0x00,0x00,0x00,
    0x00,0x00,0x00,0x00,0x00,0x00,0x00,0x00,0x00,0x00,0x00,0x00,0x00,0x00,0x00,0x00,
    0x00,0x00,0x00,0x00,0x00,0x00,0x00,0x00,0x00,0x00,0x00,0x00,0x00,0x00,0x00,0x00,
    0x00,0x00,0x00,0x00,0x00,0x00,0x00,0x00,0x00,0x00,0x00,0x00,0x00,0x00,0x00,0x00,
    0x20,0x00,0x00,0x00,0x92,0x8c,0xff,0xff,0xdf,0xff,0xff,0xff,0xff,0xff,0xff,0xff,
    0xff,0xff,0xff,0xff,0xe8,0x39,0x00,0x00,0x20,0x00,0x00,0x00,0x41,0x00,0x1c,0xdf,
    0xff,0xff,0xff,0xff,0xff,0xff,0xff,0xff,0xdf,0xff,0xff,0xff,0x35,0xa5,0x00,0x00,
    0x00,0x00,0x00,0x00,0x00,0x00,0x20,0x00,0x00,0x00,0x34,0xa5,0xff,0xff,0xdf,0xff,
    0xff,0xff,0xff,0xff,0xff,0xff,0xff,0xff,0xff,0xff,0xff,0xff,0xff,0xff,0xff,0xff,
    0xff,0xff,0x7d,0xef,0x49,0x4a,0x3c,0xe7,0xff,0xff,0xff,0xff,0xff,0xff,0xff,0xff,
    0xff,0xff,0xff,0xff,0xff,0xff,0xff,0xff,0xff,0xff,0xff,0xff,0x1c,0xe7,0x82,0x10,
    0x00,0x00,0x00,0x00,0x00,0x00,0x00,0x00,0x00,0x00,0x79,0xce,0xff,0xff,0xff,0xff,
    0xff,0xff,0xff,0xff,0xff,0xff,0xff,0xff,0xd7,0xbd,0x00,0x00,0x00,0x00,0x00,0x00,
    0x00,0x00,0x41,0x08,0x3c,0xe7,0xff,0xff,0xff,0xff,0xff,0xff,0xff,0xff,0xdf,0xff,
    0xff,0xff,0xd3,0x9c,0x00,0x00,0x20,0x00,0x20,0x00,0x00,0x00,0xef,0x7b,0xff,0xff,
    0xdf,0xff,0xff,0xff,0xff,0xff,0xff,0xff,0xff,0xff,0xff,0xff,0x8a,0x52,0x00,0x00,
    0x20,0x00,0x00,0x00,0x00,0x00,0x00,0x00,0x00,0x00,0x00,0x00,0x00,0x00,0x00,0x00,
    0x00,0x00,0x00,0x00,0x00,0x00,0x00,0x00,0x00,0x00,0x00,0x00,0x00,0x00,0x00,0x00,
    0x00,0x00,0x00,0x00,0x00,0x00,0x00,0x00,0x00,0x00,0x00,0x00,0x00,0x00,0x00,0x00,
    0x00,0x00,0x00,0x00,0x00,0x00,0x00,0x00,0x00,0x00,0x00,0x00,0x00,0x00,0x00,0x00,
    0x00,0x00,0x00,0x00,0x00,0x00,0x00,0x00,0x00,0x00,0x00,0x00,0x00,0x00,0x00,0x00,
    0x00,0x00,0x00,0x00,0x00,0x00,0x00,0x00,0x00,0x00,0x00,0x00,0x00,0x00,0x00,0x00,
    0x00,0x00,0x00,0x00,0x86,0x31,0xdf,0xff,0xff,0xff,0xff,0xff,0xff,0xff,0xff,0xff,
    0xff,0xff,0xff,0xff,0xff,0xff,0xff,0xff,0xff,0xff,0xff,0xff,0xff,0xff,0xff,0xff,
    0xdf,0xff,0x18,0xbe,0xcf,0x73,0x86,0x29,0x20,0x00,0x00,0x00,0x00,0x00,0x00,0x00,
    0x00,0x00,0x00,0x00,0x20,0x00,0x00,0x00,0x00,0x00,0x00,0x00,0x00,0x00,0x00,0x00,
    0x00,0x00,0x00,0x00,0x00,0x00,0x00,0x00,0x00,0x00,0x00,0x00,0x00,0x00,0x00,0x00,
    0x00,0x00,0x00,0x00,0x00,0x00,0x00,0x00,0x00,0x00,0x00,0x00,0x00,0x00,0x00,0x00,
    0xcf,0x7b,0xff,0xff,0xff,0xff,0xff,0xff,0xff,0xff,0xff,0xff,0xff,0xff,0xff,0xff,
    0x69,0x4a,0x00,0x00,0x00,0x00,0x00,0x00,0x00,0x00,0x00,0x00,0x00,0x00,0x00,0x00,
    0x00,0x00,0x00,0x00,0x00,0x00,0x00,0x00,0x00,0x00,0x00,0x00,0x00,0x00,0x00,0x00,
    0x00,0x00,0x00,0x00,0x00,0x00,0x00,0x00,0x00,0x00,0x00,0x00,0x00,0x00,0x00,0x00,
    0x00,0x00,0x00,0x00,0x00,0x00,0x00,0x00,0x00,0x00,0x00,0x00,0x00,0x00,0x00,0x00,
    0x00,0x00,0x00,0x00,0x00,0x00,0x00,0x00,0x00,0x00,0x00,0x00,0x00,0x00,0x00,0x00,
    0x00,0x00,0x00,0x00,0x00,0x00,0x00,0x00,0x00,0x00,0x20,0x00,0xdb,0xde,0xff,0xff,
    0xff,0xff,0xff,0xff,0xff,0xff,0xff,0xff,0xff,0xff,0x9a,0xd6,0x00,0x00,0x00,0x00,
    0x00,0x00,0x00,0x00,0x00,0x00,0x00,0x00,0x00,0x00,0x00,0x00,0x00,0x00,0x00,0x00,
    0x00,0x00,0x00,0x00,0x00,0x00,0x00,0x00,0x00,0x00,0x00,0x00,0x00,0x00,0x00,0x00,
    0x00,0x00,0x00,0x00,0x00,0x00,0x00,0x00,0x00,0x00,0x00,0x00,0x00,0x00,0x00,0x00,
    0x00,0x00,0x00,0x00,0x00,0x00,0x00,0x00,0x00,0x00,0x00,0x00,0x00,0x00,0x00,0x00,
    0x00,0x00,0x00,0x00,0x00,0x00,0x00,0x00,0x00,0x00,0x00,0x00,0x00,0x00,0x00,0x00,
    0x00,0x00,0x00,0x00,0x00,0x00,0x00,0x00,0x20,0x00,0x00,0x00,0xaa,0x52,0xff,0xff,
    0xff,0xff,0xff,0xff,0xff,0xff,0xff,0xff,0xdf,0xff,0xff,0xff,0x4d,0x6b,0x00,0x00,
    0x20,0x00,0x00,0x00,0x41,0x00,0x1c,0xdf,0xff,0xff,0xff,0xff,0xff,0xff,0xff,0xff,
    0xdf,0xff,0xff,0xff,0x35,0xa5,0x00,0x00,0x00,0x00,0x00,0x00,0x00,0x00,0x00,0x00,
    0x00,0x00,0x82,0x08,0xfb,0xde,0xff,0xff,0xff,0xff,0xff,0xff,0xff,0xff,0xff,0xff,
    0xff,0xff,0xff,0xff,0xff,0xff,0xff,0xff,0xff,0xff,0xff,0xff,0xff,0xff,0xff,0xff,
    0xff,0xff,0xff,0xff,0xff,0xff,0xff,0xff,0xff,0xff,0xff,0xff,0xff,0xff,0xff,0xff,
    0xdf,0xff,0xff,0xff,0x49,0x4a,0x00,0x00,0x00,0x00,0x00,0x00,0x00,0x00,0x00,0x00,
    0x00,0x00,0x79,0xce,0xff,0xff,0xff,0xff,0xff,0xff,0xff,0xff,0xff,0xff,0xff,0xff,
    0xd7,0xbd,0x00,0x00,0x00,0x00,0x00,0x00,0x00,0x00,0x41,0x08,0x3c,0xe7,0xff,0xff,
    0xff,0xff,0xff,0xff,0xff,0xff,0xdf,0xff,0xff,0xff,0xd3,0x9c,0x00,0x00,0x20,0x00,
    0x00,0x00,0x00,0x00,0x55,0xad,0xff,0xff,0xff,0xff,0xff,0xff,0xff,0xff,0xff,0xff,
    0xff,0xff,0xbe,0xf7,0xe3,0x18,0x00,0x00,0x00,0x00,0x00,0x00,0x00,0x00,0x00,0x00,
    0x00,0x00,0x00,0x00,0x00,0x00,0x00,0x00,0x00,0x00,0x00,0x00,0x00,0x00,0x00,0x00,
    0x00,0x00,0x00,0x00,0x00,0x00,0x00,0x00,0x00,0x00,0x00,0x00,0x00,0x00,0x00,0x00,
    0x00,0x00,0x00,0x00,0x00,0x00,0x00,0x00,0x00,0x00,0x00,0x00,0x00,0x00,0x00,0x00,
    0x00,0x00,0x00,0x00,0x00,0x00,0x00,0x00,0x00,0x00,0x00,0x00,0x00,0x00,0x00,0x00,
    0x00,0x00,0x00,0x00,0x00,0x00,0x00,0x00,0x00,0x00,0x00,0x00,0x00,0x00,0x00,0x00,
    0x00,0x00,0x00,0x00,0x00,0x00,0x00,0x00,0x00,0x00,0x00,0x00,0x00,0x00,0x2c,0x63,
    0xff,0xff,0xdf,0xff,0xff,0xff,0xff,0xff,0xff,0xff,0xff,0xff,0xff,0xff,0xff,0xff,
    0xff,0xff,0xff,0xff,0xff,0xff,0xdf,0xff,0xff,0xff,0xff,0xff,0xff,0xff,0xff,0xff,
    0xdb,0xde,0x14,0x9d,0x0c,0x5b,0x45,0x29,0x20,0x00,0x00,0x00,0x00,0x00,0x00,0x00,
    0x00,0x00,0x20,0x00,0x00,0x00,0x00,0x00,0x00,0x00,0x00,0x00,0x00,0x00,0x00,0x00,
    0x00,0x00,0x00,0x00,0x00,0x00,0x00,0x00,0x00,0x00,0x00,0x00,0x00,0x00,0x00,0x00,
    0x00,0x00,0x00,0x00,0x00,0x00,0x00,0x00,0x14,0xa5,0xff,0xff,0xff,0xff,0xff,0xff,
    0xff,0xff,0xff,0xff,0xff,0xff,0xdf,0xff,0x04,0x21,0x00,0x00,0x00,0x00,0x00,0x00,
    0x00,0x00,0x00,0x00,0x00,0x00,0x00,0x00,0x00,0x00,0x00,0x00,0x00,0x00,0x00,0x00,
    0x00,0x00,0x00,0x00,0x00,0x00,0x00,0x00,0x00,0x00,0x00,0x00,0x00,0x00,0x00,0x00,
    0x00,0x00,0x00,0x00,0x00,0x00,0x00,0x00,0x00,0x00,0x00,0x00,0x00,0x00,0x00,0x00,
    0x00,0x00,0x00,0x00,0x00,0x00,0x00,0x00,0x00,0x00,0x00,0x00,0x00,0x00,0x00,0x00,
    0x00,0x00,0x00,0x00,0x00,0x00,0x00,0x00,0x00,0x00,0x00,0x00,0x00,0x00,0x00,0x00,
    0x00,0x00,0xa3,0x10,0x9e,0xf7,0xff,0xff,0xff,0xff,0xff,0xff,0xff,0xff,0xdf,0xff,
    0xff,0xff,0x34,0xa5,0x00,0x00,0x00,0x00,0x00,0x00,0x00,0x00,0x00,0x00,0x00,0x00,
    0x00,0x00,0x00,0x00,0x00,0x00,0x00,0x00,0x00,0x00,0x00,0x00,0x00,0x00,0x00,0x00,
    0x00,0x00,0x00,0x00,0x00,0x00,0x00,0x00,0x00,0x00,0x00,0x00,0x00,0x00,0x00,0x00,
    0x00,0x00,0x00,0x00,0x00,0x00,0x00,0x00,0x00,0x00,0x00,0x00,0x00,0x00,0x00,0x00,
    0x00,0x00,0x00,0x00,0x00,0x00,0x00,0x00,0x00,0x00,0x00,0x00,0x00,0x00,0x00,0x00,
    0x00,0x00,0x00,0x00,0x00,0x00,0x00,0x00,0x00,0x00,0x00,0x00,0x00,0x00,0x00,0x00,
    0x00,0x00,0x00,0x00,0x45,0x21,0xff,0xff,0xff,0xff,0xff,0xff,0xff,0xff,0xff,0xff,
    0xdf,0xff,0xff,0xff,0x92,0x94,0x00,0x00,0x20,0x00,0x00,0x00,0x41,0x00,0x1c,0xdf,
    0xff,0xff,0xff,0xff,0xff,0xff,0xff,0xff,0xdf,0xff,0xff,0xff,0x35,0xa5,0x00,0x00,
    0x00,0x00,0x00,0x00,0x00,0x00,0x00,0x00,0x00,0x00,0x00,0x00,0xe7,0x39,0xff,0xff,
    0xdf,0xff,0xff,0xff,0xff,0xff,0xff,0xff,0xff,0xff,0xff,0xff,0xff,0xff,0xff,0xff,
    0xff,0xff,0xff,0xff,0xff,0xff,0xff,0xff,0xff,0xff,0xff,0xff,0xff,0xff,0xff,0xff,
    0xff,0xff,0xff,0xff,0xff,0xff,0xdf,0xff,0xff,0xff,0x92,0x94,0x00,0x00,0x20,0x00,
    0x00,0x00,0x00,0x00,0x00,0x00,0x00,0x00,0x00,0x00,0x79,0xce,0xff,0xff,0xff,0xff,
    0xff,0xff,0xff,0xff,0xff,0xff,0xff,0xff,0xd7,0xbd,0x00,0x00,0x00,0x00,0x00,0x00,
    0x00,0x00,0x41,0x08,0x3c,0xe7,0xff,0xff,0xff,0xff,0xff,0xff,0xff,0xff,0xdf,0xff,
    0xff,0xff,0xd3,0x9c,0x00,0x00,0x20,0x00,0x00,0x00,0x00,0x00,0x59,0xce,0xff,0xff,
    0xff,0xff,0xff,0xff,0xff,0xff,0xff,0xff,0xff,0xff,0xba,0xd6,0x00,0x00,0x00,0x00,
    0x00,0x00,0x00,0x00,0x00,0x00,0x00,0x00,0x00,0x00,0x00,0x00,0x00,0x00,0x00,0x00,
    0x00,0x00,0x00,0x00,0x00,0x00,0x00,0x00,0x00,0x00,0x00,0x00,0x00,0x00,0x00,0x00,
    0x00,0x00,0x00,0x00,0x00,0x00,0x00,0x00,0x00,0x00,0x00,0x00,0x00,0x00,0x00,0x00,
    0x00,0x00,0x00,0x00,0x00,0x00,0x00,0x00,0x00,0x00,0x00,0x00,0x00,0x00,0x00,0x00,
    0x00,0x00,0x00,0x00,0x00,0x00,0x00,0x00,0x00,0x00,0x00,0x00,0x00,0x00,0x00,0x00,
    0x00,0x00,0x00,0x00,0x00,0x00,0x00,0x00,0x00,0x00,0x00,0x00,0x00,0x00,0x00,0x00,
    0x00,0x00,0x00,0x00,0x20,0x00,0x00,0x00,0x10,0x7c,0xff,0xff,0xff,0xff,0xff,0xff,
    0xff,0xff,0xff,0xff,0xff,0xff,0xff,0xff,0xff,0xff,0xff,0xff,0xff,0xff,0xff,0xff,
    0xff,0xff,0xff,0xff,0xdf,0xff,0xff,0xff,0xff,0xff,0xff,0xff,0xff,0xff,0xff,0xff,
    0xbb,0xd6,0x14,0x9d,0x0c,0x63,0x45,0x21,0x00,0x00,0x00,0x00,0x00,0x00,0x00,0x00,
    0x00,0x00,0x00,0x00,0x00,0x00,0x00,0x00,0x00,0x00,0x00,0x00,0x00,0x00,0x00,0x00,
    0x00,0x00,0x00,0x00,0x00,0x00,0x00,0x00,0x00,0x00,0x00,0x00,0x00,0x00,0x00,0x00,
    0x38,0xc6,0xff,0xff,0xff,0xff,0xff,0xff,0xff,0xff,0xff,0xff,0xff,0xff,0x1c,0xdf,
    0x41,0x08,0x00,0x00,0x00,0x00,0x00,0x00,0x00,0x00,0x00,0x00,0x00,0x00,0x00,0x00,
    0x00,0x00,0x00,0x00,0x00,0x00,0x00,0x00,0x00,0x00,0x00,0x00,0x00,0x00,0x00,0x00,
    0x00,0x00,0x00,0x00,0x00,0x00,0x00,0x00,0x00,0x00,0x00,0x00,0x00,0x00,0x00,0x00,
    0x00,0x00,0x00,0x00,0x00,0x00,0x00,0x00,0x00,0x00,0x00,0x00,0x00,0x00,0x00,0x00,
    0x00,0x00,0x00,0x00,0x00,0x00,0x00,0x00,0x00,0x00,0x00,0x00,0x00,0x00,0x00,0x00,
    0x00,0x00,0x00,0x00,0x00,0x00,0x00,0x00,0x00,0x00,0x86,0x29,0xff,0xff,0xff,0xff,
    0xff,0xff,0xff,0xff,0xff,0xff,0xdf,0xff,0xff,0xff,0xef,0x7b,0x00,0x00,0x20,0x00,
    0x00,0x00,0x00,0x00,0x00,0x00,0x00,0x00,0x00,0x00,0x00,0x00,0x00,0x00,0x00,0x00,
    0x00,0x00,0x00,0x00,0x00,0x00,0x00,0x00,0x00,0x00,0x00,0x00,0x00,0x00,0x00,0x00,
    0x00,0x00,0x00,0x00,0x00,0x00,0x00,0x00,0x00,0x00,0x00,0x00,0x00,0x00,0x00,0x00,
    0x00,0x00,0x00,0x00,0x00,0x00,0x00,0x00,0x00,0x00,0x00,0x00,0x00,0x00,0x00,0x00,
    0x00,0x00,0x00,0x00,0x00,0x00,0x00,0x00,0x00,0x00,0x00,0x00,0x00,0x00,0x00,0x00,
    0x00,0x00,0x00,0x00,0x00,0x00,0x00,0x00,0x00,0x00,0x00,0x00,0x41,0x08,0x3c,0xe7,
    0xff,0xff,0xff,0xff,0xff,0xff,0xff,0xff,0xdf,0xff,0xff,0xff,0x75,0xad,0x00,0x00,
    0x20,0x00,0x00,0x00,0x41,0x00,0x1c,0xdf,0xff,0xff,0xff,0xff,0xff,0xff,0xff,0xff,
    0xdf,0xff,0xff,0xff,0x35,0xa5,0x00,0x00,0x00,0x00,0x00,0x00,0x00,0x00,0x00,0x00,
    0x00,0x00,0x20,0x00,0x00,0x00,0x10,0x7c,0xff,0xff,0xdf,0xff,0xff,0xff,0xff,0xff,
    0xff,0xff,0xff,0xff,0xff,0xff,0xff,0xff,0xff,0xff,0xff,0xff,0xff,0xff,0xff,0xff,
    0xff,0xff,0xff,0xff,0xff,0xff,0xff,0xff,0xff,0xff,0xff,0xff,0xff,0xff,0xff,0xff,
    0xba,0xd6,0x41,0x08,0x00,0x00,0x00,0x00,0x00,0x00,0x00,0x00,0x00,0x00,0x00,0x00,
    0x00,0x00,0x79,0xce,0xff,0xff,0xff,0xff,0xff,0xff,0xff,0xff,0xff,0xff,0xff,0xff,
    0xd7,0xbd,0x00,0x00,0x00,0x00,0x00,0x00,0x00,0x00,0x41,0x08,0x3c,0xe7,0xff,0xff,
    0xff,0xff,0xff,0xff,0xff,0xff,0xdf,0xff,0xff,0xff,0xd3,0x9c,0x00,0x00,0x20,0x00,
    0x00,0x00,0x61,0x08,0x3c,0xe7,0xff,0xff,0xff,0xff,0xff,0xff,0xff,0xff,0xff,0xff,
    0xff,0xff,0xb6,0xb5,0x00,0x00,0x00,0x00,0x00,0x00,0x00,0x00,0x00,0x00,0x00,0x00,
    0x00,0x00,0x00,0x00,0x00,0x00,0x00,0x00,0x00,0x00,0x00,0x00,0x00,0x00,0x00,0x00,
    0x00,0x00,0x00,0x00,0x00,0x00,0x00,0x00,0x00,0x00,0x00,0x00,0x00,0x00,0x00,0x00,
    0x00,0x00,0x00,0x00,0x00,0x00,0x00,0x00,0x00,0x00,0x00,0x00,0x00,0x00,0x00,0x00,
    0x00,0x00,0x00,0x00,0x00,0x00,0x00,0x00,0x00,0x00,0x00,0x00,0x00,0x00,0x00,0x00,
    0x00,0x00,0x00,0x00,0x00,0x00,0x00,0x00,0x00,0x00,0x00,0x00,0x00,0x00,0x00,0x00,
    0x00,0x00,0x00,0x00,0x00,0x00,0x00,0x00,0x00,0x00,0x00,0x00,0x00,0x00,0x00,0x00,
    0x00,0x00,0xaf,0x73,0xff,0xff,0xff,0xff,0xdf,0xff,0xff,0xff,0xff,0xff,0xff,0xff,
    0xff,0xff,0xff,0xff,0xff,0xff,0xff,0xff,0xff,0xff,0xff,0xff,0xff,0xff,0xff,0xff,
    0xff,0xff,0xdf,0xff,0xdf,0xff,0xff,0xff,0xff,0xff,0xff,0xff,0xff,0xff,0xdf,0xff,
    0x9a,0xd6,0xb2,0x94,0x69,0x4a,0x82,0x10,0x00,0x00,0x00,0x00,0x00,0x00,0x00,0x00,
    0x00,0x00,0x00,0x00,0x00,0x00,0x00,0x00,0x00,0x00,0x00,0x00,0x00,0x00,0x00,0x00,
    0x00,0x00,0x00,0x00,0x00,0x00,0x00,0x00,0xba,0xd6,0xff,0xff,0xff,0xff,0xff,0xff,
    0xff,0xff,0xff,0xff,0xff,0xff,0x38,0xc6,0x00,0x00,0x00,0x00,0x00,0x00,0x00,0x00,
    0x00,0x00,0x00,0x00,0x00,0x00,0x00,0x00,0x00,0x00,0x00,0x00,0x00,0x00,0x00,0x00,
    0x00,0x00,0x00,0x00,0x00,0x00,0x00,0x00,0x00,0x00,0x00,0x00,0x00,0x00,0x00,0x00,
    0x00,0x00,0x00,0x00,0x00,0x00,0x00,0x00,0x00,0x00,0x00,0x00,0x00,0x00,0x00,0x00,
    0x00,0x00,0x00,0x00,0x00,0x00,0x00,0x00,0x00,0x00,0x00,0x00,0x00,0x00,0x00,0x00,
    0x00,0x00,0x00,0x00,0x00,0x00,0x00,0x00,0x00,0x00,0x00,0x00,0x00,0x00,0x00,0x00,
    0x00,0x00,0x28,0x42,0xff,0xff,0xff,0xff,0xff,0xff,0xff,0xff,0xff,0xff,0xff,0xff,
    0xff,0xff,0xeb,0x5a,0x00,0x00,0x20,0x00,0x00,0x00,0x00,0x00,0x00,0x00,0x00,0x00,
    0x00,0x00,0x00,0x00,0x00,0x00,0x00,0x00,0x00,0x00,0x00,0x00,0x00,0x00,0x00,0x00,
    0x00,0x00,0x00,0x00,0x00,0x00,0x00,0x00,0x00,0x00,0x00,0x00,0x00,0x00,0x00,0x00,
    0x00,0x00,0x00,0x00,0x00,0x00,0x00,0x00,0x00,0x00,0x00,0x00,0x00,0x00,0x00,0x00,
    0x00,0x00,0x00,0x00,0x00,0x00,0x00,0x00,0x00,0x00,0x00,0x00,0x00,0x00,0x00,0x00,
    0x00,0x00,0x00,0x00,0x00,0x00,0x00,0x00,0x00,0x00,0x00,0x00,0x00,0x00,0x00,0x00,
    0x00,0x00,0x00,0x00,0x00,0x00,0x9a,0xce,0xff,0xff,0xff,0xff,0xff,0xff,0xff,0xff,
    0xff,0xff,0xff,0xff,0x38,0xc6,0x00,0x00,0x00,0x00,0x00,0x00,0x41,0x00,0x1c,0xdf,
    0xff,0xff,0xff,0xff,0xff,0xff,0xff,0xff,0xdf,0xff,0xff,0xff,0x35,0xa5,0x00,0x00,
    0x00,0x00,0x00,0x00,0x00,0x00,0x00,0x00,0x00,0x00,0x00,0x00,0x20,0x00,0x00,0x00,
    0x18,0xc6,0xff,0xff,0xff,0xff,0xff,0xff,0xff,0xff,0xff,0xff,0xff,0xff,0xff,0xff,
    0xff,0xff,0xff,0xff,0xff,0xff,0xff,0xff,0xff,0xff,0xff,0xff,0xff,0xff,0xff,0xff,
    0xff,0xff,0xff,0xff,0xff,0xff,0xff,0xff,0xa6,0x31,0x00,0x00,0x00,0x00,0x00,0x00,
    0x00,0x00,0x00,0x00,0x00,0x00,0x00,0x00,0x00,0x00,0x79,0xce,0xff,0xff,0xff,0xff,
    0xff,0xff,0xff,0xff,0xff,0xff,0xff,0xff,0xd7,0xbd,0x00,0x00,0x00,0x00,0x00,0x00,
    0x00,0x00,0x41,0x08,0x3c,0xe7,0xff,0xff,0xff,0xff,0xff,0xff,0xff,0xff,0xdf,0xff,
    0xff,0xff,0xd3,0x9c,0x00,0x00,0x20,0x00,0x00,0x00,0xa2,0x10,0x9e,0xf7,0xff,0xff,
    0xff,0xff,0xff,0xff,0xff,0xff,0xdf,0xff,0xff,0xff,0x92,0x94,0x00,0x00,0x20,0x00,
    0x00,0x00,0x00,0x00,0x00,0x00,0x00,0x00,0x00,0x00,0x00,0x00,0x00,0x00,0x00,0x00,
    0x00,0x00,0x00,0x00,0x00,0x00,0x00,0x00,0x00,0x00,0x00,0x00,0x00,0x00,0x00,0x00,
    0x00,0x00,0x00,0x00,0x00,0x00,0x00,0x00,0x00,0x00,0x00,0x00,0x00,0x00,0x00,0x00,
    0x00,0x00,0x00,0x00,0x00,0x00,0x00,0x00,0x00,0x00,0x00,0x00,0x00,0x00,0x00,0x00,
    0x00,0x00,0x00,0x00,0x00,0x00,0x00,0x00,0x00,0x00,0x00,0x00,0x00,0x00,0x00,0x00,
    0x00,0x00,0x00,0x00,0x00,0x00,0x00,0x00,0x00,0x00,0x00,0x00,0x00,0x00,0x00,0x00,
    0x00,0x00,0x00,0x00,0x00,0x00,0x00,0x00,0x00,0x00,0x00,0x00,0x29,0x42,0xba,0xd6,
    0xff,0xff,0xff,0xff,0xdf,0xff,0xff,0xff,0xff,0xff,0xff,0xff,0xff,0xff,0xff,0xff,
    0xff,0xff,0xff,0xff,0xff,0xff,0xff,0xff,0xff,0xff,0xff,0xff,0xff,0xff,0xff,0xff,
    0xff,0xff,0xdf,0xff,0xff,0xff,0xff,0xff,0xff,0xff,0xff,0xff,0xff,0xff,0x5d,0xe7,
    0x55,0xad,0xcb,0x5a,0xa2,0x10,0x00,0x00,0x00,0x00,0x00,0x00,0x00,0x00,0x00,0x00,
    0x00,0x00,0x00,0x00,0x00,0x00,0x00,0x00,0x00,0x00,0x00,0x00,0x00,0x00,0x00,0x00,
    0x3d,0xe7,0xff,0xff,0xff,0xff,0xff,0xff,0xff,0xff,0xff,0xff,0xff,0xff,0xd7,0xb5,
    0x00,0x00,0x00,0x00,0x00,0x00,0x00,0x00,0x00,0x00,0x00,0x00,0x00,0x00,0x00,0x00,
    0x00,0x00,0x00,0x00,0x00,0x00,0x00,0x00,0x00,0x00,0x00,0x00,0x00,0x00,0x00,0x00,
    0x00,0x00,0x00,0x00,0x00,0x00,0x00,0x00,0x00,0x00,0x00,0x00,0x00,0x00,0x00,0x00,
    0x00,0x00,0x00,0x00,0x00,0x00,0x00,0x00,0x00,0x00,0x00,0x00,0x00,0x00,0x00,0x00,
    0x00,0x00,0x00,0x00,0x00,0x00,0x00,0x00,0x00,0x00,0x00,0x00,0x00,0x00,0x00,0x00,
    0x00,0x00,0x00,0x00,0x00,0x00,0x00,0x00,0x00,0x00,0x69,0x4a,0xff,0xff,0xff,0xff,
    0xff,0xff,0xff,0xff,0xff,0xff,0xff,0xff,0xff,0xff,0x28,0x42,0x00,0x00,0x00,0x00,
    0x00,0x00,0x00,0x00,0x00,0x00,0x00,0x00,0x00,0x00,0x00,0x00,0x00,0x00,0x00,0x00,
    0x00,0x00,0x00,0x00,0x00,0x00,0x00,0x00,0x00,0x00,0x00,0x00,0x00,0x00,0x00,0x00,
    0x00,0x00,0x00,0x00,0x00,0x00,0x00,0x00,0x00,0x00,0x00,0x00,0x00,0x00,0x00,0x00,
    0x00,0x00,0x00,0x00,0x00,0x00,0x00,0x00,0x00,0x00,0x00,0x00,0x00,0x00,0x00,0x00,
    0x00,0x00,0x00,0x00,0x00,0x00,0x00,0x00,0x00,0x00,0x00,0x00,0x00,0x00,0x00,0x00,
    0x00,0x00,0x00,0x00,0x00,0x00,0x00,0x00,0x00,0x00,0x00,0x00,0x00,0x00,0xd7,0xbd,
    0xff,0xff,0xff,0xff,0xff,0xff,0xff,0xff,0xff,0xff,0xff,0xff,0x9a,0xd6,0x00,0x00,
    0x00,0x00,0x00,0x00,0x41,0x00,0x1c,0xdf,0xff,0xff,0xff,0xff,0xff,0xff,0xff,0xff,
    0xdf,0xff,0xff,0xff,0x35,0xa5,0x00,0x00,0x00,0x00,0x00,0x00,0x00,0x00,0x00,0x00,
    0x00,0x00,0x00,0x00,0x00,0x00,0x00,0x00,0x04,0x21,0x7e,0xef,0xff,0xff,0xff,0xff,
    0xff,0xff,0xff,0xff,0xff,0xff,0xff,0xff,0xff,0xff,0xff,0xff,0xff,0xff,0xff,0xff,
    0xff,0xff,0xff,0xff,0xff,0xff,0xff,0xff,0xff,0xff,0xdf,0xff,0xff,0xff,0xef,0x7b,
    0x00,0x00,0x20,0x00,0x00,0x00,0x00,0x00,0x00,0x00,0x00,0x00,0x00,0x00,0x00,0x00,
    0x00,0x00,0x79,0xce,0xff,0xff,0xff,0xff,0xff,0xff,0xff,0xff,0xff,0xff,0xff,0xff,
    0xd7,0xbd,0x00,0x00,0x00,0x00,0x00,0x00,0x00,0x00,0x41,0x08,0x3c,0xe7,0xff,0xff,
    0xff,0xff,0xff,0xff,0xff,0xff,0xdf,0xff,0xff,0xff,0xd3,0x9c,0x00,0x00,0x20,0x00,
    0x00,0x00,0x04,0x21,0xdf,0xff,0xff,0xff,0xff,0xff,0xff,0xff,0xff,0xff,0xdf,0xff,
    0xff,0xff,0xf0,0x7b,0x00,0x00,0x20,0x00,0x00,0x00,0x00,0x00,0x00,0x00,0x00,0x00,
    0x00,0x00,0x00,0x00,0x00,0x00,0x00,0x00,0x00,0x00,0x00,0x00,0x00,0x00,0x00,0x00,
    0x00,0x00,0x00,0x00,0x00,0x00,0x00,0x00,0x00,0x00,0x00,0x00,0x00,0x00,0x00,0x00,
    0x00,0x00,0x00,0x00,0x00,0x00,0x00,0x00,0x00,0x00,0x00,0x00,0x00,0x00,0x00,0x00,
    0x00,0x00,0x00,0x00,0x00,0x00,0x00,0x00,0x00,0x00,0x00,0x00,0x00,0x00,0x00,0x00,
    0x00,0x00,0x00,0x00,0x00,0x00,0x00,0x00,0x00,0x00,0x00,0x00,0x00,0x00,0x00,0x00,
    0x00,0x00,0x00,0x00,0x00,0x00,0x00,0x00,0x00,0x00,0x00,0x00,0x00,0x00,0x00,0x00,
    0x00,0x00,0x00,0x00,0x00,0x00,0x61,0x08,0xcf,0x7b,0x3d,0xe7,0xff,0xff,0xff,0xff,
    0xff,0xff,0xff,0xff,0xff,0xff,0xff,0xff,0xff,0xff,0xff,0xff,0xff,0xff,0xff,0xff,
    0xff,0xff,0xff,0xff,0xff,0xff,0xff,0xff,0xff,0xff,0xff,0xff,0xff,0xff,0xff,0xff,
    0xff,0xff,0xdf,0xff,0xff,0xff,0xff,0xff,0xff,0xff,0xff,0xff,0x5d,0xef,0x14,0x9d,
    0x08,0x3a,0x00,0x00,0x00,0x00,0x00,0x00,0x00,0x00,0x00,0x00,0x00,0x00,0x00,0x00,
    0x00,0x00,0x00,0x00,0x00,0x00,0x00,0x00,0x9e,0xef,0xff,0xff,0xff,0xff,0xff,0xff,
    0xff,0xff,0xdf,0xff,0xff,0xff,0x55,0xad,0x00,0x00,0x00,0x00,0x00,0x00,0x00,0x00,
    0x00,0x00,0x00,0x00,0x00,0x00,0x00,0x00,0x00,0x00,0x00,0x00,0x00,0x00,0x00,0x00,
    0x00,0x00,0x00,0x00,0x00,0x00,0x00,0x00,0x00,0x00,0x00,0x00,0x00,0x00,0x00,0x00,
    0x00,0x00,0x00,0x00,0x00,0x00,0x00,0x00,0x00,0x00,0x00,0x00,0x00,0x00,0x00,0x00,
    0x00,0x00,0x00,0x00,0x00,0x00,0x00,0x00,0x00,0x00,0x00,0x00,0x00,0x00,0x00,0x00,
    0x00,0x00,0x00,0x00,0x00,0x00,0x00,0x00,0x00,0x00,0x00,0x00,0x00,0x00,0x20,0x00,
    0x00,0x00,0xcb,0x5a,0xff,0xff,0xff,0xff,0xff,0xff,0xff,0xff,0xff,0xff,0xff,0xff,
    0xff,0xff,0x08,0x3a,0x00,0x00,0x00,0x00,0x00,0x00,0x00,0x00,0x00,0x00,0x00,0x00,
    0x00,0x00,0x00,0x00,0x00,0x00,0x00,0x00,0x00,0x00,0x00,0x00,0x00,0x00,0x00,0x00,
    0x00,0x00,0x00,0x00,0x00,0x00,0x00,0x00,0x00,0x00,0x00,0x00,0x00,0x00,0x00,0x00,
    0x00,0x00,0x00,0x00,0x00,0x00,0x00,0x00,0x00,0x00,0x00,0x00,0x00,0x00,0x00,0x00,
    0x00,0x00,0x00,0x00,0x00,0x00,0x00,0x00,0x00,0x00,0x00,0x00,0x00,0x00,0x00,0x00,
    0x00,0x00,0x00,0x00,0x00,0x00,0x00,0x00,0x00,0x00,0x00,0x00,0x00,0x00,0x00,0x00,
    0x00,0x00,0x00,0x00,0x00,0x00,0x55,0xad,0xff,0xff,0xdf,0xff,0xff,0xff,0xff,0xff,
    0xff,0xff,0xff,0xff,0xdb,0xde,0x00,0x00,0x00,0x00,0x00,0x00,0x41,0x00,0x1c,0xdf,
    0xff,0xff,0xff,0xff,0xff,0xff,0xff,0xff,0xdf,0xff,0xff,0xff,0x35,0xa5,0x00,0x00,
    0x00,0x00,0x00,0x00,0x00,0x00,0x00,0x00,0x00,0x00,0x00,0x00,0x00,0x00,0x00,0x00,
    0x00,0x00,0xcb,0x5a,0xff,0xff,0xdf,0xff,0xff,0xff,0xff,0xff,0xff,0xff,0xff,0xff,
    0xff,0xff,0xff,0xff,0xff,0xff,0xff,0xff,0xff,0xff,0xff,0xff,0xff,0xff,0xff,0xff,
    0xff,0xff,0xff,0xff,0x38,0xc6,0x00,0x00,0x00,0x00,0x00,0x00,0x00,0x00,0x00,0x00,
    0x00,0x00,0x00,0x00,0x00,0x00,0x00,0x00,0x00,0x00,0x79,0xce,0xff,0xff,0xff,0xff,
    0xff,0xff,0xff,0xff,0xff,0xff,0xff,0xff,0xd7,0xbd,0x00,0x00,0x00,0x00,0x00,0x00,
    0x00,0x00,0x41,0x08,0x3c,0xe7,0xff,0xff,0xff,0xff,0xff,0xff,0xff,0xff,0xdf,0xff,
    0xff,0xff,0xd3,0x9c,0x00,0x00,0x20,0x00,0x00,0x00,0x65,0x29,0xff,0xff,0xff,0xff,
    0xff,0xff,0xff,0xff,0xff,0xff,0xdf,0xff,0xff,0xff,0xae,0x73,0x00,0x00,0x20,0x00,
    0x00,0x00,0x00,0x00,0x00,0x00,0x00,0x00,0x00,0x00,0x00,0x00,0x00,0x00,0x00,0x00,
    0x00,0x00,0x00,0x00,0x00,0x00,0x00,0x00,0x00,0x00,0x00,0x00,0x00,0x00,0x00,0x00,
    0x00,0x00,0x00,0x00,0x00,0x00,0x00,0x00,0x00,0x00,0x00,0x00,0x00,0x00,0x00,0x00,
    0x00,0x00,0x00,0x00,0x00,0x00,0x00,0x00,0x00,0x00,0x00,0x00,0x00,0x00,0x00,0x00,
    0x00,0x00,0x00,0x00,0x00,0x00,0x00,0x00,0x00,0x00,0x00,0x00,0x00,0x00,0x00,0x00,
    0x00,0x00,0x00,0x00,0x00,0x00,0x00,0x00,0x00,0x00,0x00,0x00,0x00,0x00,0x00,0x00,
    0x00,0x00,0x00,0x00,0x00,0x00,0x00,0x00,0x00,0x00,0x00,0x00,0x00,0x00,0x00,0x00,
    0x00,0x00,0xa2,0x10,0xaf,0x73,0xba,0xd6,0xff,0xff,0xff,0xff,0xff,0xff,0xff,0xff,
    0xdf,0xff,0xff,0xff,0xff,0xff,0xff,0xff,0xff,0xff,0xff,0xff,0xff,0xff,0xff,0xff,
    0xff,0xff,0xff,0xff,0xff,0xff,0xff,0xff,0xff,0xff,0xff,0xff,0xff,0xff,0xff,0xff,
    0xff,0xff,0xff,0xff,0xff,0xff,0xff,0xff,0xff,0xff,0x38,0xc6,0xcb,0x52,0x00,0x00,
    0x00,0x00,0x00,0x00,0x00,0x00,0x00,0x00,0x00,0x00,0x00,0x00,0x00,0x00,0x00,0x00,
    0xbe,0xf7,0xff,0xff,0xff,0xff,0xff,0xff,0xff,0xff,0xdf,0xff,0xff,0xff,0x14,0xa5,
    0x00,0x00,0x00,0x00,0x00,0x00,0x00,0x00,0x00,0x00,0x00,0x00,0x00,0x00,0x00,0x00,
    0x00,0x00,0x00,0x00,0x00,0x00,0x00,0x00,0x00,0x00,0x00,0x00,0x00,0x00,0x00,0x00,
    0x00,0x00,0x00,0x00,0x00,0x00,0x00,0x00,0x00,0x00,0x00,0x00,0x00,0x00,0x00,0x00,
    0x00,0x00,0x00,0x00,0x00,0x00,0x00,0x00,0x00,0x00,0x00,0x00,0x00,0x00,0x00,0x00,
    0x00,0x00,0x00,0x00,0x00,0x00,0x00,0x00,0x00,0x00,0x00,0x00,0x00,0x00,0x00,0x00,
    0x00,0x00,0x00,0x00,0x00,0x00,0x20,0x00,0x00,0x00,0x0c,0x5b,0xff,0xff,0xdf,0xff,
    0xff,0xff,0xff,0xff,0xff,0xff,0xff,0xff,0xff,0xff,0xe7,0x39,0x00,0x00,0x00,0x00,
    0x00,0x00,0x00,0x00,0x00,0x00,0x00,0x00,0x00,0x00,0x00,0x00,0x00,0x00,0x00,0x00,
    0x00,0x00,0x00,0x00,0x00,0x00,0x00,0x00,0x00,0x00,0x00,0x00,0x00,0x00,0x00,0x00,
    0x00,0x00,0x00,0x00,0x00,0x00,0x00,0x00,0x00,0x00,0x00,0x00,0x00,0x00,0x00,0x00,
    0x00,0x00,0x00,0x00,0x00,0x00,0x00,0x00,0x00,0x00,0x00,0x00,0x00,0x00,0x00,0x00,
    0x00,0x00,0x00,0x00,0x00,0x00,0x00,0x00,0x00,0x00,0x00,0x00,0x00,0x00,0x00,0x00,
    0x00,0x00,0x00,0x00,0x00,0x00,0x00,0x00,0x00,0x00,0x00,0x00,0x00,0x00,0x55,0xad,
    0xff,0xff,0xdf,0xff,0xff,0xff,0xff,0xff,0xff,0xff,0xff,0xff,0xdb,0xde,0x00,0x00,
    0x00,0x00,0x00,0x00,0x41,0x00,0x1c,0xdf,0xff,0xff,0xff,0xff,0xff,0xff,0xff,0xff,
    0xdf,0xff,0xff,0xff,0x35,0xa5,0x00,0x00,0x00,0x00,0x00,0x00,0x00,0x00,0x00,0x00,
    0x00,0x00,0x00,0x00,0x00,0x00,0x00,0x00,0x20,0x00,0x00,0x00,0xf4,0x9c,0xff,0xff,
    0xdf,0xff,0xff,0xff,0xff,0xff,0xff,0xff,0xff,0xff,0xff,0xff,0xff,0xff,0xff,0xff,
    0xff,0xff,0xff,0xff,0xff,0xff,0xff,0xff,0xff,0xff,0xbe,0xf7,0x25,0x21,0x00,0x00,
    0x00,0x00,0x00,0x00,0x00,0x00,0x00,0x00,0x00,0x00,0x00,0x00,0x00,0x00,0x00,0x00,
    0x00,0x00,0x79,0xce,0xff,0xff,0xff,0xff,0xff,0xff,0xff,0xff,0xff,0xff,0xff,0xff,
    0xd7,0xbd,0x00,0x00,0x00,0x00,0x00,0x00,0x00,0x00,0x41,0x08,0x3c,0xe7,0xff,0xff,
    0xff,0xff,0xff,0xff,0xff,0xff,0xdf,0xff,0xff,0xff,0xd3,0x9c,0x00,0x00,0x20,0x00,
    0x00,0x00,0x86,0x31,0xff,0xff,0xff,0xff,0xff,0xff,0xff,0xff,0xff,0xff,0xdf,0xff,
    0xff,0xff,0x6e,0x6b,0x00,0x00,0x20,0x00,0x00,0x00,0x00,0x00,0x00,0x00,0x00,0x00,
    0x00,0x00,0x00,0x00,0x00,0x00,0x00,0x00,0x00,0x00,0x00,0x00,0x00,0x00,0x00,0x00,
    0x00,0x00,0x00,0x00,0x00,0x00,0x00,0x00,0x00,0x00,0x00,0x00,0x00,0x00,0x00,0x00,
    0x00,0x00,0x00,0x00,0x00,0x00,0x00,0x00,0x00,0x00,0x00,0x00,0x00,0x00,0x00,0x00,
    0x00,0x00,0x00,0x00,0x00,0x00,0x00,0x00,0x00,0x00,0x00,0x00,0x00,0x00,0x00,0x00,
    0x00,0x00,0x00,0x00,0x00,0x00,0x00,0x00,0x00,0x00,0x00,0x00,0x00,0x00,0x00,0x00,
    0x00,0x00,0x00,0x00,0x00,0x00,0x00,0x00,0x00,0x00,0x00,0x00,0x00,0x00,0x00,0x00,
    0x00,0x00,0x00,0x00,0x00,0x00,0x00,0x00,0x00,0x00,0x00,0x00,0x00,0x00,0x20,0x00,
    0x49,0x4a,0x14,0xa5,0x5d,0xe7,0xff,0xff,0xff,0xff,0xff,0xff,0xff,0xff,0xdf,0xff,
    0xff,0xff,0xff,0xff,0xff,0xff,0xff,0xff,0xff,0xff,0xff,0xff,0xff,0xff,0xff,0xff,
    0xff,0xff,0xff,0xff,0xff,0xff,0xff,0xff,0xff,0xff,0xff,0xff,0xff,0xff,0xff,0xff,
    0xff,0xff,0xff,0xff,0xff,0xff,0x59,0xc6,0x08,0x42,0x00,0x00,0x00,0x00,0x00,0x00,
    0x00,0x00,0x00,0x00,0x00,0x00,0x00,0x00,0x9e,0xf7,0xff,0xff,0xff,0xff,0xff,0xff,
    0xff,0xff,0xdf,0xff,0xff,0xff,0x34,0xa5,0x00,0x00,0x00,0x00,0x00,0x00,0x00,0x00,
    0x00,0x00,0x00,0x00,0x00,0x00,0x00,0x00,0x00,0x00,0x00,0x00,0x00,0x00,0x00,0x00,
    0x00,0x00,0x00,0x00,0x00,0x00,0x00,0x00,0x00,0x00,0x00,0x00,0x00,0x00,0x00,0x00,
    0x00,0x00,0x00,0x00,0x00,0x00,0x00,0x00,0x00,0x00,0x00,0x00,0x00,0x00,0x00,0x00,
    0x00,0x00,0x00,0x00,0x00,0x00,0x00,0x00,0x00,0x00,0x00,0x00,0x00,0x00,0x00,0x00,
    0x00,0x00,0x00,0x00,0x00,0x00,0x00,0x00,0x00,0x00,0x00,0x00,0x00,0x00,0x20,0x00,
    0x00,0x00,0xeb,0x5a,0xff,0xff,0xff,0xff,0xff,0xff,0xff,0xff,0xff,0xff,0xff,0xff,
    0xff,0xff,0xe8,0x39,0x00,0x00,0x00,0x00,0x00,0x00,0x00,0x00,0x00,0x00,0x00,0x00,
    0x00,0x00,0x00,0x00,0x00,0x00,0x00,0x00,0x00,0x00,0x00,0x00,0x00,0x00,0x00,0x00,
    0x00,0x00,0x00,0x00,0x00,0x00,0x00,0x00,0x00,0x00,0x00,0x00,0x00,0x00,0x00,0x00,
    0x00,0x00,0x00,0x00,0x00,0x00,0x00,0x00,0x00,0x00,0x00,0x00,0x00,0x00,0x00,0x00,
    0x00,0x00,0x00,0x00,0x00,0x00,0x00,0x00,0x00,0x00,0x00,0x00,0x00,0x00,0x00,0x00,
    0x00,0x00,0x00,0x00,0x00,0x00,0x00,0x00,0x00,0x00,0x00,0x00,0x00,0x00,0x00,0x00,
    0x00,0x00,0x00,0x00,0x00,0x00,0x55,0xad,0xff,0xff,0xdf,0xff,0xff,0xff,0xff,0xff,
    0xff,0xff,0xff,0xff,0xdb,0xde,0x00,0x00,0x00,0x00,0x00,0x00,0x41,0x00,0x1c,0xdf,
    0xff,0xff,0xff,0xff,0xff,0xff,0xff,0xff,0xdf,0xff,0xff,0xff,0x35,0xa5,0x00,0x00,
    0x00,0x00,0x00,0x00,0x00,0x00,0x00,0x00,0x00,0x00,0x00,0x00,0x00,0x00,0x00,0x00,
    0x00,0x00,0x00,0x00,0x61,0x08,0xdb,0xde,0xff,0xff,0xff,0xff,0xff,0xff,0xff,0xff,
    0xff,0xff,0xff,0xff,0xff,0xff,0xff,0xff,0xff,0xff,0xff,0xff,0xff,0xff,0xdf,0xff,
    0xff,0xff,0x4d,0x63,0x00,0x00,0x20,0x00,0x00,0x00,0x00,0x00,0x00,0x00,0x00,0x00,
    0x00,0x00,0x00,0x00,0x00,0x00,0x00,0x00,0x00,0x00,0x79,0xce,0xff,0xff,0xff,0xff,
    0xff,0xff,0xff,0xff,0xff,0xff,0xff,0xff,0xd7,0xbd,0x00,0x00,0x00,0x00,0x00,0x00,
    0x00,0x00,0x41,0x08,0x3c,0xe7,0xff,0xff,0xff,0xff,0xff,0xff,0xff,0xff,0xdf,0xff,
    0xff,0xff,0xd3,0x9c,0x00,0x00,0x20,0x00,0x00,0x00,0x86,0x29,0xff,0xff,0xff,0xff,
    0xff,0xff,0xff,0xff,0xff,0xff,0xdf,0xff,0xff,0xff,0x8e,0x73,0x00,0x00,0x20,0x00,
    0x00,0x00,0x00,0x00,0x00,0x00,0x00,0x00,0x00,0x00,0x00,0x00,0x00,0x00,0x00,0x00,
    0x00,0x00,0x00,0x00,0x00,0x00,0x00,0x00,0x00,0x00,0x00,0x00,0x00,0x00,0x00,0x00,
    0x00,0x00,0x00,0x00,0x00,0x00,0x00,0x00,0x00,0x00,0x00,0x00,0x00,0x00,0x00,0x00,
    0x00,0x00,0x00,0x00,0x00,0x00,0x00,0x00,0x00,0x00,0x00,0x00,0x00,0x00,0x00,0x00,
    0x00,0x00,0x00,0x00,0x00,0x00,0x00,0x00,0x00,0x00,0x00,0x00,0x00,0x00,0x00,0x00,
    0x00,0x00,0x00,0x00,0x00,0x00,0x00,0x00,0x00,0x00,0x00,0x00,0x00,0x00,0x00,0x00,
    0x00,0x00,0x00,0x00,0x00,0x00,0x00,0x00,0x00,0x00,0x00,0x00,0x00,0x00,0x00,0x00,
    0x00,0x00,0x00,0x00,0x20,0x00,0x00,0x00,0x00,0x00,0x00,0x00,0x82,0x10,0x8a,0x52,
    0xf3,0x9c,0xfb,0xde,0xff,0xff,0xff,0xff,0xff,0xff,0xff,0xff,0xff,0xff,0xdf,0xff,
    0xff,0xff,0xff,0xff,0xff,0xff,0xff,0xff,0xff,0xff,0xff,0xff,0xff,0xff,0xff,0xff,
    0xff,0xff,0xff,0xff,0xff,0xff,0xff,0xff,0xff,0xff,0xff,0xff,0xff,0xff,0xff,0xff,
    0xff,0xff,0x51,0x8c,0x00,0x00,0x00,0x00,0x00,0x00,0x00,0x00,0x00,0x00,0x00,0x00,
    0x5d,0xef,0xff,0xff,0xff,0xff,0xff,0xff,0xff,0xff,0xff,0xff,0xff,0xff,0x96,0xb5,
    0x00,0x00,0x00,0x00,0x00,0x00,0x00,0x00,0x00,0x00,0x00,0x00,0x00,0x00,0x00,0x00,
    0x00,0x00,0x00,0x00,0x00,0x00,0x00,0x00,0x00,0x00,0x00,0x00,0x00,0x00,0x00,0x00,
    0x00,0x00,0x00,0x00,0x00,0x00,0x00,0x00,0x00,0x00,0x00,0x00,0x00,0x00,0x00,0x00,
    0x00,0x00,0x00,0x00,0x00,0x00,0x00,0x00,0x00,0x00,0x00,0x00,0x00,0x00,0x00,0x00,
    0x00,0x00,0x00,0x00,0x00,0x00,0x00,0x00,0x00,0x00,0x00,0x00,0x00,0x00,0x00,0x00,
    0x00,0x00,0x00,0x00,0x00,0x00,0x00,0x00,0x00,0x00,0x8a,0x52,0xff,0xff,0xff,0xff,
    0xff,0xff,0xff,0xff,0xff,0xff,0xff,0xff,0xff,0xff,0x28,0x42,0x00,0x00,0x00,0x00,
    0x00,0x00,0x00,0x00,0x00,0x00,0x00,0x00,0x00,0x00,0x00,0x00,0x00,0x00,0x00,0x00,
    0x00,0x00,0x00,0x00,0x00,0x00,0x00,0x00,0x00,0x00,0x00,0x00,0x00,0x00,0x00,0x00,
    0x00,0x00,0x00,0x00,0x00,0x00,0x00,0x00,0x00,0x00,0x00,0x00,0x00,0x00,0x00,0x00,
    0x00,0x00,0x00,0x00,0x00,0x00,0x00,0x00,0x00,0x00,0x00,0x00,0x00,0x00,0x00,0x00,
    0x00,0x00,0x00,0x00,0x00,0x00,0x00,0x00,0x00,0x00,0x00,0x00,0x00,0x00,0x00,0x00,
    0x00,0x00,0x00,0x00,0x00,0x00,0x00,0x00,0x00,0x00,0x00,0x00,0x00,0x00,0xb6,0xb5,
    0xff,0xff,0xff,0xff,0xff,0xff,0xff,0xff,0xff,0xff,0xff,0xff,0xba,0xd6,0x00,0x00,
    0x00,0x00,0x00,0x00,0x41,0x00,0x1c,0xdf,0xff,0xff,0xff,0xff,0xff,0xff,0xff,0xff,
    0xdf,0xff,0xff,0xff,0x35,0xa5,0x00,0x00,0x00,0x00,0x00,0x00,0x00,0x00,0x00,0x00,
    0x00,0x00,0x00,0x00,0x00,0x00,0x00,0x00,0x00,0x00,0x00,0x00,0x00,0x00,0xc7,0x31,
    0xdf,0xff,0xdf,0xff,0xff,0xff,0xff,0xff,0xff,0xff,0xff,0xff,0xff,0xff,0xff,0xff,
    0xff,0xff,0xff,0xff,0xff,0xff,0xff,0xff,0x96,0xb5,0x00,0x00,0x20,0x00,0x00,0x00,
    0x00,0x00,0x00,0x00,0x00,0x00,0x00,0x00,0x00,0x00,0x00,0x00,0x00,0x00,0x00,0x00,
    0x00,0x00,0x79,0xce,0xff,0xff,0xff,0xff,0xff,0xff,0xff,0xff,0xff,0xff,0xff,0xff,
    0xd7,0xbd,0x00,0x00,0x00,0x00,0x00,0x00,0x00,0x00,0x41,0x08,0x3c,0xe7,0xff,0xff,
    0xff,0xff,0xff,0xff,0xff,0xff,0xdf,0xff,0xff,0xff,0xd3,0x9c,0x00,0x00,0x20,0x00,
    0x00,0x00,0x24,0x21,0xff,0xff,0xff,0xff,0xff,0xff,0xff,0xff,0xff,0xff,0xdf,0xff,
    0xff,0xff,0xef,0x7b,0x00,0x00,0x20,0x00,0x00,0x00,0x00,0x00,0x00,0x00,0x00,0x00,
    0x00,0x00,0x00,0x00,0x00,0x00,0x00,0x00,0x00,0x00,0x00,0x00,0x00,0x00,0x00,0x00,
    0x00,0x00,0x00,0x00,0x00,0x00,0x00,0x00,0x00,0x00,0x00,0x00,0x00,0x00,0x00,0x00,
    0x00,0x00,0x00,0x00,0x00,0x00,0x00,0x00,0x00,0x00,0x00,0x00,0x00,0x00,0x00,0x00,
    0x00,0x00,0x00,0x00,0x00,0x00,0x00,0x00,0x00,0x00,0x00,0x00,0x00,0x00,0x00,0x00,
    0x00,0x00,0x00,0x00,0x00,0x00,0x00,0x00,0x00,0x00,0x00,0x00,0x00,0x00,0x00,0x00,
    0x00,0x00,0x00,0x00,0x00,0x00,0x00,0x00,0x00,0x00,0x00,0x00,0x00,0x00,0x00,0x00,
    0x00,0x00,0x00,0x00,0x00,0x00,0x00,0x00,0x00,0x00,0x00,0x00,0x00,0x00,0x00,0x00,
    0x00,0x00,0x00,0x00,0x00,0x00,0x00,0x00,0x00,0x00,0x41,0x08,0xa6,0x31,0xae,0x73,
    0xb6,0xb5,0x3c,0xe7,0xff,0xff,0xff,0xff,0xff,0xff,0xff,0xff,0xff,0xff,0xdf,0xff,
    0xff,0xff,0xff,0xff,0xff,0xff,0xff,0xff,0xff,0xff,0xff,0xff,0xff,0xff,0xff,0xff,
    0xff,0xff,0xff,0xff,0xff,0xff,0xff,0xff,0xff,0xff,0xff,0xff,0xb6,0xb5,0x61,0x08,
    0x00,0x00,0x00,0x00,0x00,0x00,0x00,0x00,0xdb,0xde,0xff,0xff,0xff,0xff,0xff,0xff,
    0xff,0xff,0xff,0xff,0xff,0xff,0x18,0xc6,0x00,0x00,0x00,0x00,0x00,0x00,0x00,0x00,
    0x00,0x00,0x00,0x00,0x00,0x00,0x00,0x00,0x00,0x00,0x00,0x00,0x00,0x00,0x00,0x00,
    0x00,0x00,0x00,0x00,0x00,0x00,0x00,0x00,0x00,0x00,0x00,0x00,0x00,0x00,0x00,0x00,
    0x00,0x00,0x00,0x00,0x00,0x00,0x00,0x00,0x00,0x00,0x00,0x00,0x00,0x00,0x00,0x00,
    0x00,0x00,0x00,0x00,0x00,0x00,0x00,0x00,0x00,0x00,0x00,0x00,0x00,0x00,0x00,0x00,
    0x00,0x00,0x00,0x00,0x00,0x00,0x00,0x00,0x00,0x00,0x00,0x00,0x00,0x00,0x00,0x00,
    0x00,0x00,0x28,0x42,0xff,0xff,0xff,0xff,0xff,0xff,0xff,0xff,0xff,0xff,0xff,0xff,
    0xff,0xff,0xaa,0x52,0x00,0x00,0x20,0x00,0x00,0x00,0x00,0x00,0x00,0x00,0x00,0x00,
    0x00,0x00,0x00,0x00,0x00,0x00,0x00,0x00,0x00,0x00,0x00,0x00,0x00,0x00,0x00,0x00,
    0x00,0x00,0x00,0x00,0x00,0x00,0x00,0x00,0x00,0x00,0x00,0x00,0x00,0x00,0x00,0x00,
    0x00,0x00,0x00,0x00,0x00,0x00,0x00,0x00,0x00,0x00,0x00,0x00,0x00,0x00,0x00,0x00,
    0x00,0x00,0x00,0x00,0x00,0x00,0x00,0x00,0x00,0x00,0x00,0x00,0x00,0x00,0x00,0x00,
    0x00,0x00,0x00,0x00,0x00,0x00,0x00,0x00,0x00,0x00,0x00,0x00,0x00,0x00,0x00,0x00,
    0x00,0x00,0x00,0x00,0x00,0x00,0x79,0xce,0xff,0xff,0xff,0xff,0xff,0xff,0xff,0xff,
    0xdf,0xff,0xff,0xff,0x59,0xce,0x00,0x00,0x00,0x00,0x00,0x00,0x41,0x00,0x1c,0xdf,
    0xff,0xff,0xff,0xff,0xff,0xff,0xff,0xff,0xdf,0xff,0xff,0xff,0x35,0xa5,0x00,0x00,
    0x00,0x00,0x00,0x00,0x00,0x00,0x00,0x00,0x00,0x00,0x00,0x00,0x00,0x00,0x00,0x00,
    0x00,0x00,0x00,0x00,0x20,0x00,0x00,0x00,0xcf,0x7b,0xff,0xff,0xdf,0xff,0xff,0xff,
    0xff,0xff,0xff,0xff,0xff,0xff,0xff,0xff,0xff,0xff,0xff,0xff,0xff,0xff,0x5d,0xef,
    0xc3,0x18,0x00,0x00,0x00,0x00,0x00,0x00,0x00,0x00,0x00,0x00,0x00,0x00,0x00,0x00,
    0x00,0x00,0x00,0x00,0x00,0x00,0x00,0x00,0x00,0x00,0x79,0xce,0xff,0xff,0xff,0xff,
    0xff,0xff,0xff,0xff,0xff,0xff,0xff,0xff,0xd7,0xbd,0x00,0x00,0x00,0x00,0x00,0x00,
    0x00,0x00,0x41,0x08,0x3c,0xe7,0xff,0xff,0xff,0xff,0xff,0xff,0xff,0xff,0xdf,0xff,
    0xff,0xff,0xd3,0x9c,0x00,0x00,0x20,0x00,0x00,0x00,0xc3,0x18,0xbe,0xf7,0xff,0xff,
    0xff,0xff,0xff,0xff,0xff,0xff,0xdf,0xff,0xff,0xff,0x51,0x8c,0x00,0x00,0x20,0x00,
    0x00,0x00,0x00,0x00,0x00,0x00,0x00,0x00,0x00,0x00,0x00,0x00,0x00,0x00,0x00,0x00,
    0x00,0x00,0x00,0x00,0x00,0x00,0x00,0x00,0x00,0x00,0x00,0x00,0x00,0x00,0x00,0x00,
    0x00,0x00,0x00,0x00,0x00,0x00,0x00,0x00,0x00,0x00,0x00,0x00,0x00,0x00,0x00,0x00,
    0x00,0x00,0x00,0x00,0x00,0x00,0x00,0x00,0x00,0x00,0x00,0x00,0x00,0x00,0x00,0x00,
    0x00,0x00,0x00,0x00,0x00,0x00,0x00,0x00,0x00,0x00,0x00,0x00,0x00,0x00,0x00,0x00,
    0x00,0x00,0x00,0x00,0x00,0x00,0x00,0x00,0x00,0x00,0x00,0x00,0x00,0x00,0x00,0x00,
    0x00,0x00,0x00,0x00,0x00,0x00,0x00,0x00,0x00,0x00,0x00,0x00,0x00,0x00,0x00,0x00,
    0x00,0x00,0x00,0x00,0x00,0x00,0x00,0x00,0x00,0x00,0x00,0x00,0x00,0x00,0x00,0x00,
    0x00,0x00,0x00,0x00,0x00,0x00,0x00,0x00,0x00,0x00,0x61,0x08,0xe8,0x39,0xef,0x7b,
    0xf7,0xbd,0x7d,0xef,0xff,0xff,0xff,0xff,0xff,0xff,0xff,0xff,0xdf,0xff,0xff,0xff,
    0xff,0xff,0xff,0xff,0xff,0xff,0xff,0xff,0xff,0xff,0xff,0xff,0xff,0xff,0xff,0xff,
    0xff,0xff,0xdf,0xff,0xff,0xff,0xf7,0xbd,0x21,0x00,0x00,0x00,0x00,0x00,0x00,0x00,
    0x59,0xce,0xff,0xff,0xff,0xff,0xff,0xff,0xff,0xff,0xff,0xff,0xff,0xff,0xba,0xd6,
    0x20,0x00,0x00,0x00,0x00,0x00,0x00,0x00,0x00,0x00,0x00,0x00,0x00,0x00,0x00,0x00,
    0x00,0x00,0x00,0x00,0x00,0x00,0x00,0x00,0x00,0x00,0x00,0x00,0x00,0x00,0x00,0x00,
    0x00,0x00,0x00,0x00,0x00,0x00,0x00,0x00,0x00,0x00,0x00,0x00,0x00,0x00,0x00,0x00,
    0x00,0x00,0x00,0x00,0x00,0x00,0x00,0x00,0x00,0x00,0x00,0x00,0x00,0x00,0x00,0x00,
    0x00,0x00,0x00,0x00,0x00,0x00,0x00,0x00,0x00,0x00,0x00,0x00,0x00,0x00,0x00,0x00,
    0x00,0x00,0x00,0x00,0x00,0x00,0x00,0x00,0x00,0x00,0xa6,0x31,0xff,0xff,0xff,0xff,
    0xff,0xff,0xff,0xff,0xff,0xff,0xdf,0xff,0xff,0xff,0xae,0x73,0x00,0x00,0x20,0x00,
    0x00,0x00,0x00,0x00,0x00,0x00,0x00,0x00,0x00,0x00,0x00,0x00,0x00,0x00,0x00,0x00,
    0x00,0x00,0x00,0x00,0x00,0x00,0x00,0x00,0x00,0x00,0x00,0x00,0x00,0x00,0x00,0x00,
    0x00,0x00,0x00,0x00,0x00,0x00,0x00,0x00,0x00,0x00,0x00,0x00,0x00,0x00,0x00,0x00,
    0x00,0x00,0x00,0x00,0x00,0x00,0x00,0x00,0x00,0x00,0x00,0x00,0x00,0x00,0x00,0x00,
    0x00,0x00,0x00,0x00,0x00,0x00,0x00,0x00,0x00,0x00,0x00,0x00,0x00,0x00,0x00,0x00,
    0x00,0x00,0x00,0x00,0x00,0x00,0x00,0x00,0x00,0x00,0x00,0x00,0x20,0x00,0xfb,0xde,
    0xff,0xff,0xff,0xff,0xff,0xff,0xff,0xff,0xdf,0xff,0xff,0xff,0x96,0xad,0x00,0x00,
    0x20,0x00,0x00,0x00,0x41,0x00,0x1c,0xdf,0xff,0xff,0xff,0xff,0xff,0xff,0xff,0xff,
    0xdf,0xff,0xff,0xff,0x35,0xa5,0x00,0x00,0x00,0x00,0x00,0x00,0x00,0x00,0x00,0x00,
    0x00,0x00,0x00,0x00,0x00,0x00,0x00,0x00,0x00,0x00,0x00,0x00,0x00,0x00,0x00,0x00,
    0x00,0x00,0xf7,0xbd,0xff,0xff,0xff,0xff,0xff,0xff,0xff,0xff,0xff,0xff,0xff,0xff,
    0xff,0xff,0xdf,0xff,0xff,0xff,0xaa,0x52,0x00,0x00,0x00,0x00,0x00,0x00,0x00,0x00,
    0x00,0x00,0x00,0x00,0x00,0x00,0x00,0x00,0x00,0x00,0x00,0x00,0x00,0x00,0x00,0x00,
    0x00,0x00,0x79,0xce,0xff,0xff,0xff,0xff,0xff,0xff,0xff,0xff,0xff,0xff,0xff,0xff,
    0xd7,0xbd,0x00,0x00,0x00,0x00,0x00,0x00,0x00,0x00,0x41,0x08,0x3c,0xe7,0xff,0xff,
    0xff,0xff,0xff,0xff,0xff,0xff,0xdf,0xff,0xff,0xff,0xd3,0x9c,0x00,0x00,0x20,0x00,
    0x00,0x00,0x82,0x08,0x5d,0xef,0xff,0xff,0xff,0xff,0xff,0xff,0xff,0xff,0xdf,0xff,
    0xff,0xff,0x55,0xa5,0x00,0x00,0x00,0x00,0x00,0x00,0x00,0x00,0x00,0x00,0x00,0x00,
    0x00,0x00,0x00,0x00,0x00,0x00,0x00,0x00,0x00,0x00,0x00,0x00,0x00,0x00,0x00,0x00,
    0x00,0x00,0x00,0x00,0x00,0x00,0x00,0x00,0x00,0x00,0x00,0x00,0x00,0x00,0x00,0x00,
    0x00,0x00,0x00,0x00,0x00,0x00,0x00,0x00,0x00,0x00,0x00,0x00,0x00,0x00,0x00,0x00,
    0x00,0x00,0x00,0x00,0x00,0x00,0x00,0x00,0x00,0x00,0x00,0x00,0x00,0x00,0x00,0x00,
    0x00,0x00,0x00,0x00,0x00,0x00,0x00,0x00,0x00,0x00,0x00,0x00,0x00,0x00,0x00,0x00,
    0x00,0x00,0x00,0x00,0x00,0x00,0x00,0x00,0x00,0x00,0x00,0x00,0x00,0x00,0x00,0x00,
    0x00,0x00,0x00,0x00,0x00,0x00,0x00,0x00,0x00,0x00,0x00,0x00,0x00,0x00,0x00,0x00,
    0x00,0x00,0x00,0x00,0x00,0x00,0x00,0x00,0x00,0x00,0x00,0x00,0x00,0x00,0x20,0x00,
    0x00,0x00,0x00,0x00,0x00,0x00,0x00,0x00,0x00,0x00,0xa2,0x10,0x49,0x4a,0x72,0x8c,
    0x9a,0xce,0xff,0xff,0xff,0xff,0xff,0xff,0xff,0xff,0xff,0xff,0xff,0xff,0xff,0xff,
    0xff,0xff,0xff,0xff,0xff,0xff,0xff,0xff,0xff,0xff,0xff,0xff,0xdf,0xff,0xff,0xff,
    0x14,0x9d,0x00,0x00,0x00,0x00,0x00,0x00,0x75,0xad,0xff,0xff,0xff,0xff,0xff,0xff,
    0xff,0xff,0xff,0xff,0xff,0xff,0x9e,0xf7,0xa2,0x10,0x00,0x00,0x00,0x00,0x00,0x00,
    0x00,0x00,0x00,0x00,0x00,0x00,0x00,0x00,0x00,0x00,0x00,0x00,0x00,0x00,0x00,0x00,
    0x00,0x00,0x00,0x00,0x00,0x00,0x00,0x00,0x00,0x00,0x00,0x00,0x00,0x00,0x00,0x00,
    0x00,0x00,0x00,0x00,0x00,0x00,0x00,0x00,0x00,0x00,0x00,0x00,0x00,0x00,0x00,0x00,
    0x00,0x00,0x00,0x00,0x00,0x00,0x00,0x00,0x00,0x00,0x00,0x00,0x00,0x00,0x00,0x00,
    0x00,0x00,0x00,0x00,0x00,0x00,0x00,0x00,0x00,0x00,0x00,0x00,0x00,0x00,0x00,0x00,
    0x00,0x00,0xe3,0x18,0xdf,0xf7,0xff,0xff,0xff,0xff,0xff,0xff,0xff,0xff,0xdf,0xff,
    0xff,0xff,0xd3,0x9c,0x00,0x00,0x20,0x00,0x00,0x00,0x00,0x00,0x00,0x00,0x00,0x00,
    0x00,0x00,0x00,0x00,0x00,0x00,0x00,0x00,0x00,0x00,0x00,0x00,0x00,0x00,0x00,0x00,
    0x00,0x00,0x00,0x00,0x00,0x00,0x00,0x00,0x00,0x00,0x00,0x00,0x00,0x00,0x00,0x00,
    0x00,0x00,0x00,0x00,0x00,0x00,0x00,0x00,0x00,0x00,0x00,0x00,0x00,0x00,0x00,0x00,
    0x00,0x00,0x00,0x00,0x00,0x00,0x00,0x00,0x00,0x00,0x00,0x00,0x00,0x00,0x00,0x00,
    0x00,0x00,0x00,0x00,0x00,0x00,0x00,0x00,0x00,0x00,0x00,0x00,0x00,0x00,0x00,0x00,
    0x00,0x00,0x00,0x00,0x04,0x19,0xdf,0xf7,0xff,0xff,0xff,0xff,0xff,0xff,0xff,0xff,
    0xdf,0xff,0xff,0xff,0xd3,0x9c,0x00,0x00,0x20,0x00,0x00,0x00,0x41,0x00,0x1c,0xdf,
    0xff,0xff,0xff,0xff,0xff,0xff,0xff,0xff,0xdf,0xff,0xff,0xff,0x35,0xa5,0x00,0x00,
    0x00,0x00,0x00,0x00,0x00,0x00,0x00,0x00,0x00,0x00,0x00,0x00,0x00,0x00,0x00,0x00,
    0x00,0x00,0x00,0x00,0x00,0x00,0x00,0x00,0x00,0x00,0xe3,0x18,0x7d,0xef,0xff,0xff,
    0xff,0xff,0xff,0xff,0xff,0xff,0xff,0xff,0xff,0xff,0xff,0xff,0xf3,0x9c,0x00,0x00,
    0x20,0x00,0x00,0x00,0x00,0x00,0x00,0x00,0x00,0x00,0x00,0x00,0x00,0x00,0x00,0x00,
    0x00,0x00,0x00,0x00,0x00,0x00,0x00,0x00,0x00,0x00,0x79,0xce,0xff,0xff,0xff,0xff,
    0xff,0xff,0xff,0xff,0xff,0xff,0xff,0xff,0xd7,0xbd,0x00,0x00,0x00,0x00,0x00,0x00,
    0x00,0x00,0x41,0x08,0x3c,0xe7,0xff,0xff,0xff,0xff,0xff,0xff,0xff,0xff,0xdf,0xff,
    0xff,0xff,0xd3,0x9c,0x00,0x00,0x20,0x00,0x00,0x00,0x00,0x00,0x9a,0xd6,0xff,0xff,
    0xff,0xff,0xff,0xff,0xff,0xff,0xdf,0xff,0xff,0xff,0x59,0xce,0x00,0x00,0x00,0x00,
    0x00,0x00,0x00,0x00,0x00,0x00,0x00,0x00,0x00,0x00,0x00,0x00,0x00,0x00,0x00,0x00,
    0x00,0x00,0x00,0x00,0x00,0x00,0x00,0x00,0x00,0x00,0x00,0x00,0x00,0x00,0x00,0x00,
    0x00,0x00,0x00,0x00,0x00,0x00,0x00,0x00,0x00,0x00,0x00,0x00,0x00,0x00,0x00,0x00,
    0x00,0x00,0x00,0x00,0x00,0x00,0x00,0x00,0x00,0x00,0x00,0x00,0x00,0x00,0x00,0x00,
    0x00,0x00,0x00,0x00,0x00,0x00,0x00,0x00,0x00,0x00,0x00,0x00,0x00,0x00,0x00,0x00,
    0x00,0x00,0x00,0x00,0x00,0x00,0x00,0x00,0x00,0x00,0x00,0x00,0x00,0x00,0x00,0x00,
    0x00,0x00,0x00,0x00,0x00,0x00,0x00,0x00,0x00,0x00,0x00,0x00,0x00,0x00,0x00,0x00,
    0x00,0x00,0x00,0x00,0x00,0x00,0x00,0x00,0x00,0x00,0x00,0x00,0x00,0x00,0x00,0x00,
    0x00,0x00,0x00,0x00,0x00,0x00,0x00,0x00,0x00,0x00,0x00,0x00,0x00,0x00,0x20,0x00,
    0x00,0x00,0x00,0x00,0x00,0x00,0x00,0x00,0x00,0x00,0x65,0x29,0xcf,0x73,0x59,0xc6,
    0xff,0xff,0xff,0xff,0xff,0xff,0xff,0xff,0xff,0xff,0xff,0xff,0xff,0xff,0xff,0xff,
    0xff,0xff,0xff,0xff,0xff,0xff,0xdf,0xff,0xff,0xff,0xcb,0x5a,0x00,0x00,0x00,0x00,
    0x31,0x84,0xff,0xff,0xff,0xff,0xff,0xff,0xff,0xff,0xff,0xff,0xff,0xff,0xff,0xff,
    0xe7,0x39,0x00,0x00,0x00,0x00,0x00,0x00,0x00,0x00,0x00,0x00,0x00,0x00,0x00,0x00,
    0x00,0x00,0x00,0x00,0x00,0x00,0x00,0x00,0x00,0x00,0x00,0x00,0x00,0x00,0x00,0x00,
    0x00,0x00,0x00,0x00,0x00,0x00,0x00,0x00,0x00,0x00,0x00,0x00,0x00,0x00,0x00,0x00,
    0x00,0x00,0x00,0x00,0x00,0x00,0x00,0x00,0x00,0x00,0x00,0x00,0x00,0x00,0x00,0x00,
    0x00,0x00,0x00,0x00,0x00,0x00,0x00,0x00,0x00,0x00,0x00,0x00,0x00,0x00,0x00,0x00,
    0x00,0x00,0x00,0x00,0x00,0x00,0x00,0x00,0x00,0x00,0x41,0x08,0x1c,0xdf,0xff,0xff,
    0xff,0xff,0xff,0xff,0xff,0xff,0xff,0xff,0xff,0xff,0x38,0xc6,0x00,0x00,0x00,0x00,
    0x00,0x00,0x00,0x00,0x00,0x00,0x00,0x00,0x00,0x00,0x00,0x00,0x00,0x00,0x00,0x00,
    0x00,0x00,0x00,0x00,0x00,0x00,0x00,0x00,0x00,0x00,0x00,0x00,0x00,0x00,0x00,0x00,
    0x00,0x00,0x00,0x00,0x00,0x00,0x00,0x00,0x00,0x00,0x00,0x00,0x00,0x00,0x00,0x00,
    0x00,0x00,0x00,0x00,0x00,0x00,0x00,0x00,0x00,0x00,0x00,0x00,0x00,0x00,0x00,0x00,
    0x00,0x00,0x00,0x00,0x00,0x00,0x00,0x00,0x00,0x00,0x00,0x00,0x00,0x00,0x00,0x00,
    0x00,0x00,0x00,0x00,0x00,0x00,0x00,0x00,0x00,0x00,0x00,0x00,0x28,0x42,0xff,0xff,
    0xff,0xff,0xff,0xff,0xff,0xff,0xff,0xff,0xdf,0xff,0xff,0xff,0x8e,0x73,0x00,0x00,
    0x20,0x00,0x00,0x00,0x41,0x00,0x1c,0xdf,0xff,0xff,0xff,0xff,0xff,0xff,0xff,0xff,
    0xdf,0xff,0xff,0xff,0x35,0xa5,0x00,0x00,0x00,0x00,0x00,0x00,0x00,0x00,0x00,0x00,
    0x00,0x00,0x00,0x00,0x00,0x00,0x00,0x00,0x00,0x00,0x00,0x00,0x00,0x00,0x00,0x00,
    0x00,0x00,0x00,0x00,0xaa,0x52,0xff,0xff,0xdf,0xff,0xff,0xff,0xff,0xff,0xff,0xff,
    0xff,0xff,0xfb,0xde,0x61,0x08,0x00,0x00,0x00,0x00,0x00,0x00,0x00,0x00,0x00,0x00,
    0x00,0x00,0x00,0x00,0x00,0x00,0x00,0x00,0x00,0x00,0x00,0x00,0x00,0x00,0x00,0x00,
    0x00,0x00,0x79,0xce,0xff,0xff,0xff,0xff,0xff,0xff,0xff,0xff,0xff,0xff,0xff,0xff,
    0xd7,0xbd,0x00,0x00,0x00,0x00,0x00,0x00,0x00,0x00,0x41,0x08,0x3c,0xe7,0xff,0xff,
    0xff,0xff,0xff,0xff,0xff,0xff,0xdf,0xff,0xff,0xff,0xd3,0x9c,0x00,0x00,0x20,0x00,
    0x00,0x00,0x00,0x00,0xb6,0xb5,0xff,0xff,0xff,0xff,0xff,0xff,0xff,0xff,0xff,0xff,
    0xff,0xff,0x7d,0xef,0x82,0x10,0x00,0x00,0x00,0x00,0x00,0x00,0x00,0x00,0x00,0x00,
    0x00,0x00,0x00,0x00,0x00,0x00,0x00,0x00,0x00,0x00,0x00,0x00,0x00,0x00,0x00,0x00,
    0x00,0x00,0x00,0x00,0x00,0x00,0x00,0x00,0x00,0x00,0x00,0x00,0x00,0x00,0x00,0x00,
    0x00,0x00,0x00,0x00,0x00,0x00,0x00,0x00,0x00,0x00,0x00,0x00,0x00,0x00,0x00,0x00,
    0x00,0x00,0x00,0x00,0x00,0x00,0x00,0x00,0x00,0x00,0x00,0x00,0x00,0x00,0x00,0x00,
    0x00,0x00,0x00,0x00,0x00,0x00,0x00,0x00,0x00,0x00,0x00,0x00,0x00,0x00,0x00,0x00,
    0x00,0x00,0x00,0x00,0x00,0x00,0x00,0x00,0x00,0x00,0x00,0x00,0x00,0x00,0x00,0x00,
    0x00,0x00,0x00,0x00,0x00,0x00,0x00,0x00,0x00,0x00,0x00,0x00,0x00,0x00,0x00,0x00,
    0x00,0x00,0x00,0x00,0x00,0x00,0x00,0x00,0x00,0x00,0x00,0x00,0x00,0x00,0x00,0x00,
    0x00,0x00,0x00,0x00,0x00,0x00,0x00,0x00,0x00,0x00,0x00,0x00,0x00,0x00,0x20,0x00,
    0x00,0x00,0x00,0x00,0x00,0x00,0x00,0x00,0xe7,0x39,0x96,0xad,0xff,0xff,0xff,0xff,
    0xff,0xff,0xff,0xff,0xff,0xff,0xff,0xff,0xff,0xff,0xff,0xff,0xff,0xff,0xff,0xff,
    0xff,0xff,0x3c,0xe7,0x61,0x08,0x00,0x00,0xcb,0x5a,0xff,0xff,0xff,0xff,0xff,0xff,
    0xff,0xff,0xff,0xff,0xdf,0xff,0xff,0xff,0x8e,0x73,0x00,0x00,0x20,0x00,0x00,0x00,
    0x00,0x00,0x00,0x00,0x00,0x00,0x00,0x00,0x00,0x00,0x00,0x00,0x00,0x00,0x00,0x00,
    0x00,0x00,0x00,0x00,0x00,0x00,0x00,0x00,0x00,0x00,0x00,0x00,0x00,0x00,0x00,0x00,
    0x00,0x00,0x00,0x00,0x00,0x00,0x00,0x00,0x00,0x00,0x00,0x00,0x00,0x00,0x00,0x00,
    0x00,0x00,0x00,0x00,0x00,0x00,0x00,0x00,0x00,0x00,0x00,0x00,0x00,0x00,0x00,0x00,
    0x00,0x00,0x00,0x00,0x00,0x00,0x00,0x00,0x00,0x00,0x00,0x00,0x00,0x00,0x00,0x00,
    0x00,0x00,0x00,0x00,0xf7,0xbd,0xff,0xff,0xff,0xff,0xff,0xff,0xff,0xff,0xff,0xff,
    0xff,0xff,0x9e,0xf7,0xa2,0x10,0x00,0x00,0x00,0x00,0x00,0x00,0x00,0x00,0x00,0x00,
    0x00,0x00,0x00,0x00,0x00,0x00,0x00,0x00,0x00,0x00,0x00,0x00,0x00,0x00,0x00,0x00,
    0x00,0x00,0x00,0x00,0x00,0x00,0x00,0x00,0x00,0x00,0x00,0x00,0x00,0x00,0x00,0x00,
    0x00,0x00,0x00,0x00,0x00,0x00,0x00,0x00,0x00,0x00,0x00,0x00,0x00,0x00,0x00,0x00,
    0x00,0x00,0x00,0x00,0x00,0x00,0x00,0x00,0x00,0x00,0x00,0x00,0x00,0x00,0x00,0x00,
    0x00,0x00,0x00,0x00,0x00,0x00,0x00,0x00,0x00,0x00,0x00,0x00,0x00,0x00,0x00,0x00,
    0x20,0x00,0x00,0x00,0xf0,0x7b,0xff,0xff,0xdf,0xff,0xff,0xff,0xff,0xff,0xff,0xff,
    0xff,0xff,0xff,0xff,0x49,0x4a,0x00,0x00,0x20,0x00,0x00,0x00,0x41,0x00,0x1c,0xdf,
    0xff,0xff,0xff,0xff,0xff,0xff,0xff,0xff,0xdf,0xff,0xff,0xff,0x35,0xa5,0x00,0x00,
    0x00,0x00,0x00,0x00,0x00,0x00,0x00,0x00,0x00,0x00,0x00,0x00,0x00,0x00,0x00,0x00,
    0x00,0x00,0x00,0x00,0x00,0x00,0x00,0x00,0x00,0x00,0x20,0x00,0x00,0x00,0xd3,0x9c,
    0xff,0xff,0xdf,0xff,0xff,0xff,0xdf,0xff,0xff,0xff,0x08,0x3a,0x00,0x00,0x00,0x00,
    0x00,0x00,0x00,0x00,0x00,0x00,0x00,0x00,0x00,0x00,0x00,0x00,0x00,0x00,0x00,0x00,
    0x00,0x00,0x00,0x00,0x00,0x00,0x00,0x00,0x00,0x00,0x79,0xce,0xff,0xff,0xff,0xff,
    0xff,0xff,0xff,0xff,0xff,0xff,0xff,0xff,0xd7,0xbd,0x00,0x00,0x00,0x00,0x00,0x00,
    0x00,0x00,0x41,0x08,0x3c,0xe7,0xff,0xff,0xff,0xff,0xff,0xff,0xff,0xff,0xdf,0xff,
    0xff,0xff,0xd3,0x9c,0x00,0x00,0x20,0x00,0x20,0x00,0x00,0x00,0x71,0x8c,0xff,0xff,
    0xdf,0xff,0xff,0xff,0xff,0xff,0xff,0xff,0xff,0xff,0xff,0xff,0xe7,0x39,0x00,0x00,
    0x00,0x00,0x00,0x00,0x00,0x00,0x00,0x00,0x00,0x00,0x00,0x00,0x00,0x00,0x00,0x00,
    0x00,0x00,0x00,0x00,0x00,0x00,0x00,0x00,0x00,0x00,0x00,0x00,0x00,0x00,0x00,0x00,
    0x00,0x00,0x00,0x00,0x00,0x00,0x00,0x00,0x00,0x00,0x00,0x00,0x00,0x00,0x00,0x00,
    0x00,0x00,0x00,0x00,0x00,0x00,0x00,0x00,0x00,0x00,0x00,0x00,0x00,0x00,0x00,0x00,
    0x00,0x00,0x00,0x00,0x00,0x00,0x00,0x00,0x00,0x00,0x00,0x00,0x00,0x00,0x00,0x00,
    0x00,0x00,0x00,0x00,0x00,0x00,0x00,0x00,0x00,0x00,0x00,0x00,0x00,0x00,0x00,0x00,
    0x00,0x00,0x00,0x00,0x00,0x00,0x00,0x00,0x00,0x00,0x00,0x00,0x00,0x00,0x00,0x00,
    0x00,0x00,0x00,0x00,0x00,0x00,0x00,0x00,0x00,0x00,0x00,0x00,0x00,0x00,0x00,0x00,
    0x00,0x00,0x00,0x00,0x00,0x00,0x00,0x00,0x00,0x00,0x00,0x00,0x00,0x00,0x00,0x00,
    0x00,0x00,0x00,0x00,0x00,0x00,0x00,0x00,0x00,0x00,0x00,0x00,0x20,0x00,0x00,0x00,
    0x00,0x00,0x00,0x00,0x8a,0x52,0x3c,0xe7,0xff,0xff,0xff,0xff,0xff,0xff,0xff,0xff,
    0xff,0xff,0xff,0xff,0xff,0xff,0xff,0xff,0xdf,0xff,0xff,0xff,0x6d,0x6b,0x00,0x00,
    0x45,0x29,0xdf,0xf7,0xff,0xff,0xff,0xff,0xff,0xff,0xff,0xff,0xff,0xff,0xff,0xff,
    0xb6,0xb5,0x00,0x00,0x00,0x00,0x00,0x00,0x00,0x00,0x00,0x00,0x00,0x00,0x00,0x00,
    0x00,0x00,0x00,0x00,0x00,0x00,0x00,0x00,0x00,0x00,0x00,0x00,0x00,0x00,0x00,0x00,
    0x00,0x00,0x00,0x00,0x00,0x00,0x00,0x00,0x00,0x00,0x00,0x00,0x00,0x00,0x00,0x00,
    0x00,0x00,0x00,0x00,0x00,0x00,0x00,0x00,0x00,0x00,0x00,0x00,0x00,0x00,0x00,0x00,
    0x00,0x00,0x00,0x00,0x00,0x00,0x00,0x00,0x00,0x00,0x00,0x00,0x00,0x00,0x00,0x00,
    0x00,0x00,0x00,0x00,0x00,0x00,0x00,0x00,0x20,0x00,0x00,0x00,0x71,0x8c,0xff,0xff,
    0xdf,0xff,0xff,0xff,0xff,0xff,0xff,0xff,0xff,0xff,0xff,0xff,0x8a,0x4a,0x00,0x00,
    0x20,0x00,0x00,0x00,0x00,0x00,0x00,0x00,0x00,0x00,0x00,0x00,0x00,0x00,0x00,0x00,
    0x00,0x00,0x00,0x00,0x00,0x00,0x00,0x00,0x00,0x00,0x00,0x00,0x00,0x00,0x00,0x00,
    0x00,0x00,0x00,0x00,0x00,0x00,0x00,0x00,0x00,0x00,0x00,0x00,0x00,0x00,0x00,0x00,
    0x00,0x00,0x00,0x00,0x00,0x00,0x00,0x00,0x00,0x00,0x00,0x00,0x00,0x00,0x00,0x00,
    0x00,0x00,0x00,0x00,0x00,0x00,0x00,0x00,0x00,0x00,0x00,0x00,0x00,0x00,0x00,0x00,
    0x00,0x00,0x00,0x00,0x00,0x00,0x00,0x00,0x00,0x00,0x00,0x00,0x18,0xc6,0xff,0xff,
    0xff,0xff,0xff,0xff,0xff,0xff,0xff,0xff,0xff,0xff,0xbe,0xf7,0xe3,0x18,0x00,0x00,
    0x00,0x00,0x00,0x00,0x41,0x00,0x1c,0xdf,0xff,0xff,0xff,0xff,0xff,0xff,0xff,0xff,
    0xdf,0xff,0xff,0xff,0x35,0xa5,0x00,0x00,0x00,0x00,0x00,0x00,0x00,0x00,0x00,0x00,
    0x00,0x00,0x00,0x00,0x00,0x00,0x00,0x00,0x00,0x00,0x00,0x00,0x00,0x00,0x00,0x00,
    0x00,0x00,0x00,0x00,0x00,0x00,0x41,0x08,0xba,0xd6,0xff,0xff,0xdf,0xff,0xff,0xff,
    0x51,0x8c,0x00,0x00,0x20,0x00,0x00,0x00,0x00,0x00,0x00,0x00,0x00,0x00,0x00,0x00,
    0x00,0x00,0x00,0x00,0x00,0x00,0x00,0x00,0x00,0x00,0x00,0x00,0x00,0x00,0x00,0x00,
    0x00,0x00,0x79,0xce,0xff,0xff,0xff,0xff,0xff,0xff,0xff,0xff,0xff,0xff,0xff,0xff,
    0xd7,0xbd,0x00,0x00,0x00,0x00,0x00,0x00,0x00,0x00,0x41,0x08,0x3c,0xe7,0xff,0xff,
    0xff,0xff,0xff,0xff,0xff,0xff,0xdf,0xff,0xff,0xff,0xd3,0x9c,0x00,0x00,0x20,0x00,
    0x20,0x00,0x00,0x00,0xcb,0x5a,0xff,0xff,0xff,0xff,0xff,0xff,0xff,0xff,0xff,0xff,
    0xdf,0xff,0xff,0xff,0xf0,0x7b,0x00,0x00,0x20,0x00,0x00,0x00,0x00,0x00,0x00,0x00,
    0x00,0x00,0x00,0x00,0x00,0x00,0x00,0x00,0x00,0x00,0x00,0x00,0x00,0x00,0x00,0x00,
    0x00,0x00,0x00,0x00,0x00,0x00,0x00,0x00,0x00,0x00,0x00,0x00,0x00,0x00,0x00,0x00,
    0x00,0x00,0x00,0x00,0x00,0x00,0x00,0x00,0x00,0x00,0x00,0x00,0x00,0x00,0x00,0x00,
    0x00,0x00,0x00,0x00,0x00,0x00,0x00,0x00,0x00,0x00,0x00,0x00,0x00,0x00,0x00,0x00,
    0x00,0x00,0x00,0x00,0x00,0x00,0x00,0x00,0x00,0x00,0x00,0x00,0x00,0x00,0x00,0x00,
    0x00,0x00,0x00,0x00,0x00,0x00,0x00,0x00,0x00,0x00,0x00,0x00,0x00,0x00,0x00,0x00,
    0x00,0x00,0x00,0x00,0x00,0x00,0x00,0x00,0x00,0x00,0x00,0x00,0x00,0x00,0x00,0x00,
    0x00,0x00,0x00,0x00,0x00,0x00,0x00,0x00,0x00,0x00,0x00,0x00,0x00,0x00,0x00,0x00,
    0x00,0x00,0x00,0x00,0x00,0x00,0x00,0x00,0x00,0x00,0x00,0x00,0x00,0x00,0x00,0x00,
    0x00,0x00,0x00,0x00,0x00,0x00,0x00,0x00,0x00,0x00,0x00,0x00,0x00,0x00,0xe4,0x18,
    0x79,0xce,0xff,0xff,0xdf,0xff,0xff,0xff,0xff,0xff,0xff,0xff,0xff,0xff,0xff,0xff,
    0xff,0xff,0xff,0xff,0x79,0xce,0x00,0x00,0x20,0x00,0xba,0xd6,0xff,0xff,0xff,0xff,
    0xff,0xff,0xff,0xff,0xff,0xff,0xff,0xff,0x9e,0xf7,0xc3,0x10,0x00,0x00,0x00,0x00,
    0x00,0x00,0x00,0x00,0x00,0x00,0x00,0x00,0x00,0x00,0x00,0x00,0x00,0x00,0x00,0x00,
    0x00,0x00,0x00,0x00,0x00,0x00,0x00,0x00,0x00,0x00,0x00,0x00,0x00,0x00,0x00,0x00,
    0x00,0x00,0x00,0x00,0x00,0x00,0x00,0x00,0x00,0x00,0x00,0x00,0x00,0x00,0x00,0x00,
    0x00,0x00,0x00,0x00,0x00,0x00,0x00,0x00,0x00,0x00,0x00,0x00,0x00,0x00,0x00,0x00,
    0x00,0x00,0x00,0x00,0x00,0x00,0x00,0x00,0x00,0x00,0x00,0x00,0x00,0x00,0x00,0x00,
    0x20,0x00,0x00,0x00,0x8a,0x52,0xff,0xff,0xff,0xff,0xff,0xff,0xff,0xff,0xff,0xff,
    0xdf,0xff,0xff,0xff,0x14,0x9d,0x00,0x00,0x00,0x00,0x00,0x00,0x00,0x00,0x00,0x00,
    0x00,0x00,0x00,0x00,0x00,0x00,0x00,0x00,0x00,0x00,0x00,0x00,0x00,0x00,0x00,0x00,
    0x00,0x00,0x00,0x00,0x00,0x00,0x00,0x00,0x00,0x00,0x00,0x00,0x00,0x00,0x00,0x00,
    0x00,0x00,0x00,0x00,0x00,0x00,0x00,0x00,0x00,0x00,0x00,0x00,0x00,0x00,0x00,0x00,
    0x00,0x00,0x00,0x00,0x00,0x00,0x00,0x00,0x00,0x00,0x00,0x00,0x00,0x00,0x00,0x00,
    0x00,0x00,0x00,0x00,0x00,0x00,0x00,0x00,0x00,0x00,0x00,0x00,0x00,0x00,0x00,0x00,
    0x00,0x00,0x04,0x21,0xbe,0xf7,0xff,0xff,0xff,0xff,0xff,0xff,0xff,0xff,0xff,0xff,
    0xff,0xff,0x79,0xce,0x00,0x00,0x00,0x00,0x00,0x00,0x00,0x00,0x41,0x00,0x1c,0xdf,
    0xff,0xff,0xff,0xff,0xff,0xff,0xff,0xff,0xdf,0xff,0xff,0xff,0x35,0xa5,0x00,0x00,
    0x00,0x00,0x00,0x00,0x00,0x00,0x00,0x00,0x00,0x00,0x00,0x00,0x00,0x00,0x00,0x00,
    0x00,0x00,0x00,0x00,0x00,0x00,0x00,0x00,0x00,0x00,0x00,0x00,0x00,0x00,0x00,0x00,
    0xa6,0x31,0xdf,0xf7,0xff,0xff,0x79,0xce,0x20,0x00,0x00,0x00,0x00,0x00,0x00,0x00,
    0x00,0x00,0x00,0x00,0x00,0x00,0x00,0x00,0x00,0x00,0x00,0x00,0x00,0x00,0x00,0x00,
    0x00,0x00,0x00,0x00,0x00,0x00,0x00,0x00,0x00,0x00,0x79,0xce,0xff,0xff,0xff,0xff,
    0xff,0xff,0xff,0xff,0xff,0xff,0xff,0xff,0xd7,0xbd,0x00,0x00,0x00,0x00,0x00,0x00,
    0x00,0x00,0x41,0x08,0x3c,0xe7,0xff,0xff,0xff,0xff,0xff,0xff,0xff,0xff,0xdf,0xff,
    0xff,0xff,0xd3,0x9c,0x00,0x00,0x20,0x00,0x00,0x00,0x00,0x00,0x24,0x21,0xdf,0xff,
    0xff,0xff,0xff,0xff,0xff,0xff,0xff,0xff,0xff,0xff,0xff,0xff,0x79,0xce,0x00,0x00,
    0x00,0x00,0x00,0x00,0x00,0x00,0x00,0x00,0x00,0x00,0x00,0x00,0x00,0x00,0x00,0x00,
    0x00,0x00,0x00,0x00,0x00,0x00,0x00,0x00,0x00,0x00,0x00,0x00,0x00,0x00,0x00,0x00,
    0x00,0x00,0x00,0x00,0x00,0x00,0x00,0x00,0x00,0x00,0x00,0x00,0x00,0x00,0x00,0x00,
    0x00,0x00,0x00,0x00,0x00,0x00,0x00,0x00,0x00,0x00,0x00,0x00,0x00,0x00,0x00,0x00,
    0x00,0x00,0x00,0x00,0x00,0x00,0x00,0x00,0x00,0x00,0x00,0x00,0x00,0x00,0x00,0x00,
    0x00,0x00,0x00,0x00,0x00,0x00,0x00,0x00,0x00,0x00,0x00,0x00,0x00,0x00,0x00,0x00,
    0x00,0x00,0x00,0x00,0x00,0x00,0x00,0x00,0x00,0x00,0x00,0x00,0x00,0x00,0x00,0x00,
    0x00,0x00,0x00,0x00,0x00,0x00,0x00,0x00,0x00,0x00,0x00,0x00,0x00,0x00,0x00,0x00,
    0x00,0x00,0x00,0x00,0x00,0x00,0x00,0x00,0x00,0x00,0x00,0x00,0x00,0x00,0x00,0x00,
    0x00,0x00,0x00,0x00,0x00,0x00,0x00,0x00,0x00,0x00,0x00,0x00,0x00,0x00,0x00,0x00,
    0x00,0x00,0x00,0x00,0x20,0x00,0x00,0x00,0xa2,0x10,0xdb,0xd6,0xff,0xff,0xff,0xff,
    0xff,0xff,0xff,0xff,0xff,0xff,0xff,0xff,0xff,0xff,0xff,0xff,0xdf,0xff,0xa6,0x31,
    0x00,0x00,0xd3,0x9c,0xff,0xff,0xdf,0xff,0xff,0xff,0xff,0xff,0xff,0xff,0xdf,0xff,
    0xff,0xff,0x4d,0x6b,0x00,0x00,0x20,0x00,0x00,0x00,0x00,0x00,0x00,0x00,0x00,0x00,
    0x00,0x00,0x00,0x00,0x00,0x00,0x00,0x00,0x00,0x00,0x00,0x00,0x00,0x00,0x00,0x00,
    0x00,0x00,0x00,0x00,0x00,0x00,0x00,0x00,0x00,0x00,0x00,0x00,0x00,0x00,0x00,0x00,
    0x00,0x00,0x00,0x00,0x00,0x00,0x00,0x00,0x00,0x00,0x00,0x00,0x00,0x00,0x00,0x00,
    0x00,0x00,0x00,0x00,0x00,0x00,0x00,0x00,0x00,0x00,0x00,0x00,0x00,0x00,0x00,0x00,
    0x00,0x00,0x00,0x00,0x00,0x00,0x00,0x00,0x00,0x00,0x00,0x00,0xc3,0x18,0x9e,0xf7,
    0xff,0xff,0xff,0xff,0xff,0xff,0xff,0xff,0xff,0xff,0xff,0xff,0x7d,0xef,0x82,0x10,
    0x00,0x00,0x00,0x00,0x00,0x00,0x00,0x00,0x00,0x00,0x00,0x00,0x00,0x00,0x00,0x00,
    0x00,0x00,0x00,0x00,0x00,0x00,0x00,0x00,0x00,0x00,0x00,0x00,0x00,0x00,0x00,0x00,
    0x00,0x00,0x00,0x00,0x00,0x00,0x00,0x00,0x00,0x00,0x00,0x00,0x00,0x00,0x00,0x00,
    0x00,0x00,0x00,0x00,0x00,0x00,0x00,0x00,0x00,0x00,0x00,0x00,0x00,0x00,0x00,0x00,
    0x00,0x00,0x00,0x00,0x00,0x00,0x00,0x00,0x00,0x00,0x00,0x00,0x00,0x00,0x00,0x00,
    0x00,0x00,0x00,0x00,0x00,0x00,0x20,0x00,0x00,0x00,0xcf,0x73,0xff,0xff,0xdf,0xff,
    0xff,0xff,0xff,0xff,0xff,0xff,0xdf,0xff,0xff,0xff,0x92,0x8c,0x00,0x00,0x20,0x00,
    0x00,0x00,0x00,0x00,0x41,0x00,0x1c,0xdf,0xff,0xff,0xff,0xff,0xff,0xff,0xff,0xff,
    0xdf,0xff,0xff,0xff,0x35,0xa5,0x00,0x00,0x00,0x00,0x00,0x00,0x00,0x00,0x00,0x00,
    0x00,0x00,0x00,0x00,0x00,0x00,0x00,0x00,0x00,0x00,0x00,0x00,0x00,0x00,0x00,0x00,
    0x00,0x00,0x00,0x00,0x00,0x00,0x20,0x00,0x00,0x00,0xae,0x73,0xff,0xff,0x65,0x29,
    0x00,0x00,0x00,0x00,0x00,0x00,0x00,0x00,0x00,0x00,0x00,0x00,0x00,0x00,0x00,0x00,
    0x00,0x00,0x00,0x00,0x00,0x00,0x00,0x00,0x00,0x00,0x00,0x00,0x00,0x00,0x00,0x00,
    0x00,0x00,0x79,0xce,0xff,0xff,0xff,0xff,0xff,0xff,0xff,0xff,0xff,0xff,0xff,0xff,
    0xd7,0xbd,0x00,0x00,0x00,0x00,0x00,0x00,0x00,0x00,0x41,0x08,0x3c,0xe7,0xff,0xff,
    0xff,0xff,0xff,0xff,0xff,0xff,0xdf,0xff,0xff,0xff,0xd3,0x9c,0x00,0x00,0x20,0x00,
    0x00,0x00,0x00,0x00,0x00,0x00,0x9a,0xd6,0xff,0xff,0xff,0xff,0xff,0xff,0xff,0xff,
    0xff,0xff,0xff,0xff,0xff,0xff,0xa6,0x31,0x00,0x00,0x00,0x00,0x00,0x00,0x00,0x00,
    0x00,0x00,0x00,0x00,0x00,0x00,0x00,0x00,0x00,0x00,0x00,0x00,0x00,0x00,0x00,0x00,
    0x00,0x00,0x00,0x00,0x00,0x00,0x00,0x00,0x00,0x00,0x00,0x00,0x00,0x00,0x00,0x00,
    0x00,0x00,0x00,0x00,0x00,0x00,0x00,0x00,0x00,0x00,0x00,0x00,0x00,0x00,0x00,0x00,
    0x00,0x00,0x00,0x00,0x00,0x00,0x00,0x00,0x00,0x00,0x00,0x00,0x00,0x00,0x00,0x00,
    0x00,0x00,0x00,0x00,0x00,0x00,0x00,0x00,0x00,0x00,0x00,0x00,0x00,0x00,0x00,0x00,
    0x00,0x00,0x00,0x00,0x00,0x00,0x00,0x00,0x00,0x00,0x00,0x00,0x00,0x00,0x00,0x00,
    0x00,0x00,0x00,0x00,0x00,0x00,0x00,0x00,0x00,0x00,0x00,0x00,0x00,0x00,0x00,0x00,
    0x00,0x00,0x00,0x00,0x00,0x00,0x00,0x00,0x00,0x00,0x00,0x00,0x00,0x00,0x00,0x00,
    0x00,0x00,0x00,0x00,0x00,0x00,0x00,0x00,0x00,0x00,0x00,0x00,0x00,0x00,0x00,0x00,
    0x00,0x00,0x00,0x00,0x00,0x00,0x00,0x00,0x00,0x00,0x00,0x00,0x00,0x00,0x20,0x00,
    0x00,0x00,0x65,0x29,0xbe,0xf7,0xff,0xff,0xff,0xff,0xff,0xff,0xff,0xff,0xff,0xff,
    0xff,0xff,0xff,0xff,0xff,0xff,0xcf,0x73,0x00,0x00,0x8a,0x4a,0xff,0xff,0xff,0xff,
    0xff,0xff,0xff,0xff,0xff,0xff,0xff,0xff,0xff,0xff,0x9a,0xd6,0x00,0x00,0x00,0x00,
    0x00,0x00,0x00,0x00,0x00,0x00,0x00,0x00,0x00,0x00,0x00,0x00,0x00,0x00,0x00,0x00,
    0x00,0x00,0x00,0x00,0x00,0x00,0x00,0x00,0x00,0x00,0x00,0x00,0x00,0x00,0x00,0x00,
    0x00,0x00,0x00,0x00,0x00,0x00,0x00,0x00,0x00,0x00,0x00,0x00,0x00,0x00,0x00,0x00,
    0x00,0x00,0x00,0x00,0x00,0x00,0x00,0x00,0x00,0x00,0x00,0x00,0x00,0x00,0x00,0x00,
    0x00,0x00,0x00,0x00,0x00,0x00,0x00,0x00,0x00,0x00,0x00,0x00,0x00,0x00,0x00,0x00,
    0x00,0x00,0x00,0x00,0x00,0x00,0xd7,0xbd,0xff,0xff,0xff,0xff,0xff,0xff,0xff,0xff,
    0xff,0xff,0xdf,0xff,0xff,0xff,0x8e,0x6b,0x00,0x00,0x20,0x00,0x00,0x00,0x00,0x00,
    0x00,0x00,0x00,0x00,0x00,0x00,0x00,0x00,0x00,0x00,0x00,0x00,0x00,0x00,0x00,0x00,
    0x00,0x00,0x00,0x00,0x00,0x00,0x00,0x00,0x00,0x00,0x00,0x00,0x00,0x00,0x00,0x00,
    0x00,0x00,0x00,0x00,0x00,0x00,0x00,0x00,0x00,0x00,0x00,0x00,0x00,0x00,0x00,0x00,
    0x00,0x00,0x00,0x00,0x00,0x00,0x00,0x00,0x00,0x00,0x00,0x00,0x00,0x00,0x00,0x00,
    0x00,0x00,0x00,0x00,0x00,0x00,0x00,0x00,0x00,0x00,0x00,0x00,0x00,0x00,0x00,0x00,
    0x20,0x00,0xdb,0xde,0xff,0xff,0xff,0xff,0xff,0xff,0xff,0xff,0xff,0xff,0xff,0xff,
    0xff,0xff,0x08,0x42,0x00,0x00,0x00,0x00,0x00,0x00,0x00,0x00,0x41,0x00,0x1c,0xdf,
    0xff,0xff,0xff,0xff,0xff,0xff,0xff,0xff,0xdf,0xff,0xff,0xff,0x35,0xa5,0x00,0x00,
    0x00,0x00,0x00,0x00,0x00,0x00,0x00,0x00,0x00,0x00,0x00,0x00,0x00,0x00,0x00,0x00,
    0x00,0x00,0x00,0x00,0x00,0x00,0x00,0x00,0x00,0x00,0x00,0x00,0x00,0x00,0x00,0x00,
    0x00,0x00,0x20,0x00,0x28,0x42,0x00,0x00,0x00,0x00,0x00,0x00,0x00,0x00,0x00,0x00,
    0x00,0x00,0x00,0x00,0x00,0x00,0x00,0x00,0x00,0x00,0x00,0x00,0x00,0x00,0x00,0x00,
    0x00,0x00,0x00,0x00,0x00,0x00,0x00,0x00,0x00,0x00,0x79,0xce,0xff,0xff,0xff,0xff,
    0xff,0xff,0xff,0xff,0xff,0xff,0xff,0xff,0xd7,0xbd,0x00,0x00,0x00,0x00,0x00,0x00,
    0x00,0x00,0x41,0x08,0x3c,0xe7,0xff,0xff,0xff,0xff,0xff,0xff,0xff,0xff,0xdf,0xff,
    0xff,0xff,0xd3,0x9c,0x00,0x00,0x20,0x00,0x00,0x00,0x20,0x00,0x00,0x00,0x51,0x8c,
    0xff,0xff,0xdf,0xff,0xff,0xff,0xff,0xff,0xff,0xff,0xdf,0xff,0xff,0xff,0xf3,0x9c,
    0x00,0x00,0x00,0x00,0x00,0x00,0x00,0x00,0x00,0x00,0x00,0x00,0x00,0x00,0x00,0x00,
    0x00,0x00,0x00,0x00,0x00,0x00,0x00,0x00,0x00,0x00,0x00,0x00,0x00,0x00,0x00,0x00,
    0x00,0x00,0x00,0x00,0x00,0x00,0x00,0x00,0x00,0x00,0x00,0x00,0x00,0x00,0x00,0x00,
    0x00,0x00,0x00,0x00,0x00,0x00,0x00,0x00,0x00,0x00,0x00,0x00,0x00,0x00,0x00,0x00,
    0x00,0x00,0x00,0x00,0x00,0x00,0x00,0x00,0x00,0x00,0x00,0x00,0x00,0x00,0x00,0x00,
    0x00,0x00,0x00,0x00,0x00,0x00,0x00,0x00,0x00,0x00,0x00,0x00,0x00,0x00,0x00,0x00,
    0x00,0x00,0x00,0x00,0x00,0x00,0x00,0x00,0x00,0x00,0x00,0x00,0x00,0x00,0x00,0x00,
    0x00,0x00,0x00,0x00,0x00,0x00,0x00,0x00,0x00,0x00,0x00,0x00,0x00,0x00,0x00,0x00,
    0x00,0x00,0x00,0x00,0x00,0x00,0x00,0x00,0x00,0x00,0x00,0x00,0x00,0x00,0x00,0x00,
    0x00,0x00,0x00,0x00,0x00,0x00,0x00,0x00,0x00,0x00,0x00,0x00,0x00,0x00,0x00,0x00,
    0x00,0x00,0x00,0x00,0x00,0x00,0x00,0x00,0x20,0x00,0x00,0x00,0x10,0x84,0xff,0xff,
    0xff,0xff,0xff,0xff,0xff,0xff,0xff,0xff,0xff,0xff,0xff,0xff,0xff,0xff,0x96,0xad,
    0x00,0x00,0x61,0x08,0x5d,0xef,0xff,0xff,0xff,0xff,0xff,0xff,0xff,0xff,0xff,0xff,
    0xff,0xff,0xff,0xff,0x8a,0x52,0x00,0x00,0x20,0x00,0x00,0x00,0x00,0x00,0x00,0x00,
    0x00,0x00,0x00,0x00,0x00,0x00,0x00,0x00,0x00,0x00,0x00,0x00,0x00,0x00,0x00,0x00,
    0x00,0x00,0x00,0x00,0x00,0x00,0x00,0x00,0x00,0x00,0x00,0x00,0x00,0x00,0x00,0x00,
    0x00,0x00,0x00,0x00,0x00,0x00,0x00,0x00,0x00,0x00,0x00,0x00,0x00,0x00,0x00,0x00,
    0x00,0x00,0x00,0x00,0x00,0x00,0x00,0x00,0x00,0x00,0x00,0x00,0x00,0x00,0x00,0x00,
    0x00,0x00,0x00,0x00,0x00,0x00,0x00,0x00,0x00,0x00,0x20,0x00,0x00,0x00,0x2c,0x63,
    0xff,0xff,0xff,0xff,0xff,0xff,0xff,0xff,0xff,0xff,0xff,0xff,0xff,0xff,0x1c,0xdf,
    0x41,0x08,0x00,0x00,0x00,0x00,0x00,0x00,0x00,0x00,0x00,0x00,0x00,0x00,0x00,0x00,
    0x00,0x00,0x00,0x00,0x00,0x00,0x00,0x00,0x00,0x00,0x00,0x00,0x00,0x00,0x00,0x00,
    0x00,0x00,0x00,0x00,0x00,0x00,0x00,0x00,0x00,0x00,0x00,0x00,0x00,0x00,0x00,0x00,
    0x00,0x00,0x00,0x00,0x00,0x00,0x00,0x00,0x00,0x00,0x00,0x00,0x00,0x00,0x00,0x00,
    0x00,0x00,0x00,0x00,0x00,0x00,0x00,0x00,0x00,0x00,0x00,0x00,0x00,0x00,0x00,0x00,
    0x00,0x00,0x00,0x00,0x20,0x00,0x00,0x00,0x0c,0x5b,0xff,0xff,0xff,0xff,0xff,0xff,
    0xff,0xff,0xff,0xff,0xff,0xff,0xff,0xff,0xfb,0xde,0x41,0x00,0x00,0x00,0x00,0x00,
    0x00,0x00,0x00,0x00,0x41,0x00,0x1c,0xdf,0xff,0xff,0xff,0xff,0xff,0xff,0xff,0xff,
    0xdf,0xff,0xff,0xff,0x35,0xa5,0x00,0x00,0x00,0x00,0x00,0x00,0x00,0x00,0x00,0x00,
    0x00,0x00,0x00,0x00,0x00,0x00,0x00,0x00,0x00,0x00,0x00,0x00,0x00,0x00,0x00,0x00,
    0x00,0x00,0x00,0x00,0x00,0x00,0x00,0x00,0x00,0x00,0x00,0x00,0x00,0x00,0x00,0x00,
    0x00,0x00,0x00,0x00,0x00,0x00,0x00,0x00,0x00,0x00,0x00,0x00,0x00,0x00,0x00,0x00,
    0x00,0x00,0x00,0x00,0x00,0x00,0x00,0x00,0x00,0x00,0x00,0x00,0x00,0x00,0x00,0x00,
    0x00,0x00,0x79,0xce,0xff,0xff,0xff,0xff,0xff,0xff,0xff,0xff,0xff,0xff,0xff,0xff,
    0xd7,0xbd,0x00,0x00,0x00,0x00,0x00,0x00,0x00,0x00,0x41,0x08,0x3c,0xe7,0xff,0xff,
    0xff,0xff,0xff,0xff,0xff,0xff,0xdf,0xff,0xff,0xff,0xd3,0x9c,0x00,0x00,0x20,0x00,
    0x00,0x00,0x00,0x00,0x00,0x00,0xa6,0x31,0xff,0xff,0xff,0xff,0xff,0xff,0xff,0xff,
    0xff,0xff,0xff,0xff,0xff,0xff,0xbe,0xf7,0x04,0x21,0x00,0x00,0x00,0x00,0x00,0x00,
    0x00,0x00,0x00,0x00,0x00,0x00,0x00,0x00,0x00,0x00,0x00,0x00,0x00,0x00,0x00,0x00,
    0x00,0x00,0x00,0x00,0x00,0x00,0x00,0x00,0x00,0x00,0x00,0x00,0x00,0x00,0x00,0x00,
    0x00,0x00,0x00,0x00,0x00,0x00,0x00,0x00,0x00,0x00,0x00,0x00,0x00,0x00,0x00,0x00,
    0x00,0x00,0x00,0x00,0x00,0x00,0x00,0x00,0x00,0x00,0x00,0x00,0x00,0x00,0x00,0x00,
    0x00,0x00,0x00,0x00,0x00,0x00,0x00,0x00,0x00,0x00,0x00,0x00,0x00,0x00,0x00,0x00,
    0x00,0x00,0x00,0x00,0x00,0x00,0x00,0x00,0x00,0x00,0x00,0x00,0x00,0x00,0x00,0x00,
    0x00,0x00,0x00,0x00,0x00,0x00,0x00,0x00,0x00,0x00,0x00,0x00,0x00,0x00,0x00,0x00,
    0x00,0x00,0x00,0x00,0x00,0x00,0x00,0x00,0x00,0x00,0x00,0x00,0x00,0x00,0x00,0x00,
    0x00,0x00,0x00,0x00,0x00,0x00,0x00,0x00,0x00,0x00,0x00,0x00,0x00,0x00,0x00,0x00,
    0x00,0x00,0x00,0x00,0x00,0x00,0x00,0x00,0x00,0x00,0x00,0x00,0x00,0x00,0x00,0x00,
    0x00,0x00,0x00,0x00,0xa2,0x10,0x7d,0xef,0xff,0xff,0xff,0xff,0xff,0xff,0xff,0xff,
    0xff,0xff,0xff,0xff,0xff,0xff,0x9a,0xd6,0x20,0x00,0x00,0x00,0xd3,0x9c,0xff,0xff,
    0xdf,0xff,0xff,0xff,0xff,0xff,0xff,0xff,0xff,0xff,0xff,0xff,0xba,0xd6,0x20,0x00,
    0x00,0x00,0x00,0x00,0x00,0x00,0x00,0x00,0x00,0x00,0x00,0x00,0x00,0x00,0x00,0x00,
    0x00,0x00,0x00,0x00,0x00,0x00,0x00,0x00,0x00,0x00,0x00,0x00,0x00,0x00,0x00,0x00,
    0x00,0x00,0x00,0x00,0x00,0x00,0x00,0x00,0x00,0x00,0x00,0x00,0x00,0x00,0x00,0x00,
    0x00,0x00,0x00,0x00,0x00,0x00,0x00,0x00,0x00,0x00,0x00,0x00,0x00,0x00,0x00,0x00,
    0x00,0x00,0x00,0x00,0x00,0x00,0x00,0x00,0x00,0x00,0x00,0x00,0x00,0x00,0x00,0x00,
    0x00,0x00,0x00,0x00,0x00,0x00,0xa2,0x10,0x9e,0xef,0xff,0xff,0xff,0xff,0xff,0xff,
    0xff,0xff,0xff,0xff,0xff,0xff,0xff,0xff,0xcf,0x7b,0x00,0x00,0x20,0x00,0x00,0x00,
    0x00,0x00,0x00,0x00,0x00,0x00,0x00,0x00,0x00,0x00,0x00,0x00,0x00,0x00,0x00,0x00,
    0x00,0x00,0x00,0x00,0x00,0x00,0x00,0x00,0x00,0x00,0x00,0x00,0x00,0x00,0x00,0x00,
    0x00,0x00,0x00,0x00,0x00,0x00,0x00,0x00,0x00,0x00,0x00,0x00,0x00,0x00,0x00,0x00,
    0x00,0x00,0x00,0x00,0x00,0x00,0x00,0x00,0x00,0x00,0x00,0x00,0x00,0x00,0x00,0x00,
    0x00,0x00,0x00,0x00,0x00,0x00,0x00,0x00,0x00,0x00,0x00,0x00,0x00,0x00,0x41,0x08,
    0xfc,0xde,0xff,0xff,0xff,0xff,0xff,0xff,0xff,0xff,0xff,0xff,0xdf,0xff,0xff,0xff,
    0x30,0x84,0x00,0x00,0x20,0x00,0x00,0x00,0x00,0x00,0x00,0x00,0x41,0x00,0x1c,0xdf,
    0xff,0xff,0xff,0xff,0xff,0xff,0xff,0xff,0xdf,0xff,0xff,0xff,0x35,0xa5,0x00,0x00,
    0x00,0x00,0x00,0x00,0x00,0x00,0x00,0x00,0x00,0x00,0x00,0x00,0x00,0x00,0x00,0x00,
    0x00,0x00,0x00,0x00,0x00,0x00,0x00,0x00,0x00,0x00,0x00,0x00,0x00,0x00,0x00,0x00,
    0x00,0x00,0x00,0x00,0x00,0x00,0x00,0x00,0x00,0x00,0x00,0x00,0x00,0x00,0x00,0x00,
    0x00,0x00,0x00,0x00,0x00,0x00,0x00,0x00,0x00,0x00,0x00,0x00,0x00,0x00,0x00,0x00,
    0x00,0x00,0x00,0x00,0x00,0x00,0x00,0x00,0x00,0x00,0x79,0xce,0xff,0xff,0xff,0xff,
    0xff,0xff,0xff,0xff,0xff,0xff,0xff,0xff,0xd7,0xbd,0x00,0x00,0x00,0x00,0x00,0x00,
    0x00,0x00,0x41,0x08,0x3c,0xe7,0xff,0xff,0xff,0xff,0xff,0xff,0xff,0xff,0xdf,0xff,
    0xff,0xff,0xd3,0x9c,0x00,0x00,0x20,0x00,0x00,0x00,0x00,0x00,0x00,0x00,0x00,0x00,
    0x79,0xce,0xff,0xff,0xff,0xff,0xff,0xff,0xff,0xff,0xff,0xff,0xff,0xff,0xff,0xff,
    0x34,0xa5,0x00,0x00,0x20,0x00,0x00,0x00,0x00,0x00,0x00,0x00,0x00,0x00,0x00,0x00,
    0x00,0x00,0x00,0x00,0x00,0x00,0x00,0x00,0x00,0x00,0x00,0x00,0x00,0x00,0x00,0x00,
    0x00,0x00,0x00,0x00,0x00,0x00,0x00,0x00,0x00,0x00,0x00,0x00,0x00,0x00,0x00,0x00,
    0x00,0x00,0x00,0x00,0x00,0x00,0x00,0x00,0x00,0x00,0x00,0x00,0x00,0x00,0x00,0x00,
    0x00,0x00,0x00,0x00,0x00,0x00,0x00,0x00,0x00,0x00,0x00,0x00,0x00,0x00,0x00,0x00,
    0x00,0x00,0x00,0x00,0x00,0x00,0x00,0x00,0x00,0x00,0x00,0x00,0x00,0x00,0x20,0x00,
    0x00,0x00,0x00,0x00,0x00,0x00,0x00,0x00,0x00,0x00,0x00,0x00,0x00,0x00,0x00,0x00,
    0x00,0x00,0x00,0x00,0x00,0x00,0x00,0x00,0x00,0x00,0x00,0x00,0x00,0x00,0x00,0x00,
    0x00,0x00,0x00,0x00,0x00,0x00,0x00,0x00,0x00,0x00,0x00,0x00,0x00,0x00,0x00,0x00,
    0x00,0x00,0x00,0x00,0x00,0x00,0x00,0x00,0x00,0x00,0x00,0x00,0x00,0x00,0x00,0x00,
    0x00,0x00,0x00,0x00,0x00,0x00,0x00,0x00,0x00,0x00,0x00,0x00,0x00,0x00,0x55,0xad,
    0xff,0xff,0xff,0xff,0xff,0xff,0xff,0xff,0xff,0xff,0xff,0xff,0xff,0xff,0x5d,0xef,
    0x00,0x00,0x00,0x00,0x86,0x31,0xff,0xff,0xff,0xff,0xff,0xff,0xff,0xff,0xff,0xff,
    0xff,0xff,0xff,0xff,0xff,0xff,0xcf,0x7b,0x00,0x00,0x20,0x00,0x00,0x00,0x00,0x00,
    0x00,0x00,0x00,0x00,0x00,0x00,0x00,0x00,0x00,0x00,0x00,0x00,0x00,0x00,0x00,0x00,
    0x00,0x00,0x00,0x00,0x00,0x00,0x00,0x00,0x00,0x00,0x00,0x00,0x00,0x00,0x00,0x00,
    0x00,0x00,0x00,0x00,0x00,0x00,0x00,0x00,0x00,0x00,0x00,0x00,0x00,0x00,0x00,0x00,
    0x00,0x00,0x00,0x00,0x00,0x00,0x00,0x00,0x00,0x00,0x00,0x00,0x00,0x00,0x00,0x00,
    0x00,0x00,0x00,0x00,0x00,0x00,0x00,0x00,0x00,0x00,0x00,0x00,0x00,0x00,0x00,0x00,
    0xd3,0x94,0xff,0xff,0xdf,0xff,0xff,0xff,0xff,0xff,0xff,0xff,0xff,0xff,0xff,0xff,
    0x9e,0xf7,0x04,0x21,0x00,0x00,0x00,0x00,0x00,0x00,0x00,0x00,0x00,0x00,0x00,0x00,
    0x00,0x00,0x00,0x00,0x00,0x00,0x00,0x00,0x00,0x00,0x00,0x00,0x00,0x00,0x00,0x00,
    0x00,0x00,0x00,0x00,0x00,0x00,0x00,0x00,0x00,0x00,0x00,0x00,0x00,0x00,0x00,0x00,
    0x00,0x00,0x00,0x00,0x00,0x00,0x00,0x00,0x00,0x00,0x00,0x00,0x00,0x00,0x00,0x00,
    0x00,0x00,0x00,0x00,0x00,0x00,0x00,0x00,0x00,0x00,0x00,0x00,0x00,0x00,0x00,0x00,
    0x00,0x00,0x20,0x00,0x00,0x00,0x51,0x84,0xff,0xff,0xff,0xff,0xff,0xff,0xff,0xff,
    0xff,0xff,0xff,0xff,0xff,0xff,0xdf,0xf7,0x04,0x21,0x00,0x00,0x00,0x00,0x00,0x00,
    0x00,0x00,0x00,0x00,0x41,0x00,0x1c,0xdf,0xff,0xff,0xff,0xff,0xff,0xff,0xff,0xff,
    0xdf,0xff,0xff,0xff,0x35,0xa5,0x00,0x00,0x00,0x00,0x00,0x00,0x00,0x00,0x00,0x00,
    0x00,0x00,0x00,0x00,0x00,0x00,0x00,0x00,0x00,0x00,0x00,0x00,0x00,0x00,0x00,0x00,
    0x00,0x00,0x00,0x00,0x00,0x00,0x00,0x00,0x00,0x00,0x00,0x00,0x00,0x00,0x00,0x00,
    0x00,0x00,0x00,0x00,0x00,0x00,0x00,0x00,0x00,0x00,0x00,0x00,0x00,0x00,0x00,0x00,
    0x00,0x00,0x00,0x00,0x00,0x00,0x00,0x00,0x00,0x00,0x00,0x00,0x00,0x00,0x00,0x00,
    0x00,0x00,0x79,0xce,0xff,0xff,0xff,0xff,0xff,0xff,0xff,0xff,0xff,0xff,0xff,0xff,
    0xd7,0xbd,0x00,0x00,0x00,0x00,0x00,0x00,0x00,0x00,0x41,0x08,0x3c,0xe7,0xff,0xff,
    0xff,0xff,0xff,0xff,0xff,0xff,0xdf,0xff,0xff,0xff,0xd3,0x9c,0x00,0x00,0x20,0x00,
    0x00,0x00,0x00,0x00,0x20,0x00,0x00,0x00,0x2c,0x63,0xff,0xff,0xff,0xff,0xff,0xff,
    0xff,0xff,0xff,0xff,0xff,0xff,0xff,0xff,0xff,0xff,0x08,0x42,0x00,0x00,0x00,0x00,
    0x00,0x00,0x00,0x00,0x00,0x00,0x00,0x00,0x00,0x00,0x00,0x00,0x00,0x00,0x00,0x00,
    0x00,0x00,0x00,0x00,0x00,0x00,0x00,0x00,0x00,0x00,0x00,0x00,0x00,0x00,0x00,0x00,
    0x00,0x00,0x00,0x00,0x00,0x00,0x00,0x00,0x00,0x00,0x00,0x00,0x00,0x00,0x00,0x00,
    0x00,0x00,0x00,0x00,0x00,0x00,0x00,0x00,0x00,0x00,0x00,0x00,0x00,0x00,0x00,0x00,
    0x00,0x00,0x00,0x00,0x00,0x00,0x00,0x00,0x00,0x00,0x00,0x00,0x00,0x00,0x00,0x00,
    0x00,0x00,0x00,0x00,0x00,0x00,0x00,0x00,0x00,0x00,0x00,0x00,0x00,0x00,0xa2,0x10,
    0x04,0x21,0xe7,0x39,0x61,0x08,0x00,0x00,0x00,0x00,0x00,0x00,0x00,0x00,0x00,0x00,
    0x00,0x00,0x00,0x00,0x00,0x00,0x00,0x00,0x00,0x00,0x00,0x00,0x00,0x00,0x00,0x00,
    0x00,0x00,0x00,0x00,0x00,0x00,0x00,0x00,0x00,0x00,0x00,0x00,0x00,0x00,0x00,0x00,
    0x00,0x00,0x00,0x00,0x00,0x00,0x00,0x00,0x00,0x00,0x00,0x00,0x00,0x00,0x00,0x00,
    0x00,0x00,0x20,0x00,0x00,0x00,0xae,0x73,0xff,0xff,0xdf,0xff,0xff,0xff,0xff,0xff,
    0xff,0xff,0xff,0xff,0xff,0xff,0xbf,0xf7,0x00,0x00,0x00,0x00,0x00,0x00,0xb6,0xb5,
    0xff,0xff,0xff,0xff,0xff,0xff,0xff,0xff,0xff,0xff,0xff,0xff,0xff,0xff,0xbf,0xf7,
    0x86,0x31,0x00,0x00,0x00,0x00,0x00,0x00,0x00,0x00,0x00,0x00,0x00,0x00,0x00,0x00,
    0x00,0x00,0x00,0x00,0x00,0x00,0x00,0x00,0x00,0x00,0x00,0x00,0x00,0x00,0x00,0x00,
    0x00,0x00,0x00,0x00,0x00,0x00,0x00,0x00,0x00,0x00,0x00,0x00,0x00,0x00,0x00,0x00,
    0x00,0x00,0x00,0x00,0x00,0x00,0x00,0x00,0x00,0x00,0x00,0x00,0x00,0x00,0x00,0x00,
    0x00,0x00,0x00,0x00,0x00,0x00,0x00,0x00,0x00,0x00,0x00,0x00,0x00,0x00,0x00,0x00,
    0x00,0x00,0x00,0x00,0x00,0x00,0x00,0x00,0x45,0x21,0xdf,0xff,0xff,0xff,0xff,0xff,
    0xff,0xff,0xff,0xff,0xff,0xff,0xff,0xff,0xff,0xff,0x18,0xc6,0x00,0x00,0x20,0x00,
    0x00,0x00,0x00,0x00,0x00,0x00,0x00,0x00,0x00,0x00,0x00,0x00,0x00,0x00,0x00,0x00,
    0x00,0x00,0x00,0x00,0x00,0x00,0x00,0x00,0x00,0x00,0x00,0x00,0x00,0x00,0x00,0x00,
    0x00,0x00,0x00,0x00,0x00,0x00,0x00,0x00,0x00,0x00,0x00,0x00,0x00,0x00,0x00,0x00,
    0x00,0x00,0x00,0x00,0x00,0x00,0x00,0x00,0x00,0x00,0x00,0x00,0x00,0x00,0x00,0x00,
    0x00,0x00,0x00,0x00,0x00,0x00,0x00,0x00,0x20,0x00,0x00,0x00,0xe7,0x39,0xff,0xff,
    0xff,0xff,0xff,0xff,0xff,0xff,0xff,0xff,0xff,0xff,0xdf,0xff,0xff,0xff,0xf3,0x9c,
    0x00,0x00,0x00,0x00,0x00,0x00,0x00,0x00,0x00,0x00,0x00,0x00,0x41,0x00,0x1c,0xdf,
    0xff,0xff,0xff,0xff,0xff,0xff,0xff,0xff,0xdf,0xff,0xff,0xff,0x35,0xa5,0x00,0x00,
    0x00,0x00,0x00,0x00,0x00,0x00,0x00,0x00,0x00,0x00,0x00,0x00,0x00,0x00,0x00,0x00,
    0x00,0x00,0x00,0x00,0x00,0x00,0x00,0x00,0x00,0x00,0x00,0x00,0x00,0x00,0x00,0x00,
    0x00,0x00,0x00,0x00,0x00,0x00,0x00,0x00,0x00,0x00,0x00,0x00,0x00,0x00,0x00,0x00,
    0x00,0x00,0x00,0x00,0x00,0x00,0x00,0x00,0x00,0x00,0x00,0x00,0x00,0x00,0x00,0x00,
    0x00,0x00,0x00,0x00,0x00,0x00,0x00,0x00,0x00,0x00,0x79,0xce,0xff,0xff,0xff,0xff,
    0xff,0xff,0xff,0xff,0xff,0xff,0xff,0xff,0xd7,0xbd,0x00,0x00,0x00,0x00,0x00,0x00,
    0x00,0x00,0x41,0x08,0x3c,0xe7,0xff,0xff,0xff,0xff,0xff,0xff,0xff,0xff,0xdf,0xff,
    0xff,0xff,0xd3,0x9c,0x00,0x00,0x20,0x00,0x00,0x00,0x00,0x00,0x00,0x00,0x00,0x00,
    0x61,0x08,0x1c,0xe7,0xff,0xff,0xff,0xff,0xff,0xff,0xff,0xff,0xff,0xff,0xff,0xff,
    0xff,0xff,0xfb,0xde,0x61,0x08,0x00,0x00,0x00,0x00,0x00,0x00,0x00,0x00,0x00,0x00,
    0x00,0x00,0x00,0x00,0x00,0x00,0x00,0x00,0x00,0x00,0x00,0x00,0x00,0x00,0x00,0x00,
    0x00,0x00,0x00,0x00,0x00,0x00,0x00,0x00,0x00,0x00,0x00,0x00,0x00,0x00,0x00,0x00,
    0x00,0x00,0x00,0x00,0x00,0x00,0x00,0x00,0x00,0x00,0x00,0x00,0x00,0x00,0x00,0x00,
    0x00,0x00,0x00,0x00,0x00,0x00,0x00,0x00,0x00,0x00,0x00,0x00,0x00,0x00,0x00,0x00,
    0x00,0x00,0x00,0x00,0x00,0x00,0x00,0x00,0x00,0x00,0x20,0x00,0x4d,0x63,0xb2,0x94,
    0x34,0xa5,0x38,0xc6,0xdb,0xd6,0x7d,0xef,0xdf,0xf7,0xff,0xff,0xcb,0x5a,0x00,0x00,
    0x20,0x00,0x00,0x00,0x00,0x00,0x00,0x00,0x00,0x00,0x00,0x00,0x00,0x00,0x00,0x00,
    0x00,0x00,0x00,0x00,0x00,0x00,0x00,0x00,0x00,0x00,0x00,0x00,0x00,0x00,0x00,0x00,
    0x00,0x00,0x00,0x00,0x00,0x00,0x00,0x00,0x00,0x00,0x00,0x00,0x00,0x00,0x00,0x00,
    0x00,0x00,0x00,0x00,0x00,0x00,0x00,0x00,0x00,0x00,0x20,0x00,0x00,0x00,0x2d,0x63,
    0xff,0xff,0xdf,0xff,0xff,0xff,0xff,0xff,0xff,0xff,0xff,0xff,0xff,0xff,0xdf,0xf7,
    0x00,0x00,0x00,0x00,0x00,0x00,0xa6,0x31,0xff,0xff,0xff,0xff,0xff,0xff,0xff,0xff,
    0xff,0xff,0xff,0xff,0xff,0xff,0xff,0xff,0xbb,0xd6,0x62,0x08,0x00,0x00,0x00,0x00,
    0x00,0x00,0x00,0x00,0x00,0x00,0x00,0x00,0x00,0x00,0x00,0x00,0x00,0x00,0x00,0x00,
    0x00,0x00,0x00,0x00,0x00,0x00,0x00,0x00,0x00,0x00,0x00,0x00,0x00,0x00,0x00,0x00,
    0x00,0x00,0x00,0x00,0x00,0x00,0x00,0x00,0x00,0x00,0x00,0x00,0x00,0x00,0x00,0x00,
    0x00,0x00,0x00,0x00,0x00,0x00,0x00,0x00,0x00,0x00,0x00,0x00,0x00,0x00,0x00,0x00,
    0x00,0x00,0x00,0x00,0x00,0x00,0x00,0x00,0x00,0x00,0x00,0x00,0x00,0x00,0x00,0x00,
    0x00,0x00,0xf3,0x9c,0xff,0xff,0xdf,0xff,0xff,0xff,0xff,0xff,0xff,0xff,0xff,0xff,
    0xdf,0xff,0xff,0xff,0x51,0x8c,0x00,0x00,0x20,0x00,0x00,0x00,0x00,0x00,0x00,0x00,
    0x00,0x00,0x00,0x00,0x00,0x00,0x00,0x00,0x00,0x00,0x00,0x00,0x00,0x00,0x00,0x00,
    0x00,0x00,0x00,0x00,0x00,0x00,0x00,0x00,0x00,0x00,0x00,0x00,0x00,0x00,0x00,0x00,
    0x00,0x00,0x00,0x00,0x00,0x00,0x00,0x00,0x00,0x00,0x00,0x00,0x00,0x00,0x00,0x00,
    0x00,0x00,0x00,0x00,0x00,0x00,0x00,0x00,0x00,0x00,0x00,0x00,0x00,0x00,0x00,0x00,
    0x00,0x00,0xa2,0x10,0x1c,0xdf,0xff,0xff,0xff,0xff,0xff,0xff,0xff,0xff,0xff,0xff,
    0xff,0xff,0xff,0xff,0xbf,0xf7,0x24,0x21,0x00,0x00,0x00,0x00,0x00,0x00,0x00,0x00,
    0x00,0x00,0x00,0x00,0x41,0x00,0x1c,0xdf,0xff,0xff,0xff,0xff,0xff,0xff,0xff,0xff,
    0xdf,0xff,0xff,0xff,0x35,0xa5,0x00,0x00,0x00,0x00,0x00,0x00,0x00,0x00,0x00,0x00,
    0x00,0x00,0x00,0x00,0x00,0x00,0x00,0x00,0x00,0x00,0x00,0x00,0x00,0x00,0x00,0x00,
    0x00,0x00,0x00,0x00,0x00,0x00,0x00,0x00,0x00,0x00,0x00,0x00,0x00,0x00,0x00,0x00,
    0x00,0x00,0x00,0x00,0x00,0x00,0x00,0x00,0x00,0x00,0x00,0x00,0x00,0x00,0x00,0x00,
    0x00,0x00,0x00,0x00,0x00,0x00,0x00,0x00,0x00,0x00,0x00,0x00,0x00,0x00,0x00,0x00,
    0x00,0x00,0x79,0xce,0xff,0xff,0xff,0xff,0xff,0xff,0xff,0xff,0xff,0xff,0xff,0xff,
    0xd7,0xbd,0x00,0x00,0x00,0x00,0x00,0x00,0x00,0x00,0x41,0x08,0x3c,0xe7,0xff,0xff,
    0xff,0xff,0xff,0xff,0xff,0xff,0xdf,0xff,0xff,0xff,0xd3,0x9c,0x00,0x00,0x20,0x00,
    0x00,0x00,0x00,0x00,0x00,0x00,0x20,0x00,0x00,0x00,0x6d,0x6b,0xff,0xff,0xdf,0xff,
    0xff,0xff,0xff,0xff,0xff,0xff,0xff,0xff,0xff,0xff,0xff,0xff,0x75,0xad,0x00,0x00,
    0x20,0x00,0x00,0x00,0x00,0x00,0x00,0x00,0x00,0x00,0x00,0x00,0x00,0x00,0x00,0x00,
    0x00,0x00,0x00,0x00,0x00,0x00,0x00,0x00,0x00,0x00,0x00,0x00,0x00,0x00,0x00,0x00,
    0x00,0x00,0x00,0x00,0x00,0x00,0x00,0x00,0x00,0x00,0x00,0x00,0x00,0x00,0x00,0x00,
    0x00,0x00,0x00,0x00,0x00,0x00,0x00,0x00,0x00,0x00,0x00,0x00,0x00,0x00,0x00,0x00,
    0x00,0x00,0x00,0x00,0x00,0x00,0x00,0x00,0x00,0x00,0x00,0x00,0x00,0x00,0x00,0x00,
    0x00,0x00,0x00,0x00,0x9a,0xd6,0xff,0xff,0xff,0xff,0xff,0xff,0xff,0xff,0xff,0xff,
    0xff,0xff,0xff,0xff,0x76,0xad,0x00,0x00,0x00,0x00,0x00,0x00,0x00,0x00,0x00,0x00,
    0x00,0x00,0x00,0x00,0x00,0x00,0x00,0x00,0x00,0x00,0x00,0x00,0x00,0x00,0x00,0x00,
    0x00,0x00,0x00,0x00,0x00,0x00,0x00,0x00,0x00,0x00,0x00,0x00,0x00,0x00,0x00,0x00,
    0x00,0x00,0x00,0x00,0x00,0x00,0x00,0x00,0x00,0x00,0x00,0x00,0x00,0x00,0x00,0x00,
    0x00,0x00,0x20,0x00,0x00,0x00,0x8e,0x6b,0xff,0xff,0xdf,0xff,0xff,0xff,0xff,0xff,
    0xff,0xff,0xff,0xff,0xff,0xff,0x9e,0xf7,0x00,0x00,0x00,0x00,0x00,0x00,0x00,0x00,
    0x34,0xa5,0xff,0xff,0xff,0xff,0xff,0xff,0xff,0xff,0xff,0xff,0xff,0xff,0xff,0xff,
    0xff,0xff,0xb7,0xb5,0x00,0x00,0x00,0x00,0x00,0x00,0x00,0x00,0x00,0x00,0x00,0x00,
    0x00,0x00,0x00,0x00,0x00,0x00,0x00,0x00,0x00,0x00,0x00,0x00,0x00,0x00,0x00,0x00,
    0x00,0x00,0x00,0x00,0x00,0x00,0x00,0x00,0x00,0x00,0x00,0x00,0x00,0x00,0x00,0x00,
    0x00,0x00,0x00,0x00,0x00,0x00,0x00,0x00,0x00,0x00,0x00,0x00,0x00,0x00,0x00,0x00,
    0x00,0x00,0x00,0x00,0x00,0x00,0x00,0x00,0x00,0x00,0x00,0x00,0x00,0x00,0x00,0x00,
    0x00,0x00,0x00,0x00,0x00,0x00,0x00,0x00,0x00,0x00,0xe3,0x18,0x9e,0xf7,0xff,0xff,
    0xff,0xff,0xff,0xff,0xff,0xff,0xff,0xff,0xff,0xff,0xdf,0xff,0xff,0xff,0x4d,0x63,
    0x00,0x00,0x20,0x00,0x00,0x00,0x00,0x00,0x00,0x00,0x00,0x00,0x00,0x00,0x00,0x00,
    0x00,0x00,0x00,0x00,0x00,0x00,0x00,0x00,0x00,0x00,0x00,0x00,0x00,0x00,0x00,0x00,
    0x00,0x00,0x00,0x00,0x00,0x00,0x00,0x00,0x00,0x00,0x00,0x00,0x00,0x00,0x00,0x00,
    0x00,0x00,0x00,0x00,0x00,0x00,0x00,0x00,0x00,0x00,0x00,0x00,0x00,0x00,0x00,0x00,
    0x00,0x00,0x00,0x00,0x00,0x00,0x00,0x00,0x20,0x00,0x18,0xc6,0xff,0xff,0xff,0xff,
    0xff,0xff,0xff,0xff,0xff,0xff,0xff,0xff,0xdf,0xff,0xff,0xff,0x51,0x8c,0x00,0x00,
    0x00,0x00,0x00,0x00,0x00,0x00,0x00,0x00,0x00,0x00,0x00,0x00,0x41,0x00,0x1c,0xdf,
    0xff,0xff,0xff,0xff,0xff,0xff,0xff,0xff,0xdf,0xff,0xff,0xff,0x35,0xa5,0x00,0x00,
    0x00,0x00,0x00,0x00,0x00,0x00,0x00,0x00,0x00,0x00,0x00,0x00,0x00,0x00,0x00,0x00,
    0x00,0x00,0x00,0x00,0x00,0x00,0x00,0x00,0x00,0x00,0x00,0x00,0x00,0x00,0x00,0x00,
    0x00,0x00,0x00,0x00,0x00,0x00,0x00,0x00,0x00,0x00,0x00,0x00,0x00,0x00,0x00,0x00,
    0x00,0x00,0x00,0x00,0x00,0x00,0x00,0x00,0x00,0x00,0x00,0x00,0x00,0x00,0x00,0x00,
    0x00,0x00,0x00,0x00,0x00,0x00,0x00,0x00,0x00,0x00,0x79,0xce,0xff,0xff,0xff,0xff,
    0xff,0xff,0xff,0xff,0xff,0xff,0xff,0xff,0xd7,0xbd,0x00,0x00,0x00,0x00,0x00,0x00,
    0x00,0x00,0x41,0x08,0x3c,0xe7,0xff,0xff,0xff,0xff,0xff,0xff,0xff,0xff,0xdf,0xff,
    0xff,0xff,0xd3,0x9c,0x00,0x00,0x20,0x00,0x00,0x00,0x00,0x00,0x00,0x00,0x00,0x00,
    0x00,0x00,0x20,0x00,0xba,0xd6,0xff,0xff,0xff,0xff,0xff,0xff,0xff,0xff,0xff,0xff,
    0xff,0xff,0xdf,0xff,0xff,0xff,0x31,0x84,0x00,0x00,0x20,0x00,0x00,0x00,0x00,0x00,
    0x00,0x00,0x00,0x00,0x00,0x00,0x00,0x00,0x00,0x00,0x00,0x00,0x00,0x00,0x00,0x00,
    0x00,0x00,0x00,0x00,0x00,0x00,0x00,0x00,0x00,0x00,0x00,0x00,0x00,0x00,0x00,0x00,
    0x00,0x00,0x00,0x00,0x00,0x00,0x00,0x00,0x00,0x00,0x00,0x00,0x00,0x00,0x00,0x00,
    0x00,0x00,0x00,0x00,0x00,0x00,0x00,0x00,0x00,0x00,0x00,0x00,0x00,0x00,0x00,0x00,
    0x00,0x00,0x00,0x00,0x00,0x00,0x00,0x00,0x20,0x00,0x00,0x00,0xef,0x7b,0xdf,0xff,
    0xbe,0xf7,0xff,0xff,0xff,0xff,0xff,0xff,0xff,0xff,0xff,0xff,0xbe,0xf7,0xe3,0x18,
    0x00,0x00,0x00,0x00,0x00,0x00,0x00,0x00,0x00,0x00,0x00,0x00,0x00,0x00,0x00,0x00,
    0x00,0x00,0x00,0x00,0x00,0x00,0x00,0x00,0x00,0x00,0x00,0x00,0x00,0x00,0x00,0x00,
    0x00,0x00,0x00,0x00,0x00,0x00,0x00,0x00,0x00,0x00,0x00,0x00,0x00,0x00,0x00,0x00,
    0x00,0x00,0x00,0x00,0x00,0x00,0x00,0x00,0x00,0x00,0x20,0x00,0x00,0x00,0x72,0x8c,
    0xff,0xff,0xdf,0xff,0xff,0xff,0xff,0xff,0xff,0xff,0xff,0xff,0xff,0xff,0xfb,0xde,
    0x00,0x00,0x00,0x00,0x00,0x00,0x00,0x00,0xc3,0x18,0x7d,0xef,0xff,0xff,0xff,0xff,
    0xff,0xff,0xff,0xff,0xff,0xff,0xff,0xff,0xdf,0xff,0xff,0xff,0x55,0xa5,0x00,0x00,
    0x00,0x00,0x00,0x00,0x00,0x00,0x00,0x00,0x00,0x00,0x00,0x00,0x00,0x00,0x00,0x00,
    0x00,0x00,0x00,0x00,0x00,0x00,0x00,0x00,0x00,0x00,0x00,0x00,0x00,0x00,0x00,0x00,
    0x00,0x00,0x00,0x00,0x00,0x00,0x00,0x00,0x00,0x00,0x00,0x00,0x00,0x00,0x00,0x00,
    0x00,0x00,0x00,0x00,0x00,0x00,0x00,0x00,0x00,0x00,0x00,0x00,0x00,0x00,0x00,0x00,
    0x00,0x00,0x00,0x00,0x8a,0x52,0x00,0x00,0x00,0x00,0x00,0x00,0x00,0x00,0x00,0x00,
    0x00,0x00,0x00,0x00,0x8e,0x6b,0xff,0xff,0xdf,0xff,0xff,0xff,0xff,0xff,0xff,0xff,
    0xff,0xff,0xff,0xff,0xff,0xff,0xff,0xff,0xec,0x5a,0x00,0x00,0x20,0x00,0x00,0x00,
    0x00,0x00,0x00,0x00,0x00,0x00,0x00,0x00,0x00,0x00,0x00,0x00,0x00,0x00,0x00,0x00,
    0x00,0x00,0x00,0x00,0x00,0x00,0x00,0x00,0x00,0x00,0x00,0x00,0x00,0x00,0x00,0x00,
    0x00,0x00,0x00,0x00,0x00,0x00,0x00,0x00,0x00,0x00,0x00,0x00,0x00,0x00,0x00,0x00,
    0x00,0x00,0x00,0x00,0x00,0x00,0x00,0x00,0x00,0x00,0x00,0x00,0x00,0x00,0x20,0x00,
    0xb6,0xb5,0xff,0xff,0xdf,0xff,0xff,0xff,0xff,0xff,0xff,0xff,0xff,0xff,0xff,0xff,
    0xff,0xff,0xfb,0xde,0x61,0x08,0x00,0x00,0x00,0x00,0x00,0x00,0x00,0x00,0x00,0x00,
    0x00,0x00,0x00,0x00,0x41,0x00,0x1c,0xdf,0xff,0xff,0xff,0xff,0xff,0xff,0xff,0xff,
    0xdf,0xff,0xff,0xff,0x35,0xa5,0x00,0x00,0x00,0x00,0x00,0x00,0x00,0x00,0x00,0x00,
    0x00,0x00,0x00,0x00,0x00,0x00,0x00,0x00,0x00,0x00,0x00,0x00,0x00,0x00,0x00,0x00,
    0x00,0x00,0x00,0x00,0x00,0x00,0x00,0x00,0x00,0x00,0x00,0x00,0x00,0x00,0x00,0x00,
    0x00,0x00,0x00,0x00,0x00,0x00,0x00,0x00,0x00,0x00,0x00,0x00,0x00,0x00,0x00,0x00,
    0x00,0x00,0x00,0x00,0x00,0x00,0x00,0x00,0x00,0x00,0x00,0x00,0x00,0x00,0x00,0x00,
    0x00,0x00,0x79,0xce,0xff,0xff,0xff,0xff,0xff,0xff,0xff,0xff,0xff,0xff,0xff,0xff,
    0xd7,0xbd,0x00,0x00,0x00,0x00,0x00,0x00,0x00,0x00,0x41,0x08,0x3c,0xe7,0xff,0xff,
    0xff,0xff,0xff,0xff,0xff,0xff,0xdf,0xff,0xff,0xff,0xd3,0x9c,0x00,0x00,0x20,0x00,
    0x00,0x00,0x00,0x00,0x00,0x00,0x00,0x00,0x00,0x00,0x00,0x00,0x28,0x42,0xff,0xff,
    0xdf,0xff,0xff,0xff,0xff,0xff,0xff,0xff,0xff,0xff,0xff,0xff,0xdf,0xff,0xff,0xff,
    0xcf,0x73,0x00,0x00,0x00,0x00,0x00,0x00,0x00,0x00,0x00,0x00,0x00,0x00,0x00,0x00,
    0x00,0x00,0x00,0x00,0x00,0x00,0x00,0x00,0x00,0x00,0x00,0x00,0x00,0x00,0x00,0x00,
    0x00,0x00,0x00,0x00,0x00,0x00,0x00,0x00,0x00,0x00,0x00,0x00,0x00,0x00,0x00,0x00,
    0x00,0x00,0x00,0x00,0x00,0x00,0x00,0x00,0x00,0x00,0x00,0x00,0x00,0x00,0x00,0x00,
    0x00,0x00,0x00,0x00,0x00,0x00,0x61,0x08,0x6a,0x4a,0x00,0x00,0x00,0x00,0x00,0x00,
    0x00,0x00,0x00,0x00,0x86,0x31,0xff,0xff,0xff,0xff,0xff,0xff,0xff,0xff,0xff,0xff,
    0xff,0xff,0xdf,0xff,0xff,0xff,0x51,0x84,0x00,0x00,0x20,0x00,0x00,0x00,0x00,0x00,
    0x00,0x00,0x00,0x00,0x00,0x00,0x00,0x00,0x00,0x00,0x00,0x00,0x00,0x00,0x00,0x00,
    0x00,0x00,0x00,0x00,0x00,0x00,0x00,0x00,0x00,0x00,0x00,0x00,0x00,0x00,0x00,0x00,
    0x00,0x00,0x00,0x00,0x00,0x00,0x00,0x00,0x00,0x00,0x00,0x00,0x00,0x00,0x00,0x00,
    0x00,0x00,0x00,0x00,0x00,0x00,0x59,0xce,0xff,0xff,0xff,0xff,0xff,0xff,0xff,0xff,
    0xff,0xff,0xff,0xff,0xff,0xff,0xf7,0xbd,0x00,0x00,0x00,0x00,0x00,0x00,0x00,0x00,
    0x00,0x00,0x0c,0x5b,0xff,0xff,0xdf,0xff,0xff,0xff,0xff,0xff,0xff,0xff,0xff,0xff,
    0xff,0xff,0xdf,0xff,0xff,0xff,0x75,0xad,0x41,0x00,0x00,0x00,0x20,0x00,0x00,0x00,
    0x00,0x00,0x00,0x00,0x00,0x00,0x00,0x00,0x00,0x00,0x00,0x00,0x00,0x00,0x00,0x00,
    0x00,0x00,0x00,0x00,0x00,0x00,0x00,0x00,0x00,0x00,0x00,0x00,0x00,0x00,0x00,0x00,
    0x00,0x00,0x00,0x00,0x00,0x00,0x00,0x00,0x00,0x00,0x00,0x00,0x00,0x00,0x00,0x00,
    0x00,0x00,0x00,0x00,0x00,0x00,0x00,0x00,0x00,0x00,0x92,0x8c,0xff,0xff,0xd3,0x9c,
    0x00,0x00,0x00,0x00,0x00,0x00,0x00,0x00,0x00,0x00,0x00,0x00,0x00,0x00,0x18,0xbe,
    0xff,0xff,0xff,0xff,0xff,0xff,0xff,0xff,0xff,0xff,0xff,0xff,0xff,0xff,0xff,0xff,
    0xff,0xff,0x4d,0x6b,0x00,0x00,0x00,0x00,0x00,0x00,0x00,0x00,0x00,0x00,0x00,0x00,
    0x00,0x00,0x00,0x00,0x00,0x00,0x00,0x00,0x00,0x00,0x00,0x00,0x00,0x00,0x00,0x00,
    0x00,0x00,0x00,0x00,0x00,0x00,0x00,0x00,0x00,0x00,0x00,0x00,0x00,0x00,0x00,0x00,
    0x00,0x00,0x00,0x00,0x00,0x00,0x00,0x00,0x00,0x00,0x00,0x00,0x00,0x00,0x00,0x00,
    0x20,0x00,0x00,0x00,0x61,0x08,0xb7,0xb5,0xff,0xff,0xdf,0xff,0xff,0xff,0xff,0xff,
    0xff,0xff,0xff,0xff,0xff,0xff,0xdf,0xff,0xff,0xff,0x28,0x42,0x00,0x00,0x00,0x00,
    0x00,0x00,0x00,0x00,0x00,0x00,0x00,0x00,0x00,0x00,0x00,0x00,0x41,0x00,0x1c,0xdf,
    0xff,0xff,0xff,0xff,0xff,0xff,0xff,0xff,0xdf,0xff,0xff,0xff,0x35,0xa5,0x00,0x00,
    0x00,0x00,0x00,0x00,0x00,0x00,0x00,0x00,0x00,0x00,0x00,0x00,0x00,0x00,0x00,0x00,
    0x00,0x00,0x00,0x00,0x00,0x00,0x00,0x00,0x00,0x00,0x00,0x00,0x00,0x00,0x00,0x00,
    0x00,0x00,0x00,0x00,0x00,0x00,0x00,0x00,0x00,0x00,0x00,0x00,0x00,0x00,0x00,0x00,
    0x00,0x00,0x00,0x00,0x00,0x00,0x00,0x00,0x00,0x00,0x00,0x00,0x00,0x00,0x00,0x00,
    0x00,0x00,0x00,0x00,0x00,0x00,0x00,0x00,0x00,0x00,0x79,0xce,0xff,0xff,0xff,0xff,
    0xff,0xff,0xff,0xff,0xff,0xff,0xff,0xff,0xd7,0xbd,0x00,0x00,0x00,0x00,0x00,0x00,
    0x00,0x00,0x41,0x08,0x3c,0xe7,0xff,0xff,0xff,0xff,0xff,0xff,0xff,0xff,0xdf,0xff,
    0xff,0xff,0xd3,0x9c,0x00,0x00,0x20,0x00,0x00,0x00,0x00,0x00,0x00,0x00,0x00,0x00,
    0x00,0x00,0x00,0x00,0x00,0x00,0xd3,0x94,0xff,0xff,0xdf,0xff,0xff,0xff,0xff,0xff,
    0xff,0xff,0xff,0xff,0xff,0xff,0xff,0xff,0xff,0xff,0x10,0x7c,0x00,0x00,0x00,0x00,
    0x00,0x00,0x00,0x00,0x00,0x00,0x00,0x00,0x00,0x00,0x00,0x00,0x00,0x00,0x00,0x00,
    0x00,0x00,0x00,0x00,0x00,0x00,0x00,0x00,0x00,0x00,0x00,0x00,0x00,0x00,0x00,0x00,
    0x00,0x00,0x00,0x00,0x00,0x00,0x00,0x00,0x00,0x00,0x00,0x00,0x00,0x00,0x00,0x00,
    0x00,0x00,0x00,0x00,0x00,0x00,0x00,0x00,0x20,0x00,0x00,0x00,0x82,0x10,0xf7,0xbd,
    0xff,0xff,0x4d,0x6b,0x00,0x00,0x20,0x00,0x00,0x00,0x00,0x00,0x00,0x00,0x59,0xc6,
    0xff,0xff,0xff,0xff,0xff,0xff,0xff,0xff,0xff,0xff,0xff,0xff,0xff,0xff,0x7e,0xef,
    0xc3,0x18,0x00,0x00,0x00,0x00,0x00,0x00,0x00,0x00,0x00,0x00,0x00,0x00,0x00,0x00,
    0x00,0x00,0x00,0x00,0x00,0x00,0x00,0x00,0x00,0x00,0x00,0x00,0x00,0x00,0x00,0x00,
    0x00,0x00,0x00,0x00,0x00,0x00,0x00,0x00,0x00,0x00,0x00,0x00,0x00,0x00,0x00,0x00,
    0x00,0x00,0x00,0x00,0x00,0x00,0x00,0x00,0x00,0x00,0x00,0x00,0x45,0x29,0xdf,0xff,
    0xff,0xff,0xff,0xff,0xff,0xff,0xff,0xff,0xff,0xff,0xff,0xff,0xff,0xff,0x30,0x84,
    0x00,0x00,0x00,0x00,0x00,0x00,0x00,0x00,0x20,0x00,0x00,0x00,0x34,0xa5,0xff,0xff,
    0xdf,0xff,0xff,0xff,0xff,0xff,0xff,0xff,0xff,0xff,0xff,0xff,0xdf,0xff,0xff,0xff,
    0x38,0xc6,0xe4,0x18,0x00,0x00,0x00,0x00,0x00,0x00,0x00,0x00,0x00,0x00,0x00,0x00,
    0x00,0x00,0x00,0x00,0x00,0x00,0x00,0x00,0x00,0x00,0x00,0x00,0x00,0x00,0x00,0x00,
    0x00,0x00,0x00,0x00,0x00,0x00,0x00,0x00,0x00,0x00,0x00,0x00,0x00,0x00,0x00,0x00,
    0x00,0x00,0x00,0x00,0x00,0x00,0x00,0x00,0x00,0x00,0x20,0x00,0x00,0x00,0x82,0x08,
    0x75,0xad,0xff,0xff,0xdf,0xff,0xff,0xff,0xf3,0x9c,0x00,0x00,0x00,0x00,0x00,0x00,
    0x00,0x00,0x00,0x00,0x00,0x00,0x04,0x19,0x7d,0xef,0xff,0xff,0xff,0xff,0xff,0xff,
    0xff,0xff,0xff,0xff,0xff,0xff,0xff,0xff,0xff,0xff,0xff,0xff,0x71,0x8c,0x00,0x00,
    0x00,0x00,0x20,0x00,0x00,0x00,0x00,0x00,0x00,0x00,0x00,0x00,0x00,0x00,0x00,0x00,
    0x00,0x00,0x00,0x00,0x00,0x00,0x00,0x00,0x00,0x00,0x00,0x00,0x00,0x00,0x00,0x00,
    0x00,0x00,0x00,0x00,0x00,0x00,0x00,0x00,0x00,0x00,0x00,0x00,0x00,0x00,0x00,0x00,
    0x00,0x00,0x00,0x00,0x00,0x00,0x00,0x00,0x00,0x00,0x24,0x21,0x79,0xce,0xff,0xff,
    0xdf,0xff,0xff,0xff,0xff,0xff,0xff,0xff,0xff,0xff,0xff,0xff,0xdf,0xff,0xff,0xff,
    0x30,0x84,0x00,0x00,0x00,0x00,0x00,0x00,0x00,0x00,0x00,0x00,0x00,0x00,0x00,0x00,
    0x00,0x00,0x00,0x00,0x41,0x00,0x1c,0xdf,0xff,0xff,0xff,0xff,0xff,0xff,0xff,0xff,
    0xdf,0xff,0xff,0xff,0x35,0xa5,0x00,0x00,0x00,0x00,0x00,0x00,0x00,0x00,0x00,0x00,
    0x00,0x00,0x00,0x00,0x00,0x00,0x00,0x00,0x00,0x00,0x00,0x00,0x00,0x00,0x00,0x00,
    0x00,0x00,0x00,0x00,0x00,0x00,0x00,0x00,0x00,0x00,0x00,0x00,0x00,0x00,0x00,0x00,
    0x00,0x00,0x00,0x00,0x00,0x00,0x00,0x00,0x00,0x00,0x00,0x00,0x00,0x00,0x00,0x00,
    0x00,0x00,0x00,0x00,0x00,0x00,0x00,0x00,0x00,0x00,0x00,0x00,0x00,0x00,0x00,0x00,
    0x00,0x00,0x79,0xce,0xff,0xff,0xff,0xff,0xff,0xff,0xff,0xff,0xff,0xff,0xff,0xff,
    0xd7,0xbd,0x00,0x00,0x00,0x00,0x00,0x00,0x00,0x00,0x41,0x08,0x3c,0xe7,0xff,0xff,
    0xff,0xff,0xff,0xff,0xff,0xff,0xdf,0xff,0xff,0xff,0xd3,0x9c,0x00,0x00,0x20,0x00,
    0x00,0x00,0x00,0x00,0x00,0x00,0x00,0x00,0x00,0x00,0x00,0x00,0x00,0x00,0x41,0x08,
    0x9a,0xd6,0xff,0xff,0xff,0xff,0xff,0xff,0xff,0xff,0xff,0xff,0xff,0xff,0xff,0xff,
    0xff,0xff,0xff,0xff,0xf4,0x9c,0x41,0x08,0x00,0x00,0x20,0x00,0x00,0x00,0x00,0x00,
    0x00,0x00,0x00,0x00,0x00,0x00,0x00,0x00,0x00,0x00,0x00,0x00,0x00,0x00,0x00,0x00,
    0x00,0x00,0x00,0x00,0x00,0x00,0x00,0x00,0x00,0x00,0x00,0x00,0x00,0x00,0x00,0x00,
    0x00,0x00,0x00,0x00,0x00,0x00,0x00,0x00,0x00,0x00,0x00,0x00,0x00,0x00,0x00,0x00,
    0x00,0x00,0x45,0x29,0x9a,0xd6,0xff,0xff,0xdf,0xff,0xff,0xff,0x6d,0x6b,0x00,0x00,
    0x20,0x00,0x20,0x00,0x00,0x00,0xcb,0x5a,0xff,0xff,0xff,0xff,0xff,0xff,0xff,0xff,
    0xff,0xff,0xff,0xff,0xff,0xff,0xff,0xff,0x14,0xa5,0x00,0x00,0x20,0x00,0x00,0x00,
    0x00,0x00,0x00,0x00,0x00,0x00,0x00,0x00,0x00,0x00,0x00,0x00,0x00,0x00,0x00,0x00,
    0x00,0x00,0x00,0x00,0x00,0x00,0x00,0x00,0x00,0x00,0x00,0x00,0x00,0x00,0x00,0x00,
    0x00,0x00,0x00,0x00,0x00,0x00,0x00,0x00,0x00,0x00,0x00,0x00,0x00,0x00,0x00,0x00,
    0x20,0x00,0x00,0x00,0x14,0x9d,0xff,0xff,0xdf,0xff,0xff,0xff,0xff,0xff,0xff,0xff,
    0xff,0xff,0xff,0xff,0xff,0xff,0xe7,0x39,0x00,0x00,0x00,0x00,0x00,0x00,0x00,0x00,
    0x00,0x00,0x00,0x00,0x41,0x08,0x9a,0xce,0xff,0xff,0xff,0xff,0xff,0xff,0xff,0xff,
    0xff,0xff,0xff,0xff,0xff,0xff,0xdf,0xff,0xff,0xff,0x3c,0xe7,0x8a,0x52,0x00,0x00,
    0x00,0x00,0x20,0x00,0x00,0x00,0x00,0x00,0x00,0x00,0x00,0x00,0x00,0x00,0x00,0x00,
    0x00,0x00,0x00,0x00,0x00,0x00,0x00,0x00,0x00,0x00,0x00,0x00,0x00,0x00,0x00,0x00,
    0x00,0x00,0x00,0x00,0x00,0x00,0x00,0x00,0x00,0x00,0x00,0x00,0x00,0x00,0x20,0x00,
    0x00,0x00,0x00,0x00,0xe7,0x39,0xba,0xd6,0xff,0xff,0xdf,0xff,0xff,0xff,0xdf,0xff,
    0xff,0xff,0xd3,0x9c,0x00,0x00,0x00,0x00,0x00,0x00,0x00,0x00,0x00,0x00,0x00,0x00,
    0x49,0x4a,0xff,0xff,0xdf,0xff,0xff,0xff,0xff,0xff,0xff,0xff,0xff,0xff,0xff,0xff,
    0xff,0xff,0xff,0xff,0xff,0xff,0x18,0xc6,0x65,0x29,0x00,0x00,0x00,0x00,0x20,0x00,
    0x00,0x00,0x00,0x00,0x00,0x00,0x00,0x00,0x00,0x00,0x00,0x00,0x00,0x00,0x00,0x00,
    0x00,0x00,0x00,0x00,0x00,0x00,0x00,0x00,0x00,0x00,0x00,0x00,0x00,0x00,0x00,0x00,
    0x00,0x00,0x00,0x00,0x00,0x00,0x00,0x00,0x00,0x00,0x00,0x00,0x00,0x00,0x00,0x00,
    0xeb,0x5a,0x7d,0xef,0xff,0xff,0xdf,0xff,0xff,0xff,0xff,0xff,0xff,0xff,0xff,0xff,
    0xff,0xff,0xdf,0xff,0xff,0xff,0xb6,0xb5,0x00,0x00,0x20,0x00,0x00,0x00,0x00,0x00,
    0x00,0x00,0x00,0x00,0x00,0x00,0x00,0x00,0x00,0x00,0x00,0x00,0x41,0x00,0x1c,0xdf,
    0xff,0xff,0xff,0xff,0xff,0xff,0xff,0xff,0xdf,0xff,0xff,0xff,0x35,0xa5,0x00,0x00,
    0x00,0x00,0x00,0x00,0x00,0x00,0x00,0x00,0x00,0x00,0x00,0x00,0x00,0x00,0x00,0x00,
    0x00,0x00,0x00,0x00,0x00,0x00,0x00,0x00,0x00,0x00,0x00,0x00,0x00,0x00,0x00,0x00,
    0x00,0x00,0x00,0x00,0x00,0x00,0x00,0x00,0x00,0x00,0x00,0x00,0x00,0x00,0x00,0x00,
    0x00,0x00,0x00,0x00,0x00,0x00,0x00,0x00,0x00,0x00,0x00,0x00,0x00,0x00,0x00,0x00,
    0x00,0x00,0x00,0x00,0x00,0x00,0x00,0x00,0x00,0x00,0x79,0xce,0xff,0xff,0xff,0xff,
    0xff,0xff,0xff,0xff,0xff,0xff,0xff,0xff,0xd7,0xbd,0x00,0x00,0x00,0x00,0x00,0x00,
    0x00,0x00,0x41,0x08,0x3c,0xe7,0xff,0xff,0xff,0xff,0xff,0xff,0xff,0xff,0xdf,0xff,
    0xff,0xff,0xd3,0x9c,0x00,0x00,0x20,0x00,0x00,0x00,0x00,0x00,0x00,0x00,0x00,0x00,
    0x00,0x00,0x00,0x00,0x00,0x00,0x00,0x00,0x45,0x29,0x9e,0xef,0xff,0xff,0xff,0xff,
    0xff,0xff,0xff,0xff,0xff,0xff,0xff,0xff,0xff,0xff,0xdf,0xff,0xff,0xff,0x79,0xce,
    0xa6,0x31,0x00,0x00,0x00,0x00,0x20,0x00,0x00,0x00,0x00,0x00,0x00,0x00,0x00,0x00,
    0x00,0x00,0x00,0x00,0x00,0x00,0x00,0x00,0x00,0x00,0x00,0x00,0x00,0x00,0x00,0x00,
    0x00,0x00,0x00,0x00,0x00,0x00,0x00,0x00,0x00,0x00,0x00,0x00,0x00,0x00,0x00,0x00,
    0x00,0x00,0x20,0x00,0x00,0x00,0x00,0x00,0xeb,0x5a,0x7d,0xef,0xff,0xff,0xff,0xff,
    0xff,0xff,0xff,0xff,0xff,0xff,0x6d,0x6b,0x00,0x00,0x00,0x00,0x00,0x00,0x20,0x00,
    0x9a,0xd6,0xff,0xff,0xff,0xff,0xff,0xff,0xff,0xff,0xff,0xff,0xff,0xff,0xff,0xff,
    0xff,0xff,0xaa,0x52,0x00,0x00,0x20,0x00,0x00,0x00,0x00,0x00,0x00,0x00,0x00,0x00,
    0x00,0x00,0x00,0x00,0x00,0x00,0x00,0x00,0x00,0x00,0x00,0x00,0x00,0x00,0x00,0x00,
    0x00,0x00,0x00,0x00,0x00,0x00,0x00,0x00,0x00,0x00,0x00,0x00,0x00,0x00,0x00,0x00,
    0x00,0x00,0x00,0x00,0x00,0x00,0x20,0x00,0x00,0x00,0x08,0x3a,0xff,0xff,0xff,0xff,
    0xff,0xff,0xff,0xff,0xff,0xff,0xff,0xff,0xff,0xff,0xff,0xff,0x9a,0xd6,0x20,0x00,
    0x00,0x00,0x00,0x00,0x00,0x00,0x00,0x00,0x00,0x00,0x00,0x00,0x00,0x00,0x04,0x21,
    0x3c,0xe7,0xff,0xff,0xff,0xff,0xff,0xff,0xff,0xff,0xff,0xff,0xff,0xff,0xff,0xff,
    0xff,0xff,0xff,0xff,0xff,0xff,0x34,0xa5,0x24,0x21,0x00,0x00,0x00,0x00,0x00,0x00,
    0x20,0x00,0x00,0x00,0x00,0x00,0x00,0x00,0x00,0x00,0x00,0x00,0x00,0x00,0x00,0x00,
    0x00,0x00,0x00,0x00,0x00,0x00,0x00,0x00,0x00,0x00,0x00,0x00,0x00,0x00,0x00,0x00,
    0x00,0x00,0x00,0x00,0x00,0x00,0x00,0x00,0xa2,0x10,0x71,0x8c,0xdf,0xff,0xff,0xff,
    0xff,0xff,0xff,0xff,0xff,0xff,0xff,0xff,0xdf,0xff,0xff,0xff,0xd3,0x94,0x00,0x00,
    0x00,0x00,0x00,0x00,0x00,0x00,0x20,0x00,0x00,0x00,0x4d,0x6b,0xff,0xff,0xdf,0xff,
    0xff,0xff,0xff,0xff,0xff,0xff,0xff,0xff,0xff,0xff,0xff,0xff,0xdf,0xff,0xff,0xff,
    0xbe,0xf7,0x10,0x84,0x82,0x10,0x00,0x00,0x00,0x00,0x00,0x00,0x00,0x00,0x00,0x00,
    0x00,0x00,0x00,0x00,0x00,0x00,0x00,0x00,0x00,0x00,0x00,0x00,0x00,0x00,0x00,0x00,
    0x00,0x00,0x00,0x00,0x00,0x00,0x00,0x00,0x00,0x00,0x00,0x00,0x20,0x00,0x00,0x00,
    0x00,0x00,0x00,0x00,0x86,0x29,0x96,0xad,0xff,0xff,0xff,0xff,0xff,0xff,0xff,0xff,
    0xff,0xff,0xff,0xff,0xff,0xff,0xff,0xff,0xdf,0xff,0xff,0xff,0x9a,0xce,0x61,0x08,
    0x00,0x00,0x00,0x00,0x00,0x00,0x00,0x00,0x00,0x00,0x00,0x00,0x00,0x00,0x00,0x00,
    0x00,0x00,0x00,0x00,0x41,0x00,0x1c,0xdf,0xff,0xff,0xff,0xff,0xff,0xff,0xff,0xff,
    0xdf,0xff,0xff,0xff,0x35,0xa5,0x00,0x00,0x00,0x00,0x00,0x00,0x00,0x00,0x00,0x00,
    0x00,0x00,0x00,0x00,0x00,0x00,0x00,0x00,0x00,0x00,0x00,0x00,0x00,0x00,0x00,0x00,
    0x00,0x00,0x00,0x00,0x00,0x00,0x00,0x00,0x00,0x00,0x00,0x00,0x00,0x00,0x00,0x00,
    0x00,0x00,0x00,0x00,0x00,0x00,0x00,0x00,0x00,0x00,0x00,0x00,0x00,0x00,0x00,0x00,
    0x00,0x00,0x00,0x00,0x00,0x00,0x00,0x00,0x00,0x00,0x00,0x00,0x00,0x00,0x00,0x00,
    0x00,0x00,0x79,0xce,0xff,0xff,0xff,0xff,0xff,0xff,0xff,0xff,0xff,0xff,0xff,0xff,
    0xd7,0xbd,0x00,0x00,0x00,0x00,0x00,0x00,0x00,0x00,0x41,0x08,0x3c,0xe7,0xff,0xff,
    0xff,0xff,0xff,0xff,0xff,0xff,0xdf,0xff,0xff,0xff,0xd3,0x9c,0x00,0x00,0x20,0x00,
    0x00,0x00,0x00,0x00,0x00,0x00,0x00,0x00,0x00,0x00,0x00,0x00,0x00,0x00,0x00,0x00,
    0x00,0x00,0x49,0x42,0xff,0xff,0xff,0xff,0xff,0xff,0xff,0xff,0xff,0xff,0xff,0xff,
    0xff,0xff,0xff,0xff,0xff,0xff,0xff,0xff,0xdf,0xf7,0x51,0x84,0x82,0x10,0x00,0x00,
    0x00,0x00,0x00,0x00,0x00,0x00,0x00,0x00,0x00,0x00,0x00,0x00,0x00,0x00,0x00,0x00,
    0x00,0x00,0x00,0x00,0x00,0x00,0x00,0x00,0x00,0x00,0x00,0x00,0x00,0x00,0x00,0x00,
    0x00,0x00,0x00,0x00,0x00,0x00,0x00,0x00,0x00,0x00,0x00,0x00,0x45,0x21,0x55,0xad,
    0xff,0xff,0xff,0xff,0xff,0xff,0xff,0xff,0xff,0xff,0xff,0xff,0xff,0xff,0xff,0xff,
    0x4d,0x6b,0x00,0x00,0x20,0x00,0x00,0x00,0x28,0x42,0xff,0xff,0xdf,0xff,0xff,0xff,
    0xff,0xff,0xff,0xff,0xff,0xff,0xff,0xff,0xff,0xff,0x9e,0xf7,0x86,0x31,0x00,0x00,
    0x20,0x00,0x00,0x00,0x00,0x00,0x00,0x00,0x00,0x00,0x00,0x00,0x00,0x00,0x00,0x00,
    0x00,0x00,0x00,0x00,0x00,0x00,0x00,0x00,0x00,0x00,0x00,0x00,0x00,0x00,0x00,0x00,
    0x00,0x00,0x00,0x00,0x00,0x00,0x00,0x00,0x00,0x00,0x00,0x00,0x20,0x00,0x00,0x00,
    0xe4,0x18,0x3c,0xe7,0xff,0xff,0xff,0xff,0xff,0xff,0xff,0xff,0xff,0xff,0xff,0xff,
    0xdf,0xff,0xff,0xff,0xae,0x73,0x00,0x00,0x00,0x00,0x00,0x00,0x00,0x00,0x00,0x00,
    0x00,0x00,0x00,0x00,0x00,0x00,0x00,0x00,0x86,0x29,0x7d,0xef,0xff,0xff,0xff,0xff,
    0xff,0xff,0xff,0xff,0xff,0xff,0xff,0xff,0xff,0xff,0xff,0xff,0xff,0xff,0xff,0xff,
    0x9e,0xf7,0x92,0x94,0x45,0x29,0x00,0x00,0x00,0x00,0x00,0x00,0x00,0x00,0x00,0x00,
    0x20,0x00,0x20,0x00,0x00,0x00,0x00,0x00,0x00,0x00,0x00,0x00,0x00,0x00,0x00,0x00,
    0x20,0x00,0x20,0x00,0x00,0x00,0x00,0x00,0x00,0x00,0x00,0x00,0xc3,0x10,0xaf,0x73,
    0x1c,0xe7,0xff,0xff,0xff,0xff,0xff,0xff,0xff,0xff,0xff,0xff,0xff,0xff,0xff,0xff,
    0xff,0xff,0xdf,0xff,0xff,0xff,0x51,0x84,0x00,0x00,0x00,0x00,0x00,0x00,0x00,0x00,
    0x20,0x00,0x00,0x00,0xef,0x7b,0xff,0xff,0xdf,0xff,0xff,0xff,0xff,0xff,0xff,0xff,
    0xff,0xff,0xff,0xff,0xff,0xff,0xff,0xff,0xff,0xff,0xff,0xff,0x1c,0xe7,0xcf,0x7b,
    0xe3,0x18,0x00,0x00,0x00,0x00,0x00,0x00,0x00,0x00,0x00,0x00,0x20,0x00,0x20,0x00,
    0x00,0x00,0x00,0x00,0x00,0x00,0x00,0x00,0x00,0x00,0x20,0x00,0x20,0x00,0x00,0x00,
    0x00,0x00,0x00,0x00,0x00,0x00,0x00,0x00,0xa6,0x31,0xf3,0x9c,0xdf,0xf7,0xff,0xff,
    0xff,0xff,0xff,0xff,0xff,0xff,0xff,0xff,0xff,0xff,0xff,0xff,0xff,0xff,0xdf,0xff,
    0xff,0xff,0xdb,0xde,0xc3,0x18,0x00,0x00,0x00,0x00,0x00,0x00,0x00,0x00,0x00,0x00,
    0x00,0x00,0x00,0x00,0x00,0x00,0x00,0x00,0x00,0x00,0x00,0x00,0x41,0x00,0x1c,0xdf,
    0xff,0xff,0xff,0xff,0xff,0xff,0xff,0xff,0xdf,0xff,0xff,0xff,0x35,0xa5,0x00,0x00,
    0x00,0x00,0x00,0x00,0x00,0x00,0x00,0x00,0x00,0x00,0x00,0x00,0x00,0x00,0x00,0x00,
    0x00,0x00,0x00,0x00,0x00,0x00,0x00,0x00,0x00,0x00,0x00,0x00,0x00,0x00,0x00,0x00,
    0x00,0x00,0x00,0x00,0x00,0x00,0x00,0x00,0x00,0x00,0x00,0x00,0x00,0x00,0x00,0x00,
    0x00,0x00,0x00,0x00,0x00,0x00,0x00,0x00,0x00,0x00,0x00,0x00,0x00,0x00,0x00,0x00,
    0x00,0x00,0x00,0x00,0x00,0x00,0x00,0x00,0x00,0x00,0x79,0xce,0xff,0xff,0xff,0xff,
    0xff,0xff,0xff,0xff,0xff,0xff,0xff,0xff,0xd7,0xbd,0x00,0x00,0x00,0x00,0x00,0x00,
    0x00,0x00,0x41,0x08,0x3c,0xe7,0xff,0xff,0xff,0xff,0xff,0xff,0xff,0xff,0xdf,0xff,
    0xff,0xff,0xd3,0x9c,0x00,0x00,0x20,0x00,0x00,0x00,0x00,0x00,0x00,0x00,0x00,0x00,
    0x00,0x00,0x00,0x00,0x00,0x00,0x00,0x00,0x20,0x00,0x00,0x00,0xcb,0x5a,0xff,0xff,
    0xff,0xff,0xff,0xff,0xff,0xff,0xff,0xff,0xff,0xff,0xff,0xff,0xff,0xff,0xff,0xff,
    0xff,0xff,0xff,0xff,0x1c,0xe7,0xcf,0x7b,0xe3,0x18,0x00,0x00,0x00,0x00,0x00,0x00,
    0x00,0x00,0x20,0x00,0x20,0x00,0x00,0x00,0x00,0x00,0x00,0x00,0x00,0x00,0x00,0x00,
    0x00,0x00,0x00,0x00,0x20,0x00,0x20,0x00,0x00,0x00,0x00,0x00,0x00,0x00,0x00,0x00,
    0x45,0x21,0x92,0x8c,0xbe,0xf7,0xff,0xff,0xff,0xff,0xff,0xff,0xff,0xff,0xff,0xff,
    0xff,0xff,0xff,0xff,0xff,0xff,0xdf,0xff,0xff,0xff,0x8a,0x52,0x00,0x00,0x20,0x00,
    0x00,0x00,0xf3,0x9c,0xff,0xff,0xdf,0xff,0xff,0xff,0xff,0xff,0xff,0xff,0xff,0xff,
    0xff,0xff,0xff,0xff,0x5d,0xe7,0xa6,0x31,0x00,0x00,0x20,0x00,0x00,0x00,0x00,0x00,
    0x00,0x00,0x00,0x00,0x00,0x00,0x00,0x00,0x00,0x00,0x00,0x00,0x00,0x00,0x00,0x00,
    0x00,0x00,0x00,0x00,0x00,0x00,0x00,0x00,0x00,0x00,0x00,0x00,0x00,0x00,0x00,0x00,
    0x00,0x00,0x20,0x00,0x00,0x00,0x04,0x19,0xba,0xd6,0xff,0xff,0xff,0xff,0xff,0xff,
    0xff,0xff,0xff,0xff,0xff,0xff,0xff,0xff,0xff,0xff,0x5d,0xef,0x82,0x10,0x00,0x00,
    0x00,0x00,0x00,0x00,0x00,0x00,0x00,0x00,0x00,0x00,0x00,0x00,0x00,0x00,0x00,0x00,
    0x00,0x00,0xa6,0x31,0x5d,0xef,0xff,0xff,0xdf,0xff,0xff,0xff,0xff,0xff,0xff,0xff,
    0xff,0xff,0xff,0xff,0xff,0xff,0xff,0xff,0xff,0xff,0xff,0xff,0xdf,0xff,0xb7,0xb5,
    0x2c,0x63,0x04,0x21,0x00,0x00,0x00,0x00,0x00,0x00,0x00,0x00,0x00,0x00,0x00,0x00,
    0x00,0x00,0x00,0x00,0x00,0x00,0x00,0x00,0x00,0x00,0x00,0x00,0x00,0x00,0xa2,0x10,
    0x49,0x4a,0xf3,0x9c,0x5d,0xef,0xff,0xff,0xff,0xff,0xff,0xff,0xff,0xff,0xff,0xff,
    0xff,0xff,0xff,0xff,0xff,0xff,0xff,0xff,0xdf,0xff,0xff,0xff,0xfb,0xde,0xa6,0x31,
    0x00,0x00,0x00,0x00,0x00,0x00,0x00,0x00,0x00,0x00,0x20,0x00,0x00,0x00,0xef,0x7b,
    0xff,0xff,0xff,0xff,0xff,0xff,0xff,0xff,0xff,0xff,0xff,0xff,0xff,0xff,0xff,0xff,
    0xff,0xff,0xff,0xff,0xff,0xff,0xff,0xff,0x9e,0xf7,0x55,0xad,0xcb,0x5a,0x04,0x21,
    0x00,0x00,0x00,0x00,0x00,0x00,0x00,0x00,0x00,0x00,0x00,0x00,0x00,0x00,0x00,0x00,
    0x00,0x00,0x00,0x00,0x00,0x00,0x00,0x00,0x20,0x00,0x65,0x29,0xae,0x73,0x18,0xc6,
    0xff,0xff,0xff,0xff,0xff,0xff,0xff,0xff,0xff,0xff,0xff,0xff,0xff,0xff,0xff,0xff,
    0xff,0xff,0xff,0xff,0xdf,0xff,0xff,0xff,0xba,0xd6,0xe3,0x18,0x00,0x00,0x00,0x00,
    0x00,0x00,0x00,0x00,0x00,0x00,0x00,0x00,0x00,0x00,0x00,0x00,0x00,0x00,0x00,0x00,
    0x00,0x00,0x00,0x00,0x41,0x00,0x1c,0xdf,0xff,0xff,0xff,0xff,0xff,0xff,0xff,0xff,
    0xdf,0xff,0xff,0xff,0x35,0xa5,0x00,0x00,0x00,0x00,0x00,0x00,0x00,0x00,0x00,0x00,
    0x00,0x00,0x00,0x00,0x00,0x00,0x00,0x00,0x00,0x00,0x00,0x00,0x00,0x00,0x00,0x00,
    0x00,0x00,0x00,0x00,0x00,0x00,0x00,0x00,0x00,0x00,0x00,0x00,0x00,0x00,0x00,0x00,
    0x00,0x00,0x00,0x00,0x00,0x00,0x00,0x00,0x00,0x00,0x00,0x00,0x00,0x00,0x00,0x00,
    0x00,0x00,0x00,0x00,0x00,0x00,0x00,0x00,0x00,0x00,0x00,0x00,0x00,0x00,0x00,0x00,
    0x00,0x00,0x79,0xce,0xff,0xff,0xff,0xff,0xff,0xff,0xff,0xff,0xff,0xff,0xff,0xff,
    0xd7,0xbd,0x00,0x00,0x00,0x00,0x00,0x00,0x00,0x00,0x41,0x08,0x3c,0xe7,0xff,0xff,
    0xff,0xff,0xff,0xff,0xff,0xff,0xdf,0xff,0xff,0xff,0xd3,0x9c,0x00,0x00,0x20,0x00,
    0x00,0x00,0x00,0x00,0x00,0x00,0x00,0x00,0x00,0x00,0x00,0x00,0x00,0x00,0x00,0x00,
    0x00,0x00,0x20,0x00,0x00,0x00,0xeb,0x5a,0xff,0xff,0xff,0xff,0xff,0xff,0xff,0xff,
    0xff,0xff,0xff,0xff,0xff,0xff,0xff,0xff,0xff,0xff,0xff,0xff,0xff,0xff,0xff,0xff,
    0x9e,0xef,0x14,0xa5,0xaa,0x52,0xc3,0x18,0x00,0x00,0x00,0x00,0x00,0x00,0x00,0x00,
    0x00,0x00,0x00,0x00,0x00,0x00,0x00,0x00,0x00,0x00,0x00,0x00,0x00,0x00,0x00,0x00,
    0x00,0x00,0xe3,0x18,0xcb,0x5a,0x76,0xad,0xbe,0xf7,0xff,0xff,0xff,0xff,0xff,0xff,
    0xff,0xff,0xff,0xff,0xff,0xff,0xff,0xff,0xff,0xff,0xff,0xff,0xdf,0xff,0xff,0xff,
    0xf7,0xbd,0xc3,0x18,0x00,0x00,0x00,0x00,0x00,0x00,0x41,0x08,0x9a,0xce,0xff,0xff,
    0xdf,0xff,0xff,0xff,0xff,0xff,0xff,0xff,0xff,0xff,0xff,0xff,0xff,0xff,0x9e,0xf7,
    0xcb,0x5a,0x00,0x00,0x00,0x00,0x00,0x00,0x00,0x00,0x00,0x00,0x00,0x00,0x00,0x00,
    0x00,0x00,0x00,0x00,0x00,0x00,0x00,0x00,0x00,0x00,0x00,0x00,0x00,0x00,0x00,0x00,
    0x00,0x00,0x00,0x00,0x00,0x00,0x00,0x00,0x20,0x00,0x00,0x00,0xa6,0x31,0x1c,0xdf,
    0xff,0xff,0xff,0xff,0xff,0xff,0xff,0xff,0xff,0xff,0xff,0xff,0xff,0xff,0xdf,0xff,
    0xff,0xff,0x6d,0x6b,0x00,0x00,0x20,0x00,0x00,0x00,0x00,0x00,0x00,0x00,0x00,0x00,
    0x00,0x00,0x00,0x00,0x00,0x00,0x00,0x00,0x20,0x00,0x00,0x00,0x65,0x29,0xdb,0xde,
    0xff,0xff,0xdf,0xff,0xff,0xff,0xff,0xff,0xff,0xff,0xff,0xff,0xff,0xff,0xff,0xff,
    0xff,0xff,0xff,0xff,0xff,0xff,0xff,0xff,0xff,0xff,0xbe,0xf7,0x79,0xce,0x14,0xa5,
    0xcf,0x7b,0xaa,0x52,0x08,0x42,0xc7,0x31,0x86,0x31,0xa6,0x31,0xe7,0x39,0x49,0x4a,
    0x4d,0x6b,0x71,0x8c,0xf7,0xbd,0x5d,0xef,0xff,0xff,0xff,0xff,0xff,0xff,0xff,0xff,
    0xff,0xff,0xff,0xff,0xff,0xff,0xff,0xff,0xff,0xff,0xff,0xff,0xff,0xff,0xdf,0xff,
    0xff,0xff,0x79,0xce,0x04,0x19,0x00,0x00,0x00,0x00,0x00,0x00,0x00,0x00,0x00,0x00,
    0x00,0x00,0x00,0x00,0x00,0x00,0x00,0x00,0x4d,0x6b,0xff,0xff,0xff,0xff,0xff,0xff,
    0xff,0xff,0xff,0xff,0xff,0xff,0xff,0xff,0xff,0xff,0xff,0xff,0xff,0xff,0xdf,0xff,
    0xff,0xff,0xff,0xff,0xff,0xff,0xbe,0xf7,0x79,0xce,0x34,0xa5,0xef,0x7b,0x2c,0x63,
    0x49,0x4a,0x28,0x42,0x28,0x42,0x28,0x42,0x8a,0x52,0x6e,0x6b,0x51,0x8c,0x96,0xb5,
    0xfb,0xde,0xff,0xff,0xff,0xff,0xff,0xff,0xff,0xff,0xff,0xff,0xff,0xff,0xff,0xff,
    0xff,0xff,0xff,0xff,0xff,0xff,0xff,0xff,0xff,0xff,0xdf,0xff,0xff,0xff,0x18,0xc6,
    0xa2,0x10,0x00,0x00,0x00,0x00,0x00,0x00,0x00,0x00,0x00,0x00,0x00,0x00,0x00,0x00,
    0x00,0x00,0x00,0x00,0x00,0x00,0x00,0x00,0x00,0x00,0x00,0x00,0x41,0x00,0x1c,0xdf,
    0xff,0xff,0xff,0xff,0xff,0xff,0xff,0xff,0xdf,0xff,0xff,0xff,0x35,0xa5,0x00,0x00,
    0x00,0x00,0x00,0x00,0x00,0x00,0x00,0x00,0x00,0x00,0x00,0x00,0x00,0x00,0x00,0x00,
    0x00,0x00,0x00,0x00,0x00,0x00,0x00,0x00,0x00,0x00,0x00,0x00,0x00,0x00,0x00,0x00,
    0x00,0x00,0x00,0x00,0x00,0x00,0x00,0x00,0x00,0x00,0x00,0x00,0x00,0x00,0x00,0x00,
    0x00,0x00,0x00,0x00,0x00,0x00,0x00,0x00,0x00,0x00,0x00,0x00,0x00,0x00,0x00,0x00,
    0x00,0x00,0x00,0x00,0x00,0x00,0x00,0x00,0x00,0x00,0x79,0xce,0xff,0xff,0xff,0xff,
    0xff,0xff,0xff,0xff,0xff,0xff,0xff,0xff,0xd7,0xbd,0x00,0x00,0x00,0x00,0x00,0x00,
    0x00,0x00,0x41,0x08,0x3c,0xe7,0xff,0xff,0xff,0xff,0xff,0xff,0xff,0xff,0xdf,0xff,
    0xff,0xff,0xd3,0x9c,0x00,0x00,0x20,0x00,0x00,0x00,0x00,0x00,0x00,0x00,0x00,0x00,
    0x00,0x00,0x00,0x00,0x00,0x00,0x00,0x00,0x00,0x00,0x00,0x00,0x20,0x00,0x00,0x00,
    0x8a,0x4a,0x9e,0xf7,0xff,0xff,0xdf,0xff,0xff,0xff,0xff,0xff,0xff,0xff,0xff,0xff,
    0xff,0xff,0xff,0xff,0xff,0xff,0xff,0xff,0xff,0xff,0xff,0xff,0xff,0xff,0x9e,0xf7,
    0x38,0xc6,0xb2,0x94,0x8e,0x73,0x69,0x4a,0x08,0x3a,0xa7,0x31,0x86,0x31,0xa7,0x31,
    0x08,0x3a,0x69,0x4a,0x8e,0x73,0xd3,0x94,0x59,0xce,0xbe,0xf7,0xff,0xff,0xff,0xff,
    0xff,0xff,0xdf,0xff,0xff,0xff,0xff,0xff,0xff,0xff,0xff,0xff,0xff,0xff,0xff,0xff,
    0xff,0xff,0xff,0xff,0xff,0xff,0x55,0xad,0x20,0x00,0x00,0x00,0x00,0x00,0x00,0x00,
    0x00,0x00,0x00,0x00,0x04,0x21,0x3d,0xe7,0xff,0xff,0xdf,0xff,0xff,0xff,0xff,0xff,
    0xff,0xff,0xff,0xff,0xff,0xff,0xff,0xff,0xff,0xff,0x34,0xa5,0x45,0x29,0x00,0x00,
    0x00,0x00,0x00,0x00,0x00,0x00,0x20,0x00,0x20,0x00,0x00,0x00,0x00,0x00,0x00,0x00,
    0x00,0x00,0x00,0x00,0x00,0x00,0x20,0x00,0x20,0x00,0x20,0x00,0x00,0x00,0x00,0x00,
    0x00,0x00,0xaa,0x52,0x9e,0xf7,0xff,0xff,0xff,0xff,0xff,0xff,0xff,0xff,0xff,0xff,
    0xff,0xff,0xff,0xff,0xdf,0xff,0xff,0xff,0x75,0xad,0x00,0x00,0x00,0x00,0x00,0x00,
    0x00,0x00,0x00,0x00,0x00,0x00,0x00,0x00,0x00,0x00,0x00,0x00,0x00,0x00,0x00,0x00,
    0x00,0x00,0x00,0x00,0x00,0x00,0xc3,0x10,0xd7,0xb5,0xff,0xff,0xff,0xff,0xff,0xff,
    0xff,0xff,0xff,0xff,0xff,0xff,0xff,0xff,0xff,0xff,0xff,0xff,0xff,0xff,0xff,0xff,
    0xff,0xff,0xff,0xff,0xff,0xff,0xff,0xff,0xff,0xff,0xff,0xff,0xff,0xff,0xff,0xff,
    0xff,0xff,0xff,0xff,0xff,0xff,0xff,0xff,0xff,0xff,0xff,0xff,0xff,0xff,0xff,0xff,
    0xff,0xff,0xdf,0xff,0xff,0xff,0xff,0xff,0xff,0xff,0xff,0xff,0xff,0xff,0xff,0xff,
    0xff,0xff,0xff,0xff,0xff,0xff,0xff,0xff,0x75,0xad,0x61,0x08,0x00,0x00,0x00,0x00,
    0x00,0x00,0x00,0x00,0x00,0x00,0x00,0x00,0x00,0x00,0x00,0x00,0x00,0x00,0x20,0x00,
    0x00,0x00,0x49,0x4a,0x5d,0xe7,0xff,0xff,0xdf,0xff,0xff,0xff,0xff,0xff,0xff,0xff,
    0xff,0xff,0xff,0xff,0xff,0xff,0xff,0xff,0xff,0xff,0xff,0xff,0xff,0xff,0xff,0xff,
    0xff,0xff,0xff,0xff,0xff,0xff,0xff,0xff,0xff,0xff,0xff,0xff,0xff,0xff,0xff,0xff,
    0xff,0xff,0xff,0xff,0xff,0xff,0xff,0xff,0xff,0xff,0xff,0xff,0xdf,0xff,0xff,0xff,
    0xff,0xff,0xff,0xff,0xff,0xff,0xff,0xff,0xff,0xff,0xff,0xff,0xff,0xff,0xff,0xff,
    0xff,0xff,0xff,0xff,0x14,0x9d,0x41,0x08,0x00,0x00,0x00,0x00,0x00,0x00,0x00,0x00,
    0x00,0x00,0x00,0x00,0x00,0x00,0x00,0x00,0x00,0x00,0x00,0x00,0x00,0x00,0x00,0x00,
    0x00,0x00,0x00,0x00,0x41,0x00,0x1c,0xdf,0xff,0xff,0xff,0xff,0xff,0xff,0xff,0xff,
    0xdf,0xff,0xff,0xff,0x35,0xa5,0x00,0x00,0x00,0x00,0x00,0x00,0x00,0x00,0x00,0x00,
    0x00,0x00,0x00,0x00,0x00,0x00,0x00,0x00,0x00,0x00,0x00,0x00,0x00,0x00,0x00,0x00,
    0x00,0x00,0x00,0x00,0x00,0x00,0x00,0x00,0x00,0x00,0x00,0x00,0x00,0x00,0x00,0x00,
    0x00,0x00,0x00,0x00,0x00,0x00,0x00,0x00,0x00,0x00,0x00,0x00,0x00,0x00,0x00,0x00,
    0x00,0x00,0x00,0x00,0x00,0x00,0x00,0x00,0x00,0x00,0x00,0x00,0x00,0x00,0x00,0x00,
    0x00,0x00,0x79,0xce,0xff,0xff,0xff,0xff,0xff,0xff,0xff,0xff,0xff,0xff,0xff,0xff,
    0xd7,0xbd,0x00,0x00,0x00,0x00,0x00,0x00,0x00,0x00,0x41,0x08,0x3c,0xe7,0xff,0xff,
    0xff,0xff,0xff,0xff,0xff,0xff,0xdf,0xff,0xff,0xff,0xd3,0x9c,0x00,0x00,0x20,0x00,
    0x00,0x00,0x00,0x00,0x00,0x00,0x00,0x00,0x00,0x00,0x00,0x00,0x00,0x00,0x00,0x00,
    0x00,0x00,0x00,0x00,0x00,0x00,0x20,0x00,0x00,0x00,0xa6,0x31,0xdb,0xd6,0xff,0xff,
    0xff,0xff,0xff,0xff,0xff,0xff,0xff,0xff,0xff,0xff,0xff,0xff,0xff,0xff,0xff,0xff,
    0xff,0xff,0xff,0xff,0xff,0xff,0xff,0xff,0xff,0xff,0xff,0xff,0xff,0xff,0xff,0xff,
    0xff,0xff,0xff,0xff,0xff,0xff,0xff,0xff,0xff,0xff,0xff,0xff,0xff,0xff,0xff,0xff,
    0xff,0xff,0xff,0xff,0xff,0xff,0xff,0xff,0xff,0xff,0xff,0xff,0xff,0xff,0xff,0xff,
    0xff,0xff,0xff,0xff,0xff,0xff,0xdf,0xff,0xff,0xff,0xff,0xff,0x30,0x84,0x00,0x00,
    0x00,0x00,0x00,0x00,0x00,0x00,0x00,0x00,0x00,0x00,0x00,0x00,0x00,0x00,0x65,0x29,
    0x3c,0xe7,0xff,0xff,0xdf,0xff,0xff,0xff,0xff,0xff,0xff,0xff,0xff,0xff,0xff,0xff,
    0xff,0xff,0xff,0xff,0xbe,0xf7,0x14,0xa5,0x49,0x4a,0x82,0x08,0x00,0x00,0x00,0x00,
    0x00,0x00,0x00,0x00,0x00,0x00,0x00,0x00,0x00,0x00,0x00,0x00,0x00,0x00,0x00,0x00,
    0x00,0x00,0x00,0x00,0x00,0x00,0x65,0x29,0xd3,0x9c,0xff,0xff,0xff,0xff,0xff,0xff,
    0xff,0xff,0xff,0xff,0xff,0xff,0xff,0xff,0xff,0xff,0xdf,0xff,0xff,0xff,0xdb,0xde,
    0x82,0x10,0x00,0x00,0x00,0x00,0x00,0x00,0x00,0x00,0x00,0x00,0x00,0x00,0x00,0x00,
    0x00,0x00,0x00,0x00,0x00,0x00,0x00,0x00,0x00,0x00,0x00,0x00,0x00,0x00,0x00,0x00,
    0x00,0x00,0x10,0x7c,0xff,0xff,0xff,0xff,0xdf,0xff,0xff,0xff,0xff,0xff,0xff,0xff,
    0xff,0xff,0xff,0xff,0xff,0xff,0xff,0xff,0xff,0xff,0xff,0xff,0xff,0xff,0xdf,0xff,
    0xdf,0xff,0xff,0xff,0xff,0xff,0xff,0xff,0xff,0xff,0xff,0xff,0xff,0xff,0xff,0xff,
    0xdf,0xff,0xdf,0xff,0xff,0xff,0xff,0xff,0xff,0xff,0xff,0xff,0xff,0xff,0xff,0xff,
    0xff,0xff,0xff,0xff,0xff,0xff,0xff,0xff,0xdf,0xff,0xff,0xff,0xdf,0xff,0xae,0x73,
    0x00,0x00,0x00,0x00,0x00,0x00,0x00,0x00,0x00,0x00,0x00,0x00,0x00,0x00,0x00,0x00,
    0x00,0x00,0x00,0x00,0x00,0x00,0x00,0x00,0x20,0x00,0x00,0x00,0x04,0x21,0xd7,0xb5,
    0xff,0xff,0xff,0xff,0xdf,0xff,0xff,0xff,0xff,0xff,0xff,0xff,0xff,0xff,0xff,0xff,
    0xff,0xff,0xff,0xff,0xff,0xff,0xff,0xff,0xff,0xff,0xdf,0xff,0xdf,0xff,0xdf,0xff,
    0xff,0xff,0xff,0xff,0xff,0xff,0xff,0xff,0xff,0xff,0xdf,0xff,0xdf,0xff,0xff,0xff,
    0xff,0xff,0xff,0xff,0xff,0xff,0xff,0xff,0xff,0xff,0xff,0xff,0xff,0xff,0xff,0xff,
    0xff,0xff,0xff,0xff,0xff,0xff,0xff,0xff,0x9e,0xf7,0x4d,0x63,0x00,0x00,0x00,0x00,
    0x00,0x00,0x00,0x00,0x00,0x00,0x00,0x00,0x00,0x00,0x00,0x00,0x00,0x00,0x00,0x00,
    0x00,0x00,0x00,0x00,0x00,0x00,0x00,0x00,0x00,0x00,0x00,0x00,0x41,0x00,0x1c,0xdf,
    0xff,0xff,0xff,0xff,0xff,0xff,0xff,0xff,0xdf,0xff,0xff,0xff,0x35,0xa5,0x00,0x00,
    0x00,0x00,0x00,0x00,0x00,0x00,0x00,0x00,0x00,0x00,0x00,0x00,0x00,0x00,0x00,0x00,
    0x00,0x00,0x00,0x00,0x00,0x00,0x00,0x00,0x00,0x00,0x00,0x00,0x00,0x00,0x00,0x00,
    0x00,0x00,0x00,0x00,0x00,0x00,0x00,0x00,0x00,0x00,0x00,0x00,0x00,0x00,0x00,0x00,
    0x00,0x00,0x00,0x00,0x00,0x00,0x00,0x00,0x00,0x00,0x00,0x00,0x00,0x00,0x00,0x00,
    0x00,0x00,0x00,0x00,0x00,0x00,0x00,0x00,0x00,0x00,0x79,0xce,0xff,0xff,0xff,0xff,
    0xff,0xff,0xff,0xff,0xff,0xff,0xff,0xff,0xd7,0xbd,0x00,0x00,0x00,0x00,0x00,0x00,
    0x00,0x00,0x41,0x08,0x3c,0xe7,0xff,0xff,0xff,0xff,0xff,0xff,0xff,0xff,0xdf,0xff,
    0xff,0xff,0xd3,0x9c,0x00,0x00,0x20,0x00,0x00,0x00,0x00,0x00,0x00,0x00,0x00,0x00,
    0x00,0x00,0x00,0x00,0x00,0x00,0x00,0x00,0x00,0x00,0x00,0x00,0x00,0x00,0x00,0x00,
    0x20,0x00,0x00,0x00,0x82,0x10,0x34,0xa5,0xff,0xff,0xff,0xff,0xdf,0xff,0xff,0xff,
    0xff,0xff,0xff,0xff,0xff,0xff,0xff,0xff,0xff,0xff,0xff,0xff,0xff,0xff,0xff,0xff,
    0xff,0xff,0xdf,0xff,0xdf,0xff,0xff,0xff,0xff,0xff,0xff,0xff,0xff,0xff,0xff,0xff,
    0xff,0xff,0xff,0xff,0xdf,0xff,0xdf,0xff,0xff,0xff,0xff,0xff,0xff,0xff,0xff,0xff,
    0xff,0xff,0xff,0xff,0xff,0xff,0xff,0xff,0xff,0xff,0xff,0xff,0xff,0xff,0xff,0xff,
    0x3c,0xe7,0x8a,0x52,0x00,0x00,0x00,0x00,0x00,0x00,0x00,0x00,0x00,0x00,0x00,0x00,
    0x00,0x00,0x00,0x00,0x00,0x00,0x00,0x00,0x45,0x29,0xba,0xd6,0xff,0xff,0xdf,0xff,
    0xff,0xff,0xff,0xff,0xff,0xff,0xff,0xff,0xff,0xff,0xff,0xff,0xff,0xff,0xff,0xff,
    0xff,0xff,0x3d,0xe7,0xd7,0xb5,0x51,0x8c,0x4d,0x6b,0x8a,0x52,0x08,0x42,0xe7,0x39,
    0x28,0x42,0x49,0x4a,0xaa,0x52,0x2c,0x63,0xae,0x73,0xf4,0x9c,0x59,0xce,0xdf,0xff,
    0xff,0xff,0xff,0xff,0xff,0xff,0xff,0xff,0xff,0xff,0xff,0xff,0xff,0xff,0xff,0xff,
    0xdf,0xff,0xff,0xff,0x3c,0xe7,0x45,0x29,0x00,0x00,0x00,0x00,0x00,0x00,0x00,0x00,
    0x00,0x00,0x00,0x00,0x00,0x00,0x00,0x00,0x00,0x00,0x00,0x00,0x00,0x00,0x00,0x00,
    0x00,0x00,0x00,0x00,0x00,0x00,0x00,0x00,0x00,0x00,0x00,0x00,0xc7,0x39,0x38,0xc6,
    0xff,0xff,0xff,0xff,0xff,0xff,0xff,0xff,0xff,0xff,0xff,0xff,0xff,0xff,0xff,0xff,
    0xff,0xff,0xff,0xff,0xff,0xff,0xff,0xff,0xff,0xff,0xff,0xff,0xff,0xff,0xff,0xff,
    0xff,0xff,0xff,0xff,0xff,0xff,0xff,0xff,0xff,0xff,0xff,0xff,0xff,0xff,0xff,0xff,
    0xff,0xff,0xff,0xff,0xff,0xff,0xff,0xff,0xff,0xff,0xff,0xff,0xdf,0xff,0xff,0xff,
    0xff,0xff,0x38,0xc6,0xa6,0x31,0x00,0x00,0x00,0x00,0x00,0x00,0x00,0x00,0x00,0x00,
    0x00,0x00,0x00,0x00,0x00,0x00,0x00,0x00,0x00,0x00,0x00,0x00,0x00,0x00,0x00,0x00,
    0x00,0x00,0x00,0x00,0x00,0x00,0x00,0x00,0x4d,0x6b,0x5d,0xef,0xff,0xff,0xff,0xff,
    0xdf,0xff,0xff,0xff,0xff,0xff,0xff,0xff,0xff,0xff,0xff,0xff,0xff,0xff,0xff,0xff,
    0xff,0xff,0xff,0xff,0xff,0xff,0xff,0xff,0xff,0xff,0xff,0xff,0xff,0xff,0xff,0xff,
    0xff,0xff,0xff,0xff,0xff,0xff,0xff,0xff,0xff,0xff,0xff,0xff,0xff,0xff,0xff,0xff,
    0xff,0xff,0xff,0xff,0xff,0xff,0xdf,0xff,0xff,0xff,0xff,0xff,0xff,0xff,0xb6,0xb5,
    0x45,0x29,0x00,0x00,0x00,0x00,0x00,0x00,0x00,0x00,0x00,0x00,0x00,0x00,0x00,0x00,
    0x00,0x00,0x00,0x00,0x00,0x00,0x00,0x00,0x00,0x00,0x00,0x00,0x00,0x00,0x00,0x00,
    0x00,0x00,0x00,0x00,0x41,0x00,0x1c,0xdf,0xff,0xff,0xff,0xff,0xff,0xff,0xff,0xff,
    0xdf,0xff,0xff,0xff,0x35,0xa5,0x00,0x00,0x00,0x00,0x00,0x00,0x00,0x00,0x00,0x00,
    0x00,0x00,0x00,0x00,0x00,0x00,0x00,0x00,0x00,0x00,0x00,0x00,0x00,0x00,0x00,0x00,
    0x00,0x00,0x00,0x00,0x00,0x00,0x00,0x00,0x00,0x00,0x00,0x00,0x00,0x00,0x00,0x00,
    0x00,0x00,0x00,0x00,0x00,0x00,0x00,0x00,0x00,0x00,0x00,0x00,0x00,0x00,0x00,0x00,
    0x00,0x00,0x00,0x00,0x00,0x00,0x00,0x00,0x00,0x00,0x00,0x00,0x00,0x00,0x00,0x00,
    0x00,0x00,0x79,0xce,0xff,0xff,0xff,0xff,0xff,0xff,0xff,0xff,0xff,0xff,0xff,0xff,
    0xd7,0xbd,0x00,0x00,0x00,0x00,0x00,0x00,0x00,0x00,0x41,0x08,0x3c,0xe7,0xff,0xff,
    0xff,0xff,0xff,0xff,0xff,0xff,0xdf,0xff,0xff,0xff,0xd3,0x9c,0x00,0x00,0x20,0x00,
    0x00,0x00,0x00,0x00,0x00,0x00,0x00,0x00,0x00,0x00,0x00,0x00,0x00,0x00,0x00,0x00,
    0x00,0x00,0x00,0x00,0x00,0x00,0x00,0x00,0x00,0x00,0x00,0x00,0x00,0x00,0x00,0x00,
    0xcb,0x5a,0xfb,0xde,0xff,0xff,0xff,0xff,0xdf,0xff,0xff,0xff,0xff,0xff,0xff,0xff,
    0xff,0xff,0xff,0xff,0xff,0xff,0xff,0xff,0xff,0xff,0xff,0xff,0xff,0xff,0xff,0xff,
    0xff,0xff,0xff,0xff,0xff,0xff,0xff,0xff,0xff,0xff,0xff,0xff,0xff,0xff,0xff,0xff,
    0xff,0xff,0xff,0xff,0xff,0xff,0xff,0xff,0xff,0xff,0xff,0xff,0xff,0xff,0xdf,0xff,
    0xff,0xff,0xff,0xff,0xff,0xff,0x34,0xa5,0xe3,0x18,0x00,0x00,0x00,0x00,0x00,0x00,
    0x00,0x00,0x00,0x00,0x00,0x00,0x00,0x00,0x00,0x00,0x00,0x00,0x00,0x00,0x00,0x00,
    0x00,0x00,0x82,0x10,0x75,0xad,0xff,0xff,0xff,0xff,0xdf,0xff,0xff,0xff,0xff,0xff,
    0xff,0xff,0xff,0xff,0xff,0xff,0xff,0xff,0xff,0xff,0xff,0xff,0xff,0xff,0xff,0xff,
    0xff,0xff,0xff,0xff,0xff,0xff,0xff,0xff,0xff,0xff,0xff,0xff,0xff,0xff,0xff,0xff,
    0xff,0xff,0xff,0xff,0xff,0xff,0xff,0xff,0xff,0xff,0xff,0xff,0xff,0xff,0xff,0xff,
    0xff,0xff,0xff,0xff,0xff,0xff,0xdf,0xff,0xff,0xff,0xbb,0xd6,0x45,0x29,0x00,0x00,
    0x00,0x00,0x00,0x00,0x00,0x00,0x00,0x00,0x00,0x00,0x00,0x00,0x00,0x00,0x00,0x00,
    0x00,0x00,0x00,0x00,0x00,0x00,0x00,0x00,0x00,0x00,0x00,0x00,0x00,0x00,0x00,0x00,
    0x00,0x00,0x00,0x00,0x00,0x00,0x00,0x00,0x2c,0x63,0xdb,0xde,0xff,0xff,0xff,0xff,
    0xff,0xff,0xdf,0xff,0xff,0xff,0xff,0xff,0xff,0xff,0xff,0xff,0xff,0xff,0xff,0xff,
    0xff,0xff,0xff,0xff,0xff,0xff,0xff,0xff,0xff,0xff,0xff,0xff,0xff,0xff,0xff,0xff,
    0xff,0xff,0xff,0xff,0xff,0xff,0xff,0xff,0xff,0xff,0xff,0xff,0xff,0xff,0xff,0xff,
    0xff,0xff,0xff,0xff,0xff,0xff,0xfb,0xde,0x2d,0x63,0x00,0x00,0x00,0x00,0x20,0x00,
    0x00,0x00,0x00,0x00,0x00,0x00,0x00,0x00,0x00,0x00,0x00,0x00,0x00,0x00,0x00,0x00,
    0x00,0x00,0x00,0x00,0x00,0x00,0x00,0x00,0x00,0x00,0x00,0x00,0x00,0x00,0x00,0x00,
    0x00,0x00,0xe3,0x18,0x92,0x94,0x9e,0xf7,0xff,0xff,0xff,0xff,0xff,0xff,0xff,0xff,
    0xff,0xff,0xff,0xff,0xff,0xff,0xff,0xff,0xff,0xff,0xff,0xff,0xff,0xff,0xff,0xff,
    0xff,0xff,0xff,0xff,0xff,0xff,0xff,0xff,0xff,0xff,0xff,0xff,0xff,0xff,0xff,0xff,
    0xff,0xff,0xff,0xff,0xff,0xff,0xff,0xff,0xff,0xff,0xdf,0xff,0xff,0xff,0xff,0xff,
    0xff,0xff,0x79,0xce,0xaa,0x52,0x00,0x00,0x00,0x00,0x20,0x00,0x00,0x00,0x00,0x00,
    0x00,0x00,0x00,0x00,0x00,0x00,0x00,0x00,0x00,0x00,0x00,0x00,0x00,0x00,0x00,0x00,
    0x00,0x00,0x00,0x00,0x00,0x00,0x00,0x00,0x00,0x00,0x00,0x00,0x41,0x00,0x1c,0xdf,
    0xff,0xff,0xff,0xff,0xff,0xff,0xff,0xff,0xdf,0xff,0xff,0xff,0x35,0xa5,0x00,0x00,
    0x00,0x00,0x00,0x00,0x00,0x00,0x00,0x00,0x00,0x00,0x00,0x00,0x00,0x00,0x00,0x00,
    0x00,0x00,0x00,0x00,0x00,0x00,0x00,0x00,0x00,0x00,0x00,0x00,0x00,0x00,0x00,0x00,
    0x00,0x00,0x00,0x00,0x00,0x00,0x00,0x00,0x00,0x00,0x00,0x00,0x00,0x00,0x00,0x00,
    0x00,0x00,0x00,0x00,0x00,0x00,0x00,0x00,0x00,0x00,0x00,0x00,0x00,0x00,0x00,0x00,
    0x00,0x00,0x00,0x00,0x00,0x00,0x00,0x00,0x00,0x00,0x79,0xce,0xff,0xff,0xff,0xff,
    0xff,0xff,0xff,0xff,0xff,0xff,0xff,0xff,0xd7,0xbd,0x00,0x00,0x00,0x00,0x00,0x00,
    0x00,0x00,0x41,0x08,0x3c,0xe7,0xff,0xff,0xff,0xff,0xff,0xff,0xff,0xff,0xdf,0xff,
    0xff,0xff,0xd3,0x9c,0x00,0x00,0x20,0x00,0x00,0x00,0x00,0x00,0x00,0x00,0x00,0x00,
    0x00,0x00,0x00,0x00,0x00,0x00,0x00,0x00,0x00,0x00,0x00,0x00,0x00,0x00,0x00,0x00,
    0x00,0x00,0x00,0x00,0x00,0x00,0x00,0x00,0x00,0x00,0x82,0x10,0x30,0x84,0x7d,0xef,
    0xff,0xff,0xff,0xff,0xff,0xff,0xff,0xff,0xff,0xff,0xff,0xff,0xff,0xff,0xff,0xff,
    0xff,0xff,0xff,0xff,0xff,0xff,0xff,0xff,0xff,0xff,0xff,0xff,0xff,0xff,0xff,0xff,
    0xff,0xff,0xff,0xff,0xff,0xff,0xff,0xff,0xff,0xff,0xff,0xff,0xff,0xff,0xff,0xff,
    0xff,0xff,0xdf,0xff,0xff,0xff,0xff,0xff,0xff,0xff,0x59,0xce,0x49,0x4a,0x00,0x00,
    0x00,0x00,0x00,0x00,0x00,0x00,0x00,0x00,0x00,0x00,0x00,0x00,0x00,0x00,0x00,0x00,
    0x00,0x00,0x00,0x00,0x00,0x00,0x00,0x00,0x00,0x00,0x00,0x00,0x00,0x00,0x4d,0x63,
    0x5d,0xef,0xff,0xff,0xff,0xff,0xdf,0xff,0xff,0xff,0xff,0xff,0xff,0xff,0xff,0xff,
    0xff,0xff,0xff,0xff,0xff,0xff,0xdf,0xff,0xdf,0xff,0xff,0xff,0xff,0xff,0xff,0xff,
    0xff,0xff,0xff,0xff,0xff,0xff,0xdf,0xff,0xdf,0xff,0xdf,0xff,0xff,0xff,0xff,0xff,
    0xff,0xff,0xff,0xff,0xff,0xff,0xff,0xff,0xdf,0xff,0xff,0xff,0xff,0xff,0xff,0xff,
    0x55,0xa5,0xa2,0x10,0x00,0x00,0x00,0x00,0x00,0x00,0x00,0x00,0x00,0x00,0x00,0x00,
    0x00,0x00,0x00,0x00,0x00,0x00,0x00,0x00,0x00,0x00,0x00,0x00,0x00,0x00,0x00,0x00,
    0x00,0x00,0x00,0x00,0x00,0x00,0x00,0x00,0x00,0x00,0x00,0x00,0x00,0x00,0x00,0x00,
    0x00,0x00,0x41,0x08,0x2d,0x63,0x79,0xce,0xff,0xff,0xff,0xff,0xff,0xff,0xff,0xff,
    0xdf,0xff,0xff,0xff,0xff,0xff,0xff,0xff,0xff,0xff,0xff,0xff,0xff,0xff,0xff,0xff,
    0xff,0xff,0xff,0xff,0xff,0xff,0xff,0xff,0xff,0xff,0xff,0xff,0xff,0xff,0xff,0xff,
    0xdf,0xff,0xff,0xff,0xff,0xff,0xff,0xff,0xff,0xff,0xba,0xd6,0x8e,0x73,0x62,0x08,
    0x00,0x00,0x00,0x00,0x00,0x00,0x00,0x00,0x00,0x00,0x00,0x00,0x00,0x00,0x00,0x00,
    0x00,0x00,0x00,0x00,0x00,0x00,0x00,0x00,0x00,0x00,0x00,0x00,0x00,0x00,0x00,0x00,
    0x00,0x00,0x00,0x00,0x00,0x00,0x00,0x00,0x00,0x00,0x00,0x00,0x00,0x00,0x24,0x21,
    0x71,0x8c,0x3c,0xe7,0xff,0xff,0xff,0xff,0xff,0xff,0xff,0xff,0xdf,0xff,0xff,0xff,
    0xff,0xff,0xff,0xff,0xff,0xff,0xff,0xff,0xff,0xff,0xff,0xff,0xff,0xff,0xff,0xff,
    0xff,0xff,0xff,0xff,0xff,0xff,0xff,0xff,0xdf,0xff,0xdf,0xff,0xdf,0xff,0xff,0xff,
    0xff,0xff,0xff,0xff,0xff,0xff,0x18,0xc6,0xcb,0x52,0x20,0x00,0x00,0x00,0x00,0x00,
    0x00,0x00,0x00,0x00,0x00,0x00,0x00,0x00,0x00,0x00,0x00,0x00,0x00,0x00,0x00,0x00,
    0x00,0x00,0x00,0x00,0x00,0x00,0x00,0x00,0x00,0x00,0x00,0x00,0x00,0x00,0x00,0x00,
    0x00,0x00,0x00,0x00,0x41,0x00,0x1c,0xdf,0xff,0xff,0xff,0xff,0xff,0xff,0xff,0xff,
    0xdf,0xff,0xff,0xff,0x35,0xa5,0x00,0x00,0x00,0x00,0x00,0x00,0x00,0x00,0x00,0x00,
    0x00,0x00,0x00,0x00,0x00,0x00,0x00,0x00,0x00,0x00,0x00,0x00,0x00,0x00,0x00,0x00,
    0x00,0x00,0x00,0x00,0x00,0x00,0x00,0x00,0x00,0x00,0x00,0x00,0x00,0x00,0x00,0x00,
    0x00,0x00,0x00,0x00,0x00,0x00,0x00,0x00,0x00,0x00,0x00,0x00,0x00,0x00,0x00,0x00,
    0x00,0x00,0x00,0x00,0x00,0x00,0x00,0x00,0x00,0x00,0x00,0x00,0x00,0x00,0x00,0x00,
    0x00,0x00,0x79,0xce,0xff,0xff,0xff,0xff,0xff,0xff,0xff,0xff,0xff,0xff,0xff,0xff,
    0xd7,0xbd,0x00,0x00,0x00,0x00,0x00,0x00,0x00,0x00,0x41,0x08,0x3c,0xe7,0xff,0xff,
    0xff,0xff,0xff,0xff,0xff,0xff,0xdf,0xff,0xff,0xff,0xd3,0x9c,0x00,0x00,0x20,0x00,
    0x00,0x00,0x00,0x00,0x00,0x00,0x00,0x00,0x00,0x00,0x00,0x00,0x00,0x00,0x00,0x00,
    0x00,0x00,0x00,0x00,0x00,0x00,0x00,0x00,0x00,0x00,0x00,0x00,0x00,0x00,0x00,0x00,
    0x00,0x00,0x00,0x00,0x00,0x00,0xe3,0x18,0x10,0x7c,0xfb,0xde,0xff,0xff,0xff,0xff,
    0xff,0xff,0xff,0xff,0xdf,0xff,0xff,0xff,0xff,0xff,0xff,0xff,0xff,0xff,0xff,0xff,
    0xff,0xff,0xff,0xff,0xff,0xff,0xff,0xff,0xff,0xff,0xff,0xff,0xff,0xff,0xff,0xff,
    0xff,0xff,0xff,0xff,0xdf,0xff,0xff,0xff,0xff,0xff,0xff,0xff,0xff,0xff,0x18,0xc6,
    0xcb,0x52,0x00,0x00,0x00,0x00,0x00,0x00,0x00,0x00,0x00,0x00,0x00,0x00,0x00,0x00,
    0x00,0x00,0x00,0x00,0x00,0x00,0x00,0x00,0x00,0x00,0x00,0x00,0x00,0x00,0x00,0x00,
    0x00,0x00,0x00,0x00,0x00,0x00,0x00,0x00,0xe3,0x18,0xb2,0x94,0xbe,0xf7,0xff,0xff,
    0xff,0xff,0xff,0xff,0xff,0xff,0xff,0xff,0xff,0xff,0xff,0xff,0xff,0xff,0xff,0xff,
    0xff,0xff,0xff,0xff,0xff,0xff,0xff,0xff,0xff,0xff,0xff,0xff,0xff,0xff,0xff,0xff,
    0xff,0xff,0xff,0xff,0xff,0xff,0xff,0xff,0xff,0xff,0xff,0xff,0xdf,0xff,0xff,0xff,
    0xff,0xff,0xff,0xff,0x9a,0xd6,0xaa,0x52,0x00,0x00,0x00,0x00,0x00,0x00,0x00,0x00,
    0x00,0x00,0x00,0x00,0x00,0x00,0x00,0x00,0x00,0x00,0x00,0x00,0x00,0x00,0x00,0x00,
    0x00,0x00,0x00,0x00,0x00,0x00,0x00,0x00,0x00,0x00,0x00,0x00,0x00,0x00,0x00,0x00,
    0x00,0x00,0x00,0x00,0x00,0x00,0x00,0x00,0x00,0x00,0x00,0x00,0x00,0x00,0x00,0x00,
    0x08,0x42,0xd3,0x94,0xfb,0xde,0xff,0xff,0xff,0xff,0xff,0xff,0xff,0xff,0xff,0xff,
    0xff,0xff,0xff,0xff,0xff,0xff,0xff,0xff,0xff,0xff,0xff,0xff,0xff,0xff,0xff,0xff,
    0xff,0xff,0xff,0xff,0xff,0xff,0xff,0xff,0xff,0xff,0xff,0xff,0x5d,0xef,0x35,0xa5,
    0x6a,0x4a,0x20,0x00,0x00,0x00,0x00,0x00,0x00,0x00,0x00,0x00,0x00,0x00,0x00,0x00,
    0x00,0x00,0x00,0x00,0x00,0x00,0x00,0x00,0x00,0x00,0x00,0x00,0x00,0x00,0x00,0x00,
    0x00,0x00,0x00,0x00,0x00,0x00,0x00,0x00,0x00,0x00,0x00,0x00,0x00,0x00,0x00,0x00,
    0x00,0x00,0x00,0x00,0x00,0x00,0x00,0x00,0x00,0x00,0x82,0x10,0xcb,0x52,0x75,0xad,
    0x5d,0xef,0xff,0xff,0xff,0xff,0xff,0xff,0xff,0xff,0xff,0xff,0xff,0xff,0xff,0xff,
    0xff,0xff,0xff,0xff,0xff,0xff,0xff,0xff,0xff,0xff,0xff,0xff,0xff,0xff,0xff,0xff,
    0xff,0xff,0xff,0xff,0xff,0xff,0xff,0xff,0x9a,0xd6,0x71,0x8c,0xa7,0x31,0x00,0x00,
    0x00,0x00,0x00,0x00,0x00,0x00,0x00,0x00,0x00,0x00,0x00,0x00,0x00,0x00,0x00,0x00,
    0x00,0x00,0x00,0x00,0x00,0x00,0x00,0x00,0x00,0x00,0x00,0x00,0x00,0x00,0x00,0x00,
    0x00,0x00,0x00,0x00,0x00,0x00,0x00,0x00,0x00,0x00,0x00,0x00,0x41,0x00,0xfb,0xde,
    0xff,0xff,0xdf,0xff,0xff,0xff,0xff,0xff,0xdf,0xff,0xff,0xff,0x34,0xa5,0x00,0x00,
    0x00,0x00,0x00,0x00,0x00,0x00,0x00,0x00,0x00,0x00,0x00,0x00,0x00,0x00,0x00,0x00,
    0x00,0x00,0x00,0x00,0x00,0x00,0x00,0x00,0x00,0x00,0x00,0x00,0x00,0x00,0x00,0x00,
    0x00,0x00,0x00,0x00,0x00,0x00,0x00,0x00,0x00,0x00,0x00,0x00,0x00,0x00,0x00,0x00,
    0x00,0x00,0x00,0x00,0x00,0x00,0x00,0x00,0x00,0x00,0x00,0x00,0x00,0x00,0x00,0x00,
    0x00,0x00,0x00,0x00,0x00,0x00,0x00,0x00,0x00,0x00,0x59,0xce,0xff,0xff,0xdf,0xff,
    0xff,0xff,0xff,0xff,0xdf,0xff,0xff,0xff,0xb7,0xb5,0x00,0x00,0x00,0x00,0x00,0x00,
    0x00,0x00,0x41,0x08,0x1c,0xe7,0xff,0xff,0xdf,0xff,0xff,0xff,0xff,0xff,0xdf,0xff,
    0xff,0xff,0xd3,0x94,0x00,0x00,0x20,0x00,0x00,0x00,0x00,0x00,0x00,0x00,0x00,0x00,
    0x00,0x00,0x00,0x00,0x00,0x00,0x00,0x00,0x00,0x00,0x00,0x00,0x00,0x00,0x00,0x00,
    0x00,0x00,0x00,0x00,0x00,0x00,0x00,0x00,0x00,0x00,0x00,0x00,0x00,0x00,0x00,0x00,
    0x00,0x00,0x61,0x08,0x8a,0x52,0x55,0xad,0x5d,0xef,0xff,0xff,0xff,0xff,0xff,0xff,
    0xff,0xff,0xff,0xff,0xff,0xff,0xff,0xff,0xff,0xff,0xff,0xff,0xff,0xff,0xff,0xff,
    0xff,0xff,0xff,0xff,0xff,0xff,0xff,0xff,0xff,0xff,0xff,0xff,0xff,0xff,0xff,0xff,
    0xfb,0xde,0xb2,0x94,0xe7,0x39,0x00,0x00,0x00,0x00,0x00,0x00,0x00,0x00,0x00,0x00,
    0x00,0x00,0x00,0x00,0x00,0x00,0x00,0x00,0x00,0x00,0x00,0x00,0x00,0x00,0x00,0x00,
    0x00,0x00,0x00,0x00,0x00,0x00,0x00,0x00,0x00,0x00,0x00,0x00,0x00,0x00,0x00,0x00,
    0x00,0x00,0x00,0x00,0x25,0x21,0x71,0x8c,0x3c,0xe7,0xff,0xff,0xff,0xff,0xff,0xff,
    0xff,0xff,0xff,0xff,0xff,0xff,0xff,0xff,0xff,0xff,0xff,0xff,0xff,0xff,0xff,0xff,
    0xff,0xff,0xff,0xff,0xff,0xff,0xff,0xff,0xff,0xff,0xff,0xff,0xff,0xff,0xff,0xff,
    0xff,0xff,0xff,0xff,0xff,0xff,0xff,0xff,0x18,0xc6,0xec,0x5a,0x41,0x00,0x00,0x00,
    0x00,0x00,0x00,0x00,0x00,0x00,0x00,0x00,0x00,0x00,0x00,0x00,0x00,0x00,0x00,0x00,
    0x00,0x00,0x00,0x00,0x00,0x00,0x00,0x00,0x00,0x00,0x00,0x00,0x00,0x00,0x00,0x00,
    0x00,0x00,0x00,0x00,0x00,0x00,0x00,0x00,0x00,0x00,0x00,0x00,0x00,0x00,0x00,0x00,
    0x00,0x00,0x00,0x00,0x00,0x00,0x00,0x00,0x00,0x00,0x00,0x00,0x41,0x08,0xc7,0x39,
    0xae,0x73,0x55,0xad,0x9a,0xd6,0x7d,0xef,0xdf,0xff,0xff,0xff,0xff,0xff,0xff,0xff,
    0xff,0xff,0xff,0xff,0xff,0xff,0xff,0xff,0xff,0xff,0xbe,0xf7,0xdb,0xde,0xd7,0xb5,
    0x30,0x84,0x49,0x4a,0x82,0x10,0x00,0x00,0x00,0x00,0x00,0x00,0x00,0x00,0x00,0x00,
    0x00,0x00,0x00,0x00,0x00,0x00,0x00,0x00,0x00,0x00,0x00,0x00,0x00,0x00,0x00,0x00,
    0x00,0x00,0x00,0x00,0x00,0x00,0x00,0x00,0x00,0x00,0x00,0x00,0x00,0x00,0x00,0x00,
    0x00,0x00,0x00,0x00,0x00,0x00,0x00,0x00,0x00,0x00,0x00,0x00,0x00,0x00,0x00,0x00,
    0x00,0x00,0x00,0x00,0x00,0x00,0x00,0x00,0xa2,0x10,0x28,0x42,0xcf,0x7b,0x75,0xad,
    0x9a,0xd6,0x5d,0xef,0xdf,0xff,0xff,0xff,0xff,0xff,0xff,0xff,0xff,0xff,0xff,0xff,
    0xff,0xff,0xff,0xff,0xbe,0xf7,0x1c,0xe7,0x38,0xc6,0xf3,0x9c,0x2c,0x63,0x65,0x29,
    0x00,0x00,0x00,0x00,0x00,0x00,0x00,0x00,0x00,0x00,0x00,0x00,0x00,0x00,0x00,0x00,
    0x00,0x00,0x00,0x00,0x00,0x00,0x00,0x00,0x00,0x00,0x00,0x00,0x00,0x00,0x00,0x00,
    0x00,0x00,0x00,0x00,0x00,0x00,0x00,0x00,0x00,0x00,0x00,0x00,0x00,0x00,0x00,0x00,
    0x00,0x00,0x00,0x00,0x41,0x00,0x5d,0xef,0xff,0xff,0xff,0xff,0xff,0xff,0xff,0xff,
    0xff,0xff,0xff,0xff,0x76,0xad,0x00,0x00,0x00,0x00,0x00,0x00,0x00,0x00,0x00,0x00,
    0x00,0x00,0x00,0x00,0x00,0x00,0x00,0x00,0x00,0x00,0x00,0x00,0x00,0x00,0x00,0x00,
    0x00,0x00,0x00,0x00,0x00,0x00,0x00,0x00,0x00,0x00,0x00,0x00,0x00,0x00,0x00,0x00,
    0x00,0x00,0x00,0x00,0x00,0x00,0x00,0x00,0x00,0x00,0x00,0x00,0x00,0x00,0x00,0x00,
    0x00,0x00,0x00,0x00,0x00,0x00,0x00,0x00,0x00,0x00,0x00,0x00,0x00,0x00,0x00,0x00,
    0x00,0x00,0xba,0xd6,0xff,0xff,0xff,0xff,0xff,0xff,0xff,0xff,0xff,0xff,0xff,0xff,
    0x18,0xc6,0x00,0x00,0x00,0x00,0x00,0x00,0x00,0x00,0x61,0x08,0x9e,0xef,0xff,0xff,
    0xff,0xff,0xff,0xff,0xff,0xff,0xff,0xff,0xff,0xff,0x14,0xa5,0x00,0x00,0x20,0x00,
    0x00,0x00,0x00,0x00,0x00,0x00,0x00,0x00,0x00,0x00,0x00,0x00,0x00,0x00,0x00,0x00,
    0x00,0x00,0x00,0x00,0x00,0x00,0x00,0x00,0x00,0x00,0x00,0x00,0x00,0x00,0x00,0x00,
    0x00,0x00,0x00,0x00,0x00,0x00,0x00,0x00,0x00,0x00,0x00,0x00,0x00,0x00,0x00,0x00,
    0x82,0x10,0x28,0x42,0x10,0x84,0xb6,0xb5,0xbb,0xd6,0x9e,0xf7,0xff,0xff,0xff,0xff,
    0xff,0xff,0xff,0xff,0xff,0xff,0xff,0xff,0xff,0xff,0xff,0xff,0xff,0xff,0x9e,0xf7,
    0xba,0xd6,0x75,0xad,0xcf,0x7b,0xe7,0x39,0x41,0x08,0x00,0x00,0x00,0x00,0x00,0x00,
    0x00,0x00,0x00,0x00,0x00,0x00,0x00,0x00,0x00,0x00,0x00,0x00,0x00,0x00,0x00,0x00,
    0x00,0x00,0x00,0x00,0x00,0x00,0x00,0x00,0x00,0x00,0x00,0x00,0x00,0x00,0x00,0x00,
    0x00,0x00,0x00,0x00,0x00,0x00,0x00,0x00,0x00,0x00,0x00,0x00,0x00,0x00,0x00,0x00,
    0x82,0x10,0xaa,0x52,0x34,0xa5,0xfb,0xde,0xff,0xff,0xff,0xff,0xff,0xff,0xff,0xff,
    0xff,0xff,0xff,0xff,0xff,0xff,0xff,0xff,0xff,0xff,0xff,0xff,0xff,0xff,0xff,0xff,
    0xff,0xff,0xff,0xff,0xff,0xff,0xff,0xff,0x3c,0xe7,0xd7,0xbd,0xcf,0x7b,0x86,0x29,
    0x00,0x00,0x00,0x00,0x00,0x00,0x00,0x00,0x00,0x00,0x00,0x00,0x00,0x00,0x00,0x00,
    0x00,0x00,0x00,0x00,0x00,0x00,0x00,0x00,0x00,0x00,0x00,0x00,0x00,0x00,0x00,0x00,
    0x00,0x00,0x00,0x00,0x00,0x00,0x00,0x00,0x00,0x00,0x00,0x00,0x00,0x00,0x00,0x00,
    0x00,0x00,0x00,0x00,0x00,0x00,0x00,0x00,0x00,0x00,0x00,0x00,0x00,0x00,0x00,0x00,
    0x00,0x00,0x20,0x00,0x00,0x00,0x00,0x00,0x00,0x00,0x00,0x00,0x00,0x00,0xc3,0x18,
    0x86,0x29,0x69,0x4a,0xaa,0x52,0x2c,0x63,0x6e,0x6b,0x6d,0x6b,0xeb,0x5a,0x8a,0x52,
    0xe8,0x39,0x04,0x21,0x41,0x08,0x00,0x00,0x00,0x00,0x00,0x00,0x00,0x00,0x00,0x00,
    0x00,0x00,0x00,0x00,0x00,0x00,0x00,0x00,0x00,0x00,0x00,0x00,0x00,0x00,0x00,0x00,
    0x00,0x00,0x00,0x00,0x00,0x00,0x00,0x00,0x00,0x00,0x00,0x00,0x00,0x00,0x00,0x00,
    0x00,0x00,0x00,0x00,0x00,0x00,0x00,0x00,0x00,0x00,0x00,0x00,0x00,0x00,0x00,0x00,
    0x00,0x00,0x00,0x00,0x00,0x00,0x00,0x00,0x00,0x00,0x00,0x00,0x20,0x00,0x00,0x00,
    0x00,0x00,0x00,0x00,0x00,0x00,0x00,0x00,0x00,0x00,0xc3,0x10,0x45,0x21,0x08,0x3a,
    0x69,0x4a,0x8a,0x52,0x8a,0x52,0x8a,0x52,0x49,0x4a,0xc7,0x31,0x04,0x21,0x61,0x08,
    0x00,0x00,0x00,0x00,0x00,0x00,0x00,0x00,0x00,0x00,0x20,0x00,0x00,0x00,0x00,0x00,
    0x00,0x00,0x00,0x00,0x00,0x00,0x00,0x00,0x00,0x00,0x00,0x00,0x00,0x00,0x00,0x00,
    0x00,0x00,0x00,0x00,0x00,0x00,0x00,0x00,0x00,0x00,0x00,0x00,0x00,0x00,0x00,0x00,
    0x00,0x00,0x00,0x00,0x00,0x00,0x00,0x00,0x00,0x00,0x00,0x00,0x00,0x00,0x4d,0x6b,
    0xef,0x7b,0xcf,0x73,0xcf,0x7b,0xcf,0x7b,0xcf,0x73,0xef,0x7b,0x6a,0x4a,0x00,0x00,
    0x00,0x00,0x00,0x00,0x00,0x00,0x00,0x00,0x00,0x00,0x00,0x00,0x00,0x00,0x00,0x00,
    0x00,0x00,0x00,0x00,0x00,0x00,0x00,0x00,0x00,0x00,0x00,0x00,0x00,0x00,0x00,0x00,
    0x00,0x00,0x00,0x00,0x00,0x00,0x00,0x00,0x00,0x00,0x00,0x00,0x00,0x00,0x00,0x00,
    0x00,0x00,0x00,0x00,0x00,0x00,0x00,0x00,0x00,0x00,0x00,0x00,0x00,0x00,0x00,0x00,
    0x00,0x00,0x00,0x00,0x00,0x00,0x00,0x00,0x00,0x00,0x28,0x42,0xaa,0x52,0xcb,0x5a,
    0x0c,0x63,0x4d,0x6b,0x6d,0x6b,0xcf,0x73,0xcb,0x52,0x00,0x00,0x00,0x00,0x00,0x00,
    0x00,0x00,0x20,0x00,0x6e,0x6b,0xef,0x7b,0xcf,0x7b,0xef,0x7b,0xef,0x7b,0xcf,0x73,
    0xf0,0x7b,0x49,0x4a,0x00,0x00,0x00,0x00,0x00,0x00,0x00,0x00,0x00,0x00,0x00,0x00,
    0x00,0x00,0x00,0x00,0x00,0x00,0x00,0x00,0x00,0x00,0x00,0x00,0x00,0x00,0x00,0x00,
    0x00,0x00,0x00,0x00,0x00,0x00,0x00,0x00,0x00,0x00,0x00,0x00,0x00,0x00,0x00,0x00,
    0x00,0x00,0x00,0x00,0x20,0x00,0x00,0x00,0x00,0x00,0x00,0x00,0x00,0x00,0x00,0x00,
    0x20,0x00,0xe3,0x18,0xc7,0x31,0x8a,0x4a,0xcb,0x5a,0x4d,0x63,0x8e,0x6b,0x4d,0x6b,
    0xcb,0x5a,0x8a,0x4a,0xc7,0x31,0xe3,0x18,0x20,0x00,0x00,0x00,0x00,0x00,0x00,0x00,
    0x00,0x00,0x20,0x00,0x00,0x00,0x00,0x00,0x00,0x00,0x00,0x00,0x00,0x00,0x00,0x00,
    0x00,0x00,0x00,0x00,0x00,0x00,0x00,0x00,0x00,0x00,0x00,0x00,0x00,0x00,0x00,0x00,
    0x00,0x00,0x00,0x00,0x00,0x00,0x00,0x00,0x00,0x00,0x00,0x00,0x00,0x00,0x00,0x00,
    0x00,0x00,0x00,0x00,0x00,0x00,0x20,0x00,0x00,0x00,0x00,0x00,0x00,0x00,0x61,0x08,
    0xc7,0x39,0x6d,0x6b,0xf3,0x9c,0x38,0xc6,0xbb,0xd6,0x7d,0xef,0xbe,0xf7,0xbe,0xf7,
    0x9e,0xef,0x5d,0xef,0xdb,0xde,0x79,0xce,0xb6,0xb5,0x92,0x94,0x4d,0x6b,0xe8,0x39,
    0xa2,0x10,0x00,0x00,0x00,0x00,0x00,0x00,0x00,0x00,0x20,0x00,0x00,0x00,0x00,0x00,
    0x00,0x00,0x00,0x00,0x00,0x00,0x00,0x00,0x00,0x00,0x00,0x00,0x00,0x00,0x00,0x00,
};
const lv_img_dsc_t img_comics = {
    .header.cf = LV_IMG_CF_TRUE_COLOR,
    .header.always_zero = 0,
    .header.reserved = 0,
    .header.w = 300,
    .header.h = 66,
    .data_size = 39600,
    .data = img_comics_map,
};

#else
static const uint8_t img_genex_0_map[] = {
    0x00,0x00,0x00,0x00,0x00,0x00,0x00,0x00,0x00,0x00,0x00,0x00,0x00,0x00,0x00,0x00,
    0x00,0x00,0x00,0x00,0x00,0x00,0x00,0x00,0x00,0x00,0x00,0x00,0x00,0x00,0x00,0x00,
    0x00,0x00,0x00,0x00,0x00,0x00,0x00,0x00,0x00,0x00,0x00,0x00,0x00,0x00,0x00,0x00,
    0x00,0x00,0x00,0x00,0x00,0x00,0x00,0x00,0x08,0x20,0x30,0xc0,0x59,0x60,0x81,0xe0,
    0xa2,0x60,0xba,0xc0,0xcb,0x00,0xdb,0x20,0xdb,0x40,0xdb,0x40,0xdb,0x40,0xdb,0x40,
    0xdb,0x40,0xd3,0x20,0xd3,0x20,0xd3,0x20,0xcb,0x00,0xc3,0x00,0xba,0xc0,0xaa,0x80,
    0x92,0x40,0x81,0xe0,0x61,0x80,0x38,0xe0,0x08,0x20,0x00,0x00,0x00,0x00,0x00,0x00,
    0x00,0x00,0x00,0x00,0x00,0x00,0x00,0x00,0x00,0x00,0x00,0x00,0x00,0x00,0x00,0x00,
    0x00,0x00,0x00,0x00,0x00,0x00,0x00,0x00,0x00,0x00,0x00,0x00,0x00,0x00,0x00,0x00,
    0x00,0x00,0x00,0x00,0x00,0x00,0x00,0x00,0x00,0x00,0x00,0x00,0x00,0x00,0x00,0x00,
    0x00,0x00,0x00,0x00,0x00,0x00,0x00,0x00,0x30,0xc0,0x71,0xc0,0xb2,0xa0,0xdb,0x40,
    0xfb,0xa0,0xfb,0xe0,0xfb,0xe0,0xfb,0xe0,0xfb,0xe0,0xfb,0xe0,0xfb,0xc0,0xfb,0xc0,
    0xfb,0xc0,0xfb,0xe0,0xfb,0xe0,0xfb,0xe0,0xfb,0xe0,0xfb,0xe0,0xfb,0xe0,0xfb,0xe0,
    0xfb,0xe0,0xfb,0xe0,0xfc,0x00,0xfc,0x00,0xfc,0x00,0xfc,0x00,0xfb,0xc0,0xdb,0x60,
    0x9a,0x60,0x30,0xc0,0x00,0x00,0x00,0x00,0x00,0x00,0x00,0x00,0x00,0x00,0x00,0x00,
    0x00,0x00,0x00,0x00,0x00,0x00,0x00,0x00,0x00,0x00,0x00,0x00,0x00,0x00,0x00,0x00,
    0x00,0x00,0x00,0x00,0x00,0x00,0x00,0x00,0x00,0x00,0x00,0x00,0x00,0x00,0x00,0x00,
    0x00,0x00,0x00,0x00,0x00,0x00,0x00,0x00,0x30,0xa0,0x8a,0x00,0xd3,0x20,0xfb,0xc0,
    0xfc,0x00,0xfb,0xe0,0xfb,0xc0,0xfb,0xa0,0xfb,0xa0,0xfb,0xa0,0xfb,0xa0,0xfb,0xa0,
    0xfb,0xa0,0xfb,0xa0,0xfb,0xa0,0xfb,0xc0,0xfb,0xc0,0xfb,0xc0,0xfb,0xc0,0xfb,0xc0,
    0xfb,0xc0,0xfb,0xc0,0xfb,0xc0,0xf3,0xc0,0xf3,0xc0,0xf3,0xc0,0xf3,0xc0,0xf3,0xc0,
    0xf3,0xc0,0xfb,0xc0,0xfb,0xe0,0xfc,0x20,0xfb,0xe0,0x82,0x00,0x00,0x00,0x00,0x00,
    0x00,0x00,0x00,0x00,0x00,0x00,0x00,0x00,0x00,0x00,0x00,0x00,0x00,0x00,0x00,0x00,
    0x00,0x00,0x00,0x00,0x00,0x00,0x00,0x00,0x00,0x00,0x00,0x00,0x00,0x00,0x00,0x00,
    0x00,0x00,0x00,0x00,0x00,0x00,0x00,0x00,0x00,0x00,0x51,0x40,0xba,0xc0,0xfb,0xa0,
    0xfb,0xe0,0xfb,0xc0,0xfb,0xa0,0xf3,0xa0,0xfb,0xa0,0xfb,0xa0,0xfb,0xa0,0xfb,0xc0,
    0xfb,0xc0,0xfb,0xc0,0xfb,0xc0,0xfb,0xc0,0xfb,0xc0,0xfb,0xc0,0xfb,0xc0,0xfb,0xc0,
    0xfb,0xc0,0xfb,0xc0,0xfb,0xc0,0xfb,0xc0,0xfb,0xc0,0xfb,0xc0,0xfb,0xc0,0xfb,0xc0,
    0xfb,0xc0,0xfb,0xc0,0xfb,0xc0,0xfb,0xc0,0xfb,0xc0,0xfb,0xc0,0xf3,0xc0,0xfb,0xc0,
    0xfc,0x20,0xc3,0x00,0x30,0xc0,0x00,0x00,0x00,0x00,0x00,0x00,0x00,0x00,0x00,0x00,
    0x00,0x00,0x00,0x00,0x00,0x00,0x00,0x00,0x00,0x00,0x00,0x00,0x00,0x00,0x00,0x00,
    0x00,0x00,0x00,0x00,0x00,0x00,0x00,0x00,0x00,0x00,0x00,0x00,0x59,0x40,0xcb,0x00,
    0xfb,0xe0,0xfb,0xe0,0xfb,0xa0,0xfb,0xa0,0xfb,0xa0,0xfb,0xa0,0xfb,0xa0,0xfb,0xa0,
    0xfb,0xa0,0xfb,0xa0,0xfb,0xc0,0xfb,0xc0,0xfb,0xc0,0xfb,0xc0,0xfb,0xc0,0xfb,0xc0,
    0xfb,0xc0,0xfb,0xc0,0xfb,0xc0,0xfb,0xc0,0xfb,0xc0,0xfb,0xc0,0xfb,0xc0,0xfb,0xc0,
    0xfb,0xc0,0xfb,0xc0,0xfb,0xc0,0xfb,0xc0,0xfb,0xc0,0xfb,0xc0,0xfb,0xc0,0xfb,0xc0,
    0xfb,0xc0,0xfb,0xc0,0xfb,0xc0,0xf3,0xc0,0xfc,0x00,0xf3,0xe0,0x71,0xc0,0x00,0x00,
    0x00,0x00,0x00,0x00,0x00,0x00,0x00,0x00,0x00,0x00,0x00,0x00,0x00,0x00,0x00,0x00,
    0x00,0x00,0x00,0x00,0x00,0x00,0x00,0x00,0x00,0x00,0x00,0x00,0x00,0x00,0x38,0xc0,
    0xba,0xc0,0xfb,0xe0,0xfb,0xc0,0xfb,0xa0,0xfb,0xa0,0xfb,0xa0,0xfb,0xa0,0xfb,0xa0,
    0xfb,0xa0,0xfb,0xa0,0xfb,0xa0,0xfb,0xa0,0xfb,0xa0,0xfb,0xc0,0xfb,0xc0,0xfb,0xc0,
    0xfb,0xc0,0xfb,0xc0,0xfb,0xc0,0xfb,0xc0,0xfb,0xc0,0xfb,0xc0,0xfb,0xc0,0xfb,0xc0,
    0xfb,0xc0,0xfb,0xc0,0xfb,0xc0,0xfb,0xc0,0xfb,0xc0,0xfb,0xc0,0xfb,0xc0,0xfb,0xc0,
    0xfb,0xc0,0xfb,0xc0,0xfb,0xc0,0xfb,0xc0,0xfb,0xc0,0xfb,0xc0,0xfb,0xc0,0xf3,0xa0,
    0xfc,0x20,0x92,0x40,0x00,0x00,0x00,0x00,0x00,0x00,0x00,0x00,0x00,0x00,0x00,0x00,
    0x00,0x00,0x00,0x00,0x00,0x00,0x00,0x00,0x00,0x00,0x00,0x00,0x00,0x00,0x00,0x00,
    0x00,0x00,0x8a,0x00,0xfb,0xa0,0xfb,0xe0,0xfb,0xa0,0xfb,0xa0,0xfb,0xa0,0xfb,0xa0,
    0xfb,0xa0,0xfb,0xa0,0xfb,0xa0,0xfb,0xa0,0xfb,0xa0,0xfb,0xa0,0xfb,0xa0,0xfb,0xa0,
    0xfb,0xc0,0xfb,0xc0,0xfb,0xc0,0xfb,0xc0,0xfb,0xc0,0xfb,0xc0,0xfb,0xc0,0xfb,0xc0,
    0xfb,0xc0,0xfb,0xc0,0xfb,0xc0,0xfb,0xc0,0xfb,0xc0,0xfb,0xc0,0xfb,0xc0,0xfb,0xc0,
    0xfb,0xc0,0xfb,0xc0,0xfb,0xc0,0xfb,0xc0,0xfb,0xc0,0xfb,0xc0,0xfb,0xc0,0xfb,0xc0,
    0xfb,0xc0,0xfb,0xc0,0xf3,0xc0,0xfb,0xe0,0x49,0x20,0x00,0x00,0x00,0x00,0x00,0x00,
    0x00,0x00,0x00,0x00,0x00,0x00,0x00,0x00,0x00,0x00,0x00,0x00,0x00,0x00,0x00,0x00,
    0x00,0x00,0x00,0x00,0x28,0xa0,0xca,0xe0,0xfb,0xe0,0xfb,0xa0,0xfb,0xa0,0xfb,0xa0,
    0xfb,0xa0,0xfb,0xa0,0xfb,0xa0,0xfb,0xa0,0xfb,0xa0,0xfb,0xa0,0xfb,0xa0,0xfb,0xa0,
    0xfb,0xa0,0xfb,0xa0,0xfb,0xa0,0xfb,0xc0,0xfb,0xc0,0xfb,0xc0,0xfb,0xc0,0xfb,0xc0,
    0xfb,0xc0,0xfb,0xc0,0xfb,0xc0,0xfb,0xc0,0xfb,0xc0,0xfb,0xc0,0xfb,0xc0,0xfb,0xc0,
    0xfb,0xc0,0xfb,0xc0,0xfb,0xc0,0xfb,0xc0,0xfb,0xc0,0xfb,0xc0,0xfb,0xc0,0xfb,0xc0,
    0xfb,0xc0,0xfb,0xc0,0xfb,0xc0,0xfb,0xc0,0xf3,0xc0,0xfb,0xe0,0xeb,0xa0,0x18,0x60,
    0x00,0x00,0x00,0x00,0x00,0x00,0x00,0x00,0x00,0x00,0x00,0x00,0x00,0x00,0x00,0x00,
    0x00,0x00,0x00,0x00,0x00,0x00,0x00,0x00,0x51,0x20,0xeb,0x80,0xfb,0xc0,0xfb,0x80,
    0xfb,0xa0,0xfb,0xa0,0xfb,0xa0,0xfb,0xa0,0xfb,0xa0,0xfb,0xa0,0xfb,0xa0,0xfb,0xa0,
    0xfb,0xa0,0xfb,0xa0,0xfb,0xa0,0xfb,0xa0,0xfb,0xa0,0xfb,0xa0,0xfb,0xc0,0xfb,0xc0,
    0xfb,0xc0,0xfb,0xc0,0xfb,0xc0,0xfb,0xc0,0xfb,0xc0,0xfb,0xc0,0xfb,0xc0,0xfb,0xc0,
    0xfb,0xc0,0xfb,0xc0,0xfb,0xc0,0xfb,0xc0,0xfb,0xc0,0xfb,0xc0,0xfb,0xc0,0xfb,0xc0,
    0xfb,0xc0,0xfb,0xc0,0xfb,0xc0,0xfb,0xc0,0xfb,0xc0,0xfb,0xc0,0xfb,0xc0,0xf3,0xc0,
    0xfc,0x00,0xcb,0x20,0x00,0x00,0x00,0x00,0x00,0x00,0x00,0x00,0x00,0x00,0x00,0x00,
    0x00,0x00,0x00,0x00,0x00,0x00,0x00,0x00,0x00,0x00,0x00,0x00,0x69,0x80,0xfb,0xc0,
    0xfb,0xa0,0xfb,0x80,0xfb,0xa0,0xfb,0xa0,0xfb,0xa0,0xfb,0xa0,0xfb,0xa0,0xfb,0xa0,
    0xfb,0xa0,0xfb,0xa0,0xfb,0xa0,0xfb,0xa0,0xfb,0xa0,0xfb,0xa0,0xfb,0xa0,0xfb,0xa0,
    0xfb,0xa0,0xfb,0xc0,0xfb,0xc0,0xfb,0xc0,0xfb,0xc0,0xfb,0xc0,0xfb,0xc0,0xfb,0xc0,
    0xfb,0xc0,0xfb,0xc0,0xfb,0xc0,0xfb,0xc0,0xfb,0xc0,0xfb,0xc0,0xfb,0xc0,0xfb,0xc0,
    0xfb,0xc0,0xfb,0xc0,0xfb,0xc0,0xfb,0xc0,0xfb,0xc0,0xfb,0xc0,0xfb,0xc0,0xfb,0xc0,
    0xfb,0xc0,0xfb,0xc0,0xf3,0xc0,0xfc,0x20,0x9a,0x60,0x00,0x00,0x00,0x00,0x00,0x00,
    0x00,0x00,0x00,0x00,0x00,0x00,0x00,0x00,0x00,0x00,0x00,0x00,0x00,0x00,0x00,0x00,
    0x79,0xc0,0xfb,0xe0,0xfb,0xa0,0xfb,0x80,0xfb,0xa0,0xfb,0xa0,0xfb,0xa0,0xfb,0xa0,
    0xfb,0xa0,0xfb,0xa0,0xfb,0xa0,0xfb,0xa0,0xfb,0xa0,0xfb,0xa0,0xfb,0xa0,0xfb,0xa0,
    0xfb,0xa0,0xfb,0xa0,0xfb,0xa0,0xfb,0xa0,0xfb,0xc0,0xfb,0xc0,0xfb,0xc0,0xfb,0xc0,
    0xfb,0xc0,0xfb,0xc0,0xfb,0xc0,0xfb,0xc0,0xfb,0xc0,0xfb,0xc0,0xfb,0xc0,0xfb,0xc0,
    0xfb,0xc0,0xfb,0xc0,0xfb,0xc0,0xfb,0xc0,0xfb,0xc0,0xfb,0xc0,0xfb,0xc0,0xfb,0xc0,
    0xfb,0xc0,0xfb,0xc0,0xfb,0xc0,0xfb,0xc0,0xfb,0xc0,0xf3,0xc0,0xfc,0x20,0x61,0x80,
    0x00,0x00,0x00,0x00,0x00,0x00,0x00,0x00,0x00,0x00,0x00,0x00,0x00,0x00,0x00,0x00,
    0x00,0x00,0x00,0x00,0x79,0xa0,0xfb,0xe0,0xfb,0x80,0xfb,0xa0,0xfb,0xa0,0xfb,0xa0,
    0xfb,0xa0,0xfb,0xa0,0xfb,0xa0,0xfb,0xa0,0xfb,0xa0,0xfb,0xa0,0xfb,0xa0,0xfb,0xa0,
    0xfb,0xa0,0xfb,0xa0,0xfb,0xa0,0xfb,0xa0,0xfb,0xa0,0xfb,0xa0,0xfb,0xa0,0xfb,0xc0,
    0xfb,0xa0,0xf3,0xa0,0xf3,0xa0,0xfb,0xa0,0xfb,0xc0,0xfb,0xc0,0xfb,0xc0,0xfb,0xc0,
    0xfb,0xc0,0xfb,0xc0,0xfb,0xc0,0xfb,0xc0,0xfb,0xc0,0xf3,0xc0,0xf3,0xa0,0xf3,0xa0,
    0xf3,0xa0,0xf3,0xc0,0xfb,0xc0,0xfb,0xc0,0xfb,0xc0,0xfb,0xc0,0xfb,0xc0,0xfb,0xc0,
    0xfb,0xc0,0xfb,0xe0,0x30,0xc0,0x00,0x00,0x00,0x00,0x00,0x00,0x00,0x00,0x00,0x00,
    0x00,0x00,0x00,0x00,0x00,0x00,0x00,0x00,0x61,0x60,0xfb,0xc0,0xfb,0x80,0xfb,0xa0,
    0xfb,0xa0,0xfb,0xa0,0xfb,0xa0,0xfb,0xa0,0xfb,0xa0,0xfb,0xa0,0xfb,0xa0,0xfb,0xa0,
    0xfb,0xa0,0xfb,0xa0,0xfb,0xa0,0xfb,0xa0,0xfb,0xa0,0xfb,0xa0,0xfb,0xa0,0xfb,0xa0,
    0xfb,0xa0,0xf3,0xa0,0xfb,0xc0,0xfb,0xe0,0xfc,0x00,0xfc,0x00,0xfb,0xe0,0xfb,0xc0,
    0xeb,0x80,0xeb,0x80,0xeb,0x80,0xeb,0x80,0xeb,0x80,0xf3,0xa0,0xfb,0xc0,0xfb,0xe0,
    0xfc,0x00,0xfc,0x00,0xfc,0x00,0xfc,0x00,0xfb,0xe0,0xfb,0xc0,0xf3,0xc0,0xf3,0xc0,
    0xf3,0xc0,0xfb,0xc0,0xf3,0xc0,0xfb,0xe0,0xe3,0x80,0x08,0x20,0x00,0x00,0x00,0x00,
    0x00,0x00,0x00,0x00,0x00,0x00,0x00,0x00,0x00,0x00,0x00,0x00,0x38,0xe0,0xfb,0xa0,
    0xfb,0xa0,0xfb,0xa0,0xfb,0xa0,0xfb,0xa0,0xfb,0xa0,0xfb,0xa0,0xfb,0xa0,0xfb,0xa0,
    0xfb,0xa0,0xfb,0xa0,0xfb,0xa0,0xfb,0xa0,0xfb,0xa0,0xfb,0xa0,0xfb,0xa0,0xfb,0xa0,
    0xfb,0xa0,0xfb,0xa0,0xfb,0xa0,0xfb,0xc0,0xfb,0xe0,0xfb,0xc0,0xcb,0x00,0x92,0x20,
    0x61,0x60,0x38,0xe0,0x28,0x80,0x18,0x60,0x10,0x40,0x10,0x40,0x18,0x60,0x18,0x60,
    0x20,0x80,0x28,0xa0,0x38,0xc0,0x49,0x20,0x61,0x80,0x82,0x00,0xaa,0x80,0xcb,0x20,
    0xf3,0xa0,0xfc,0x00,0xfc,0x20,0xfc,0x00,0xfb,0xc0,0xf3,0xc0,0xfc,0x00,0xba,0xc0,
    0x00,0x00,0x00,0x00,0x00,0x00,0x00,0x00,0x00,0x00,0x00,0x00,0x00,0x00,0x00,0x00,
    0x10,0x40,0xe3,0x40,0xfb,0xa0,0xfb,0x80,0xfb,0xa0,0xfb,0xa0,0xfb,0xa0,0xfb,0xa0,
    0xfb,0xa0,0xfb,0xa0,0xfb,0xa0,0xfb,0xa0,0xfb,0xa0,0xfb,0xa0,0xfb,0xa0,0xfb,0xa0,
    0xfb,0xa0,0xfb,0xa0,0xfb,0xa0,0xfb,0xa0,0xfb,0xc0,0xfb,0xe0,0xd3,0x20,0x79,0xc0,
    0x28,0xa0,0x00,0x00,0x00,0x00,0x00,0x00,0x00,0x00,0x00,0x00,0x00,0x00,0x00,0x00,
    0x00,0x00,0x00,0x00,0x00,0x00,0x00,0x00,0x00,0x00,0x00,0x00,0x00,0x00,0x00,0x00,
    0x00,0x00,0x00,0x00,0x00,0x00,0x18,0x60,0x49,0x20,0x82,0x00,0xcb,0x20,0xfb,0xe0,
    0xfc,0x00,0xfc,0x40,0x82,0x00,0x00,0x00,0x00,0x00,0x00,0x00,0x00,0x00,0x00,0x00,
    0x00,0x00,0x00,0x00,0x00,0x00,0xb2,0x80,0xfb,0xe0,0xfb,0x80,0xfb,0xa0,0xfb,0xa0,
    0xfb,0xa0,0xfb,0xa0,0xfb,0xa0,0xfb,0xa0,0xfb,0xa0,0xfb,0xa0,0xfb,0xa0,0xfb,0xa0,
    0xfb,0xa0,0xfb,0xa0,0xfb,0xa0,0xfb,0xa0,0xfb,0xa0,0xfb,0xa0,0xfb,0xe0,0xe3,0x40,
    0x61,0x80,0x08,0x20,0x00,0x00,0x00,0x00,0x00,0x00,0x00,0x00,0x00,0x00,0x00,0x00,
    0x00,0x00,0x00,0x00,0x00,0x00,0x00,0x00,0x00,0x00,0x00,0x00,0x00,0x00,0x00,0x00,
    0x00,0x00,0x00,0x00,0x00,0x00,0x00,0x00,0x00,0x00,0x00,0x00,0x00,0x00,0x00,0x00,
    0x00,0x00,0x00,0x00,0x28,0xa0,0x79,0xe0,0xdb,0x60,0x49,0x20,0x00,0x00,0x00,0x00,
    0x00,0x00,0x00,0x00,0x00,0x00,0x00,0x00,0x00,0x00,0x59,0x40,0xfb,0xe0,0xfb,0x80,
    0xfb,0xa0,0xfb,0xa0,0xfb,0xa0,0xfb,0xa0,0xfb,0xa0,0xfb,0xa0,0xfb,0xa0,0xfb,0xa0,
    0xfb,0xa0,0xfb,0xa0,0xfb,0xa0,0xfb,0xa0,0xfb,0xa0,0xfb,0xa0,0xfb,0xa0,0xfb,0xa0,
    0xfb,0xe0,0x9a,0x60,0x10,0x40,0x00,0x00,0x00,0x00,0x00,0x00,0x00,0x00,0x00,0x00,
    0x00,0x00,0x00,0x00,0x00,0x00,0x00,0x00,0x00,0x00,0x00,0x00,0x00,0x00,0x00,0x00,
    0x00,0x00,0x00,0x00,0x00,0x00,0x00,0x00,0x00,0x00,0x00,0x00,0x00,0x00,0x00,0x00,
    0x00,0x00,0x00,0x00,0x00,0x00,0x00,0x00,0x00,0x00,0x00,0x00,0x00,0x00,0x00,0x00,
    0x08,0x20,0x00,0x00,0x00,0x00,0x00,0x00,0x00,0x00,0x00,0x00,0x00,0x00,0x10,0x40,
    0xe3,0x40,0xfb,0xa0,0xfb,0x80,0xfb,0xa0,0xfb,0xa0,0xfb,0xa0,0xfb,0xa0,0xfb,0xa0,
    0xfb,0xa0,0xfb,0xa0,0xfb,0xa0,0xfb,0xa0,0xfb,0xa0,0xfb,0xa0,0xfb,0xa0,0xfb,0xa0,
    0xfb,0xa0,0xfb,0xa0,0xfb,0xc0,0x69,0x80,0x00,0x00,0x00,0x00,0x00,0x00,0x00,0x00,
    0x00,0x00,0x00,0x00,0x00,0x00,0x00,0x00,0x00,0x00,0x00,0x00,0x00,0x00,0x00,0x00,
    0x00,0x00,0x00,0x00,0x00,0x00,0x00,0x00,0x00,0x00,0x00,0x00,0x00,0x00,0x00,0x00,
    0x00,0x00,0x00,0x00,0x00,0x00,0x00,0x00,0x00,0x00,0x00,0x00,0x00,0x00,0x00,0x00,
    0x00,0x00,0x00,0x00,0x00,0x00,0x00,0x00,0x00,0x00,0x00,0x00,0x00,0x00,0x00,0x00,
    0x00,0x00,0x00,0x00,0x89,0xe0,0xfb,0xe0,0xfb,0x80,0xfb,0xa0,0xfb,0xa0,0xfb,0xa0,
    0xfb,0xa0,0xfb,0xa0,0xfb,0xa0,0xfb,0xa0,0xfb,0xa0,0xfb,0xa0,0xfb,0xa0,0xfb,0xa0,
    0xfb,0xa0,0xfb,0xa0,0xfb,0xa0,0xfb,0xa0,0xfb,0xc0,0x59,0x40,0x00,0x00,0x00,0x00,
    0x00,0x00,0x00,0x00,0x00,0x00,0x00,0x00,0x00,0x00,0x00,0x00,0x00,0x00,0x00,0x00,
    0x00,0x00,0x00,0x00,0x00,0x00,0x00,0x00,0x00,0x00,0x00,0x00,0x00,0x00,0x00,0x00,
    0x00,0x00,0x00,0x00,0x00,0x00,0x00,0x00,0x00,0x00,0x00,0x00,0x00,0x00,0x00,0x00,
    0x00,0x00,0x00,0x00,0x00,0x00,0x00,0x00,0x00,0x00,0x00,0x00,0x00,0x00,0x00,0x00,
    0x00,0x00,0x00,0x00,0x00,0x00,0x00,0x00,0x18,0x60,0xf3,0x80,0xfb,0xa0,0xfb,0xa0,
    0xfb,0xa0,0xfb,0xa0,0xfb,0xa0,0xfb,0xa0,0xfb,0xa0,0xfb,0xa0,0xfb,0xa0,0xfb,0xa0,
    0xfb,0xa0,0xfb,0xa0,0xfb,0xa0,0xfb,0xa0,0xfb,0xa0,0xfb,0xa0,0xfb,0xe0,0x69,0x80,
    0x00,0x00,0x00,0x00,0x00,0x00,0x00,0x00,0x00,0x00,0x00,0x00,0x00,0x00,0x00,0x00,
    0x00,0x00,0x00,0x00,0x00,0x00,0x00,0x00,0x00,0x00,0x00,0x00,0x00,0x00,0x00,0x00,
    0x00,0x00,0x00,0x00,0x00,0x00,0x00,0x00,0x00,0x00,0x00,0x00,0x00,0x00,0x00,0x00,
    0x00,0x00,0x00,0x00,0x00,0x00,0x00,0x00,0x00,0x00,0x00,0x00,0x00,0x00,0x00,0x00,
    0x00,0x00,0x00,0x00,0x00,0x00,0x00,0x00,0x00,0x00,0x00,0x00,0x00,0x00,0x89,0xe0,
    0xfb,0xe0,0xfb,0x80,0xfb,0xa0,0xfb,0xa0,0xfb,0xa0,0xfb,0xa0,0xfb,0xa0,0xfb,0xa0,
    0xfb,0xa0,0xfb,0xa0,0xfb,0xa0,0xfb,0xa0,0xfb,0xa0,0xfb,0xa0,0xfb,0xa0,0xfb,0xa0,
    0xfb,0xe0,0x9a,0x20,0x00,0x00,0x00,0x00,0x00,0x00,0x00,0x00,0x00,0x00,0x00,0x00,
    0x00,0x00,0x00,0x00,0x00,0x00,0x00,0x00,0x00,0x00,0x00,0x00,0x00,0x00,0x00,0x00,
    0x00,0x00,0x00,0x00,0x00,0x00,0x00,0x00,0x00,0x00,0x00,0x00,0x00,0x00,0x00,0x00,
    0x00,0x00,0x00,0x00,0x00,0x00,0x00,0x00,0x00,0x00,0x00,0x00,0x00,0x00,0x00,0x00,
    0x00,0x00,0x00,0x00,0x00,0x00,0x00,0x00,0x00,0x00,0x00,0x00,0x00,0x00,0x00,0x00,
    0x00,0x00,0x10,0x40,0xeb,0x40,0xfb,0xa0,0xfb,0xa0,0xfb,0xa0,0xfb,0xa0,0xfb,0xa0,
    0xfb,0xa0,0xfb,0xa0,0xfb,0xa0,0xfb,0xa0,0xfb,0xa0,0xfb,0xa0,0xfb,0xa0,0xfb,0xa0,
    0xfb,0xa0,0xfb,0xa0,0xfb,0xc0,0xdb,0x20,0x08,0x20,0x00,0x00,0x00,0x00,0x00,0x00,
    0x00,0x00,0x00,0x00,0x00,0x00,0x00,0x00,0x00,0x00,0x00,0x00,0x00,0x00,0x00,0x00,
    0x00,0x00,0x00,0x00,0x00,0x00,0x00,0x00,0x00,0x00,0x00,0x00,0x00,0x00,0x00,0x00,
    0x00,0x00,0x00,0x00,0x00,0x00,0x00,0x00,0x00,0x00,0x00,0x00,0x00,0x00,0x00,0x00,
    0x00,0x00,0x00,0x00,0x00,0x00,0x00,0x00,0x00,0x00,0x00,0x00,0x00,0x00,0x00,0x00,
    0x00,0x00,0x00,0x00,0x00,0x00,0x00,0x00,0x61,0x60,0xfb,0xc0,0xfb,0x80,0xfb,0xa0,
    0xfb,0xa0,0xfb,0xa0,0xfb,0xa0,0xfb,0xa0,0xfb,0xa0,0xfb,0xa0,0xfb,0xa0,0xfb,0xa0,
    0xfb,0xa0,0xfb,0xa0,0xfb,0xa0,0xfb,0xa0,0xfb,0xa0,0xfb,0xe0,0x51,0x20,0x00,0x00,
    0x00,0x00,0x00,0x00,0x00,0x00,0x00,0x00,0x00,0x00,0x00,0x00,0x00,0x00,0x00,0x00,
    0x00,0x00,0x00,0x00,0x00,0x00,0x00,0x00,0x00,0x00,0x00,0x00,0x00,0x00,0x00,0x00,
    0x00,0x00,0x00,0x00,0x00,0x00,0x00,0x00,0x00,0x00,0x00,0x00,0x00,0x00,0x00,0x00,
    0x00,0x00,0x00,0x00,0x00,0x00,0x00,0x00,0x00,0x00,0x00,0x00,0x00,0x00,0x00,0x00,
    0x00,0x00,0x00,0x00,0x00,0x00,0x00,0x00,0x00,0x00,0x00,0x00,0x00,0x00,0xc2,0xa0,
    0xfb,0xc0,0xfb,0x80,0xfb,0xa0,0xfb,0xa0,0xfb,0xa0,0xfb,0xa0,0xfb,0xa0,0xfb,0xa0,
    0xfb,0xa0,0xfb,0xa0,0xfb,0xa0,0xfb,0xa0,0xfb,0xa0,0xfb,0xa0,0xfb,0xa0,0xfb,0xe0,
    0xc2,0xc0,0x00,0x00,0x00,0x00,0x00,0x00,0x00,0x00,0x00,0x00,0x00,0x00,0x00,0x00,
    0x00,0x00,0x00,0x00,0x00,0x00,0x00,0x00,0x00,0x00,0x00,0x00,0x00,0x00,0x00,0x00,
    0x00,0x00,0x00,0x00,0x00,0x00,0x00,0x00,0x00,0x00,0x00,0x00,0x00,0x00,0x00,0x00,
    0x00,0x00,0x00,0x00,0x00,0x00,0x00,0x00,0x00,0x00,0x00,0x00,0x00,0x00,0x00,0x00,
    0x00,0x00,0x00,0x00,0x00,0x00,0x00,0x00,0x00,0x00,0x00,0x00,0x00,0x00,0x00,0x00,
    0x00,0x00,0x20,0x80,0xfb,0x80,0xfb,0xa0,0xfb,0xa0,0xfb,0xa0,0xfb,0xa0,0xfb,0xa0,
    0xfb,0xa0,0xfb,0xa0,0xfb,0xa0,0xfb,0xa0,0xfb,0xa0,0xfb,0xa0,0xfb,0xa0,0xfb,0xa0,
    0xfb,0xa0,0xfb,0xa0,0xfb,0xe0,0x51,0x40,0x00,0x00,0x00,0x00,0x00,0x00,0x00,0x00,
    0x00,0x00,0x00,0x00,0x00,0x00,0x00,0x00,0x00,0x00,0x00,0x00,0x00,0x00,0x00,0x00,
    0x00,0x00,0x00,0x00,0x00,0x00,0x00,0x00,0x00,0x00,0x00,0x00,0x00,0x00,0x00,0x00,
    0x00,0x00,0x00,0x00,0x00,0x00,0x00,0x00,0x00,0x00,0x00,0x00,0x00,0x00,0x00,0x00,
    0x00,0x00,0x00,0x00,0x00,0x00,0x00,0x00,0x00,0x00,0x00,0x00,0x00,0x00,0x00,0x00,
    0x00,0x00,0x00,0x00,0x00,0x00,0x00,0x00,0x61,0x60,0xfb,0xc0,0xfb,0x80,0xfb,0xa0,
    0xfb,0xa0,0xfb,0xa0,0xfb,0xa0,0xfb,0xa0,0xfb,0xa0,0xfb,0xa0,0xfb,0xa0,0xfb,0xa0,
    0xfb,0xa0,0xfb,0xa0,0xfb,0xa0,0xfb,0xa0,0xfb,0xc0,0xe3,0x40,0x08,0x20,0x00,0x00,
    0x00,0x00,0x00,0x00,0x00,0x00,0x00,0x00,0x00,0x00,0x00,0x00,0x00,0x00,0x00,0x00,
    0x00,0x00,0x00,0x00,0x00,0x00,0x00,0x00,0x00,0x00,0x00,0x00,0x00,0x00,0x00,0x00,
    0x00,0x00,0x00,0x00,0x00,0x00,0x00,0x00,0x00,0x00,0x00,0x00,0x00,0x00,0x00,0x00,
    0x00,0x00,0x00,0x00,0x00,0x00,0x00,0x00,0x00,0x00,0x00,0x00,0x00,0x00,0x00,0x00,
    0x00,0x00,0x00,0x00,0x00,0x00,0x00,0x00,0x00,0x00,0x00,0x00,0x00,0x00,0xaa,0x60,
    0xfb,0xc0,0xfb,0x80,0xfb,0xa0,0xfb,0xa0,0xfb,0xa0,0xfb,0xa0,0xfb,0xa0,0xfb,0xa0,
    0xfb,0xa0,0xfb,0xa0,0xfb,0xa0,0xfb,0xa0,0xfb,0xa0,0xfb,0xa0,0xfb,0x80,0xfb,0xe0,
    0x92,0x20,0x00,0x00,0x00,0x00,0x00,0x00,0x00,0x00,0x00,0x00,0x00,0x00,0x00,0x00,
    0x00,0x00,0x00,0x00,0x00,0x00,0x00,0x00,0x00,0x00,0x00,0x00,0x00,0x00,0x00,0x00,
    0x00,0x00,0x00,0x00,0x00,0x00,0x00,0x00,0x00,0x00,0x00,0x00,0x00,0x00,0x00,0x00,
    0x00,0x00,0x00,0x00,0x00,0x00,0x00,0x00,0x00,0x00,0x00,0x00,0x00,0x00,0x00,0x00,
    0x00,0x00,0x00,0x00,0x00,0x00,0x00,0x00,0x00,0x00,0x00,0x00,0x00,0x00,0x00,0x00,
    0x00,0x00,0x08,0x00,0xdb,0x00,0xfb,0xa0,0xfb,0x80,0xfb,0xa0,0xfb,0xa0,0xfb,0xa0,
    0xfb,0xa0,0xfb,0xa0,0xfb,0xa0,0xfb,0xa0,0xfb,0xa0,0xfb,0xa0,0xfb,0xa0,0xfb,0xa0,
    0xfb,0xa0,0xfb,0xa0,0xfb,0xe0,0x49,0x20,0x00,0x00,0x00,0x00,0x00,0x00,0x00,0x00,
    0x00,0x00,0x00,0x00,0x00,0x00,0x00,0x00,0x00,0x00,0x00,0x00,0x00,0x00,0x00,0x00,
    0x00,0x00,0x00,0x00,0x00,0x00,0x00,0x00,0x00,0x00,0x00,0x00,0x00,0x00,0x00,0x00,
    0x00,0x00,0x00,0x00,0x00,0x00,0x00,0x00,0x00,0x00,0x00,0x00,0x00,0x00,0x00,0x00,
    0x00,0x00,0x00,0x00,0x00,0x00,0x00,0x00,0x00,0x00,0x00,0x00,0x00,0x00,0x00,0x00,
    0x00,0x00,0x00,0x00,0x00,0x00,0x00,0x00,0x28,0xa0,0xfb,0x80,0xfb,0x80,0xfb,0x80,
    0xfb,0xa0,0xfb,0xa0,0xfb,0xa0,0xfb,0xa0,0xfb,0xa0,0xfb,0xa0,0xfb,0xa0,0xfb,0xa0,
    0xfb,0xa0,0xfb,0xa0,0xfb,0xa0,0xfb,0xa0,0xfb,0xa0,0xf3,0x80,0x18,0x40,0x00,0x00,
    0x00,0x00,0x00,0x00,0x00,0x00,0x00,0x00,0x00,0x00,0x00,0x00,0x00,0x00,0x00,0x00,
    0x00,0x00,0x00,0x00,0x00,0x00,0x00,0x00,0x00,0x00,0x00,0x00,0x00,0x00,0x00,0x00,
    0x00,0x00,0x00,0x00,0x00,0x00,0x00,0x00,0x00,0x00,0x00,0x00,0x00,0x00,0x00,0x00,
    0x00,0x00,0x00,0x00,0x00,0x00,0x00,0x00,0x00,0x00,0x00,0x00,0x00,0x00,0x00,0x00,
    0x00,0x00,0x00,0x00,0x00,0x00,0x00,0x00,0x00,0x00,0x00,0x00,0x00,0x00,0x51,0x20,
    0xfb,0xa0,0xfb,0x80,0xfb,0xa0,0xfb,0xa0,0xfb,0xa0,0xfb,0xa0,0xfb,0xa0,0xfb,0xa0,
    0xfb,0xa0,0xfb,0xa0,0xfb,0xa0,0xfb,0xa0,0xfb,0xa0,0xfb,0xa0,0xfb,0x80,0xfb,0xc0,
    0xcb,0x00,0x00,0x00,0x00,0x00,0x00,0x00,0x00,0x00,0x00,0x00,0x00,0x00,0x00,0x00,
    0x00,0x00,0x00,0x00,0x00,0x00,0x00,0x00,0x00,0x00,0x00,0x00,0x00,0x00,0x00,0x00,
    0x00,0x00,0x00,0x00,0x00,0x00,0x00,0x00,0x00,0x00,0x00,0x00,0x00,0x00,0x00,0x00,
    0x00,0x00,0x00,0x00,0x00,0x00,0x00,0x00,0x00,0x00,0x00,0x00,0x00,0x00,0x00,0x00,
    0x00,0x00,0x00,0x00,0x00,0x00,0x00,0x00,0x00,0x00,0x00,0x00,0x00,0x00,0x00,0x00,
    0x00,0x00,0x00,0x00,0x81,0xc0,0xfb,0xc0,0xfb,0x80,0xfb,0xa0,0xfb,0xa0,0xfb,0xa0,
    0xfb,0xa0,0xfb,0xa0,0xfb,0xa0,0xfb,0xa0,0xfb,0xa0,0xfb,0xa0,0xfb,0xa0,0xfb,0xa0,
    0xfb,0xa0,0xfb,0x80,0xfb,0xe0,0xa2,0x60,0x00,0x00,0x00,0x00,0x00,0x00,0x00,0x00,
    0x00,0x00,0x00,0x00,0x00,0x00,0x00,0x00,0x00,0x00,0x00,0x00,0x00,0x00,0x00,0x00,
    0x00,0x00,0x00,0x00,0x00,0x00,0x00,0x00,0x00,0x00,0x00,0x00,0x00,0x00,0x00,0x00,
    0x00,0x00,0x00,0x00,0x00,0x00,0x00,0x00,0x00,0x00,0x00,0x00,0x00,0x00,0x00,0x00,
    0x00,0x00,0x00,0x00,0x00,0x00,0x00,0x00,0x00,0x00,0x00,0x00,0x00,0x00,0x00,0x00,
    0x00,0x00,0x00,0x00,0x00,0x00,0x00,0x00,0x00,0x00,0xa2,0x40,0xfb,0xc0,0xfb,0x80,
    0xfb,0xa0,0xfb,0xa0,0xfb,0xa0,0xfb,0xa0,0xfb,0xa0,0xfb,0xa0,0xfb,0xa0,0xfb,0xa0,
    0xfb,0xa0,0xfb,0xa0,0xfb,0xa0,0xfb,0xa0,0xfb,0x80,0xfb,0xe0,0x81,0xe0,0x00,0x00,
    0x00,0x00,0x00,0x00,0x00,0x00,0x00,0x00,0x00,0x00,0x00,0x00,0x00,0x00,0x00,0x00,
    0x00,0x00,0x00,0x00,0x00,0x00,0x00,0x00,0x00,0x00,0x00,0x00,0x00,0x00,0x00,0x00,
    0x00,0x00,0x00,0x00,0x00,0x00,0x00,0x00,0x00,0x00,0x00,0x00,0x00,0x00,0x00,0x00,
    0x00,0x00,0x00,0x00,0x00,0x00,0x00,0x00,0x00,0x00,0x00,0x00,0x00,0x00,0x00,0x00,
    0x00,0x00,0x00,0x00,0x00,0x00,0x00,0x00,0x00,0x00,0x00,0x00,0x00,0x00,0x00,0x00,
    0xc2,0xc0,0xfb,0xa0,0xfb,0x80,0xfb,0xa0,0xfb,0xa0,0xfb,0xa0,0xfb,0xa0,0xfb,0xa0,
    0xfb,0xa0,0xfb,0xa0,0xfb,0xa0,0xfb,0xa0,0xfb,0xa0,0xfb,0xa0,0xfb,0xa0,0xfb,0x80,
    0xfb,0xe0,0x69,0x80,0x00,0x00,0x00,0x00,0x00,0x00,0x00,0x00,0x00,0x00,0x00,0x00,
    0x00,0x00,0x00,0x00,0x00,0x00,0x00,0x00,0x00,0x00,0x00,0x00,0x00,0x00,0x00,0x00,
    0x00,0x00,0x00,0x00,0x00,0x00,0x00,0x00,0x00,0x00,0x00,0x00,0x00,0x00,0x00,0x00,
    0x00,0x00,0x00,0x00,0x69,0x80,0x71,0xc0,0x71,0xa0,0x71,0xa0,0x71,0xa0,0x71,0xa0,
    0x71,0xa0,0x71,0xa0,0x71,0xc0,0x71,0xc0,0x71,0xc0,0x71,0xc0,0x71,0xc0,0x71,0xc0,
    0x71,0xc0,0x71,0xc0,0x59,0x80,0xd2,0xe0,0xfb,0xa0,0xfb,0x80,0xfb,0xa0,0xfb,0xa0,
    0xfb,0xa0,0xfb,0xa0,0xfb,0xa0,0xfb,0xa0,0xfb,0xa0,0xfb,0xa0,0xfb,0xa0,0xfb,0xa0,
    0xfb,0xa0,0xfb,0xa0,0xfb,0x80,0xfb,0xe0,0x59,0x40,0x00,0x00,0x00,0x00,0x00,0x00,
    0x00,0x00,0x00,0x00,0x00,0x00,0x00,0x00,0x00,0x00,0x00,0x00,0x00,0x00,0x00,0x00,
    0x00,0x00,0x00,0x00,0x00,0x00,0x00,0x00,0x00,0x00,0x00,0x00,0x00,0x00,0x00,0x00,
    0x00,0x00,0x00,0x00,0x00,0x00,0x00,0x00,0x10,0x20,0xf3,0xa0,0xfc,0x20,0xfc,0x00,
    0xfc,0x00,0xfc,0x00,0xfc,0x00,0xfc,0x00,0xfc,0x00,0xfc,0x00,0xfc,0x00,0xfc,0x00,
    0xfc,0x00,0xfc,0x00,0xfc,0x00,0xfc,0x00,0xfc,0x40,0xe3,0x60,0xe3,0x20,0xfb,0xa0,
    0xfb,0x80,0xfb,0xa0,0xfb,0xa0,0xfb,0xa0,0xfb,0xa0,0xfb,0xa0,0xfb,0xa0,0xfb,0xa0,
    0xfb,0xa0,0xfb,0xa0,0xfb,0xa0,0xfb,0xa0,0xfb,0xa0,0xfb,0xa0,0xfb,0xc0,0x49,0x20,
    0x00,0x00,0x00,0x00,0x00,0x00,0x00,0x00,0x00,0x00,0x00,0x00,0x00,0x00,0x00,0x00,
    0x00,0x00,0x00,0x00,0x00,0x00,0x00,0x00,0x00,0x00,0x00,0x00,0x00,0x00,0x00,0x00,
    0x00,0x00,0x00,0x00,0x00,0x00,0x00,0x00,0x00,0x00,0x00,0x00,0x00,0x00,0x08,0x20,
    0xe3,0x60,0xfb,0xc0,0xf3,0xa0,0xf3,0xa0,0xf3,0xa0,0xf3,0xa0,0xf3,0xa0,0xf3,0xa0,
    0xf3,0xc0,0xf3,0xc0,0xf3,0xc0,0xf3,0xc0,0xf3,0xc0,0xf3,0xc0,0xf3,0xc0,0xfb,0xe0,
    0xcb,0x20,0xeb,0x40,0xfb,0xa0,0xfb,0x80,0xfb,0xa0,0xfb,0xa0,0xfb,0xa0,0xfb,0xa0,
    0xfb,0xa0,0xfb,0xa0,0xfb,0xa0,0xfb,0xa0,0xfb,0xa0,0xfb,0xa0,0xfb,0xa0,0xfb,0xa0,
    0xfb,0x80,0xfb,0xc0,0x49,0x00,0x00,0x00,0x00,0x00,0x00,0x00,0x00,0x00,0x00,0x00,
    0x00,0x00,0x00,0x00,0x00,0x00,0x00,0x00,0x00,0x00,0x00,0x00,0x00,0x00,0x00,0x00,
    0x00,0x00,0x00,0x00,0x00,0x00,0x00,0x00,0x00,0x00,0x00,0x00,0x00,0x00,0x00,0x00,
    0x00,0x00,0x00,0x00,0x08,0x20,0xe3,0x60,0xfb,0xe0,0xfb,0xc0,0xfb,0xc0,0xfb,0xc0,
    0xfb,0xc0,0xfb,0xc0,0xfb,0xc0,0xfb,0xc0,0xfb,0xc0,0xfb,0xc0,0xfb,0xc0,0xfb,0xc0,
    0xfb,0xc0,0xf3,0xc0,0xfc,0x00,0xd3,0x40,0xeb,0x40,0xfb,0xa0,0xfb,0x80,0xfb,0xa0,
    0xfb,0xa0,0xfb,0xa0,0xfb,0xa0,0xfb,0xa0,0xfb,0xa0,0xfb,0xa0,0xfb,0xa0,0xfb,0xa0,
    0xfb,0xa0,0xfb,0xa0,0xfb,0xa0,0xfb,0xa0,0xfb,0xc0,0x49,0x20,0x00,0x00,0x00,0x00,
    0x00,0x00,0x00,0x00,0x00,0x00,0x00,0x00,0x00,0x00,0x00,0x00,0x00,0x00,0x00,0x00,
    0x00,0x00,0x00,0x00,0x00,0x00,0x00,0x00,0x00,0x00,0x00,0x00,0x00,0x00,0x00,0x00,
    0x00,0x00,0x00,0x00,0x00,0x00,0x00,0x00,0x00,0x00,0x08,0x20,0xe3,0x60,0xfb,0xe0,
    0xfb,0xc0,0xfb,0xc0,0xfb,0xc0,0xfb,0xc0,0xfb,0xc0,0xfb,0xc0,0xfb,0xc0,0xfb,0xc0,
    0xfb,0xc0,0xfb,0xc0,0xfb,0xc0,0xfb,0xc0,0xf3,0xc0,0xfc,0x00,0xd3,0x40,0xeb,0x40,
    0xfb,0xa0,0xfb,0x80,0xfb,0xa0,0xfb,0xa0,0xfb,0xa0,0xfb,0xa0,0xfb,0xa0,0xfb,0xa0,
    0xfb,0xa0,0xfb,0xa0,0xfb,0xa0,0xfb,0xa0,0xfb,0xa0,0xfb,0xa0,0xfb,0x80,0xfb,0xe0,
    0x51,0x40,0x00,0x00,0x00,0x00,0x00,0x00,0x00,0x00,0x00,0x00,0x00,0x00,0x00,0x00,
    0x00,0x00,0x00,0x00,0x00,0x00,0x00,0x00,0x00,0x00,0x00,0x00,0x00,0x00,0x00,0x00,
    0x00,0x00,0x00,0x00,0x00,0x00,0x00,0x00,0x00,0x00,0x00,0x00,0x00,0x00,0x00,0x00,
    0x08,0x20,0xe3,0x60,0xfb,0xe0,0xfb,0xc0,0xfb,0xc0,0xfb,0xc0,0xfb,0xc0,0xfb,0xc0,
    0xfb,0xc0,0xfb,0xc0,0xfb,0xc0,0xfb,0xc0,0xfb,0xc0,0xfb,0xc0,0xfb,0xc0,0xf3,0xc0,
    0xfc,0x00,0xd3,0x40,0xe3,0x20,0xfb,0xa0,0xfb,0x80,0xfb,0xa0,0xfb,0xa0,0xfb,0xa0,
    0xfb,0xa0,0xfb,0xa0,0xfb,0xa0,0xfb,0xa0,0xfb,0xa0,0xfb,0xa0,0xfb,0xa0,0xfb,0xa0,
    0xfb,0xa0,0xfb,0x80,0xfb,0xe0,0x61,0x80,0x00,0x00,0x00,0x00,0x00,0x00,0x00,0x00,
    0x00,0x00,0x00,0x00,0x00,0x00,0x00,0x00,0x00,0x00,0x00,0x00,0x00,0x00,0x00,0x00,
    0x00,0x00,0x00,0x00,0x00,0x00,0x00,0x00,0x00,0x00,0x00,0x00,0x00,0x00,0x00,0x00,
    0x00,0x00,0x00,0x00,0x00,0x00,0x08,0x20,0xe3,0x60,0xfb,0xe0,0xfb,0xc0,0xfb,0xc0,
    0xfb,0xc0,0xfb,0xc0,0xfb,0xc0,0xfb,0xc0,0xfb,0xc0,0xfb,0xc0,0xfb,0xc0,0xfb,0xc0,
    0xfb,0xc0,0xfb,0xc0,0xf3,0xc0,0xfc,0x00,0xd3,0x40,0xdb,0x00,0xfb,0xa0,0xfb,0x80,
    0xfb,0xa0,0xfb,0xa0,0xfb,0xa0,0xfb,0xa0,0xfb,0xa0,0xfb,0xa0,0xfb,0xa0,0xfb,0xa0,
    0xfb,0xa0,0xfb,0xa0,0xfb,0xa0,0xfb,0xa0,0xfb,0x80,0xfb,0xe0,0x81,0xe0,0x00,0x00,
    0x00,0x00,0x00,0x00,0x00,0x00,0x00,0x00,0x00,0x00,0x00,0x00,0x00,0x00,0x00,0x00,
    0x00,0x00,0x00,0x00,0x00,0x00,0x00,0x00,0x00,0x00,0x00,0x00,0x00,0x00,0x00,0x00,
    0x00,0x00,0x00,0x00,0x00,0x00,0x00,0x00,0x00,0x00,0x00,0x00,0x08,0x20,0xe3,0x60,
    0xfb,0xe0,0xfb,0xc0,0xfb,0xc0,0xfb,0xc0,0xfb,0xc0,0xfb,0xc0,0xfb,0xc0,0xfb,0xc0,
    0xfb,0xc0,0xfb,0xc0,0xfb,0xc0,0xfb,0xc0,0xfb,0xc0,0xf3,0xc0,0xfc,0x00,0xd3,0x40,
    0xca,0xc0,0xfb,0xa0,0xfb,0x80,0xfb,0xa0,0xfb,0xa0,0xfb,0xa0,0xfb,0xa0,0xfb,0xa0,
    0xfb,0xa0,0xfb,0xa0,0xfb,0xa0,0xfb,0xa0,0xfb,0xa0,0xfb,0xa0,0xfb,0xa0,0xfb,0x80,
    0xfb,0xe0,0xa2,0x40,0x00,0x00,0x00,0x00,0x00,0x00,0x00,0x00,0x00,0x00,0x00,0x00,
    0x00,0x00,0x00,0x00,0x00,0x00,0x00,0x00,0x00,0x00,0x00,0x00,0x00,0x00,0x00,0x00,
    0x00,0x00,0x00,0x00,0x00,0x00,0x00,0x00,0x00,0x00,0x00,0x00,0x00,0x00,0x00,0x00,
    0x00,0x00,0x08,0x20,0xe3,0x60,0xfb,0xe0,0xfb,0xc0,0xfb,0xc0,0xfb,0xc0,0xfb,0xc0,
    0xfb,0xc0,0xfb,0xc0,0xfb,0xc0,0xfb,0xc0,0xfb,0xc0,0xfb,0xc0,0xfb,0xc0,0xfb,0xc0,
    0xf3,0xc0,0xfc,0x00,0xd3,0x40,0xb2,0x80,0xfb,0xc0,0xfb,0x80,0xfb,0xa0,0xfb,0xa0,
    0xfb,0xa0,0xfb,0xa0,0xfb,0xa0,0xfb,0xa0,0xfb,0xa0,0xfb,0xa0,0xfb,0xa0,0xfb,0xa0,
    0xfb,0xa0,0xfb,0xa0,0xfb,0x80,0xfb,0xc0,0xc2,0xe0,0x00,0x00,0x00,0x00,0x00,0x00,
    0x00,0x00,0x00,0x00,0x00,0x00,0x00,0x00,0x00,0x00,0x00,0x00,0x00,0x00,0x00,0x00,
    0x00,0x00,0x00,0x00,0x00,0x00,0x00,0x00,0x00,0x00,0x00,0x00,0x00,0x00,0x00,0x00,
    0x00,0x00,0x00,0x00,0x00,0x00,0x00,0x00,0x08,0x20,0xe3,0x60,0xfb,0xe0,0xfb,0xc0,
    0xfb,0xc0,0xfb,0xc0,0xfb,0xc0,0xfb,0xc0,0xfb,0xc0,0xfb,0xc0,0xfb,0xc0,0xfb,0xc0,
    0xfb,0xc0,0xfb,0xc0,0xfb,0xc0,0xf3,0xc0,0xfc,0x00,0xd3,0x40,0x92,0x20,0xfb,0xc0,
    0xfb,0x80,0xfb,0xa0,0xfb,0xa0,0xfb,0xa0,0xfb,0xa0,0xfb,0xa0,0xfb,0xa0,0xfb,0xa0,
    0xfb,0xa0,0xfb,0xa0,0xfb,0xa0,0xfb,0xa0,0xfb,0xa0,0xfb,0xa0,0xfb,0xa0,0xeb,0x60,
    0x10,0x40,0x00,0x00,0x00,0x00,0x00,0x00,0x00,0x00,0x00,0x00,0x00,0x00,0x00,0x00,
    0x00,0x00,0x00,0x00,0x00,0x00,0x00,0x00,0x00,0x00,0x00,0x00,0x00,0x00,0x00,0x00,
    0x00,0x00,0x00,0x00,0x00,0x00,0x00,0x00,0x00,0x00,0x00,0x00,0x00,0x00,0x08,0x20,
    0xe3,0x60,0xfb,0xe0,0xfb,0xc0,0xfb,0xc0,0xfb,0xc0,0xfb,0xc0,0xfb,0xc0,0xfb,0xc0,
    0xfb,0xc0,0xfb,0xc0,0xfb,0xc0,0xfb,0xc0,0xfb,0xc0,0xfb,0xc0,0xf3,0xc0,0xfc,0x00,
    0xd3,0x40,0x71,0x80,0xfb,0xc0,0xfb,0x80,0xfb,0xa0,0xfb,0xa0,0xfb,0xa0,0xfb,0xa0,
    0xfb,0xa0,0xfb,0xa0,0xfb,0xa0,0xfb,0xa0,0xfb,0xa0,0xfb,0xa0,0xfb,0xa0,0xfb,0xa0,
    0xfb,0xa0,0xfb,0x80,0xfb,0xc0,0x40,0xe0,0x00,0x00,0x00,0x00,0x00,0x00,0x00,0x00,
    0x00,0x00,0x00,0x00,0x00,0x00,0x00,0x00,0x00,0x00,0x00,0x00,0x00,0x00,0x00,0x00,
    0x00,0x00,0x00,0x00,0x00,0x00,0x00,0x00,0x00,0x00,0x00,0x00,0x00,0x00,0x00,0x00,
    0x00,0x00,0x00,0x00,0x08,0x20,0xe3,0x60,0xfb,0xe0,0xfb,0xc0,0xfb,0xc0,0xfb,0xc0,
    0xfb,0xc0,0xfb,0xc0,0xfb,0xc0,0xfb,0xc0,0xfb,0xc0,0xfb,0xc0,0xfb,0xc0,0xfb,0xc0,
    0xfb,0xc0,0xf3,0xc0,0xfc,0x00,0xd3,0x40,0x49,0x00,0xfb,0xa0,0xfb,0x80,0xfb,0xa0,
    0xfb,0xa0,0xfb,0xa0,0xfb,0xa0,0xfb,0xa0,0xfb,0xa0,0xfb,0xa0,0xfb,0xa0,0xfb,0xa0,
    0xfb,0xa0,0xfb,0xa0,0xfb,0xa0,0xfb,0xa0,0xfb,0x80,0xfb,0xe0,0x81,0xe0,0x00,0x00,
    0x00,0x00,0x00,0x00,0x00,0x00,0x00,0x00,0x00,0x00,0x00,0x00,0x00,0x00,0x00,0x00,
    0x00,0x00,0x00,0x00,0x00,0x00,0x00,0x00,0x00,0x00,0x00,0x00,0x00,0x00,0x00,0x00,
    0x00,0x00,0x00,0x00,0x00,0x00,0x00,0x00,0x00,0x00,0x08,0x20,0xe3,0x60,0xfb,0xe0,
    0xfb,0xc0,0xfb,0xc0,0xfb,0xc0,0xfb,0xc0,0xfb,0xc0,0xfb,0xc0,0xfb,0xc0,0xfb,0xc0,
    0xfb,0xc0,0xfb,0xc0,0xfb,0xc0,0xfb,0xc0,0xf3,0xc0,0xfc,0x00,0xd3,0x40,0x20,0x60,
    0xf3,0x60,0xfb,0xa0,0xfb,0x80,0xfb,0xa0,0xfb,0xa0,0xfb,0xa0,0xfb,0xa0,0xfb,0xa0,
    0xfb,0xa0,0xfb,0xa0,0xfb,0xa0,0xfb,0xa0,0xfb,0xa0,0xfb,0xa0,0xfb,0xa0,0xfb,0x80,
    0xfb,0xc0,0xd3,0x00,0x00,0x00,0x00,0x00,0x00,0x00,0x00,0x00,0x00,0x00,0x00,0x00,
    0x00,0x00,0x00,0x00,0x00,0x00,0x00,0x00,0x00,0x00,0x00,0x00,0x00,0x00,0x00,0x00,
    0x00,0x00,0x00,0x00,0x00,0x00,0x00,0x00,0x00,0x00,0x00,0x00,0x00,0x00,0x00,0x00,
    0x08,0x20,0xe3,0x60,0xfb,0xe0,0xfb,0xc0,0xfb,0xc0,0xfb,0xc0,0xfb,0xc0,0xfb,0xc0,
    0xfb,0xc0,0xfb,0xc0,0xfb,0xc0,0xfb,0xc0,0xfb,0xc0,0xfb,0xc0,0xfb,0xc0,0xf3,0xc0,
    0xfc,0x00,0xd3,0x40,0x00,0x00,0xd2,0xe0,0xfb,0xc0,0xfb,0x80,0xfb,0xa0,0xfb,0xa0,
    0xfb,0xa0,0xfb,0xa0,0xfb,0xa0,0xfb,0xa0,0xfb,0xa0,0xfb,0xa0,0xfb,0xa0,0xfb,0xa0,
    0xfb,0xa0,0xfb,0xa0,0xfb,0xa0,0xfb,0xa0,0xfb,0xc0,0x38,0xc0,0x00,0x00,0x00,0x00,
    0x00,0x00,0x00,0x00,0x00,0x00,0x00,0x00,0x00,0x00,0x00,0x00,0x00,0x00,0x00,0x00,
    0x00,0x00,0x00,0x00,0x00,0x00,0x00,0x00,0x00,0x00,0x00,0x00,0x00,0x00,0x00,0x00,
    0x00,0x00,0x00,0x00,0x00,0x00,0x08,0x20,0xe3,0x60,0xfb,0xe0,0xfb,0xc0,0xfb,0xc0,
    0xfb,0xc0,0xfb,0xc0,0xfb,0xc0,0xfb,0xc0,0xfb,0xc0,0xfb,0xc0,0xfb,0xc0,0xfb,0xc0,
    0xfb,0xc0,0xfb,0xc0,0xf3,0xc0,0xfc,0x00,0xd3,0x40,0x00,0x00,0x9a,0x20,0xfb,0xc0,
    0xfb,0x80,0xfb,0xa0,0xfb,0xa0,0xfb,0xa0,0xfb,0xa0,0xfb,0xa0,0xfb,0xa0,0xfb,0xa0,
    0xfb,0xa0,0xfb,0xa0,0xfb,0xa0,0xfb,0xa0,0xfb,0xa0,0xfb,0xa0,0xfb,0x80,0xfb,0xe0,
    0xa2,0x60,0x00,0x00,0x00,0x00,0x00,0x00,0x00,0x00,0x00,0x00,0x00,0x00,0x00,0x00,
    0x00,0x00,0x00,0x00,0x00,0x00,0x00,0x00,0x00,0x00,0x00,0x00,0x00,0x00,0x00,0x00,
    0x00,0x00,0x00,0x00,0x00,0x00,0x00,0x00,0x00,0x00,0x00,0x00,0x08,0x20,0xe3,0x60,
    0xfb,0xe0,0xfb,0xc0,0xfb,0xc0,0xfb,0xc0,0xfb,0xc0,0xfb,0xc0,0xfb,0xc0,0xfb,0xc0,
    0xfb,0xc0,0xfb,0xc0,0xfb,0xc0,0xfb,0xc0,0xfb,0xc0,0xf3,0xc0,0xfc,0x00,0xd3,0x40,
    0x00,0x00,0x59,0x40,0xfb,0xc0,0xfb,0x80,0xfb,0xa0,0xfb,0xa0,0xfb,0xa0,0xfb,0xa0,
    0xfb,0xa0,0xfb,0xa0,0xfb,0xa0,0xfb,0xa0,0xfb,0xa0,0xfb,0xa0,0xfb,0xa0,0xfb,0xa0,
    0xfb,0xa0,0xfb,0xa0,0xfb,0xa0,0xf3,0xa0,0x28,0x80,0x00,0x00,0x00,0x00,0x00,0x00,
    0x00,0x00,0x00,0x00,0x00,0x00,0x00,0x00,0x00,0x00,0x00,0x00,0x00,0x00,0x00,0x00,
    0x00,0x00,0x00,0x00,0x00,0x00,0x00,0x00,0x00,0x00,0x00,0x00,0x00,0x00,0x00,0x00,
    0x00,0x00,0x08,0x20,0xe3,0x60,0xfb,0xe0,0xfb,0xc0,0xfb,0xc0,0xfb,0xc0,0xfb,0xc0,
    0xfb,0xc0,0xfb,0xc0,0xfb,0xc0,0xfb,0xc0,0xfb,0xc0,0xfb,0xc0,0xfb,0xc0,0xfb,0xc0,
    0xf3,0xc0,0xfc,0x00,0xd3,0x40,0x00,0x00,0x18,0x60,0xf3,0x60,0xfb,0xa0,0xfb,0xa0,
    0xfb,0xa0,0xfb,0xa0,0xfb,0xa0,0xfb,0xa0,0xfb,0xa0,0xfb,0xa0,0xfb,0xa0,0xfb,0xa0,
    0xfb,0xa0,0xfb,0xa0,0xfb,0xa0,0xfb,0xa0,0xfb,0xa0,0xfb,0xa0,0xfb,0xe0,0xaa,0x80,
    0x00,0x00,0x00,0x00,0x00,0x00,0x00,0x00,0x00,0x00,0x00,0x00,0x00,0x00,0x00,0x00,
    0x00,0x00,0x00,0x00,0x00,0x00,0x00,0x00,0x00,0x00,0x00,0x00,0x00,0x00,0x00,0x00,
    0x00,0x00,0x00,0x00,0x00,0x00,0x00,0x00,0x08,0x20,0xe3,0x60,0xfb,0xe0,0xfb,0xc0,
    0xfb,0xc0,0xfb,0xc0,0xfb,0xc0,0xfb,0xc0,0xfb,0xc0,0xfb,0xc0,0xfb,0xc0,0xfb,0xc0,
    0xfb,0xc0,0xfb,0xc0,0xfb,0xc0,0xf3,0xc0,0xfc,0x00,0xd3,0x40,0x00,0x00,0x00,0x00,
    0xba,0xa0,0xfb,0xc0,0xfb,0x80,0xfb,0xa0,0xfb,0xa0,0xfb,0xa0,0xfb,0xa0,0xfb,0xa0,
    0xfb,0xa0,0xfb,0xa0,0xfb,0xa0,0xfb,0xa0,0xfb,0xa0,0xfb,0xa0,0xfb,0xa0,0xfb,0xa0,
    0xfb,0xa0,0xfb,0xa0,0xfb,0xe0,0x51,0x20,0x00,0x00,0x00,0x00,0x00,0x00,0x00,0x00,
    0x00,0x00,0x00,0x00,0x00,0x00,0x00,0x00,0x00,0x00,0x00,0x00,0x00,0x00,0x00,0x00,
    0x00,0x00,0x00,0x00,0x00,0x00,0x00,0x00,0x00,0x00,0x00,0x00,0x00,0x00,0x08,0x20,
    0xe3,0x60,0xfb,0xe0,0xfb,0xc0,0xfb,0xc0,0xfb,0xc0,0xfb,0xc0,0xfb,0xc0,0xfb,0xc0,
    0xfb,0xc0,0xfb,0xc0,0xfb,0xc0,0xfb,0xc0,0xfb,0xc0,0xfb,0xc0,0xf3,0xc0,0xfc,0x00,
    0xd3,0x40,0x00,0x00,0x00,0x00,0x59,0x40,0xfb,0xc0,0xfb,0x80,0xfb,0xa0,0xfb,0xa0,
    0xfb,0xa0,0xfb,0xa0,0xfb,0xa0,0xfb,0xa0,0xfb,0xa0,0xfb,0xa0,0xfb,0xa0,0xfb,0xa0,
    0xfb,0xa0,0xfb,0xa0,0xfb,0xa0,0xfb,0xa0,0xfb,0xa0,0xfb,0xa0,0xeb,0x80,0x20,0x60,
    0x00,0x00,0x00,0x00,0x00,0x00,0x00,0x00,0x00,0x00,0x00,0x00,0x00,0x00,0x00,0x00,
    0x00,0x00,0x00,0x00,0x00,0x00,0x00,0x00,0x00,0x00,0x00,0x00,0x00,0x00,0x00,0x00,
    0x00,0x00,0x00,0x00,0x08,0x20,0xe3,0x60,0xfb,0xe0,0xfb,0xc0,0xfb,0xc0,0xfb,0xc0,
    0xfb,0xc0,0xfb,0xc0,0xfb,0xc0,0xfb,0xc0,0xfb,0xc0,0xfb,0xc0,0xfb,0xc0,0xfb,0xc0,
    0xfb,0xc0,0xf3,0xc0,0xfc,0x00,0xd3,0x40,0x00,0x00,0x00,0x00,0x08,0x20,0xeb,0x40,
    0xfb,0xa0,0xfb,0xa0,0xfb,0xa0,0xfb,0xa0,0xfb,0xa0,0xfb,0xa0,0xfb,0xa0,0xfb,0xa0,
    0xfb,0xa0,0xfb,0xa0,0xfb,0xa0,0xfb,0xa0,0xfb,0xa0,0xfb,0xa0,0xfb,0xa0,0xfb,0xa0,
    0xfb,0x80,0xfb,0xc0,0xcb,0x00,0x10,0x20,0x00,0x00,0x00,0x00,0x00,0x00,0x00,0x00,
    0x00,0x00,0x00,0x00,0x00,0x00,0x00,0x00,0x00,0x00,0x00,0x00,0x00,0x00,0x00,0x00,
    0x00,0x00,0x00,0x00,0x00,0x00,0x00,0x00,0x00,0x00,0x08,0x20,0xe3,0x60,0xfb,0xe0,
    0xfb,0xc0,0xfb,0xc0,0xfb,0xc0,0xfb,0xc0,0xfb,0xc0,0xfb,0xc0,0xfb,0xc0,0xfb,0xc0,
    0xfb,0xc0,0xfb,0xc0,0xfb,0xc0,0xfb,0xc0,0xf3,0xc0,0xfc,0x00,0xd3,0x40,0x00,0x00,
    0x00,0x00,0x00,0x00,0x81,0xe0,0xfb,0xe0,0xfb,0x80,0xfb,0xa0,0xfb,0xa0,0xfb,0xa0,
    0xfb,0xa0,0xfb,0xa0,0xfb,0xa0,0xfb,0xa0,0xfb,0xa0,0xfb,0xa0,0xfb,0xa0,0xfb,0xa0,
    0xfb,0xa0,0xfb,0xa0,0xfb,0xa0,0xfb,0xa0,0xfb,0xa0,0xfb,0xe0,0xc2,0xe0,0x10,0x40,
    0x00,0x00,0x00,0x00,0x00,0x00,0x00,0x00,0x00,0x00,0x00,0x00,0x00,0x00,0x00,0x00,
    0x00,0x00,0x00,0x00,0x00,0x00,0x00,0x00,0x00,0x00,0x00,0x00,0x00,0x00,0x00,0x00,
    0x08,0x20,0xe3,0x60,0xfb,0xe0,0xfb,0xc0,0xfb,0xc0,0xfb,0xc0,0xfb,0xc0,0xfb,0xc0,
    0xfb,0xc0,0xfb,0xc0,0xfb,0xc0,0xfb,0xc0,0xfb,0xc0,0xfb,0xc0,0xfb,0xc0,0xf3,0xc0,
    0xfc,0x00,0xd3,0x40,0x00,0x00,0x00,0x00,0x00,0x00,0x18,0x60,0xf3,0x60,0xfb,0xa0,
    0xfb,0xa0,0xfb,0xa0,0xfb,0xa0,0xfb,0xa0,0xfb,0xa0,0xfb,0xa0,0xfb,0xa0,0xfb,0xa0,
    0xfb,0xa0,0xfb,0xa0,0xfb,0xa0,0xfb,0xa0,0xfb,0xa0,0xfb,0xa0,0xfb,0xa0,0xfb,0xa0,
    0xfb,0xa0,0xfb,0xe0,0xd3,0x20,0x30,0xa0,0x00,0x00,0x00,0x00,0x00,0x00,0x00,0x00,
    0x00,0x00,0x00,0x00,0x00,0x00,0x00,0x00,0x00,0x00,0x00,0x00,0x00,0x00,0x00,0x00,
    0x00,0x00,0x00,0x00,0x00,0x00,0x08,0x20,0xe3,0x60,0xfb,0xe0,0xfb,0xc0,0xfb,0xc0,
    0xfb,0xc0,0xfb,0xc0,0xfb,0xc0,0xfb,0xc0,0xfb,0xc0,0xfb,0xc0,0xfb,0xc0,0xfb,0xc0,
    0xfb,0xc0,0xfb,0xc0,0xf3,0xc0,0xfc,0x00,0xd3,0x40,0x00,0x00,0x00,0x00,0x00,0x00,
    0x00,0x00,0x81,0xc0,0xfb,0xe0,0xfb,0x80,0xfb,0xa0,0xfb,0xa0,0xfb,0xa0,0xfb,0xa0,
    0xfb,0xa0,0xfb,0xa0,0xfb,0xa0,0xfb,0xa0,0xfb,0xa0,0xfb,0xa0,0xfb,0xa0,0xfb,0xa0,
    0xfb,0xa0,0xfb,0xa0,0xfb,0xa0,0xfb,0xa0,0xfb,0xa0,0xfb,0xe0,0xf3,0xa0,0x79,0xc0,
    0x08,0x20,0x00,0x00,0x00,0x00,0x00,0x00,0x00,0x00,0x00,0x00,0x00,0x00,0x00,0x00,
    0x00,0x00,0x00,0x00,0x00,0x00,0x00,0x00,0x00,0x00,0x00,0x00,0x08,0x20,0xe3,0x60,
    0xfb,0xe0,0xfb,0xc0,0xfb,0xc0,0xfb,0xc0,0xfb,0xc0,0xfb,0xc0,0xfb,0xc0,0xfb,0xc0,
    0xfb,0xc0,0xfb,0xc0,0xfb,0xc0,0xfb,0xc0,0xfb,0xc0,0xf3,0xc0,0xfc,0x00,0xd3,0x40,
    0x00,0x00,0x00,0x00,0x00,0x00,0x00,0x00,0x08,0x20,0xdb,0x20,0xfb,0xa0,0xfb,0x80,
    0xfb,0xa0,0xfb,0xa0,0xfb,0xa0,0xfb,0xa0,0xfb,0xa0,0xfb,0xa0,0xfb,0xa0,0xfb,0xa0,
    0xfb,0xa0,0xfb,0xa0,0xfb,0xa0,0xfb,0xa0,0xfb,0xa0,0xfb,0xa0,0xfb,0xa0,0xfb,0xa0,
    0xfb,0xa0,0xfb,0xc0,0xfb,0xe0,0xd3,0x20,0x69,0xa0,0x18,0x60,0x00,0x00,0x00,0x00,
    0x00,0x00,0x00,0x00,0x00,0x00,0x00,0x00,0x00,0x00,0x00,0x00,0x00,0x00,0x00,0x00,
    0x00,0x00,0x08,0x20,0xe3,0x80,0xfb,0xe0,0xfb,0xc0,0xfb,0xc0,0xfb,0xc0,0xfb,0xc0,
    0xfb,0xc0,0xfb,0xc0,0xfb,0xc0,0xfb,0xc0,0xfb,0xc0,0xfb,0xc0,0xfb,0xc0,0xfb,0xc0,
    0xf3,0xc0,0xfc,0x00,0xd3,0x40,0x00,0x00,0x00,0x00,0x00,0x00,0x00,0x00,0x00,0x00,
    0x49,0x20,0xfb,0xc0,0xfb,0x80,0xfb,0xa0,0xfb,0xa0,0xfb,0xa0,0xfb,0xa0,0xfb,0xa0,
    0xfb,0xa0,0xfb,0xa0,0xfb,0xa0,0xfb,0xa0,0xfb,0xa0,0xfb,0xa0,0xfb,0xa0,0xfb,0xa0,
    0xfb,0xa0,0xfb,0xa0,0xfb,0xa0,0xfb,0xa0,0xfb,0xa0,0xfb,0xa0,0xfb,0xc0,0xfb,0xe0,
    0xeb,0x80,0xb2,0xa0,0x71,0xc0,0x49,0x00,0x28,0xa0,0x18,0x60,0x18,0x60,0x18,0x60,
    0x18,0x60,0x18,0x60,0x20,0x80,0x20,0x80,0x79,0xc0,0xfb,0xe0,0xfb,0xc0,0xfb,0xc0,
    0xfb,0xc0,0xfb,0xc0,0xfb,0xc0,0xfb,0xc0,0xfb,0xc0,0xfb,0xc0,0xfb,0xc0,0xfb,0xc0,
    0xfb,0xc0,0xfb,0xc0,0xfb,0xc0,0xf3,0xc0,0xfc,0x00,0xd3,0x40,0x00,0x00,0x00,0x00,
    0x00,0x00,0x00,0x00,0x00,0x00,0x00,0x00,0x9a,0x20,0xfb,0xe0,0xfb,0x80,0xfb,0xa0,
    0xfb,0xa0,0xfb,0xa0,0xfb,0xa0,0xfb,0xa0,0xfb,0xa0,0xfb,0xa0,0xfb,0xa0,0xfb,0xa0,
    0xfb,0xa0,0xfb,0xa0,0xfb,0xa0,0xfb,0xa0,0xfb,0xa0,0xfb,0xa0,0xfb,0xa0,0xfb,0xa0,
    0xfb,0xa0,0xfb,0xa0,0xfb,0xa0,0xfb,0xc0,0xfb,0xe0,0xfc,0x00,0xfb,0xe0,0xfb,0xc0,
    0xf3,0xa0,0xeb,0x80,0xeb,0x80,0xeb,0xa0,0xf3,0x80,0xf3,0xa0,0xf3,0xa0,0xfb,0xc0,
    0xfb,0xc0,0xfb,0xc0,0xfb,0xc0,0xfb,0xc0,0xfb,0xc0,0xfb,0xc0,0xfb,0xc0,0xfb,0xc0,
    0xfb,0xc0,0xfb,0xc0,0xfb,0xc0,0xfb,0xc0,0xfb,0xc0,0xfb,0xc0,0xf3,0xc0,0xfc,0x00,
    0xd3,0x40,0x00,0x00,0x00,0x00,0x00,0x00,0x00,0x00,0x00,0x00,0x00,0x00,0x08,0x20,
    0xca,0xe0,0xfb,0xc0,0xfb,0x80,0xfb,0xa0,0xfb,0xa0,0xfb,0xa0,0xfb,0xa0,0xfb,0xa0,
    0xfb,0xa0,0xfb,0xa0,0xfb,0xa0,0xfb,0xa0,0xfb,0xa0,0xfb,0xa0,0xfb,0xa0,0xfb,0xa0,
    0xfb,0xa0,0xfb,0xa0,0xfb,0xa0,0xfb,0xa0,0xfb,0xa0,0xfb,0xa0,0xfb,0xa0,0xfb,0xa0,
    0xf3,0xa0,0xfb,0xa0,0xfb,0xc0,0xfb,0xc0,0xfb,0xc0,0xfb,0xc0,0xfb,0xc0,0xfb,0xc0,
    0xfb,0xc0,0xfb,0xc0,0xfb,0xc0,0xfb,0xc0,0xfb,0xc0,0xfb,0xc0,0xfb,0xc0,0xfb,0xc0,
    0xfb,0xc0,0xfb,0xc0,0xfb,0xc0,0xfb,0xc0,0xfb,0xc0,0xfb,0xc0,0xfb,0xc0,0xfb,0xc0,
    0xfb,0xc0,0xf3,0xc0,0xfc,0x00,0xd3,0x40,0x00,0x00,0x00,0x00,0x00,0x00,0x00,0x00,
    0x00,0x00,0x00,0x00,0x00,0x00,0x18,0x60,0xe3,0x40,0xfb,0xc0,0xfb,0x80,0xfb,0xa0,
    0xfb,0xa0,0xfb,0xa0,0xfb,0xa0,0xfb,0xa0,0xfb,0xa0,0xfb,0xa0,0xfb,0xa0,0xfb,0xa0,
    0xfb,0xa0,0xfb,0xa0,0xfb,0xa0,0xfb,0xa0,0xfb,0xa0,0xfb,0xa0,0xfb,0xa0,0xfb,0xa0,
    0xfb,0xa0,0xfb,0xa0,0xfb,0xc0,0xfb,0xc0,0xfb,0xc0,0xfb,0xc0,0xfb,0xc0,0xfb,0xc0,
    0xfb,0xc0,0xfb,0xc0,0xfb,0xc0,0xfb,0xc0,0xfb,0xc0,0xfb,0xc0,0xfb,0xc0,0xfb,0xc0,
    0xfb,0xc0,0xfb,0xc0,0xfb,0xc0,0xfb,0xc0,0xfb,0xc0,0xfb,0xc0,0xfb,0xc0,0xfb,0xc0,
    0xfb,0xc0,0xfb,0xc0,0xfb,0xc0,0xfb,0xc0,0xf3,0xc0,0xfc,0x00,0xd3,0x40,0x00,0x00,
    0x00,0x00,0x00,0x00,0x00,0x00,0x00,0x00,0x00,0x00,0x00,0x00,0x00,0x00,0x28,0xa0,
    0xeb,0x60,0xfb,0xc0,0xfb,0x80,0xfb,0xa0,0xfb,0xa0,0xfb,0xa0,0xfb,0xa0,0xfb,0xa0,
    0xfb,0xa0,0xfb,0xa0,0xfb,0xa0,0xfb,0xa0,0xfb,0xa0,0xfb,0xa0,0xfb,0xa0,0xfb,0xa0,
    0xfb,0xa0,0xfb,0xa0,0xfb,0xa0,0xfb,0xa0,0xfb,0xa0,0xfb,0xc0,0xfb,0xc0,0xfb,0xc0,
    0xfb,0xc0,0xfb,0xc0,0xfb,0xc0,0xfb,0xc0,0xfb,0xc0,0xfb,0xc0,0xfb,0xc0,0xfb,0xc0,
    0xfb,0xc0,0xfb,0xc0,0xfb,0xc0,0xfb,0xc0,0xfb,0xc0,0xfb,0xc0,0xfb,0xc0,0xfb,0xc0,
    0xfb,0xc0,0xfb,0xc0,0xfb,0xc0,0xfb,0xc0,0xfb,0xc0,0xfb,0xc0,0xfb,0xc0,0xf3,0xc0,
    0xfc,0x00,0xd3,0x40,0x00,0x00,0x00,0x00,0x00,0x00,0x00,0x00,0x00,0x00,0x00,0x00,
    0x00,0x00,0x00,0x00,0x00,0x00,0x28,0xa0,0xe3,0x40,0xfb,0xe0,0xfb,0x80,0xfb,0xa0,
    0xfb,0xa0,0xfb,0xa0,0xfb,0xa0,0xfb,0xa0,0xfb,0xa0,0xfb,0xa0,0xfb,0xa0,0xfb,0xa0,
    0xfb,0xa0,0xfb,0xa0,0xfb,0xa0,0xfb,0xa0,0xfb,0xa0,0xfb,0xa0,0xfb,0xa0,0xfb,0xa0,
    0xfb,0xc0,0xfb,0xc0,0xfb,0xc0,0xfb,0xc0,0xfb,0xc0,0xfb,0xc0,0xfb,0xc0,0xfb,0xc0,
    0xfb,0xc0,0xfb,0xc0,0xfb,0xc0,0xfb,0xc0,0xfb,0xc0,0xfb,0xc0,0xfb,0xc0,0xfb,0xc0,
    0xfb,0xc0,0xfb,0xc0,0xfb,0xc0,0xfb,0xc0,0xfb,0xc0,0xfb,0xc0,0xfb,0xc0,0xfb,0xc0,
    0xfb,0xc0,0xfb,0xc0,0xf3,0xc0,0xfc,0x00,0xd3,0x40,0x00,0x00,0x00,0x00,0x00,0x00,
    0x00,0x00,0x00,0x00,0x00,0x00,0x00,0x00,0x00,0x00,0x00,0x00,0x00,0x00,0x20,0x60,
    0xca,0xe0,0xfb,0xe0,0xfb,0xa0,0xfb,0x80,0xfb,0xa0,0xfb,0xa0,0xfb,0xa0,0xfb,0xa0,
    0xfb,0xa0,0xfb,0xa0,0xfb,0xa0,0xfb,0xa0,0xfb,0xa0,0xfb,0xa0,0xfb,0xa0,0xfb,0xa0,
    0xfb,0xa0,0xfb,0xa0,0xfb,0xa0,0xfb,0xc0,0xfb,0xc0,0xfb,0xc0,0xfb,0xc0,0xfb,0xc0,
    0xfb,0xc0,0xfb,0xc0,0xfb,0xc0,0xfb,0xc0,0xfb,0xc0,0xfb,0xc0,0xfb,0xc0,0xfb,0xc0,
    0xfb,0xc0,0xfb,0xc0,0xfb,0xc0,0xfb,0xc0,0xfb,0xc0,0xfb,0xc0,0xfb,0xc0,0xfb,0xc0,
    0xfb,0xc0,0xfb,0xc0,0xfb,0xc0,0xfb,0xc0,0xfb,0xc0,0xf3,0xc0,0xfc,0x00,0xd3,0x40,
    0x00,0x00,0x00,0x00,0x00,0x00,0x00,0x00,0x00,0x00,0x00,0x00,0x00,0x00,0x00,0x00,
    0x00,0x00,0x00,0x00,0x00,0x00,0x08,0x20,0x9a,0x20,0xfb,0xc0,0xfb,0xc0,0xfb,0x80,
    0xfb,0xa0,0xfb,0xa0,0xfb,0xa0,0xfb,0xa0,0xfb,0xa0,0xfb,0xa0,0xfb,0xa0,0xfb,0xa0,
    0xfb,0xa0,0xfb,0xa0,0xfb,0xa0,0xfb,0xa0,0xfb,0xa0,0xfb,0xa0,0xfb,0xc0,0xfb,0xc0,
    0xfb,0xc0,0xfb,0xc0,0xfb,0xc0,0xfb,0xc0,0xfb,0xc0,0xfb,0xc0,0xfb,0xc0,0xfb,0xc0,
    0xfb,0xc0,0xfb,0xc0,0xfb,0xc0,0xfb,0xc0,0xfb,0xc0,0xfb,0xc0,0xfb,0xc0,0xfb,0xc0,
    0xfb,0xc0,0xfb,0xc0,0xfb,0xc0,0xfb,0xc0,0xfb,0xc0,0xfb,0xc0,0xfb,0xc0,0xf3,0xc0,
    0xf3,0xc0,0xfb,0xe0,0xd3,0x40,0x00,0x00,0x00,0x00,0x00,0x00,0x00,0x00,0x00,0x00,
    0x00,0x00,0x00,0x00,0x00,0x00,0x00,0x00,0x00,0x00,0x00,0x00,0x00,0x00,0x00,0x00,
    0x51,0x20,0xdb,0x40,0xfb,0xe0,0xfb,0xa0,0xfb,0x80,0xfb,0xa0,0xfb,0xa0,0xfb,0xa0,
    0xfb,0xa0,0xfb,0xa0,0xfb,0xa0,0xfb,0xa0,0xfb,0xa0,0xfb,0xa0,0xfb,0xa0,0xfb,0xa0,
    0xfb,0xa0,0xfb,0xc0,0xfb,0xc0,0xfb,0xc0,0xfb,0xc0,0xfb,0xc0,0xfb,0xc0,0xfb,0xc0,
    0xfb,0xc0,0xfb,0xc0,0xfb,0xc0,0xfb,0xc0,0xfb,0xc0,0xfb,0xc0,0xfb,0xc0,0xfb,0xc0,
    0xfb,0xc0,0xfb,0xc0,0xfb,0xc0,0xfb,0xc0,0xfb,0xc0,0xfb,0xc0,0xfb,0xc0,0xfb,0xc0,
    0xf3,0xc0,0xf3,0xc0,0xfb,0xc0,0xfc,0x00,0xfc,0x20,0xc3,0x00,0x00,0x00,0x00,0x00,
    0x00,0x00,0x00,0x00,0x00,0x00,0x00,0x00,0x00,0x00,0x00,0x00,0x00,0x00,0x00,0x00,
    0x00,0x00,0x00,0x00,0x00,0x00,0x00,0x00,0x10,0x40,0x81,0xe0,0xf3,0x80,0xfb,0xe0,
    0xfb,0xc0,0xfb,0xa0,0xfb,0xa0,0xfb,0xa0,0xfb,0xa0,0xfb,0xa0,0xfb,0xa0,0xfb,0xa0,
    0xfb,0xa0,0xfb,0xa0,0xfb,0xa0,0xfb,0xa0,0xfb,0xc0,0xfb,0xc0,0xfb,0xc0,0xfb,0xc0,
    0xfb,0xc0,0xfb,0xc0,0xfb,0xc0,0xfb,0xc0,0xfb,0xc0,0xfb,0xc0,0xfb,0xc0,0xfb,0xc0,
    0xfb,0xc0,0xfb,0xc0,0xfb,0xc0,0xfb,0xc0,0xfb,0xc0,0xfb,0xc0,0xfb,0xc0,0xfb,0xc0,
    0xf3,0xc0,0xf3,0xc0,0xfb,0xc0,0xfc,0x00,0xfc,0x00,0xf3,0xc0,0xba,0xe0,0x61,0x80,
    0x10,0x40,0x00,0x00,0x00,0x00,0x00,0x00,0x00,0x00,0x00,0x00,0x00,0x00,0x00,0x00,
    0x00,0x00,0x00,0x00,0x00,0x00,0x00,0x00,0x00,0x00,0x00,0x00,0x00,0x00,0x00,0x00,
    0x00,0x00,0x20,0x60,0x8a,0x00,0xe3,0x60,0xfb,0xe0,0xfb,0xe0,0xfb,0xa0,0xfb,0xa0,
    0xfb,0xa0,0xfb,0xa0,0xfb,0xa0,0xfb,0xa0,0xfb,0xa0,0xfb,0xa0,0xfb,0xa0,0xfb,0xc0,
    0xfb,0xc0,0xfb,0xc0,0xfb,0xc0,0xfb,0xc0,0xfb,0xc0,0xfb,0xc0,0xfb,0xc0,0xfb,0xc0,
    0xfb,0xc0,0xfb,0xc0,0xfb,0xc0,0xfb,0xc0,0xfb,0xc0,0xfb,0xc0,0xf3,0xc0,0xf3,0xa0,
    0xf3,0xa0,0xfb,0xc0,0xfb,0xe0,0xfc,0x00,0xfc,0x00,0xf3,0xc0,0xc3,0x00,0x71,0xc0,
    0x28,0xa0,0x00,0x00,0x00,0x00,0x00,0x00,0x00,0x00,0x00,0x00,0x00,0x00,0x00,0x00,
    0x00,0x00,0x00,0x00,0x00,0x00,0x00,0x00,0x00,0x00,0x00,0x00,0x00,0x00,0x00,0x00,
    0x00,0x00,0x00,0x00,0x00,0x00,0x00,0x00,0x00,0x00,0x00,0x00,0x10,0x40,0x61,0x80,
    0xba,0xc0,0xf3,0xa0,0xfb,0xe0,0xfb,0xe0,0xfb,0xc0,0xfb,0xc0,0xfb,0xa0,0xfb,0xa0,
    0xfb,0xa0,0xfb,0xa0,0xfb,0xa0,0xfb,0xa0,0xfb,0xa0,0xfb,0xa0,0xfb,0xa0,0xfb,0xa0,
    0xfb,0xa0,0xfb,0xa0,0xfb,0xa0,0xfb,0xc0,0xf3,0xc0,0xf3,0xc0,0xfb,0xa0,0xfb,0xc0,
    0xfb,0xe0,0xfb,0xe0,0xfc,0x00,0xfc,0x00,0xfb,0xe0,0xe3,0x60,0xaa,0xa0,0x69,0xa0,
    0x20,0xa0,0x00,0x00,0x00,0x00,0x00,0x00,0x00,0x00,0x00,0x00,0x00,0x00,0x00,0x00,
    0x00,0x00,0x00,0x00,0x00,0x00,0x00,0x00,0x00,0x00,0x00,0x00,0x00,0x00,0x00,0x00,
    0x00,0x00,0x00,0x00,0x00,0x00,0x00,0x00,0x00,0x00,0x00,0x00,0x00,0x00,0x00,0x00,
    0x00,0x00,0x00,0x00,0x00,0x00,0x00,0x00,0x20,0x80,0x61,0x60,0xa2,0x60,0xd3,0x00,
    0xf3,0x80,0xfb,0xc0,0xfb,0xe0,0xfb,0xe0,0xfb,0xe0,0xfb,0xe0,0xfb,0xc0,0xfb,0xc0,
    0xfb,0xc0,0xfb,0xc0,0xfb,0xc0,0xfb,0xc0,0xfb,0xe0,0xfb,0xe0,0xfb,0xe0,0xfc,0x00,
    0xfb,0xe0,0xfb,0xe0,0xfb,0xc0,0xeb,0x80,0xcb,0x00,0x9a,0x60,0x69,0xa0,0x30,0xc0,
    0x08,0x20,0x00,0x00,0x00,0x00,0x00,0x00,0x00,0x00,0x00,0x00,0x00,0x00,0x00,0x00,
    0x00,0x00,0x00,0x00,0x00,0x00,0x00,0x00,0x00,0x00,0x00,0x00,0x00,0x00,0x00,0x00,
    0x00,0x00,0x00,0x00,0x00,0x00,0x00,0x00,0x00,0x00,0x00,0x00,0x00,0x00,0x00,0x00,
    0x00,0x00,0x00,0x00,0x00,0x00,0x00,0x00,0x00,0x00,0x00,0x00,0x00,0x00,0x00,0x00,
    0x00,0x00,0x00,0x00,0x00,0x00,0x20,0x80,0x49,0x20,0x71,0xa0,0x92,0x40,0xb2,0xa0,
    0xc2,0xe0,0xd3,0x20,0xdb,0x40,0xdb,0x40,0xdb,0x40,0xdb,0x40,0xd3,0x20,0xcb,0x00,
    0xba,0xc0,0xaa,0x80,0x92,0x20,0x79,0xc0,0x59,0x40,0x38,0xc0,0x10,0x40,0x00,0x00,
    0x00,0x00,0x00,0x00,0x00,0x00,0x00,0x00,0x00,0x00,0x00,0x00,0x00,0x00,0x00,0x00,
    0x00,0x00,0x00,0x00,0x00,0x00,0x00,0x00,0x00,0x00,
};
const lv_img_dsc_t img_genex_0 = {
    .header.cf = LV_IMG_CF_TRUE_COLOR,
    .header.always_zero = 0,
    .header.reserved = 0,
    .header.w = 59,
    .header.h = 71,
    .data_size = 8378,
    .data = img_genex_0_map,
};

static const uint8_t img_genex_1_map[] = {
    0xaa,0xa0,0xd3,0x40,0xcb,0x40,0xcb,0x40,0xcb,0x40,0xcb,0x40,0xcb,0x40,0xcb,0x40,
    0xcb,0x40,0xcb,0x40,0xcb,0x40,0xcb,0x40,0xcb,0x40,0xcb,0x60,0xcb,0x60,0xcb,0x60,
    0xcb,0x60,0xcb,0x60,0xcb,0x60,0xcb,0x60,0xcb,0x60,0xcb,0x60,0xcb,0x60,0xcb,0x60,
    0xcb,0x60,0xcb,0x60,0xcb,0x60,0xcb,0x60,0xcb,0x60,0xcb,0x60,0xcb,0x80,0xcb,0x80,
    0xcb,0x80,0xcb,0x80,0xcb,0x80,0xcb,0x80,0xcb,0x80,0xcb,0x80,0xcb,0x80,0xc3,0x80,
    0xc3,0x80,0xc3,0x80,0xc3,0x80,0xc3,0x80,0xc3,0x80,0xc3,0xa0,0xc3,0x80,0x28,0xc0,
    0xd3,0x40,0xfc,0x20,0xfc,0x00,0xfc,0x00,0xfc,0x00,0xfc,0x00,0xfc,0x20,0xfc,0x20,
    0xfc,0x20,0xfc,0x20,0xfc,0x20,0xfc,0x20,0xfc,0x20,0xfc,0x20,0xfc,0x20,0xfc,0x20,
    0xfc,0x20,0xfc,0x20,0xfc,0x20,0xfc,0x20,0xfc,0x40,0xfc,0x40,0xfc,0x40,0xfc,0x40,
    0xfc,0x40,0xfc,0x40,0xfc,0x40,0xfc,0x40,0xfc,0x40,0xfc,0x40,0xfc,0x40,0xfc,0x40,
    0xfc,0x40,0xfc,0x60,0xfc,0x60,0xfc,0x60,0xfc,0x60,0xfc,0x60,0xfc,0x60,0xfc,0x60,
    0xfc,0x60,0xfc,0x60,0xfc,0x60,0xfc,0x60,0xf4,0x60,0xfc,0x80,0xec,0x20,0x18,0x80,
    0xcb,0x20,0xfc,0x00,0xf3,0xe0,0xf3,0xe0,0xf3,0xe0,0xf3,0xe0,0xf3,0xe0,0xf3,0xe0,
    0xf3,0xe0,0xf4,0x00,0xf4,0x00,0xf4,0x00,0xf4,0x00,0xf4,0x00,0xf4,0x00,0xf4,0x00,
    0xf4,0x00,0xf4,0x00,0xf4,0x00,0xf4,0x00,0xf4,0x00,0xf4,0x00,0xf4,0x00,0xf4,0x20,
    0xf4,0x20,0xf4,0x20,0xf4,0x20,0xf4,0x20,0xf4,0x20,0xf4,0x20,0xf4,0x20,0xf4,0x20,
    0xf4,0x20,0xec,0x20,0xec,0x20,0xec,0x20,0xec,0x20,0xec,0x40,0xec,0x40,0xec,0x40,
    0xec,0x40,0xec,0x40,0xec,0x40,0xec,0x40,0xec,0x40,0xf4,0x60,0xcb,0xa0,0x00,0x00,
    0xcb,0x40,0xfc,0x00,0xf3,0xe0,0xf3,0xe0,0xf3,0xe0,0xf3,0xe0,0xf4,0x00,0xf4,0x00,
    0xf4,0x00,0xf4,0x00,0xf4,0x00,0xf4,0x00,0xf4,0x00,0xf4,0x00,0xf4,0x00,0xf4,0x00,
    0xf4,0x00,0xf4,0x00,0xf4,0x00,0xf4,0x00,0xf4,0x20,0xf4,0x20,0xf4,0x20,0xf4,0x20,
    0xf4,0x20,0xf4,0x20,0xf4,0x20,0xf4,0x20,0xf4,0x20,0xf4,0x20,0xf4,0x20,0xf4,0x20,
    0xf4,0x20,0xf4,0x40,0xf4,0x40,0xf4,0x40,0xf4,0x40,0xf4,0x40,0xf4,0x40,0xf4,0x40,
    0xf4,0x40,0xf4,0x40,0xf4,0x40,0xf4,0x40,0xec,0x40,0xfc,0x80,0xab,0x20,0x00,0x00,
    0xcb,0x40,0xfc,0x00,0xf3,0xe0,0xf3,0xe0,0xf3,0xe0,0xf3,0xe0,0xf4,0x00,0xf4,0x00,
    0xf4,0x00,0xf4,0x00,0xf4,0x00,0xf4,0x00,0xf4,0x00,0xf4,0x00,0xf4,0x00,0xf4,0x00,
    0xf4,0x00,0xf4,0x00,0xf4,0x00,0xf4,0x00,0xf4,0x20,0xf4,0x20,0xf4,0x20,0xf4,0x20,
    0xf4,0x20,0xf4,0x20,0xf4,0x20,0xf4,0x20,0xf4,0x20,0xf4,0x20,0xf4,0x20,0xf4,0x20,
    0xf4,0x20,0xf4,0x40,0xf4,0x40,0xf4,0x40,0xf4,0x40,0xf4,0x40,0xf4,0x40,0xf4,0x40,
    0xf4,0x40,0xf4,0x40,0xf4,0x40,0xf4,0x40,0xec,0x40,0xfc,0xa0,0x8a,0x80,0x00,0x00,
    0xcb,0x40,0xfc,0x00,0xf3,0xe0,0xf3,0xe0,0xf3,0xe0,0xf3,0xe0,0xf4,0x00,0xf4,0x00,
    0xf4,0x00,0xf4,0x00,0xf4,0x00,0xf4,0x00,0xf4,0x00,0xf4,0x00,0xf4,0x00,0xf4,0x00,
    0xf4,0x00,0xf4,0x00,0xf4,0x00,0xf4,0x00,0xf4,0x20,0xf4,0x20,0xf4,0x20,0xf4,0x20,
    0xf4,0x20,0xf4,0x20,0xf4,0x20,0xf4,0x20,0xf4,0x20,0xf4,0x20,0xf4,0x20,0xf4,0x20,
    0xf4,0x20,0xf4,0x40,0xf4,0x40,0xf4,0x40,0xf4,0x40,0xf4,0x40,0xf4,0x40,0xf4,0x40,
    0xf4,0x40,0xf4,0x40,0xf4,0x40,0xf4,0x40,0xec,0x40,0xfc,0xa0,0x69,0xe0,0x00,0x00,
    0xcb,0x40,0xfc,0x00,0xf3,0xe0,0xf3,0xe0,0xf3,0xe0,0xf3,0xe0,0xf4,0x00,0xf4,0x00,
    0xf4,0x00,0xf4,0x00,0xf4,0x00,0xf4,0x00,0xf4,0x00,0xf4,0x00,0xf4,0x00,0xf4,0x00,
    0xf4,0x00,0xf4,0x00,0xf4,0x00,0xf4,0x00,0xf4,0x20,0xf4,0x20,0xf4,0x20,0xf4,0x20,
    0xf4,0x20,0xf4,0x20,0xf4,0x20,0xf4,0x20,0xf4,0x20,0xf4,0x20,0xf4,0x20,0xf4,0x20,
    0xf4,0x20,0xf4,0x40,0xf4,0x40,0xf4,0x40,0xf4,0x40,0xf4,0x40,0xf4,0x40,0xf4,0x40,
    0xf4,0x40,0xf4,0x40,0xf4,0x40,0xf4,0x40,0xec,0x40,0xfc,0x80,0x49,0x40,0x00,0x00,
    0xcb,0x40,0xfc,0x00,0xf3,0xe0,0xf3,0xe0,0xf3,0xe0,0xf3,0xe0,0xf4,0x00,0xf4,0x00,
    0xf4,0x00,0xf4,0x00,0xf4,0x00,0xf4,0x00,0xf4,0x00,0xf4,0x00,0xf4,0x00,0xf4,0x00,
    0xf4,0x00,0xf4,0x00,0xf4,0x00,0xf4,0x00,0xf4,0x20,0xf4,0x20,0xf4,0x20,0xf4,0x20,
    0xf4,0x20,0xf4,0x20,0xf4,0x20,0xf4,0x20,0xf4,0x20,0xf4,0x20,0xf4,0x20,0xf4,0x20,
    0xf4,0x20,0xf4,0x40,0xf4,0x40,0xf4,0x40,0xf4,0x40,0xf4,0x40,0xf4,0x40,0xf4,0x40,
    0xf4,0x40,0xf4,0x40,0xf4,0x40,0xf4,0x40,0xf4,0x40,0xf4,0x60,0x28,0xc0,0x00,0x00,
    0xcb,0x40,0xfc,0x00,0xf3,0xe0,0xf3,0xe0,0xf3,0xe0,0xf3,0xe0,0xf4,0x00,0xf4,0x00,
    0xf4,0x00,0xf4,0x00,0xf4,0x00,0xf4,0x00,0xf4,0x00,0xf4,0x00,0xf4,0x00,0xf4,0x00,
    0xf4,0x00,0xf4,0x00,0xf4,0x00,0xf4,0x00,0xf4,0x20,0xf4,0x20,0xf4,0x20,0xf4,0x20,
    0xf4,0x20,0xf4,0x20,0xf4,0x20,0xf4,0x20,0xf4,0x20,0xf4,0x20,0xf4,0x20,0xf4,0x20,
    0xf4,0x20,0xf4,0x40,0xf4,0x40,0xf4,0x40,0xf4,0x40,0xf4,0x40,0xf4,0x40,0xf4,0x40,
    0xf4,0x40,0xf4,0x40,0xf4,0x40,0xec,0x40,0xf4,0x60,0xe4,0x00,0x10,0x40,0x00,0x00,
    0xcb,0x40,0xfc,0x00,0xf3,0xe0,0xf3,0xe0,0xf3,0xe0,0xf3,0xe0,0xf4,0x00,0xf4,0x00,
    0xf4,0x00,0xf4,0x00,0xf4,0x00,0xf4,0x00,0xf4,0x00,0xf4,0x00,0xf4,0x00,0xf4,0x00,
    0xf4,0x00,0xf4,0x00,0xf4,0x00,0xf4,0x00,0xf4,0x20,0xf4,0x20,0xf4,0x20,0xf4,0x20,
    0xf4,0x20,0xf4,0x20,0xf4,0x20,0xf4,0x20,0xf4,0x20,0xf4,0x20,0xf4,0x20,0xf4,0x20,
    0xf4,0x20,0xf4,0x40,0xf4,0x40,0xf4,0x40,0xf4,0x40,0xf4,0x40,0xf4,0x40,0xf4,0x40,
    0xf4,0x40,0xf4,0x40,0xf4,0x40,0xec,0x40,0xfc,0x80,0xcb,0xa0,0x00,0x00,0x00,0x00,
    0xcb,0x40,0xfc,0x00,0xf3,0xe0,0xf3,0xe0,0xf3,0xe0,0xf3,0xe0,0xf4,0x00,0xf4,0x00,
    0xf4,0x00,0xf4,0x00,0xf4,0x00,0xf4,0x00,0xf4,0x00,0xf4,0x00,0xf4,0x00,0xf4,0x00,
    0xf4,0x00,0xf4,0x00,0xf4,0x00,0xf4,0x00,0xf4,0x00,0xec,0x00,0xec,0x00,0xec,0x00,
    0xec,0x00,0xec,0x00,0xec,0x00,0xec,0x20,0xec,0x20,0xec,0x20,0xec,0x20,0xec,0x20,
    0xec,0x20,0xec,0x20,0xec,0x20,0xec,0x20,0xec,0x20,0xec,0x20,0xec,0x20,0xec,0x20,
    0xec,0x40,0xec,0x40,0xec,0x40,0xec,0x20,0xfc,0x80,0xab,0x00,0x00,0x00,0x00,0x00,
    0xcb,0x40,0xfc,0x00,0xf3,0xe0,0xf3,0xe0,0xf3,0xe0,0xf3,0xe0,0xf4,0x00,0xf4,0x00,
    0xf4,0x00,0xf4,0x00,0xf4,0x00,0xf4,0x00,0xf4,0x00,0xf4,0x00,0xf4,0x00,0xf4,0x00,
    0xf4,0x00,0xfc,0x40,0xfc,0x60,0xfc,0x60,0xfc,0x60,0xfc,0x60,0xfc,0x60,0xfc,0x60,
    0xfc,0x60,0xfc,0x60,0xfc,0x60,0xfc,0x60,0xfc,0x60,0xfc,0x60,0xfc,0x80,0xfc,0x80,
    0xfc,0x80,0xfc,0x80,0xfc,0x80,0xfc,0x80,0xfc,0x80,0xfc,0x80,0xfc,0x80,0xfc,0x80,
    0xfc,0x80,0xfc,0x80,0xfc,0x80,0xfc,0x80,0xfc,0xe0,0x92,0xa0,0x00,0x00,0x00,0x00,
    0xcb,0x40,0xfc,0x00,0xf3,0xe0,0xf3,0xe0,0xf3,0xe0,0xf3,0xe0,0xf4,0x00,0xf4,0x00,
    0xf4,0x00,0xf4,0x00,0xf4,0x00,0xf4,0x00,0xf4,0x00,0xf4,0x00,0xf4,0x00,0xf4,0x00,
    0xf4,0x00,0xa2,0xa0,0x9a,0x80,0x9a,0x80,0x9a,0x80,0x9a,0x80,0x9a,0x80,0x9a,0x80,
    0x9a,0x80,0x9a,0x80,0x9a,0x80,0x9a,0x80,0x9a,0x80,0x9a,0x80,0x9a,0xa0,0x9a,0xa0,
    0x9a,0xa0,0x9a,0xa0,0x9a,0xa0,0x9a,0xa0,0x9a,0xa0,0x9a,0xa0,0x9a,0xa0,0x9a,0xa0,
    0x9a,0xa0,0x9a,0xa0,0x9a,0xa0,0x92,0xa0,0xa2,0xe0,0x41,0x40,0x00,0x00,0x00,0x00,
    0xcb,0x40,0xfc,0x00,0xf3,0xe0,0xf3,0xe0,0xf3,0xe0,0xf3,0xe0,0xf4,0x00,0xf4,0x00,
    0xf4,0x00,0xf4,0x00,0xf4,0x00,0xf4,0x00,0xf4,0x00,0xf4,0x00,0xf4,0x00,0xfc,0x20,
    0xeb,0xe0,0x08,0x20,0x00,0x00,0x00,0x00,0x00,0x00,0x00,0x00,0x00,0x00,0x00,0x00,
    0x00,0x00,0x00,0x00,0x00,0x00,0x00,0x00,0x00,0x00,0x00,0x00,0x00,0x00,0x00,0x00,
    0x00,0x00,0x00,0x00,0x00,0x00,0x00,0x00,0x00,0x00,0x00,0x00,0x00,0x00,0x00,0x00,
    0x00,0x00,0x00,0x00,0x00,0x00,0x00,0x00,0x00,0x00,0x00,0x00,0x00,0x00,0x00,0x00,
    0xcb,0x40,0xfc,0x00,0xf3,0xe0,0xf3,0xe0,0xf3,0xe0,0xf3,0xe0,0xf4,0x00,0xf4,0x00,
    0xf4,0x00,0xf4,0x00,0xf4,0x00,0xf4,0x00,0xf4,0x00,0xf4,0x00,0xf4,0x00,0xfc,0x20,
    0xeb,0xe0,0x18,0x60,0x00,0x00,0x00,0x00,0x00,0x00,0x00,0x00,0x00,0x00,0x00,0x00,
    0x00,0x00,0x00,0x00,0x00,0x00,0x00,0x00,0x00,0x00,0x00,0x00,0x00,0x00,0x00,0x00,
    0x00,0x00,0x00,0x00,0x00,0x00,0x00,0x00,0x00,0x00,0x00,0x00,0x00,0x00,0x00,0x00,
    0x00,0x00,0x00,0x00,0x00,0x00,0x00,0x00,0x00,0x00,0x00,0x00,0x00,0x00,0x00,0x00,
    0xcb,0x40,0xfc,0x00,0xf3,0xe0,0xf3,0xe0,0xf3,0xe0,0xf3,0xe0,0xf4,0x00,0xf4,0x00,
    0xf4,0x00,0xf4,0x00,0xf4,0x00,0xf4,0x00,0xf4,0x00,0xf4,0x00,0xf4,0x00,0xfc,0x20,
    0xeb,0xe0,0x18,0x60,0x00,0x00,0x00,0x00,0x00,0x00,0x00,0x00,0x00,0x00,0x00,0x00,
    0x00,0x00,0x00,0x00,0x00,0x00,0x00,0x00,0x00,0x00,0x00,0x00,0x00,0x00,0x00,0x00,
    0x00,0x00,0x00,0x00,0x00,0x00,0x00,0x00,0x00,0x00,0x00,0x00,0x00,0x00,0x00,0x00,
    0x00,0x00,0x00,0x00,0x00,0x00,0x00,0x00,0x00,0x00,0x00,0x00,0x00,0x00,0x00,0x00,
    0xcb,0x40,0xfc,0x00,0xf3,0xe0,0xf3,0xe0,0xf3,0xe0,0xf3,0xe0,0xf4,0x00,0xf4,0x00,
    0xf4,0x00,0xf4,0x00,0xf4,0x00,0xf4,0x00,0xf4,0x00,0xf4,0x00,0xf4,0x00,0xfc,0x20,
    0xeb,0xe0,0x18,0x60,0x00,0x00,0x00,0x00,0x00,0x00,0x00,0x00,0x00,0x00,0x00,0x00,
    0x00,0x00,0x00,0x00,0x00,0x00,0x00,0x00,0x00,0x00,0x00,0x00,0x00,0x00,0x00,0x00,
    0x00,0x00,0x00,0x00,0x00,0x00,0x00,0x00,0x00,0x00,0x00,0x00,0x00,0x00,0x00,0x00,
    0x00,0x00,0x00,0x00,0x00,0x00,0x00,0x00,0x00,0x00,0x00,0x00,0x00,0x00,0x00,0x00,
    0xcb,0x40,0xfc,0x00,0xf3,0xe0,0xf3,0xe0,0xf3,0xe0,0xf3,0xe0,0xf4,0x00,0xf4,0x00,
    0xf4,0x00,0xf4,0x00,0xf4,0x00,0xf4,0x00,0xf4,0x00,0xf4,0x00,0xf4,0x00,0xfc,0x20,
    0xeb,0xe0,0x18,0x60,0x00,0x00,0x00,0x00,0x00,0x00,0x00,0x00,0x00,0x00,0x00,0x00,
    0x00,0x00,0x00,0x00,0x00,0x00,0x00,0x00,0x00,0x00,0x00,0x00,0x00,0x00,0x00,0x00,
    0x00,0x00,0x00,0x00,0x00,0x00,0x00,0x00,0x00,0x00,0x00,0x00,0x00,0x00,0x00,0x00,
    0x00,0x00,0x00,0x00,0x00,0x00,0x00,0x00,0x00,0x00,0x00,0x00,0x00,0x00,0x00,0x00,
    0xcb,0x40,0xfc,0x00,0xf3,0xe0,0xf3,0xe0,0xf3,0xe0,0xf3,0xe0,0xf4,0x00,0xf4,0x00,
    0xf4,0x00,0xf4,0x00,0xf4,0x00,0xf4,0x00,0xf4,0x00,0xf4,0x00,0xf4,0x00,0xfc,0x20,
    0xeb,0xe0,0x18,0x60,0x00,0x00,0x00,0x00,0x00,0x00,0x00,0x00,0x00,0x00,0x00,0x00,
    0x00,0x00,0x00,0x00,0x00,0x00,0x00,0x00,0x00,0x00,0x00,0x00,0x00,0x00,0x00,0x00,
    0x00,0x00,0x00,0x00,0x00,0x00,0x00,0x00,0x00,0x00,0x00,0x00,0x00,0x00,0x00,0x00,
    0x00,0x00,0x00,0x00,0x00,0x00,0x00,0x00,0x00,0x00,0x00,0x00,0x00,0x00,0x00,0x00,
    0xcb,0x40,0xfc,0x00,0xf3,0xe0,0xf3,0xe0,0xf3,0xe0,0xf3,0xe0,0xf4,0x00,0xf4,0x00,
    0xf4,0x00,0xf4,0x00,0xf4,0x00,0xf4,0x00,0xf4,0x00,0xf4,0x00,0xf4,0x00,0xfc,0x20,
    0xeb,0xe0,0x18,0x60,0x00,0x00,0x00,0x00,0x00,0x00,0x00,0x00,0x00,0x00,0x00,0x00,
    0x00,0x00,0x00,0x00,0x00,0x00,0x00,0x00,0x00,0x00,0x00,0x00,0x00,0x00,0x00,0x00,
    0x00,0x00,0x00,0x00,0x00,0x00,0x00,0x00,0x00,0x00,0x00,0x00,0x00,0x00,0x00,0x00,
    0x00,0x00,0x00,0x00,0x00,0x00,0x00,0x00,0x00,0x00,0x00,0x00,0x00,0x00,0x00,0x00,
    0xcb,0x40,0xfc,0x00,0xf3,0xe0,0xf3,0xe0,0xf3,0xe0,0xf3,0xe0,0xf4,0x00,0xf4,0x00,
    0xf4,0x00,0xf4,0x00,0xf4,0x00,0xf4,0x00,0xf4,0x00,0xf4,0x00,0xf4,0x00,0xfc,0x20,
    0xeb,0xe0,0x18,0x60,0x00,0x00,0x00,0x00,0x00,0x00,0x00,0x00,0x00,0x00,0x00,0x00,
    0x00,0x00,0x00,0x00,0x00,0x00,0x00,0x00,0x00,0x00,0x00,0x00,0x00,0x00,0x00,0x00,
    0x00,0x00,0x00,0x00,0x00,0x00,0x00,0x00,0x00,0x00,0x00,0x00,0x00,0x00,0x00,0x00,
    0x00,0x00,0x00,0x00,0x00,0x00,0x00,0x00,0x00,0x00,0x00,0x00,0x00,0x00,0x00,0x00,
    0xcb,0x40,0xfc,0x00,0xf3,0xe0,0xf3,0xe0,0xf3,0xe0,0xf3,0xe0,0xf4,0x00,0xf4,0x00,
    0xf4,0x00,0xf4,0x00,0xf4,0x00,0xf4,0x00,0xf4,0x00,0xf4,0x00,0xf4,0x00,0xfc,0x20,
    0xeb,0xe0,0x18,0x60,0x00,0x00,0x00,0x00,0x00,0x00,0x00,0x00,0x00,0x00,0x00,0x00,
    0x00,0x00,0x00,0x00,0x00,0x00,0x00,0x00,0x00,0x00,0x00,0x00,0x00,0x00,0x00,0x00,
    0x00,0x00,0x00,0x00,0x00,0x00,0x00,0x00,0x00,0x00,0x00,0x00,0x00,0x00,0x00,0x00,
    0x00,0x00,0x00,0x00,0x00,0x00,0x00,0x00,0x00,0x00,0x00,0x00,0x00,0x00,0x00,0x00,
    0xcb,0x40,0xfc,0x00,0xf3,0xe0,0xf3,0xe0,0xf3,0xe0,0xf3,0xe0,0xf4,0x00,0xf4,0x00,
    0xf4,0x00,0xf4,0x00,0xf4,0x00,0xf4,0x00,0xf4,0x00,0xf4,0x00,0xf4,0x00,0xfc,0x20,
    0xeb,0xe0,0x18,0x60,0x00,0x00,0x00,0x00,0x00,0x00,0x00,0x00,0x00,0x00,0x00,0x00,
    0x00,0x00,0x00,0x00,0x00,0x00,0x00,0x00,0x00,0x00,0x00,0x00,0x00,0x00,0x00,0x00,
    0x00,0x00,0x00,0x00,0x00,0x00,0x00,0x00,0x00,0x00,0x00,0x00,0x00,0x00,0x00,0x00,
    0x00,0x00,0x00,0x00,0x00,0x00,0x00,0x00,0x00,0x00,0x00,0x00,0x00,0x00,0x00,0x00,
    0xcb,0x40,0xfc,0x00,0xf3,0xe0,0xf3,0xe0,0xf3,0xe0,0xf3,0xe0,0xf4,0x00,0xf4,0x00,
    0xf4,0x00,0xf4,0x00,0xf4,0x00,0xf4,0x00,0xf4,0x00,0xf4,0x00,0xf4,0x00,0xfc,0x20,
    0xeb,0xe0,0x18,0x60,0x00,0x00,0x00,0x00,0x00,0x00,0x00,0x00,0x00,0x00,0x00,0x00,
    0x00,0x00,0x00,0x00,0x00,0x00,0x00,0x00,0x00,0x00,0x00,0x00,0x00,0x00,0x00,0x00,
    0x00,0x00,0x00,0x00,0x00,0x00,0x00,0x00,0x00,0x00,0x00,0x00,0x00,0x00,0x00,0x00,
    0x00,0x00,0x00,0x00,0x00,0x00,0x00,0x00,0x00,0x00,0x00,0x00,0x00,0x00,0x00,0x00,
    0xcb,0x40,0xfc,0x00,0xf3,0xe0,0xf3,0xe0,0xf3,0xe0,0xf3,0xe0,0xf4,0x00,0xf4,0x00,
    0xf4,0x00,0xf4,0x00,0xf4,0x00,0xf4,0x00,0xf4,0x00,0xf4,0x00,0xf4,0x00,0xfc,0x20,
    0xeb,0xe0,0x18,0x60,0x00,0x00,0x00,0x00,0x00,0x00,0x00,0x00,0x00,0x00,0x00,0x00,
    0x00,0x00,0x00,0x00,0x00,0x00,0x00,0x00,0x00,0x00,0x00,0x00,0x00,0x00,0x00,0x00,
    0x00,0x00,0x00,0x00,0x00,0x00,0x00,0x00,0x00,0x00,0x00,0x00,0x00,0x00,0x00,0x00,
    0x00,0x00,0x00,0x00,0x00,0x00,0x00,0x00,0x00,0x00,0x00,0x00,0x00,0x00,0x00,0x00,
    0xcb,0x40,0xfc,0x00,0xf3,0xe0,0xf3,0xe0,0xf3,0xe0,0xf3,0xe0,0xf4,0x00,0xf4,0x00,
    0xf4,0x00,0xf4,0x00,0xf4,0x00,0xf4,0x00,0xf4,0x00,0xf4,0x00,0xf4,0x00,0xfc,0x20,
    0xeb,0xe0,0x18,0x60,0x00,0x00,0x00,0x00,0x00,0x00,0x00,0x00,0x00,0x00,0x00,0x00,
    0x00,0x00,0x00,0x00,0x00,0x00,0x00,0x00,0x00,0x00,0x00,0x00,0x00,0x00,0x00,0x00,
    0x00,0x00,0x00,0x00,0x00,0x00,0x00,0x00,0x00,0x00,0x00,0x00,0x00,0x00,0x00,0x00,
    0x00,0x00,0x00,0x00,0x00,0x00,0x00,0x00,0x00,0x00,0x00,0x00,0x00,0x00,0x00,0x00,
    0xcb,0x40,0xfc,0x00,0xf3,0xe0,0xf3,0xe0,0xf3,0xe0,0xf3,0xe0,0xf4,0x00,0xf4,0x00,
    0xf4,0x00,0xf4,0x00,0xf4,0x00,0xf4,0x00,0xf4,0x00,0xf4,0x00,0xf4,0x00,0xfc,0x20,
    0xeb,0xe0,0x10,0x60,0x00,0x00,0x00,0x00,0x00,0x00,0x00,0x00,0x00,0x00,0x00,0x00,
    0x00,0x00,0x00,0x00,0x00,0x00,0x00,0x00,0x00,0x00,0x00,0x00,0x00,0x00,0x00,0x00,
    0x00,0x00,0x00,0x00,0x00,0x00,0x00,0x00,0x00,0x00,0x00,0x00,0x00,0x00,0x00,0x00,
    0x00,0x00,0x00,0x00,0x00,0x00,0x00,0x00,0x00,0x00,0x00,0x00,0x00,0x00,0x00,0x00,
    0xcb,0x40,0xfc,0x00,0xf3,0xe0,0xf3,0xe0,0xf3,0xe0,0xf3,0xe0,0xf4,0x00,0xf4,0x00,
    0xf4,0x00,0xf4,0x00,0xf4,0x00,0xf4,0x00,0xf4,0x00,0xf4,0x00,0xf4,0x00,0xf4,0x00,
    0xf4,0x00,0xcb,0x60,0xc3,0x40,0xc3,0x40,0xc3,0x40,0xc3,0x40,0xc3,0x40,0xc3,0x40,
    0xc3,0x40,0xc3,0x40,0xc3,0x40,0xc3,0x40,0xc3,0x40,0xc3,0x40,0xc3,0x60,0xc3,0x60,
    0xc3,0x60,0xc3,0x60,0xc3,0x60,0xc3,0x60,0xc3,0x60,0xc3,0x60,0xc3,0x60,0xc3,0x60,
    0xc3,0x60,0xc3,0x60,0xcb,0xc0,0x51,0x80,0x00,0x00,0x00,0x00,0x00,0x00,0x00,0x00,
    0xcb,0x40,0xfc,0x00,0xf3,0xe0,0xf3,0xe0,0xf3,0xe0,0xf3,0xe0,0xf4,0x00,0xf4,0x00,
    0xf4,0x00,0xf4,0x00,0xf4,0x00,0xf4,0x00,0xf4,0x00,0xf4,0x00,0xf4,0x00,0xf4,0x00,
    0xf4,0x00,0xfc,0x40,0xfc,0x40,0xfc,0x40,0xfc,0x40,0xfc,0x40,0xfc,0x40,0xfc,0x40,
    0xfc,0x40,0xfc,0x40,0xfc,0x40,0xfc,0x60,0xfc,0x60,0xfc,0x60,0xfc,0x60,0xfc,0x60,
    0xfc,0x60,0xfc,0x60,0xfc,0x60,0xfc,0x60,0xfc,0x60,0xfc,0x60,0xfc,0x60,0xfc,0x60,
    0xfc,0x60,0xfc,0x60,0xfc,0xa0,0x49,0x60,0x00,0x00,0x00,0x00,0x00,0x00,0x00,0x00,
    0xcb,0x40,0xfc,0x00,0xf3,0xe0,0xf3,0xe0,0xf3,0xe0,0xf3,0xe0,0xf4,0x00,0xf4,0x00,
    0xf4,0x00,0xf4,0x00,0xf4,0x00,0xf4,0x00,0xf4,0x00,0xf4,0x00,0xf4,0x00,0xf4,0x00,
    0xf4,0x00,0xf4,0x00,0xf4,0x00,0xf4,0x00,0xf4,0x00,0xf4,0x00,0xf4,0x00,0xf4,0x20,
    0xf4,0x20,0xf4,0x20,0xf4,0x20,0xf4,0x20,0xf4,0x20,0xf4,0x20,0xf4,0x20,0xf4,0x20,
    0xf4,0x20,0xec,0x20,0xec,0x20,0xec,0x20,0xec,0x20,0xec,0x40,0xec,0x40,0xec,0x40,
    0xec,0x20,0xec,0x40,0xec,0x40,0x28,0xa0,0x00,0x00,0x00,0x00,0x00,0x00,0x00,0x00,
    0xcb,0x40,0xfc,0x00,0xf3,0xe0,0xf3,0xe0,0xf3,0xe0,0xf3,0xe0,0xf4,0x00,0xf4,0x00,
    0xf4,0x00,0xf4,0x00,0xf4,0x00,0xf4,0x00,0xf4,0x00,0xf4,0x00,0xf4,0x00,0xf4,0x00,
    0xf4,0x00,0xf4,0x00,0xf4,0x00,0xf4,0x00,0xf4,0x20,0xf4,0x20,0xf4,0x20,0xf4,0x20,
    0xf4,0x20,0xf4,0x20,0xf4,0x20,0xf4,0x20,0xf4,0x20,0xf4,0x20,0xf4,0x20,0xf4,0x20,
    0xf4,0x20,0xf4,0x40,0xf4,0x40,0xf4,0x40,0xf4,0x40,0xf4,0x40,0xf4,0x40,0xf4,0x40,
    0xec,0x40,0xf4,0x60,0xdc,0x00,0x10,0x40,0x00,0x00,0x00,0x00,0x00,0x00,0x00,0x00,
    0xcb,0x40,0xfc,0x00,0xf3,0xe0,0xf3,0xe0,0xf3,0xe0,0xf3,0xe0,0xf4,0x00,0xf4,0x00,
    0xf4,0x00,0xf4,0x00,0xf4,0x00,0xf4,0x00,0xf4,0x00,0xf4,0x00,0xf4,0x00,0xf4,0x00,
    0xf4,0x00,0xf4,0x00,0xf4,0x00,0xf4,0x00,0xf4,0x20,0xf4,0x20,0xf4,0x20,0xf4,0x20,
    0xf4,0x20,0xf4,0x20,0xf4,0x20,0xf4,0x20,0xf4,0x20,0xf4,0x20,0xf4,0x20,0xf4,0x20,
    0xf4,0x20,0xf4,0x40,0xf4,0x40,0xf4,0x40,0xf4,0x40,0xf4,0x40,0xf4,0x40,0xf4,0x40,
    0xec,0x40,0xfc,0x60,0xc3,0x80,0x00,0x00,0x00,0x00,0x00,0x00,0x00,0x00,0x00,0x00,
    0xcb,0x40,0xfc,0x00,0xf3,0xe0,0xf3,0xe0,0xf3,0xe0,0xf3,0xe0,0xf4,0x00,0xf4,0x00,
    0xf4,0x00,0xf4,0x00,0xf4,0x00,0xf4,0x00,0xf4,0x00,0xf4,0x00,0xf4,0x00,0xf4,0x00,
    0xf4,0x00,0xf4,0x00,0xf4,0x00,0xf4,0x00,0xf4,0x20,0xf4,0x20,0xf4,0x20,0xf4,0x20,
    0xf4,0x20,0xf4,0x20,0xf4,0x20,0xf4,0x20,0xf4,0x20,0xf4,0x20,0xf4,0x20,0xf4,0x20,
    0xf4,0x20,0xf4,0x40,0xf4,0x40,0xf4,0x40,0xf4,0x40,0xf4,0x40,0xf4,0x40,0xf4,0x40,
    0xec,0x20,0xfc,0x80,0xab,0x00,0x00,0x00,0x00,0x00,0x00,0x00,0x00,0x00,0x00,0x00,
    0xcb,0x40,0xfc,0x00,0xf3,0xe0,0xf3,0xe0,0xf3,0xe0,0xf3,0xe0,0xf4,0x00,0xf4,0x00,
    0xf4,0x00,0xf4,0x00,0xf4,0x00,0xf4,0x00,0xf4,0x00,0xf4,0x00,0xf4,0x00,0xf4,0x00,
    0xf4,0x00,0xf4,0x00,0xf4,0x00,0xf4,0x00,0xf4,0x20,0xf4,0x20,0xf4,0x20,0xf4,0x20,
    0xf4,0x20,0xf4,0x20,0xf4,0x20,0xf4,0x20,0xf4,0x20,0xf4,0x20,0xf4,0x20,0xf4,0x20,
    0xf4,0x20,0xf4,0x40,0xf4,0x40,0xf4,0x40,0xf4,0x40,0xf4,0x40,0xf4,0x40,0xf4,0x40,
    0xec,0x20,0xfc,0xa0,0x82,0x60,0x00,0x00,0x00,0x00,0x00,0x00,0x00,0x00,0x00,0x00,
    0xcb,0x40,0xfc,0x00,0xf3,0xe0,0xf3,0xe0,0xf3,0xe0,0xf3,0xe0,0xf4,0x00,0xf4,0x00,
    0xf4,0x00,0xf4,0x00,0xf4,0x00,0xf4,0x00,0xf4,0x00,0xf4,0x00,0xf4,0x00,0xf4,0x00,
    0xf4,0x00,0xf4,0x00,0xf4,0x00,0xf4,0x00,0xf4,0x20,0xf4,0x20,0xf4,0x20,0xf4,0x20,
    0xf4,0x20,0xf4,0x20,0xf4,0x20,0xf4,0x20,0xf4,0x20,0xf4,0x20,0xf4,0x20,0xf4,0x20,
    0xf4,0x20,0xf4,0x40,0xf4,0x40,0xf4,0x40,0xf4,0x40,0xf4,0x40,0xf4,0x40,0xf4,0x40,
    0xec,0x20,0xfc,0xa0,0x61,0xc0,0x00,0x00,0x00,0x00,0x00,0x00,0x00,0x00,0x00,0x00,
    0xcb,0x40,0xfc,0x00,0xf3,0xe0,0xf3,0xe0,0xf3,0xe0,0xf3,0xe0,0xf4,0x00,0xf4,0x00,
    0xf4,0x00,0xf4,0x00,0xf4,0x00,0xf4,0x00,0xf4,0x00,0xf4,0x00,0xf4,0x00,0xf4,0x00,
    0xf4,0x00,0xf4,0x00,0xf4,0x00,0xf4,0x00,0xf4,0x20,0xf4,0x20,0xf4,0x20,0xf4,0x20,
    0xf4,0x20,0xf4,0x20,0xf4,0x20,0xf4,0x20,0xf4,0x20,0xf4,0x20,0xf4,0x20,0xf4,0x20,
    0xf4,0x20,0xf4,0x40,0xf4,0x40,0xf4,0x40,0xf4,0x40,0xf4,0x40,0xf4,0x40,0xf4,0x40,
    0xec,0x40,0xfc,0x80,0x41,0x20,0x00,0x00,0x00,0x00,0x00,0x00,0x00,0x00,0x00,0x00,
    0xcb,0x40,0xfc,0x00,0xf3,0xe0,0xf3,0xe0,0xf3,0xe0,0xf3,0xe0,0xf4,0x00,0xf4,0x00,
    0xf4,0x00,0xf4,0x00,0xf4,0x00,0xf4,0x00,0xf4,0x00,0xf4,0x00,0xf4,0x00,0xf4,0x00,
    0xf4,0x00,0xf4,0x00,0xf4,0x00,0xf4,0x00,0xf4,0x20,0xf4,0x20,0xf4,0x20,0xf4,0x20,
    0xf4,0x20,0xf4,0x20,0xf4,0x20,0xf4,0x20,0xf4,0x20,0xf4,0x20,0xf4,0x20,0xf4,0x20,
    0xf4,0x20,0xf4,0x40,0xf4,0x40,0xf4,0x40,0xf4,0x40,0xf4,0x40,0xf4,0x40,0xec,0x40,
    0xf4,0x40,0xec,0x40,0x20,0xa0,0x00,0x00,0x00,0x00,0x00,0x00,0x00,0x00,0x00,0x00,
    0xcb,0x40,0xfc,0x00,0xf3,0xe0,0xf3,0xe0,0xf3,0xe0,0xf3,0xe0,0xf4,0x00,0xf4,0x00,
    0xf4,0x00,0xf4,0x00,0xf4,0x00,0xf4,0x00,0xf4,0x00,0xf4,0x00,0xf4,0x00,0xf4,0x00,
    0xf4,0x00,0xf4,0x00,0xf4,0x00,0xf4,0x00,0xf4,0x00,0xec,0x00,0xec,0x00,0xec,0x00,
    0xec,0x00,0xec,0x00,0xec,0x00,0xec,0x20,0xec,0x20,0xec,0x20,0xec,0x20,0xec,0x20,
    0xec,0x20,0xec,0x20,0xec,0x20,0xec,0x20,0xec,0x20,0xec,0x20,0xec,0x20,0xec,0x20,
    0xf4,0x40,0xdb,0xe0,0x08,0x20,0x00,0x00,0x00,0x00,0x00,0x00,0x00,0x00,0x00,0x00,
    0xcb,0x40,0xfc,0x00,0xf3,0xe0,0xf3,0xe0,0xf3,0xe0,0xf3,0xe0,0xf4,0x00,0xf4,0x00,
    0xf4,0x00,0xf4,0x00,0xf4,0x00,0xf4,0x00,0xf4,0x00,0xf4,0x00,0xf4,0x00,0xf4,0x00,
    0xf4,0x00,0xfc,0x40,0xfc,0x60,0xfc,0x60,0xfc,0x60,0xfc,0x60,0xfc,0x60,0xfc,0x60,
    0xfc,0x60,0xfc,0x60,0xfc,0x60,0xfc,0x60,0xfc,0x60,0xfc,0x60,0xfc,0x80,0xfc,0x80,
    0xfc,0x80,0xfc,0x80,0xfc,0x80,0xfc,0x80,0xfc,0x80,0xfc,0x80,0xfc,0x80,0xfc,0x80,
    0xfc,0xc0,0xcb,0xa0,0x00,0x00,0x00,0x00,0x00,0x00,0x00,0x00,0x00,0x00,0x00,0x00,
    0xcb,0x40,0xfc,0x00,0xf3,0xe0,0xf3,0xe0,0xf3,0xe0,0xf3,0xe0,0xf4,0x00,0xf4,0x00,
    0xf4,0x00,0xf4,0x00,0xf4,0x00,0xf4,0x00,0xf4,0x00,0xf4,0x00,0xf4,0x00,0xf4,0x00,
    0xec,0x00,0x9a,0x80,0x92,0x60,0x92,0x80,0x92,0x80,0x92,0x80,0x92,0x80,0x92,0x80,
    0x92,0x80,0x92,0x80,0x92,0x80,0x92,0x80,0x92,0x80,0x92,0x80,0x92,0x80,0x92,0x80,
    0x92,0x80,0x92,0x80,0x92,0x80,0x92,0x80,0x92,0x80,0x92,0x80,0x92,0x80,0x92,0x80,
    0x9a,0xa0,0x61,0xc0,0x00,0x00,0x00,0x00,0x00,0x00,0x00,0x00,0x00,0x00,0x00,0x00,
    0xcb,0x40,0xfc,0x00,0xf3,0xe0,0xf3,0xe0,0xf3,0xe0,0xf3,0xe0,0xf4,0x00,0xf4,0x00,
    0xf4,0x00,0xf4,0x00,0xf4,0x00,0xf4,0x00,0xf4,0x00,0xf4,0x00,0xf4,0x00,0xfc,0x20,
    0xeb,0xe0,0x08,0x20,0x00,0x00,0x00,0x00,0x00,0x00,0x00,0x00,0x00,0x00,0x00,0x00,
    0x00,0x00,0x00,0x00,0x00,0x00,0x00,0x00,0x00,0x00,0x00,0x00,0x00,0x00,0x00,0x00,
    0x00,0x00,0x00,0x00,0x00,0x00,0x00,0x00,0x00,0x00,0x00,0x00,0x00,0x00,0x00,0x00,
    0x00,0x00,0x00,0x00,0x00,0x00,0x00,0x00,0x00,0x00,0x00,0x00,0x00,0x00,0x00,0x00,
    0xcb,0x40,0xfc,0x00,0xf3,0xe0,0xf3,0xe0,0xf3,0xe0,0xf3,0xe0,0xf4,0x00,0xf4,0x00,
    0xf4,0x00,0xf4,0x00,0xf4,0x00,0xf4,0x00,0xf4,0x00,0xf4,0x00,0xf4,0x00,0xfc,0x20,
    0xeb,0xe0,0x18,0x60,0x00,0x00,0x00,0x00,0x00,0x00,0x00,0x00,0x00,0x00,0x00,0x00,
    0x00,0x00,0x00,0x00,0x00,0x00,0x00,0x00,0x00,0x00,0x00,0x00,0x00,0x00,0x00,0x00,
    0x00,0x00,0x00,0x00,0x00,0x00,0x00,0x00,0x00,0x00,0x00,0x00,0x00,0x00,0x00,0x00,
    0x00,0x00,0x00,0x00,0x00,0x00,0x00,0x00,0x00,0x00,0x00,0x00,0x00,0x00,0x00,0x00,
    0xcb,0x40,0xfc,0x00,0xf3,0xe0,0xf3,0xe0,0xf3,0xe0,0xf3,0xe0,0xf4,0x00,0xf4,0x00,
    0xf4,0x00,0xf4,0x00,0xf4,0x00,0xf4,0x00,0xf4,0x00,0xf4,0x00,0xf4,0x00,0xfc,0x20,
    0xeb,0xe0,0x18,0x60,0x00,0x00,0x00,0x00,0x00,0x00,0x00,0x00,0x00,0x00,0x00,0x00,
    0x00,0x00,0x00,0x00,0x00,0x00,0x00,0x00,0x00,0x00,0x00,0x00,0x00,0x00,0x00,0x00,
    0x00,0x00,0x00,0x00,0x00,0x00,0x00,0x00,0x00,0x00,0x00,0x00,0x00,0x00,0x00,0x00,
    0x00,0x00,0x00,0x00,0x00,0x00,0x00,0x00,0x00,0x00,0x00,0x00,0x00,0x00,0x00,0x00,
    0xcb,0x40,0xfc,0x00,0xf3,0xe0,0xf3,0xe0,0xf3,0xe0,0xf3,0xe0,0xf4,0x00,0xf4,0x00,
    0xf4,0x00,0xf4,0x00,0xf4,0x00,0xf4,0x00,0xf4,0x00,0xf4,0x00,0xf4,0x00,0xfc,0x20,
    0xeb,0xe0,0x18,0x60,0x00,0x00,0x00,0x00,0x00,0x00,0x00,0x00,0x00,0x00,0x00,0x00,
    0x00,0x00,0x00,0x00,0x00,0x00,0x00,0x00,0x00,0x00,0x00,0x00,0x00,0x00,0x00,0x00,
    0x00,0x00,0x00,0x00,0x00,0x00,0x00,0x00,0x00,0x00,0x00,0x00,0x00,0x00,0x00,0x00,
    0x00,0x00,0x00,0x00,0x00,0x00,0x00,0x00,0x00,0x00,0x00,0x00,0x00,0x00,0x00,0x00,
    0xcb,0x40,0xfc,0x00,0xf3,0xe0,0xf3,0xe0,0xf3,0xe0,0xf3,0xe0,0xf4,0x00,0xf4,0x00,
    0xf4,0x00,0xf4,0x00,0xf4,0x00,0xf4,0x00,0xf4,0x00,0xf4,0x00,0xf4,0x00,0xfc,0x20,
    0xeb,0xe0,0x18,0x60,0x00,0x00,0x00,0x00,0x00,0x00,0x00,0x00,0x00,0x00,0x00,0x00,
    0x00,0x00,0x00,0x00,0x00,0x00,0x00,0x00,0x00,0x00,0x00,0x00,0x00,0x00,0x00,0x00,
    0x00,0x00,0x00,0x00,0x00,0x00,0x00,0x00,0x00,0x00,0x00,0x00,0x00,0x00,0x00,0x00,
    0x00,0x00,0x00,0x00,0x00,0x00,0x00,0x00,0x00,0x00,0x00,0x00,0x00,0x00,0x00,0x00,
    0xcb,0x40,0xfc,0x00,0xf3,0xe0,0xf3,0xe0,0xf3,0xe0,0xf3,0xe0,0xf4,0x00,0xf4,0x00,
    0xf4,0x00,0xf4,0x00,0xf4,0x00,0xf4,0x00,0xf4,0x00,0xf4,0x00,0xf4,0x00,0xfc,0x20,
    0xeb,0xe0,0x18,0x60,0x00,0x00,0x00,0x00,0x00,0x00,0x00,0x00,0x00,0x00,0x00,0x00,
    0x00,0x00,0x00,0x00,0x00,0x00,0x00,0x00,0x00,0x00,0x00,0x00,0x00,0x00,0x00,0x00,
    0x00,0x00,0x00,0x00,0x00,0x00,0x00,0x00,0x00,0x00,0x00,0x00,0x00,0x00,0x00,0x00,
    0x00,0x00,0x00,0x00,0x00,0x00,0x00,0x00,0x00,0x00,0x00,0x00,0x00,0x00,0x00,0x00,
    0xcb,0x40,0xfc,0x00,0xf3,0xe0,0xf3,0xe0,0xf3,0xe0,0xf3,0xe0,0xf4,0x00,0xf4,0x00,
    0xf4,0x00,0xf4,0x00,0xf4,0x00,0xf4,0x00,0xf4,0x00,0xf4,0x00,0xf4,0x00,0xfc,0x20,
    0xeb,0xe0,0x18,0x60,0x00,0x00,0x00,0x00,0x00,0x00,0x00,0x00,0x00,0x00,0x00,0x00,
    0x00,0x00,0x00,0x00,0x00,0x00,0x00,0x00,0x00,0x00,0x00,0x00,0x00,0x00,0x00,0x00,
    0x00,0x00,0x00,0x00,0x00,0x00,0x00,0x00,0x00,0x00,0x00,0x00,0x00,0x00,0x00,0x00,
    0x00,0x00,0x00,0x00,0x00,0x00,0x00,0x00,0x00,0x00,0x00,0x00,0x00,0x00,0x00,0x00,
    0xcb,0x40,0xfc,0x00,0xf3,0xe0,0xf3,0xe0,0xf3,0xe0,0xf3,0xe0,0xf4,0x00,0xf4,0x00,
    0xf4,0x00,0xf4,0x00,0xf4,0x00,0xf4,0x00,0xf4,0x00,0xf4,0x00,0xf4,0x00,0xfc,0x20,
    0xeb,0xe0,0x18,0x60,0x00,0x00,0x00,0x00,0x00,0x00,0x00,0x00,0x00,0x00,0x00,0x00,
    0x00,0x00,0x00,0x00,0x00,0x00,0x00,0x00,0x00,0x00,0x00,0x00,0x00,0x00,0x00,0x00,
    0x00,0x00,0x00,0x00,0x00,0x00,0x00,0x00,0x00,0x00,0x00,0x00,0x00,0x00,0x00,0x00,
    0x00,0x00,0x00,0x00,0x00,0x00,0x00,0x00,0x00,0x00,0x00,0x00,0x00,0x00,0x00,0x00,
    0xcb,0x40,0xfc,0x00,0xf3,0xe0,0xf3,0xe0,0xf3,0xe0,0xf3,0xe0,0xf4,0x00,0xf4,0x00,
    0xf4,0x00,0xf4,0x00,0xf4,0x00,0xf4,0x00,0xf4,0x00,0xf4,0x00,0xf4,0x00,0xfc,0x20,
    0xeb,0xe0,0x18,0x60,0x00,0x00,0x00,0x00,0x00,0x00,0x00,0x00,0x00,0x00,0x00,0x00,
    0x00,0x00,0x00,0x00,0x00,0x00,0x00,0x00,0x00,0x00,0x00,0x00,0x00,0x00,0x00,0x00,
    0x00,0x00,0x00,0x00,0x00,0x00,0x00,0x00,0x00,0x00,0x00,0x00,0x00,0x00,0x00,0x00,
    0x00,0x00,0x00,0x00,0x00,0x00,0x00,0x00,0x00,0x00,0x00,0x00,0x00,0x00,0x00,0x00,
    0xcb,0x40,0xfc,0x00,0xf3,0xe0,0xf3,0xe0,0xf3,0xe0,0xf3,0xe0,0xf4,0x00,0xf4,0x00,
    0xf4,0x00,0xf4,0x00,0xf4,0x00,0xf4,0x00,0xf4,0x00,0xf4,0x00,0xf4,0x00,0xfc,0x20,
    0xeb,0xe0,0x18,0x60,0x00,0x00,0x00,0x00,0x00,0x00,0x00,0x00,0x00,0x00,0x00,0x00,
    0x00,0x00,0x00,0x00,0x00,0x00,0x00,0x00,0x00,0x00,0x00,0x00,0x00,0x00,0x00,0x00,
    0x00,0x00,0x00,0x00,0x00,0x00,0x00,0x00,0x00,0x00,0x00,0x00,0x00,0x00,0x00,0x00,
    0x00,0x00,0x00,0x00,0x00,0x00,0x00,0x00,0x00,0x00,0x00,0x00,0x00,0x00,0x00,0x00,
    0xcb,0x40,0xfc,0x00,0xf3,0xe0,0xf3,0xe0,0xf3,0xe0,0xf3,0xe0,0xf4,0x00,0xf4,0x00,
    0xf4,0x00,0xf4,0x00,0xf4,0x00,0xf4,0x00,0xf4,0x00,0xf4,0x00,0xf4,0x00,0xfc,0x20,
    0xeb,0xe0,0x18,0x60,0x00,0x00,0x00,0x00,0x00,0x00,0x00,0x00,0x00,0x00,0x00,0x00,
    0x00,0x00,0x00,0x00,0x00,0x00,0x00,0x00,0x00,0x00,0x00,0x00,0x00,0x00,0x00,0x00,
    0x00,0x00,0x00,0x00,0x00,0x00,0x00,0x00,0x00,0x00,0x00,0x00,0x00,0x00,0x00,0x00,
    0x00,0x00,0x00,0x00,0x00,0x00,0x00,0x00,0x00,0x00,0x00,0x00,0x00,0x00,0x00,0x00,
    0xcb,0x40,0xfc,0x00,0xf3,0xe0,0xf3,0xe0,0xf3,0xe0,0xf3,0xe0,0xf4,0x00,0xf4,0x00,
    0xf4,0x00,0xf4,0x00,0xf4,0x00,0xf4,0x00,0xf4,0x00,0xf4,0x00,0xf4,0x00,0xfc,0x20,
    0xeb,0xe0,0x18,0x60,0x00,0x00,0x00,0x00,0x00,0x00,0x00,0x00,0x00,0x00,0x00,0x00,
    0x00,0x00,0x00,0x00,0x00,0x00,0x00,0x00,0x00,0x00,0x00,0x00,0x00,0x00,0x00,0x00,
    0x00,0x00,0x00,0x00,0x00,0x00,0x00,0x00,0x00,0x00,0x00,0x00,0x00,0x00,0x00,0x00,
    0x00,0x00,0x00,0x00,0x00,0x00,0x00,0x00,0x00,0x00,0x00,0x00,0x00,0x00,0x00,0x00,
    0xcb,0x40,0xfc,0x00,0xf3,0xe0,0xf3,0xe0,0xf3,0xe0,0xf3,0xe0,0xf4,0x00,0xf4,0x00,
    0xf4,0x00,0xf4,0x00,0xf4,0x00,0xf4,0x00,0xf4,0x00,0xf4,0x00,0xf4,0x00,0xfc,0x20,
    0xeb,0xe0,0x18,0x60,0x00,0x00,0x00,0x00,0x00,0x00,0x00,0x00,0x00,0x00,0x00,0x00,
    0x00,0x00,0x00,0x00,0x00,0x00,0x00,0x00,0x00,0x00,0x00,0x00,0x00,0x00,0x00,0x00,
    0x00,0x00,0x00,0x00,0x00,0x00,0x00,0x00,0x00,0x00,0x00,0x00,0x00,0x00,0x00,0x00,
    0x00,0x00,0x00,0x00,0x00,0x00,0x00,0x00,0x00,0x00,0x00,0x00,0x00,0x00,0x00,0x00,
    0xcb,0x40,0xfc,0x00,0xf3,0xe0,0xf3,0xe0,0xf3,0xe0,0xf3,0xe0,0xf4,0x00,0xf4,0x00,
    0xf4,0x00,0xf4,0x00,0xf4,0x00,0xf4,0x00,0xf4,0x00,0xf4,0x00,0xf4,0x00,0xfc,0x20,
    0xeb,0xe0,0x18,0x60,0x00,0x00,0x00,0x00,0x00,0x00,0x00,0x00,0x00,0x00,0x00,0x00,
    0x00,0x00,0x00,0x00,0x00,0x00,0x00,0x00,0x00,0x00,0x00,0x00,0x00,0x00,0x00,0x00,
    0x00,0x00,0x00,0x00,0x00,0x00,0x00,0x00,0x00,0x00,0x00,0x00,0x00,0x00,0x00,0x00,
    0x00,0x00,0x00,0x00,0x00,0x00,0x00,0x00,0x00,0x00,0x00,0x00,0x00,0x00,0x00,0x00,
    0xcb,0x40,0xfc,0x00,0xf3,0xe0,0xf3,0xe0,0xf3,0xe0,0xf3,0xe0,0xf4,0x00,0xf4,0x00,
    0xf4,0x00,0xf4,0x00,0xf4,0x00,0xf4,0x00,0xf4,0x00,0xf4,0x00,0xf4,0x00,0xfc,0x20,
    0xeb,0xe0,0x08,0x20,0x00,0x00,0x00,0x00,0x00,0x00,0x00,0x00,0x00,0x00,0x00,0x00,
    0x00,0x00,0x00,0x00,0x00,0x00,0x00,0x00,0x00,0x00,0x00,0x00,0x00,0x00,0x00,0x00,
    0x00,0x00,0x00,0x00,0x00,0x00,0x00,0x00,0x00,0x00,0x00,0x00,0x00,0x00,0x00,0x00,
    0x00,0x00,0x00,0x00,0x00,0x00,0x00,0x00,0x00,0x00,0x00,0x00,0x00,0x00,0x00,0x00,
    0xcb,0x40,0xfc,0x00,0xf3,0xe0,0xf3,0xe0,0xf3,0xe0,0xf3,0xe0,0xf4,0x00,0xf4,0x00,
    0xf4,0x00,0xf4,0x00,0xf4,0x00,0xf4,0x00,0xf4,0x00,0xf4,0x00,0xf4,0x00,0xf4,0x00,
    0xec,0x00,0xa2,0xa0,0x92,0x80,0x92,0x80,0x92,0x80,0x92,0x80,0x92,0x80,0x92,0x80,
    0x92,0x80,0x92,0x80,0x92,0x80,0x92,0x80,0x92,0x80,0x92,0x80,0x92,0x80,0x92,0x80,
    0x92,0x80,0x92,0xa0,0x92,0xa0,0x92,0xa0,0x92,0xa0,0x92,0xa0,0x92,0xa0,0x92,0xa0,
    0x92,0xa0,0x92,0xa0,0x92,0xa0,0x92,0xa0,0x92,0xa0,0x92,0xa0,0x92,0xa0,0x82,0x60,
    0xcb,0x40,0xfc,0x00,0xf3,0xe0,0xf3,0xe0,0xf3,0xe0,0xf3,0xe0,0xf4,0x00,0xf4,0x00,
    0xf4,0x00,0xf4,0x00,0xf4,0x00,0xf4,0x00,0xf4,0x00,0xf4,0x00,0xf4,0x00,0xf4,0x00,
    0xf4,0x00,0xfc,0x40,0xfc,0x60,0xfc,0x60,0xfc,0x60,0xfc,0x60,0xfc,0x60,0xfc,0x60,
    0xfc,0x60,0xfc,0x60,0xfc,0x60,0xfc,0x60,0xfc,0x60,0xfc,0x60,0xfc,0x80,0xfc,0x80,
    0xfc,0x80,0xfc,0x80,0xfc,0x80,0xfc,0x80,0xfc,0x80,0xfc,0x80,0xfc,0x80,0xfc,0x80,
    0xfc,0x80,0xfc,0x80,0xfc,0x80,0xfc,0x80,0xfc,0xa0,0xfc,0x80,0xfc,0xc0,0xcb,0xa0,
    0xcb,0x40,0xfc,0x00,0xf3,0xe0,0xf3,0xe0,0xf3,0xe0,0xf3,0xe0,0xf4,0x00,0xf4,0x00,
    0xf4,0x00,0xf4,0x00,0xf4,0x00,0xf4,0x00,0xf4,0x00,0xf4,0x00,0xf4,0x00,0xf4,0x00,
    0xf4,0x00,0xf4,0x00,0xf4,0x00,0xf4,0x00,0xf4,0x00,0xec,0x00,0xec,0x00,0xec,0x00,
    0xec,0x00,0xec,0x00,0xec,0x00,0xec,0x20,0xec,0x20,0xec,0x20,0xec,0x20,0xec,0x20,
    0xec,0x20,0xec,0x20,0xec,0x20,0xec,0x20,0xec,0x20,0xec,0x20,0xec,0x20,0xec,0x20,
    0xec,0x40,0xec,0x40,0xec,0x40,0xec,0x40,0xec,0x40,0xec,0x20,0xfc,0x80,0x92,0xa0,
    0xcb,0x40,0xfc,0x00,0xf3,0xe0,0xf3,0xe0,0xf3,0xe0,0xf3,0xe0,0xf4,0x00,0xf4,0x00,
    0xf4,0x00,0xf4,0x00,0xf4,0x00,0xf4,0x00,0xf4,0x00,0xf4,0x00,0xf4,0x00,0xf4,0x00,
    0xf4,0x00,0xf4,0x00,0xf4,0x00,0xf4,0x00,0xf4,0x20,0xf4,0x20,0xf4,0x20,0xf4,0x20,
    0xf4,0x20,0xf4,0x20,0xf4,0x20,0xf4,0x20,0xf4,0x20,0xf4,0x20,0xf4,0x20,0xf4,0x20,
    0xf4,0x20,0xf4,0x40,0xf4,0x40,0xf4,0x40,0xf4,0x40,0xf4,0x40,0xf4,0x40,0xf4,0x40,
    0xf4,0x40,0xf4,0x40,0xf4,0x40,0xf4,0x40,0xf4,0x40,0xec,0x40,0xfc,0x80,0x72,0x00,
    0xcb,0x40,0xfc,0x00,0xf3,0xe0,0xf3,0xe0,0xf3,0xe0,0xf3,0xe0,0xf4,0x00,0xf4,0x00,
    0xf4,0x00,0xf4,0x00,0xf4,0x00,0xf4,0x00,0xf4,0x00,0xf4,0x00,0xf4,0x00,0xf4,0x00,
    0xf4,0x00,0xf4,0x00,0xf4,0x00,0xf4,0x00,0xf4,0x20,0xf4,0x20,0xf4,0x20,0xf4,0x20,
    0xf4,0x20,0xf4,0x20,0xf4,0x20,0xf4,0x20,0xf4,0x20,0xf4,0x20,0xf4,0x20,0xf4,0x20,
    0xf4,0x20,0xf4,0x40,0xf4,0x40,0xf4,0x40,0xf4,0x40,0xf4,0x40,0xf4,0x40,0xf4,0x40,
    0xf4,0x40,0xf4,0x40,0xf4,0x40,0xf4,0x40,0xf4,0x40,0xec,0x40,0xfc,0x80,0x49,0x60,
    0xcb,0x40,0xfc,0x00,0xf3,0xe0,0xf3,0xe0,0xf3,0xe0,0xf3,0xe0,0xf4,0x00,0xf4,0x00,
    0xf4,0x00,0xf4,0x00,0xf4,0x00,0xf4,0x00,0xf4,0x00,0xf4,0x00,0xf4,0x00,0xf4,0x00,
    0xf4,0x00,0xf4,0x00,0xf4,0x00,0xf4,0x00,0xf4,0x20,0xf4,0x20,0xf4,0x20,0xf4,0x20,
    0xf4,0x20,0xf4,0x20,0xf4,0x20,0xf4,0x20,0xf4,0x20,0xf4,0x20,0xf4,0x20,0xf4,0x20,
    0xf4,0x20,0xf4,0x40,0xf4,0x40,0xf4,0x40,0xf4,0x40,0xf4,0x40,0xf4,0x40,0xf4,0x40,
    0xf4,0x40,0xf4,0x40,0xf4,0x40,0xf4,0x40,0xf4,0x40,0xf4,0x60,0xec,0x40,0x28,0xc0,
    0xcb,0x40,0xfc,0x00,0xf3,0xe0,0xf3,0xe0,0xf3,0xe0,0xf3,0xe0,0xf4,0x00,0xf4,0x00,
    0xf4,0x00,0xf4,0x00,0xf4,0x00,0xf4,0x00,0xf4,0x00,0xf4,0x00,0xf4,0x00,0xf4,0x00,
    0xf4,0x00,0xf4,0x00,0xf4,0x00,0xf4,0x00,0xf4,0x20,0xf4,0x20,0xf4,0x20,0xf4,0x20,
    0xf4,0x20,0xf4,0x20,0xf4,0x20,0xf4,0x20,0xf4,0x20,0xf4,0x20,0xf4,0x20,0xf4,0x20,
    0xf4,0x20,0xf4,0x40,0xf4,0x40,0xf4,0x40,0xf4,0x40,0xf4,0x40,0xf4,0x40,0xf4,0x40,
    0xf4,0x40,0xf4,0x40,0xf4,0x40,0xf4,0x40,0xec,0x40,0xf4,0x60,0xdb,0xe0,0x10,0x40,
    0xcb,0x40,0xfc,0x00,0xf3,0xe0,0xf3,0xe0,0xf3,0xe0,0xf3,0xe0,0xf4,0x00,0xf4,0x00,
    0xf4,0x00,0xf4,0x00,0xf4,0x00,0xf4,0x00,0xf4,0x00,0xf4,0x00,0xf4,0x00,0xf4,0x00,
    0xf4,0x00,0xf4,0x00,0xf4,0x00,0xf4,0x00,0xf4,0x20,0xf4,0x20,0xf4,0x20,0xf4,0x20,
    0xf4,0x20,0xf4,0x20,0xf4,0x20,0xf4,0x20,0xf4,0x20,0xf4,0x20,0xf4,0x20,0xf4,0x20,
    0xf4,0x20,0xf4,0x40,0xf4,0x40,0xf4,0x40,0xf4,0x40,0xf4,0x40,0xf4,0x40,0xf4,0x40,
    0xf4,0x40,0xf4,0x40,0xf4,0x40,0xf4,0x40,0xec,0x40,0xfc,0x80,0xc3,0x80,0x00,0x00,
    0xcb,0x40,0xfc,0x00,0xf3,0xe0,0xf3,0xe0,0xf3,0xe0,0xf3,0xe0,0xf4,0x00,0xf4,0x00,
    0xf4,0x00,0xf4,0x00,0xf4,0x00,0xf4,0x00,0xf4,0x00,0xf4,0x00,0xf4,0x00,0xf4,0x00,
    0xf4,0x00,0xf4,0x00,0xf4,0x00,0xf4,0x00,0xf4,0x20,0xf4,0x20,0xf4,0x20,0xf4,0x20,
    0xf4,0x20,0xf4,0x20,0xf4,0x20,0xf4,0x20,0xf4,0x20,0xf4,0x20,0xf4,0x20,0xf4,0x20,
    0xf4,0x20,0xf4,0x40,0xf4,0x40,0xf4,0x40,0xf4,0x40,0xf4,0x40,0xf4,0x40,0xf4,0x40,
    0xf4,0x40,0xf4,0x40,0xf4,0x40,0xf4,0x40,0xec,0x40,0xfc,0xa0,0xa2,0xe0,0x00,0x00,
    0xcb,0x40,0xfc,0x00,0xf3,0xe0,0xf3,0xe0,0xf3,0xe0,0xf3,0xe0,0xf4,0x00,0xf4,0x00,
    0xf4,0x00,0xf4,0x00,0xf4,0x00,0xf4,0x00,0xf4,0x00,0xf4,0x00,0xf4,0x00,0xf4,0x00,
    0xf4,0x00,0xf4,0x00,0xf4,0x00,0xf4,0x00,0xf4,0x20,0xf4,0x20,0xf4,0x20,0xf4,0x20,
    0xf4,0x20,0xf4,0x20,0xf4,0x20,0xf4,0x20,0xf4,0x20,0xf4,0x20,0xf4,0x20,0xf4,0x20,
    0xf4,0x20,0xf4,0x40,0xf4,0x40,0xf4,0x40,0xf4,0x40,0xf4,0x40,0xf4,0x40,0xf4,0x40,
    0xf4,0x40,0xf4,0x40,0xf4,0x40,0xf4,0x40,0xec,0x40,0xfc,0xa0,0x82,0x60,0x00,0x00,
    0xcb,0x20,0xfc,0x00,0xf3,0xe0,0xf3,0xe0,0xf3,0xe0,0xf3,0xe0,0xf3,0xe0,0xf3,0xe0,
    0xf3,0xe0,0xf3,0xe0,0xf3,0xe0,0xf3,0xe0,0xf3,0xe0,0xf4,0x00,0xf4,0x00,0xf4,0x00,
    0xf4,0x00,0xf4,0x00,0xf4,0x00,0xf4,0x00,0xf4,0x00,0xf4,0x00,0xf4,0x00,0xf4,0x00,
    0xf4,0x00,0xf4,0x00,0xf4,0x00,0xf4,0x20,0xf4,0x20,0xf4,0x20,0xf4,0x20,0xf4,0x20,
    0xf4,0x20,0xf4,0x20,0xf4,0x20,0xf4,0x20,0xf4,0x20,0xf4,0x20,0xf4,0x20,0xec,0x20,
    0xec,0x40,0xec,0x40,0xec,0x40,0xec,0x40,0xec,0x20,0xfc,0x80,0x61,0xc0,0x00,0x00,
    0xd3,0x40,0xfc,0x20,0xfc,0x00,0xfc,0x00,0xfc,0x00,0xfc,0x00,0xfc,0x00,0xfc,0x00,
    0xfc,0x00,0xfc,0x20,0xfc,0x20,0xfc,0x20,0xfc,0x20,0xfc,0x20,0xfc,0x20,0xfc,0x20,
    0xfc,0x20,0xfc,0x20,0xfc,0x20,0xfc,0x20,0xfc,0x20,0xfc,0x20,0xfc,0x20,0xfc,0x40,
    0xfc,0x40,0xfc,0x40,0xfc,0x40,0xfc,0x40,0xfc,0x40,0xfc,0x40,0xfc,0x40,0xfc,0x40,
    0xfc,0x40,0xfc,0x60,0xfc,0x60,0xfc,0x60,0xfc,0x60,0xfc,0x60,0xfc,0x60,0xf4,0x60,
    0xf4,0x60,0xf4,0x60,0xf4,0x60,0xf4,0x60,0xf4,0x60,0xfc,0xa0,0x41,0x20,0x00,0x00,
    0xaa,0xc0,0xdb,0x60,0xd3,0x40,0xd3,0x60,0xd3,0x60,0xd3,0x60,0xd3,0x60,0xd3,0x60,
    0xd3,0x60,0xd3,0x60,0xd3,0x60,0xd3,0x60,0xd3,0x60,0xd3,0x60,0xd3,0x60,0xd3,0x60,
    0xd3,0x80,0xd3,0x80,0xd3,0x80,0xd3,0x80,0xd3,0x80,0xd3,0x80,0xd3,0x80,0xd3,0x80,
    0xd3,0x80,0xd3,0x80,0xd3,0x80,0xd3,0x80,0xd3,0x80,0xd3,0x80,0xd3,0x80,0xd3,0x80,
    0xd3,0x80,0xcb,0x80,0xcb,0x80,0xcb,0x80,0xcb,0x80,0xcb,0xa0,0xcb,0xa0,0xcb,0xa0,
    0xcb,0xa0,0xcb,0xa0,0xcb,0xa0,0xcb,0xa0,0xcb,0xa0,0xcb,0xa0,0x20,0x80,0x00,0x00,
};
const lv_img_dsc_t img_genex_1 = {
    .header.cf = LV_IMG_CF_TRUE_COLOR,
    .header.always_zero = 0,
    .header.reserved = 0,
    .header.w = 48,
    .header.h = 68,
    .data_size = 6528,
    .data = img_genex_1_map,
};

static const uint8_t img_genex_2_map[] = {
    0xab,0x20,0xcb,0xc0,0xc3,0xa0,0xc3,0xa0,0xc3,0xa0,0xc3,0xa0,0xc3,0xa0,0xc3,0xa0,
    0xc3,0xa0,0xc3,0xa0,0xc3,0xa0,0xc3,0xc0,0xc3,0xc0,0xc3,0xa0,0xcb,0xe0,0x31,0x00,
    0x00,0x00,0x00,0x00,0x00,0x00,0x00,0x00,0x00,0x00,0x00,0x00,0x00,0x00,0x00,0x00,
    0x00,0x00,0x00,0x00,0x00,0x00,0x00,0x00,0x00,0x00,0x00,0x00,0x00,0x00,0x00,0x00,
    0x00,0x00,0x00,0x00,0x00,0x00,0x00,0x00,0x00,0x00,0x00,0x00,0x00,0x00,0x00,0x00,
    0x00,0x00,0x00,0x00,0x00,0x00,0x28,0xe0,0xc4,0x00,0xbb,0xe0,0xc3,0xe0,0xc4,0x00,
    0xc4,0x00,0xc4,0x00,0xc4,0x00,0xbc,0x00,0xbc,0x00,0xbc,0x00,0xbc,0x00,0xbc,0x00,
    0xbc,0x00,0xbc,0x00,0xc4,0x20,0xb3,0xe0,0xd3,0xe0,0xfc,0xa0,0xf4,0x80,0xf4,0x80,
    0xf4,0x80,0xf4,0x80,0xf4,0x80,0xf4,0x80,0xf4,0xa0,0xf4,0xa0,0xf4,0xa0,0xf4,0xa0,
    0xf4,0xa0,0xf4,0xa0,0xfc,0xc0,0xc3,0xc0,0x08,0x20,0x00,0x00,0x00,0x00,0x00,0x00,
    0x00,0x00,0x00,0x00,0x00,0x00,0x00,0x00,0x00,0x00,0x00,0x00,0x00,0x00,0x00,0x00,
    0x00,0x00,0x00,0x00,0x00,0x00,0x00,0x00,0x00,0x00,0x00,0x00,0x00,0x00,0x00,0x00,
    0x00,0x00,0x00,0x00,0x00,0x00,0x00,0x00,0x00,0x00,0x00,0x00,0x00,0x00,0x31,0x00,
    0xf5,0x00,0xec,0xe0,0xec,0xe0,0xed,0x00,0xed,0x00,0xed,0x00,0xed,0x00,0xed,0x00,
    0xed,0x00,0xed,0x00,0xed,0x00,0xed,0x00,0xed,0x00,0xed,0x00,0xed,0x20,0xdc,0xc0,
    0xcb,0xc0,0xf4,0x80,0xec,0x40,0xec,0x60,0xec,0x60,0xec,0x60,0xec,0x60,0xec,0x60,
    0xec,0x60,0xec,0x60,0xec,0x60,0xec,0x80,0xec,0x80,0xec,0x60,0xe4,0x60,0xfc,0xe0,
    0x8a,0xa0,0x00,0x00,0x00,0x00,0x00,0x00,0x00,0x00,0x00,0x00,0x00,0x00,0x00,0x00,
    0x00,0x00,0x00,0x00,0x00,0x00,0x00,0x00,0x00,0x00,0x00,0x00,0x00,0x00,0x00,0x00,
    0x00,0x00,0x00,0x00,0x00,0x00,0x00,0x00,0x00,0x00,0x00,0x00,0x00,0x00,0x00,0x00,
    0x00,0x00,0x00,0x00,0x00,0x00,0x31,0x00,0xec,0xe0,0xe4,0xa0,0xe4,0xc0,0xe4,0xc0,
    0xe4,0xc0,0xe4,0xc0,0xe4,0xc0,0xe4,0xc0,0xe4,0xc0,0xe4,0xc0,0xe4,0xe0,0xe4,0xe0,
    0xe4,0xe0,0xe4,0xc0,0xe4,0xe0,0xd4,0x80,0xd3,0xc0,0xf4,0x80,0xec,0x60,0xec,0x60,
    0xec,0x60,0xec,0x60,0xec,0x60,0xec,0x60,0xec,0x80,0xec,0x80,0xec,0x80,0xec,0x80,
    0xec,0x80,0xec,0x80,0xec,0x80,0xec,0x80,0xf4,0xc0,0x41,0x40,0x00,0x00,0x00,0x00,
    0x00,0x00,0x00,0x00,0x00,0x00,0x00,0x00,0x00,0x00,0x00,0x00,0x00,0x00,0x00,0x00,
    0x00,0x00,0x00,0x00,0x00,0x00,0x00,0x00,0x00,0x00,0x00,0x00,0x00,0x00,0x00,0x00,
    0x00,0x00,0x00,0x00,0x00,0x00,0x00,0x00,0x00,0x00,0x00,0x00,0x00,0x00,0x31,0x00,
    0xec,0xe0,0xe4,0xc0,0xe4,0xc0,0xe4,0xc0,0xe4,0xc0,0xe4,0xc0,0xe4,0xc0,0xe4,0xe0,
    0xe4,0xe0,0xe4,0xe0,0xe4,0xe0,0xe4,0xe0,0xe4,0xe0,0xe4,0xe0,0xe4,0xe0,0xd4,0xa0,
    0xd3,0xc0,0xf4,0x80,0xec,0x60,0xec,0x60,0xec,0x60,0xec,0x60,0xec,0x60,0xec,0x60,
    0xec,0x80,0xec,0x80,0xec,0x80,0xec,0x80,0xec,0x80,0xec,0x80,0xec,0x80,0xec,0x80,
    0xf4,0xa0,0xd4,0x20,0x10,0x40,0x00,0x00,0x00,0x00,0x00,0x00,0x00,0x00,0x00,0x00,
    0x00,0x00,0x00,0x00,0x00,0x00,0x00,0x00,0x00,0x00,0x00,0x00,0x00,0x00,0x00,0x00,
    0x00,0x00,0x00,0x00,0x00,0x00,0x00,0x00,0x00,0x00,0x00,0x00,0x00,0x00,0x00,0x00,
    0x00,0x00,0x00,0x00,0x00,0x00,0x31,0x00,0xec,0xe0,0xe4,0xc0,0xe4,0xc0,0xe4,0xc0,
    0xe4,0xc0,0xe4,0xc0,0xe4,0xc0,0xe4,0xe0,0xe4,0xe0,0xe4,0xe0,0xe4,0xe0,0xe4,0xe0,
    0xe4,0xe0,0xe4,0xe0,0xe4,0xe0,0xd4,0xa0,0xd3,0xc0,0xf4,0x80,0xec,0x60,0xec,0x60,
    0xec,0x60,0xec,0x60,0xec,0x60,0xec,0x60,0xec,0x80,0xec,0x80,0xec,0x80,0xec,0x80,
    0xec,0x80,0xec,0x80,0xec,0x80,0xec,0x80,0xe4,0x60,0xfc,0xe0,0x9a,0xe0,0x00,0x00,
    0x00,0x00,0x00,0x00,0x00,0x00,0x00,0x00,0x00,0x00,0x00,0x00,0x00,0x00,0x00,0x00,
    0x00,0x00,0x00,0x00,0x00,0x00,0x00,0x00,0x00,0x00,0x00,0x00,0x00,0x00,0x00,0x00,
    0x00,0x00,0x00,0x00,0x00,0x00,0x00,0x00,0x00,0x00,0x00,0x00,0x00,0x00,0x31,0x00,
    0xec,0xe0,0xe4,0xc0,0xe4,0xc0,0xe4,0xc0,0xe4,0xc0,0xe4,0xc0,0xe4,0xc0,0xe4,0xe0,
    0xe4,0xe0,0xe4,0xe0,0xe4,0xe0,0xe4,0xe0,0xe4,0xe0,0xe4,0xe0,0xe4,0xe0,0xd4,0xa0,
    0xd3,0xc0,0xf4,0x80,0xec,0x60,0xec,0x60,0xec,0x60,0xec,0x60,0xec,0x60,0xec,0x60,
    0xec,0x80,0xec,0x80,0xec,0x80,0xec,0x80,0xec,0x80,0xec,0x80,0xec,0x80,0xec,0x80,
    0xec,0x80,0xec,0x80,0xfc,0xe0,0x51,0x80,0x00,0x00,0x00,0x00,0x00,0x00,0x00,0x00,
    0x00,0x00,0x00,0x00,0x00,0x00,0x00,0x00,0x00,0x00,0x00,0x00,0x00,0x00,0x00,0x00,
    0x00,0x00,0x00,0x00,0x00,0x00,0x00,0x00,0x00,0x00,0x00,0x00,0x00,0x00,0x00,0x00,
    0x00,0x00,0x00,0x00,0x00,0x00,0x31,0x00,0xec,0xe0,0xe4,0xc0,0xe4,0xc0,0xe4,0xc0,
    0xe4,0xc0,0xe4,0xc0,0xe4,0xc0,0xe4,0xe0,0xe4,0xe0,0xe4,0xe0,0xe4,0xe0,0xe4,0xe0,
    0xe4,0xe0,0xe4,0xe0,0xe4,0xe0,0xd4,0xa0,0xd3,0xc0,0xf4,0x80,0xec,0x60,0xec,0x60,
    0xec,0x60,0xec,0x60,0xec,0x60,0xec,0x60,0xec,0x80,0xec,0x80,0xec,0x80,0xec,0x80,
    0xec,0x80,0xec,0x80,0xec,0x80,0xec,0x80,0xec,0x80,0xec,0x80,0xec,0xa0,0xdc,0x40,
    0x18,0x80,0x00,0x00,0x00,0x00,0x00,0x00,0x00,0x00,0x00,0x00,0x00,0x00,0x00,0x00,
    0x00,0x00,0x00,0x00,0x00,0x00,0x00,0x00,0x00,0x00,0x00,0x00,0x00,0x00,0x00,0x00,
    0x00,0x00,0x00,0x00,0x00,0x00,0x00,0x00,0x00,0x00,0x00,0x00,0x00,0x00,0x31,0x00,
    0xec,0xe0,0xe4,0xc0,0xe4,0xc0,0xe4,0xc0,0xe4,0xc0,0xe4,0xc0,0xe4,0xc0,0xe4,0xe0,
    0xe4,0xe0,0xe4,0xe0,0xe4,0xe0,0xe4,0xe0,0xe4,0xe0,0xe4,0xe0,0xe4,0xe0,0xd4,0xa0,
    0xd3,0xc0,0xf4,0x80,0xec,0x60,0xec,0x60,0xec,0x60,0xec,0x60,0xec,0x60,0xec,0x60,
    0xec,0x80,0xec,0x80,0xec,0x80,0xec,0x80,0xec,0x80,0xec,0x80,0xec,0x80,0xec,0x80,
    0xec,0x80,0xec,0x80,0xe4,0x80,0xfc,0xe0,0xab,0x40,0x00,0x00,0x00,0x00,0x00,0x00,
    0x00,0x00,0x00,0x00,0x00,0x00,0x00,0x00,0x00,0x00,0x00,0x00,0x00,0x00,0x00,0x00,
    0x00,0x00,0x00,0x00,0x00,0x00,0x00,0x00,0x00,0x00,0x00,0x00,0x00,0x00,0x00,0x00,
    0x00,0x00,0x00,0x00,0x00,0x00,0x31,0x00,0xec,0xe0,0xe4,0xc0,0xe4,0xc0,0xe4,0xc0,
    0xe4,0xc0,0xe4,0xc0,0xe4,0xc0,0xe4,0xe0,0xe4,0xe0,0xe4,0xe0,0xe4,0xe0,0xe4,0xe0,
    0xe4,0xe0,0xe4,0xe0,0xe4,0xe0,0xd4,0xa0,0xd3,0xc0,0xf4,0x80,0xec,0x60,0xec,0x60,
    0xec,0x60,0xec,0x60,0xec,0x60,0xec,0x60,0xec,0x80,0xec,0x80,0xec,0x80,0xec,0x80,
    0xec,0x80,0xec,0x80,0xec,0x80,0xec,0x80,0xec,0x80,0xec,0x80,0xec,0x80,0xe4,0x80,
    0xfc,0xe0,0x61,0xe0,0x00,0x00,0x00,0x00,0x00,0x00,0x00,0x00,0x00,0x00,0x00,0x00,
    0x00,0x00,0x00,0x00,0x00,0x00,0x00,0x00,0x00,0x00,0x00,0x00,0x00,0x00,0x00,0x00,
    0x00,0x00,0x00,0x00,0x00,0x00,0x00,0x00,0x00,0x00,0x00,0x00,0x00,0x00,0x31,0x00,
    0xec,0xe0,0xe4,0xc0,0xe4,0xc0,0xe4,0xc0,0xe4,0xc0,0xe4,0xc0,0xe4,0xc0,0xe4,0xe0,
    0xe4,0xe0,0xe4,0xe0,0xe4,0xe0,0xe4,0xe0,0xe4,0xe0,0xe4,0xe0,0xe4,0xe0,0xd4,0xa0,
    0xd3,0xc0,0xf4,0x80,0xec,0x60,0xec,0x60,0xec,0x60,0xec,0x60,0xec,0x60,0xec,0x60,
    0xec,0x80,0xec,0x80,0xec,0x80,0xec,0x80,0xec,0x80,0xec,0x80,0xec,0x80,0xec,0x80,
    0xec,0x80,0xec,0x80,0xec,0x80,0xec,0x80,0xec,0x80,0xec,0x80,0x20,0xa0,0x00,0x00,
    0x00,0x00,0x00,0x00,0x00,0x00,0x00,0x00,0x00,0x00,0x00,0x00,0x00,0x00,0x00,0x00,
    0x00,0x00,0x00,0x00,0x00,0x00,0x00,0x00,0x00,0x00,0x00,0x00,0x00,0x00,0x00,0x00,
    0x00,0x00,0x00,0x00,0x00,0x00,0x31,0x00,0xec,0xe0,0xe4,0xc0,0xe4,0xc0,0xe4,0xc0,
    0xe4,0xc0,0xe4,0xc0,0xe4,0xc0,0xe4,0xe0,0xe4,0xe0,0xe4,0xe0,0xe4,0xe0,0xe4,0xe0,
    0xe4,0xe0,0xe4,0xe0,0xe4,0xe0,0xd4,0xa0,0xd3,0xc0,0xf4,0x80,0xec,0x60,0xec,0x60,
    0xec,0x60,0xec,0x60,0xec,0x60,0xec,0x60,0xec,0x80,0xec,0x80,0xec,0x80,0xec,0x80,
    0xec,0x80,0xec,0x80,0xec,0x80,0xec,0x80,0xec,0x80,0xec,0x80,0xec,0x80,0xec,0x80,
    0xec,0x80,0xf4,0xc0,0xb3,0x80,0x00,0x00,0x00,0x00,0x00,0x00,0x00,0x00,0x00,0x00,
    0x00,0x00,0x00,0x00,0x00,0x00,0x00,0x00,0x00,0x00,0x00,0x00,0x00,0x00,0x00,0x00,
    0x00,0x00,0x00,0x00,0x00,0x00,0x00,0x00,0x00,0x00,0x00,0x00,0x00,0x00,0x31,0x00,
    0xec,0xe0,0xe4,0xc0,0xe4,0xc0,0xe4,0xc0,0xe4,0xc0,0xe4,0xc0,0xe4,0xc0,0xe4,0xe0,
    0xe4,0xe0,0xe4,0xe0,0xe4,0xe0,0xe4,0xe0,0xe4,0xe0,0xe4,0xe0,0xe4,0xe0,0xd4,0xa0,
    0xd3,0xc0,0xf4,0x80,0xec,0x60,0xec,0x60,0xec,0x60,0xec,0x60,0xec,0x60,0xec,0x60,
    0xec,0x80,0xec,0x80,0xec,0x80,0xec,0x80,0xec,0x80,0xec,0x80,0xec,0x80,0xec,0x80,
    0xec,0x80,0xec,0x80,0xec,0x80,0xec,0x80,0xec,0x80,0xe4,0x80,0xfc,0xe0,0x72,0x40,
    0x00,0x00,0x00,0x00,0x00,0x00,0x00,0x00,0x00,0x00,0x00,0x00,0x00,0x00,0x00,0x00,
    0x00,0x00,0x00,0x00,0x00,0x00,0x00,0x00,0x00,0x00,0x00,0x00,0x00,0x00,0x00,0x00,
    0x00,0x00,0x00,0x00,0x00,0x00,0x31,0x00,0xec,0xe0,0xe4,0xc0,0xe4,0xc0,0xe4,0xc0,
    0xe4,0xc0,0xe4,0xc0,0xe4,0xc0,0xe4,0xe0,0xe4,0xe0,0xe4,0xe0,0xe4,0xe0,0xe4,0xe0,
    0xe4,0xe0,0xe4,0xe0,0xe4,0xe0,0xd4,0xa0,0xd3,0xc0,0xf4,0x80,0xec,0x60,0xec,0x60,
    0xec,0x60,0xec,0x60,0xec,0x60,0xec,0x60,0xec,0x80,0xec,0x80,0xec,0x80,0xec,0x80,
    0xec,0x80,0xec,0x80,0xec,0x80,0xec,0x80,0xec,0x80,0xec,0x80,0xec,0x80,0xec,0x80,
    0xec,0x80,0xec,0x80,0xec,0x80,0xec,0xa0,0x30,0xe0,0x00,0x00,0x00,0x00,0x00,0x00,
    0x00,0x00,0x00,0x00,0x00,0x00,0x00,0x00,0x00,0x00,0x00,0x00,0x00,0x00,0x00,0x00,
    0x00,0x00,0x00,0x00,0x00,0x00,0x00,0x00,0x00,0x00,0x00,0x00,0x00,0x00,0x31,0x00,
    0xec,0xe0,0xe4,0xc0,0xe4,0xc0,0xe4,0xc0,0xe4,0xc0,0xe4,0xc0,0xe4,0xc0,0xe4,0xe0,
    0xe4,0xe0,0xe4,0xe0,0xe4,0xe0,0xe4,0xe0,0xe4,0xe0,0xe4,0xe0,0xe4,0xe0,0xd4,0xa0,
    0xd3,0xc0,0xf4,0x80,0xec,0x60,0xec,0x60,0xec,0x60,0xec,0x60,0xec,0x60,0xec,0x60,
    0xec,0x80,0xec,0x80,0xec,0x80,0xec,0x80,0xec,0x80,0xec,0x80,0xec,0x80,0xec,0x80,
    0xec,0x80,0xec,0x80,0xec,0x80,0xec,0x80,0xec,0x80,0xec,0xa0,0xe4,0x80,0xf4,0xc0,
    0xc3,0xe0,0x08,0x20,0x00,0x00,0x00,0x00,0x00,0x00,0x00,0x00,0x00,0x00,0x00,0x00,
    0x00,0x00,0x00,0x00,0x00,0x00,0x00,0x00,0x00,0x00,0x00,0x00,0x00,0x00,0x00,0x00,
    0x00,0x00,0x00,0x00,0x00,0x00,0x31,0x00,0xec,0xe0,0xe4,0xc0,0xe4,0xc0,0xe4,0xc0,
    0xe4,0xc0,0xe4,0xc0,0xe4,0xc0,0xe4,0xe0,0xe4,0xe0,0xe4,0xe0,0xe4,0xe0,0xe4,0xe0,
    0xe4,0xe0,0xe4,0xe0,0xe4,0xe0,0xd4,0xa0,0xd3,0xc0,0xf4,0x80,0xec,0x60,0xec,0x60,
    0xec,0x60,0xec,0x60,0xec,0x60,0xec,0x60,0xec,0x80,0xec,0x80,0xec,0x80,0xec,0x80,
    0xec,0x80,0xec,0x80,0xec,0x80,0xec,0x80,0xec,0x80,0xec,0x80,0xec,0x80,0xec,0x80,
    0xec,0x80,0xec,0xa0,0xec,0xa0,0xe4,0x80,0xfc,0xe0,0x82,0xa0,0x00,0x00,0x00,0x00,
    0x00,0x00,0x00,0x00,0x00,0x00,0x00,0x00,0x00,0x00,0x00,0x00,0x00,0x00,0x00,0x00,
    0x00,0x00,0x00,0x00,0x00,0x00,0x00,0x00,0x00,0x00,0x00,0x00,0x00,0x00,0x31,0x00,
    0xec,0xe0,0xe4,0xc0,0xe4,0xc0,0xe4,0xc0,0xe4,0xc0,0xe4,0xc0,0xe4,0xc0,0xe4,0xe0,
    0xe4,0xe0,0xe4,0xe0,0xe4,0xe0,0xe4,0xe0,0xe4,0xe0,0xe4,0xe0,0xe4,0xe0,0xd4,0xa0,
    0xd3,0xc0,0xf4,0x80,0xec,0x60,0xec,0x60,0xec,0x60,0xec,0x60,0xec,0x60,0xec,0x60,
    0xec,0x80,0xec,0x80,0xec,0x80,0xec,0x80,0xec,0x80,0xec,0x80,0xec,0x80,0xec,0x80,
    0xec,0x80,0xec,0x80,0xec,0x80,0xec,0x80,0xec,0x80,0xec,0xa0,0xec,0xa0,0xec,0x80,
    0xec,0x80,0xf4,0xc0,0x41,0x40,0x00,0x00,0x00,0x00,0x00,0x00,0x00,0x00,0x00,0x00,
    0x00,0x00,0x00,0x00,0x00,0x00,0x00,0x00,0x00,0x00,0x00,0x00,0x00,0x00,0x00,0x00,
    0x00,0x00,0x00,0x00,0x00,0x00,0x31,0x00,0xec,0xe0,0xe4,0xc0,0xe4,0xc0,0xe4,0xc0,
    0xe4,0xc0,0xe4,0xc0,0xe4,0xc0,0xe4,0xe0,0xe4,0xe0,0xe4,0xe0,0xe4,0xe0,0xe4,0xe0,
    0xe4,0xe0,0xe4,0xe0,0xe4,0xe0,0xd4,0xa0,0xd3,0xc0,0xf4,0x80,0xec,0x60,0xec,0x60,
    0xec,0x60,0xec,0x60,0xec,0x60,0xec,0x60,0xec,0x80,0xec,0x80,0xec,0x80,0xec,0x80,
    0xec,0x80,0xec,0x80,0xec,0x80,0xec,0x80,0xec,0x80,0xec,0x80,0xec,0x80,0xec,0x80,
    0xec,0x80,0xec,0xa0,0xec,0xa0,0xec,0xa0,0xec,0x80,0xf4,0xc0,0xd4,0x20,0x08,0x40,
    0x00,0x00,0x00,0x00,0x00,0x00,0x00,0x00,0x00,0x00,0x00,0x00,0x00,0x00,0x00,0x00,
    0x00,0x00,0x00,0x00,0x00,0x00,0x00,0x00,0x00,0x00,0x00,0x00,0x00,0x00,0x31,0x00,
    0xec,0xe0,0xe4,0xc0,0xe4,0xc0,0xe4,0xc0,0xe4,0xc0,0xe4,0xc0,0xe4,0xc0,0xe4,0xe0,
    0xe4,0xe0,0xe4,0xe0,0xe4,0xe0,0xe4,0xe0,0xe4,0xe0,0xe4,0xe0,0xe4,0xe0,0xd4,0xa0,
    0xd3,0xc0,0xf4,0x80,0xec,0x60,0xec,0x60,0xec,0x60,0xec,0x60,0xec,0x60,0xec,0x60,
    0xec,0x80,0xec,0x80,0xec,0x80,0xec,0x80,0xec,0x80,0xec,0x80,0xec,0x80,0xec,0x80,
    0xec,0x80,0xec,0x80,0xec,0x80,0xec,0x80,0xec,0x80,0xec,0xa0,0xec,0xa0,0xec,0xa0,
    0xec,0xa0,0xe4,0x80,0xfc,0xe0,0x92,0xe0,0x00,0x00,0x00,0x00,0x00,0x00,0x00,0x00,
    0x00,0x00,0x00,0x00,0x00,0x00,0x00,0x00,0x00,0x00,0x00,0x00,0x00,0x00,0x00,0x00,
    0x00,0x00,0x00,0x00,0x00,0x00,0x31,0x00,0xec,0xe0,0xe4,0xc0,0xe4,0xc0,0xe4,0xc0,
    0xe4,0xc0,0xe4,0xc0,0xe4,0xc0,0xe4,0xe0,0xe4,0xe0,0xe4,0xe0,0xe4,0xe0,0xe4,0xe0,
    0xe4,0xe0,0xe4,0xe0,0xe4,0xe0,0xd4,0xa0,0xd3,0xc0,0xf4,0x80,0xec,0x60,0xec,0x60,
    0xec,0x60,0xec,0x60,0xec,0x60,0xec,0x60,0xec,0x80,0xec,0x80,0xec,0x80,0xec,0x80,
    0xec,0x80,0xec,0x80,0xec,0x80,0xec,0x80,0xec,0x80,0xec,0x80,0xec,0x80,0xec,0x80,
    0xec,0x80,0xec,0xa0,0xec,0xa0,0xec,0xa0,0xec,0xa0,0xec,0xa0,0xe4,0x80,0xfc,0xe0,
    0x49,0x80,0x00,0x00,0x00,0x00,0x00,0x00,0x00,0x00,0x00,0x00,0x00,0x00,0x00,0x00,
    0x00,0x00,0x00,0x00,0x00,0x00,0x00,0x00,0x00,0x00,0x00,0x00,0x00,0x00,0x31,0x00,
    0xec,0xe0,0xe4,0xc0,0xe4,0xc0,0xe4,0xc0,0xe4,0xc0,0xe4,0xc0,0xe4,0xc0,0xe4,0xe0,
    0xe4,0xe0,0xe4,0xe0,0xe4,0xe0,0xe4,0xe0,0xe4,0xe0,0xe4,0xe0,0xe4,0xe0,0xd4,0xa0,
    0xd3,0xc0,0xf4,0x80,0xec,0x60,0xec,0x60,0xec,0x60,0xec,0x60,0xec,0x60,0xec,0x60,
    0xec,0x80,0xec,0x80,0xec,0x80,0xec,0x80,0xec,0x80,0xec,0x80,0xec,0x80,0xec,0x80,
    0xec,0x80,0xec,0x80,0xec,0x80,0xec,0x80,0xec,0x80,0xec,0xa0,0xec,0xa0,0xec,0xa0,
    0xec,0xa0,0xec,0xa0,0xec,0x80,0xec,0xc0,0xdc,0x60,0x18,0x60,0x00,0x00,0x00,0x00,
    0x00,0x00,0x00,0x00,0x00,0x00,0x00,0x00,0x00,0x00,0x00,0x00,0x00,0x00,0x00,0x00,
    0x00,0x00,0x00,0x00,0x00,0x00,0x31,0x00,0xec,0xe0,0xe4,0xc0,0xe4,0xc0,0xe4,0xc0,
    0xe4,0xc0,0xe4,0xc0,0xe4,0xc0,0xe4,0xe0,0xe4,0xe0,0xe4,0xe0,0xe4,0xe0,0xe4,0xe0,
    0xe4,0xe0,0xe4,0xe0,0xe4,0xe0,0xd4,0xa0,0xd3,0xc0,0xf4,0x80,0xec,0x60,0xec,0x60,
    0xec,0x60,0xec,0x60,0xec,0x60,0xec,0x60,0xec,0x80,0xec,0x80,0xec,0x80,0xec,0x80,
    0xec,0x80,0xec,0x80,0xec,0x80,0xec,0x80,0xec,0x80,0xec,0x80,0xec,0x80,0xec,0x80,
    0xec,0x80,0xec,0xa0,0xec,0xa0,0xec,0xa0,0xec,0xa0,0xec,0xa0,0xec,0xa0,0xe4,0x80,
    0xfc,0xe0,0xa3,0x40,0x00,0x00,0x00,0x00,0x00,0x00,0x00,0x00,0x00,0x00,0x00,0x00,
    0x00,0x00,0x00,0x00,0x00,0x00,0x00,0x00,0x00,0x00,0x00,0x00,0x00,0x00,0x31,0x00,
    0xec,0xe0,0xe4,0xc0,0xe4,0xc0,0xe4,0xc0,0xe4,0xc0,0xe4,0xc0,0xe4,0xc0,0xe4,0xe0,
    0xe4,0xe0,0xe4,0xe0,0xe4,0xe0,0xe4,0xe0,0xe4,0xe0,0xe4,0xe0,0xe4,0xe0,0xd4,0xa0,
    0xd3,0xc0,0xf4,0x80,0xec,0x60,0xec,0x60,0xec,0x60,0xec,0x60,0xec,0x60,0xec,0x60,
    0xec,0x80,0xec,0x80,0xec,0x80,0xec,0x80,0xec,0x80,0xec,0x80,0xec,0x80,0xec,0x80,
    0xec,0x80,0xec,0x80,0xec,0x80,0xec,0x80,0xec,0x80,0xec,0xa0,0xec,0xa0,0xec,0xa0,
    0xec,0xa0,0xec,0xa0,0xec,0xa0,0xec,0xa0,0xe4,0x80,0xfd,0x00,0x59,0xe0,0x00,0x00,
    0x00,0x00,0x00,0x00,0x00,0x00,0x00,0x00,0x00,0x00,0x00,0x00,0x00,0x00,0x00,0x00,
    0x00,0x00,0x00,0x00,0x00,0x00,0x31,0x00,0xec,0xe0,0xe4,0xc0,0xe4,0xc0,0xe4,0xc0,
    0xe4,0xc0,0xe4,0xc0,0xe4,0xc0,0xe4,0xe0,0xe4,0xe0,0xe4,0xe0,0xe4,0xe0,0xe4,0xe0,
    0xe4,0xe0,0xe4,0xe0,0xe4,0xe0,0xd4,0xa0,0xd3,0xc0,0xf4,0x80,0xec,0x60,0xec,0x60,
    0xec,0x60,0xec,0x60,0xec,0x60,0xec,0x60,0xec,0x80,0xec,0x80,0xec,0x80,0xec,0x80,
    0xec,0x80,0xec,0x80,0xec,0x80,0xec,0x80,0xec,0x80,0xec,0x80,0xec,0x80,0xec,0x80,
    0xec,0x80,0xec,0xa0,0xec,0xa0,0xec,0xa0,0xec,0xa0,0xec,0xa0,0xec,0xa0,0xec,0xa0,
    0xec,0xa0,0xec,0xa0,0xe4,0x80,0x20,0xa0,0x00,0x00,0x00,0x00,0x00,0x00,0x00,0x00,
    0x00,0x00,0x00,0x00,0x00,0x00,0x00,0x00,0x00,0x00,0x00,0x00,0x00,0x00,0x31,0x00,
    0xec,0xe0,0xe4,0xc0,0xe4,0xc0,0xe4,0xc0,0xe4,0xc0,0xe4,0xc0,0xe4,0xc0,0xe4,0xe0,
    0xe4,0xe0,0xe4,0xe0,0xe4,0xe0,0xe4,0xe0,0xe4,0xe0,0xe4,0xe0,0xe4,0xe0,0xd4,0xa0,
    0xd3,0xc0,0xf4,0x80,0xec,0x60,0xec,0x60,0xec,0x60,0xec,0x60,0xec,0x60,0xec,0x60,
    0xec,0x80,0xec,0x80,0xec,0x80,0xec,0x80,0xec,0x80,0xec,0x80,0xec,0x80,0xec,0x80,
    0xec,0x80,0xec,0x80,0xec,0x80,0xec,0x80,0xec,0x80,0xec,0xa0,0xec,0xa0,0xec,0xa0,
    0xec,0xa0,0xec,0xa0,0xec,0xa0,0xec,0xa0,0xec,0xa0,0xe4,0x80,0xf4,0xe0,0xb3,0x80,
    0x00,0x00,0x00,0x00,0x00,0x00,0x00,0x00,0x00,0x00,0x00,0x00,0x00,0x00,0x00,0x00,
    0x00,0x00,0x00,0x00,0x00,0x00,0x31,0x00,0xec,0xe0,0xe4,0xc0,0xe4,0xc0,0xe4,0xc0,
    0xe4,0xc0,0xe4,0xc0,0xe4,0xc0,0xe4,0xe0,0xe4,0xe0,0xe4,0xe0,0xe4,0xe0,0xe4,0xe0,
    0xe4,0xe0,0xe4,0xe0,0xe4,0xe0,0xd4,0xa0,0xd3,0xc0,0xf4,0x80,0xec,0x60,0xec,0x60,
    0xec,0x60,0xec,0x60,0xec,0x60,0xec,0x60,0xec,0x80,0xec,0x80,0xec,0x80,0xec,0x80,
    0xec,0x80,0xec,0x80,0xec,0x80,0xec,0x80,0xf4,0xa0,0xec,0x80,0xec,0x80,0xec,0x80,
    0xec,0x80,0xec,0xa0,0xec,0xa0,0xec,0xa0,0xec,0xa0,0xec,0xa0,0xec,0xa0,0xec,0xa0,
    0xec,0xa0,0xec,0xa0,0xe4,0x80,0xfd,0x00,0x72,0x40,0x00,0x00,0x00,0x00,0x00,0x00,
    0x00,0x00,0x00,0x00,0x00,0x00,0x00,0x00,0x00,0x00,0x00,0x00,0x00,0x00,0x31,0x00,
    0xec,0xe0,0xe4,0xc0,0xe4,0xc0,0xe4,0xc0,0xe4,0xc0,0xe4,0xc0,0xe4,0xc0,0xe4,0xe0,
    0xe4,0xe0,0xe4,0xe0,0xe4,0xe0,0xe4,0xe0,0xe4,0xe0,0xe4,0xe0,0xe4,0xe0,0xd4,0xa0,
    0xd3,0xc0,0xf4,0x80,0xec,0x60,0xec,0x60,0xec,0x60,0xec,0x60,0xec,0x60,0xec,0x60,
    0xec,0x80,0xec,0x80,0xec,0x80,0xec,0x80,0xec,0x80,0xec,0x80,0xec,0x80,0xec,0x80,
    0xb3,0x60,0xf4,0xa0,0xec,0x80,0xec,0x80,0xec,0x80,0xec,0xa0,0xec,0xa0,0xec,0xa0,
    0xec,0xa0,0xec,0xa0,0xec,0xa0,0xec,0xa0,0xec,0xa0,0xec,0xa0,0xec,0xa0,0xec,0xa0,
    0xec,0xc0,0x28,0xe0,0x00,0x00,0x00,0x00,0x00,0x00,0x00,0x00,0x00,0x00,0x00,0x00,
    0x00,0x00,0x00,0x00,0x00,0x00,0x31,0x00,0xec,0xe0,0xe4,0xc0,0xe4,0xc0,0xe4,0xc0,
    0xe4,0xc0,0xe4,0xc0,0xe4,0xc0,0xe4,0xe0,0xe4,0xe0,0xe4,0xe0,0xe4,0xe0,0xe4,0xe0,
    0xe4,0xe0,0xe4,0xe0,0xe4,0xe0,0xd4,0xa0,0xd3,0xc0,0xf4,0x80,0xec,0x60,0xec,0x60,
    0xec,0x60,0xec,0x60,0xec,0x60,0xec,0x60,0xec,0x80,0xec,0x80,0xec,0x80,0xec,0x80,
    0xec,0x80,0xec,0x80,0xec,0x60,0xfc,0xc0,0x41,0x20,0xa3,0x20,0xfc,0xe0,0xec,0x80,
    0xec,0x80,0xec,0xa0,0xec,0xa0,0xec,0xa0,0xec,0xa0,0xec,0xa0,0xec,0xa0,0xec,0xa0,
    0xec,0xa0,0xec,0xa0,0xec,0xa0,0xe4,0xa0,0xf4,0xe0,0xc3,0xe0,0x00,0x20,0x00,0x00,
    0x00,0x00,0x00,0x00,0x00,0x00,0x00,0x00,0x00,0x00,0x00,0x00,0x00,0x00,0x31,0x00,
    0xec,0xe0,0xe4,0xc0,0xe4,0xc0,0xe4,0xc0,0xe4,0xc0,0xe4,0xc0,0xe4,0xc0,0xe4,0xe0,
    0xe4,0xe0,0xe4,0xe0,0xe4,0xe0,0xe4,0xe0,0xe4,0xe0,0xe4,0xe0,0xe4,0xe0,0xd4,0xa0,
    0xd3,0xc0,0xf4,0x80,0xec,0x60,0xec,0x60,0xec,0x60,0xec,0x60,0xec,0x60,0xec,0x60,
    0xec,0x80,0xec,0x80,0xec,0x80,0xec,0x80,0xec,0x80,0xec,0x80,0xec,0x60,0xfc,0xc0,
    0x39,0x20,0x18,0x60,0xec,0x80,0xec,0x80,0xec,0x80,0xec,0xa0,0xec,0xa0,0xec,0xa0,
    0xec,0xa0,0xec,0xa0,0xec,0xa0,0xec,0xa0,0xec,0xa0,0xec,0xa0,0xec,0xa0,0xec,0xa0,
    0xe4,0x80,0xfd,0x00,0x82,0x80,0x00,0x00,0x00,0x00,0x00,0x00,0x00,0x00,0x00,0x00,
    0x00,0x00,0x00,0x00,0x00,0x00,0x31,0x00,0xec,0xe0,0xe4,0xc0,0xe4,0xc0,0xe4,0xc0,
    0xe4,0xc0,0xe4,0xc0,0xe4,0xc0,0xe4,0xe0,0xe4,0xe0,0xe4,0xe0,0xe4,0xe0,0xe4,0xe0,
    0xe4,0xe0,0xe4,0xe0,0xe4,0xe0,0xd4,0xa0,0xd3,0xc0,0xf4,0x80,0xec,0x60,0xec,0x60,
    0xec,0x60,0xec,0x60,0xec,0x60,0xec,0x60,0xec,0x80,0xec,0x80,0xec,0x80,0xec,0x80,
    0xec,0x80,0xec,0x80,0xec,0x60,0xfc,0xc0,0x49,0x60,0x00,0x00,0x61,0xe0,0xfc,0xe0,
    0xe4,0x80,0xec,0xa0,0xec,0xa0,0xec,0xa0,0xec,0xa0,0xec,0xa0,0xec,0xa0,0xec,0xa0,
    0xec,0xa0,0xec,0xa0,0xec,0xa0,0xec,0xa0,0xec,0xa0,0xe4,0xa0,0xf4,0xe0,0x39,0x20,
    0x00,0x00,0x00,0x00,0x00,0x00,0x00,0x00,0x00,0x00,0x00,0x00,0x00,0x00,0x31,0x00,
    0xec,0xe0,0xe4,0xc0,0xe4,0xc0,0xe4,0xc0,0xe4,0xc0,0xe4,0xc0,0xe4,0xc0,0xe4,0xe0,
    0xe4,0xe0,0xe4,0xe0,0xe4,0xe0,0xe4,0xe0,0xe4,0xe0,0xe4,0xe0,0xe4,0xe0,0xd4,0xa0,
    0xd3,0xc0,0xf4,0x80,0xec,0x60,0xec,0x60,0xec,0x60,0xec,0x60,0xec,0x60,0xec,0x60,
    0xec,0x80,0xec,0x80,0xec,0x80,0xec,0x80,0xec,0x80,0xec,0x80,0xec,0x60,0xfc,0xc0,
    0x41,0x40,0x00,0x00,0x00,0x00,0xa3,0x20,0xfc,0xe0,0xe4,0x80,0xec,0xa0,0xec,0xa0,
    0xec,0xa0,0xec,0xa0,0xec,0xa0,0xec,0xa0,0xec,0xa0,0xec,0xa0,0xec,0xa0,0xec,0xa0,
    0xec,0xa0,0xe4,0xa0,0xec,0xc0,0xcc,0x20,0x08,0x40,0x00,0x00,0x00,0x00,0x00,0x00,
    0x00,0x00,0x00,0x00,0x00,0x00,0x31,0x00,0xec,0xe0,0xe4,0xc0,0xe4,0xc0,0xe4,0xc0,
    0xe4,0xc0,0xe4,0xc0,0xe4,0xc0,0xe4,0xe0,0xe4,0xe0,0xe4,0xe0,0xe4,0xe0,0xe4,0xe0,
    0xe4,0xe0,0xe4,0xe0,0xe4,0xe0,0xd4,0xa0,0xd3,0xc0,0xf4,0x80,0xec,0x60,0xec,0x60,
    0xec,0x60,0xec,0x60,0xec,0x60,0xec,0x60,0xec,0x80,0xec,0x80,0xec,0x80,0xec,0x80,
    0xec,0x80,0xec,0x80,0xec,0x60,0xfc,0xc0,0x41,0x40,0x00,0x00,0x00,0x00,0x18,0x60,
    0xdc,0x40,0xec,0xa0,0xec,0x80,0xec,0xa0,0xec,0xa0,0xec,0xa0,0xec,0xa0,0xec,0xa0,
    0xec,0xa0,0xec,0xa0,0xec,0xa0,0xec,0xa0,0xec,0xa0,0xec,0xa0,0xe4,0x80,0xfd,0x00,
    0x92,0xe0,0x00,0x00,0x00,0x00,0x00,0x00,0x00,0x00,0x00,0x00,0x00,0x00,0x31,0x00,
    0xec,0xe0,0xe4,0xc0,0xe4,0xc0,0xe4,0xc0,0xe4,0xc0,0xe4,0xc0,0xe4,0xc0,0xe4,0xe0,
    0xe4,0xe0,0xe4,0xe0,0xe4,0xe0,0xe4,0xe0,0xe4,0xe0,0xe4,0xe0,0xe4,0xe0,0xd4,0xa0,
    0xd3,0xc0,0xf4,0x80,0xec,0x60,0xec,0x60,0xec,0x60,0xec,0x60,0xec,0x60,0xec,0x60,
    0xec,0x80,0xec,0x80,0xec,0x80,0xec,0x80,0xec,0x80,0xec,0x80,0xec,0x60,0xfc,0xc0,
    0x41,0x40,0x00,0x00,0x00,0x20,0x00,0x00,0x49,0x80,0xfc,0xe0,0xe4,0x80,0xec,0xa0,
    0xec,0xa0,0xec,0xa0,0xec,0xa0,0xec,0xa0,0xec,0xa0,0xec,0xa0,0xec,0xa0,0xec,0xa0,
    0xec,0xa0,0xec,0xa0,0xec,0xa0,0xe4,0xa0,0xf5,0x00,0x49,0x80,0x00,0x00,0x00,0x00,
    0x00,0x00,0x00,0x00,0x00,0x00,0x31,0x00,0xec,0xe0,0xe4,0xc0,0xe4,0xc0,0xe4,0xc0,
    0xe4,0xc0,0xe4,0xc0,0xe4,0xc0,0xe4,0xe0,0xe4,0xe0,0xe4,0xe0,0xe4,0xe0,0xe4,0xe0,
    0xe4,0xe0,0xe4,0xe0,0xe4,0xe0,0xd4,0xa0,0xd3,0xc0,0xf4,0x80,0xec,0x60,0xec,0x60,
    0xec,0x60,0xec,0x60,0xec,0x60,0xec,0x60,0xec,0x80,0xec,0x80,0xec,0x80,0xec,0x80,
    0xec,0x80,0xec,0x80,0xec,0x60,0xfc,0xc0,0x41,0x40,0x00,0x00,0x00,0x00,0x00,0x00,
    0x00,0x00,0x92,0xe0,0xfc,0xe0,0xe4,0x80,0xec,0xa0,0xec,0xa0,0xec,0xa0,0xec,0xa0,
    0xec,0xa0,0xec,0xa0,0xec,0xa0,0xec,0xa0,0xec,0xa0,0xec,0xa0,0xec,0xa0,0xe4,0xa0,
    0xec,0xc0,0xdc,0x60,0x10,0x60,0x00,0x00,0x00,0x00,0x00,0x00,0x00,0x00,0x31,0x00,
    0xec,0xe0,0xe4,0xc0,0xe4,0xc0,0xe4,0xc0,0xe4,0xc0,0xe4,0xc0,0xe4,0xc0,0xe4,0xe0,
    0xe4,0xe0,0xe4,0xe0,0xe4,0xe0,0xe4,0xe0,0xe4,0xe0,0xe4,0xe0,0xe4,0xe0,0xd4,0xa0,
    0xd3,0xc0,0xf4,0x80,0xec,0x60,0xec,0x60,0xec,0x60,0xec,0x60,0xec,0x60,0xec,0x60,
    0xec,0x80,0xec,0x80,0xec,0x80,0xec,0x80,0xec,0x80,0xec,0x80,0xec,0x60,0xfc,0xc0,
    0x41,0x40,0x00,0x00,0x00,0x00,0x00,0x00,0x00,0x00,0x08,0x40,0xd4,0x00,0xf4,0xa0,
    0xec,0x80,0xec,0xa0,0xec,0xa0,0xec,0xa0,0xec,0xa0,0xec,0xa0,0xec,0xa0,0xec,0xa0,
    0xec,0xa0,0xec,0xa0,0xec,0xa0,0xec,0xa0,0xe4,0xa0,0xfd,0x00,0xa3,0x40,0x00,0x00,
    0x00,0x00,0x00,0x00,0x00,0x00,0x31,0x00,0xec,0xe0,0xe4,0xc0,0xe4,0xc0,0xe4,0xc0,
    0xe4,0xc0,0xe4,0xc0,0xe4,0xc0,0xe4,0xe0,0xe4,0xe0,0xe4,0xe0,0xe4,0xe0,0xe4,0xe0,
    0xe4,0xe0,0xe4,0xe0,0xe4,0xe0,0xd4,0xa0,0xd3,0xc0,0xf4,0x80,0xec,0x60,0xec,0x60,
    0xec,0x60,0xec,0x60,0xec,0x60,0xec,0x60,0xec,0x80,0xec,0x80,0xec,0x80,0xec,0x80,
    0xec,0x80,0xec,0x80,0xec,0x60,0xfc,0xc0,0x41,0x40,0x00,0x00,0x00,0x00,0x00,0x00,
    0x00,0x00,0x00,0x00,0x39,0x20,0xf4,0xc0,0xec,0x80,0xec,0xa0,0xec,0xa0,0xec,0xa0,
    0xec,0xa0,0xec,0xa0,0xec,0xa0,0xec,0xa0,0xec,0xa0,0xec,0xa0,0xec,0xa0,0xec,0xa0,
    0xec,0xc0,0xe4,0xa0,0xfd,0x00,0x59,0xe0,0x00,0x00,0x00,0x20,0x00,0x00,0x31,0x00,
    0xec,0xe0,0xe4,0xc0,0xe4,0xc0,0xe4,0xc0,0xe4,0xc0,0xe4,0xc0,0xe4,0xc0,0xe4,0xe0,
    0xe4,0xe0,0xe4,0xe0,0xe4,0xe0,0xe4,0xe0,0xe4,0xe0,0xe4,0xe0,0xe4,0xe0,0xd4,0xa0,
    0xd3,0xc0,0xf4,0x80,0xec,0x60,0xec,0x60,0xec,0x60,0xec,0x60,0xec,0x60,0xec,0x60,
    0xec,0x80,0xec,0x80,0xec,0x80,0xec,0x80,0xec,0x80,0xec,0x80,0xec,0x60,0xfc,0xc0,
    0x41,0x40,0x00,0x00,0x00,0x00,0x00,0x00,0x00,0x00,0x00,0x00,0x00,0x00,0x82,0x80,
    0xfc,0xe0,0xe4,0x80,0xec,0xa0,0xec,0xa0,0xec,0xa0,0xec,0xa0,0xec,0xa0,0xec,0xa0,
    0xec,0xa0,0xec,0xa0,0xec,0xa0,0xec,0xa0,0xec,0xc0,0xe4,0xa0,0xec,0xc0,0xe4,0xa0,
    0x20,0xa0,0x00,0x00,0x00,0x00,0x31,0x00,0xec,0xe0,0xe4,0xc0,0xe4,0xc0,0xe4,0xc0,
    0xe4,0xc0,0xe4,0xc0,0xe4,0xc0,0xe4,0xe0,0xe4,0xe0,0xe4,0xe0,0xe4,0xe0,0xe4,0xe0,
    0xe4,0xe0,0xe4,0xe0,0xe4,0xe0,0xd4,0xa0,0xd3,0xc0,0xf4,0x80,0xec,0x60,0xec,0x60,
    0xec,0x60,0xec,0x60,0xec,0x60,0xec,0x60,0xec,0x80,0xec,0x80,0xec,0x80,0xec,0x80,
    0xec,0x80,0xec,0x80,0xec,0x60,0xfc,0xc0,0x41,0x40,0x00,0x00,0x00,0x00,0x00,0x00,
    0x00,0x00,0x00,0x00,0x00,0x00,0x08,0x20,0xc3,0xe0,0xf4,0xc0,0xe4,0x80,0xec,0xa0,
    0xec,0xa0,0xec,0xa0,0xec,0xa0,0xec,0xa0,0xec,0xa0,0xec,0xa0,0xec,0xa0,0xec,0xa0,
    0xec,0xc0,0xec,0xc0,0xe4,0xa0,0xf5,0x00,0xb3,0xa0,0x00,0x00,0x00,0x00,0x31,0x00,
    0xec,0xe0,0xe4,0xc0,0xe4,0xc0,0xe4,0xc0,0xe4,0xc0,0xe4,0xc0,0xe4,0xc0,0xe4,0xe0,
    0xe4,0xe0,0xe4,0xe0,0xe4,0xe0,0xe4,0xe0,0xe4,0xe0,0xe4,0xe0,0xe4,0xe0,0xd4,0xa0,
    0xd3,0xc0,0xf4,0x80,0xec,0x60,0xec,0x60,0xec,0x60,0xec,0x60,0xec,0x60,0xec,0x60,
    0xec,0x80,0xec,0x80,0xec,0x80,0xec,0x80,0xec,0x80,0xec,0x80,0xec,0x60,0xfc,0xc0,
    0x41,0x40,0x00,0x00,0x00,0x00,0x00,0x00,0x00,0x00,0x00,0x00,0x00,0x00,0x00,0x00,
    0x30,0xe0,0xec,0xa0,0xec,0xa0,0xec,0xa0,0xec,0xa0,0xec,0xa0,0xec,0xa0,0xec,0xa0,
    0xec,0xa0,0xec,0xa0,0xec,0xa0,0xec,0xa0,0xec,0xc0,0xec,0xc0,0xec,0xc0,0xe4,0xa0,
    0xfd,0x20,0x6a,0x40,0x00,0x00,0x39,0x20,0xec,0xe0,0xe4,0xc0,0xe4,0xc0,0xe4,0xc0,
    0xe4,0xc0,0xe4,0xc0,0xe4,0xc0,0xe4,0xe0,0xe4,0xe0,0xe4,0xe0,0xe4,0xe0,0xe4,0xe0,
    0xe4,0xe0,0xe4,0xe0,0xe4,0xe0,0xd4,0xa0,0xd3,0xc0,0xf4,0x80,0xec,0x60,0xec,0x60,
    0xec,0x60,0xec,0x60,0xec,0x60,0xec,0x60,0xec,0x80,0xec,0x80,0xec,0x80,0xec,0x80,
    0xec,0x80,0xec,0x80,0xec,0x60,0xfc,0xc0,0x41,0x40,0x00,0x00,0x00,0x00,0x00,0x00,
    0x00,0x00,0x00,0x00,0x00,0x00,0x00,0x00,0x00,0x00,0x72,0x40,0xfd,0x00,0xe4,0x80,
    0xec,0xa0,0xec,0xa0,0xec,0xa0,0xec,0xa0,0xec,0xa0,0xec,0xa0,0xec,0xa0,0xec,0xa0,
    0xec,0xc0,0xec,0xc0,0xec,0xc0,0xe4,0xa0,0xe4,0xc0,0xec,0xe0,0x20,0xa0,0x28,0xc0,
    0xf4,0xe0,0xe4,0xc0,0xe4,0xc0,0xe4,0xc0,0xe4,0xc0,0xe4,0xc0,0xe4,0xc0,0xe4,0xe0,
    0xe4,0xe0,0xe4,0xe0,0xe4,0xe0,0xe4,0xe0,0xe4,0xe0,0xe4,0xe0,0xe4,0xe0,0xd4,0xa0,
    0xd3,0xc0,0xf4,0x80,0xec,0x60,0xec,0x60,0xec,0x60,0xec,0x60,0xec,0x60,0xec,0x60,
    0xec,0x80,0xec,0x80,0xec,0x80,0xec,0x80,0xec,0x80,0xec,0x80,0xec,0x60,0xfc,0xc0,
    0x41,0x40,0x00,0x00,0x00,0x00,0x00,0x00,0x00,0x00,0x00,0x00,0x00,0x00,0x00,0x00,
    0x00,0x00,0x00,0x00,0xb3,0x80,0xf4,0xe0,0xe4,0x80,0xec,0xa0,0xec,0xa0,0xec,0xa0,
    0xec,0xa0,0xec,0xa0,0xec,0xa0,0xec,0xa0,0xec,0xc0,0xec,0xc0,0xec,0xc0,0xec,0xc0,
    0xe4,0xa0,0xf5,0x00,0xb3,0xa0,0x31,0x00,0xec,0xc0,0xe4,0xc0,0xe4,0xc0,0xe4,0xc0,
    0xe4,0xc0,0xe4,0xc0,0xe4,0xc0,0xe4,0xe0,0xe4,0xe0,0xe4,0xe0,0xe4,0xe0,0xe4,0xe0,
    0xe4,0xe0,0xe4,0xe0,0xe4,0xe0,0xd4,0xa0,0xd3,0xc0,0xf4,0x80,0xec,0x60,0xec,0x60,
    0xec,0x60,0xec,0x60,0xec,0x60,0xec,0x60,0xec,0x80,0xec,0x80,0xec,0x80,0xec,0x80,
    0xec,0x80,0xec,0x80,0xec,0x60,0xfc,0xc0,0x41,0x40,0x00,0x00,0x00,0x00,0x00,0x00,
    0x00,0x00,0x00,0x00,0x00,0x00,0x00,0x00,0x00,0x00,0x00,0x00,0x20,0xa0,0xe4,0x80,
    0xec,0xa0,0xec,0xa0,0xec,0xa0,0xec,0xa0,0xec,0xa0,0xec,0xa0,0xec,0xa0,0xec,0xa0,
    0xec,0xc0,0xec,0xc0,0xec,0xc0,0xec,0xc0,0xec,0xc0,0xe4,0xa0,0xec,0xe0,0xb3,0xa0,
    0xe4,0xa0,0xec,0xc0,0xe4,0xc0,0xe4,0xc0,0xe4,0xc0,0xe4,0xc0,0xe4,0xc0,0xe4,0xe0,
    0xe4,0xe0,0xe4,0xe0,0xe4,0xe0,0xe4,0xe0,0xe4,0xe0,0xe4,0xe0,0xe4,0xe0,0xd4,0xa0,
    0xd3,0xc0,0xf4,0x80,0xec,0x60,0xec,0x60,0xec,0x60,0xec,0x60,0xec,0x60,0xec,0x60,
    0xec,0x80,0xec,0x80,0xec,0x80,0xec,0x80,0xec,0x80,0xec,0x80,0xec,0x60,0xfc,0xc0,
    0x41,0x40,0x00,0x00,0x00,0x00,0x00,0x00,0x00,0x00,0x00,0x00,0x00,0x00,0x00,0x00,
    0x00,0x00,0x00,0x00,0x00,0x00,0x61,0xe0,0xfd,0x00,0xe4,0xa0,0xec,0xa0,0xec,0xa0,
    0xec,0xa0,0xec,0xa0,0xec,0xa0,0xec,0xa0,0xec,0xc0,0xec,0xc0,0xec,0xc0,0xec,0xc0,
    0xec,0xc0,0xec,0xc0,0xe4,0xa0,0xec,0xe0,0xec,0xc0,0xe4,0xc0,0xe4,0xc0,0xe4,0xc0,
    0xe4,0xc0,0xe4,0xc0,0xe4,0xc0,0xe4,0xe0,0xe4,0xe0,0xe4,0xe0,0xe4,0xe0,0xe4,0xe0,
    0xe4,0xe0,0xe4,0xe0,0xe4,0xe0,0xd4,0xa0,0xd3,0xc0,0xf4,0x80,0xec,0x60,0xec,0x60,
    0xec,0x60,0xec,0x60,0xec,0x60,0xec,0x60,0xec,0x80,0xec,0x80,0xec,0x80,0xec,0x80,
    0xec,0x80,0xec,0x80,0xec,0x60,0xfc,0xc0,0x41,0x40,0x00,0x00,0x00,0x00,0x00,0x00,
    0x00,0x00,0x00,0x00,0x00,0x00,0x00,0x00,0x00,0x00,0x00,0x00,0x00,0x00,0x00,0x00,
    0xa3,0x40,0xfc,0xe0,0xe4,0x80,0xec,0xa0,0xec,0xa0,0xec,0xa0,0xec,0xa0,0xec,0xa0,
    0xec,0xc0,0xec,0xc0,0xec,0xc0,0xec,0xc0,0xec,0xc0,0xec,0xc0,0xec,0xc0,0xe4,0xc0,
    0xec,0xc0,0xe4,0xc0,0xe4,0xc0,0xe4,0xc0,0xe4,0xc0,0xe4,0xc0,0xe4,0xc0,0xe4,0xe0,
    0xe4,0xe0,0xe4,0xe0,0xe4,0xe0,0xe4,0xe0,0xe4,0xe0,0xe4,0xe0,0xe4,0xe0,0xd4,0xa0,
    0xd3,0xc0,0xf4,0x80,0xec,0x60,0xec,0x60,0xec,0x60,0xec,0x60,0xec,0x60,0xec,0x60,
    0xec,0x80,0xec,0x80,0xec,0x80,0xec,0x80,0xec,0x80,0xec,0x80,0xec,0x60,0xfc,0xc0,
    0x41,0x40,0x00,0x00,0x00,0x00,0x00,0x00,0x00,0x00,0x00,0x00,0x00,0x00,0x00,0x00,
    0x00,0x00,0x00,0x00,0x00,0x00,0x00,0x00,0x18,0x80,0xdc,0x60,0xec,0xc0,0xe4,0xa0,
    0xec,0xa0,0xec,0xa0,0xec,0xa0,0xec,0xa0,0xec,0xc0,0xec,0xc0,0xec,0xc0,0xec,0xc0,
    0xec,0xc0,0xec,0xc0,0xec,0xc0,0xec,0xc0,0xec,0xc0,0xe4,0xc0,0xe4,0xc0,0xe4,0xc0,
    0xe4,0xc0,0xe4,0xc0,0xe4,0xc0,0xe4,0xe0,0xe4,0xe0,0xe4,0xe0,0xe4,0xe0,0xe4,0xe0,
    0xe4,0xe0,0xe4,0xe0,0xe4,0xe0,0xd4,0xa0,0xd3,0xc0,0xf4,0x80,0xec,0x60,0xec,0x60,
    0xec,0x60,0xec,0x60,0xec,0x60,0xec,0x60,0xec,0x80,0xec,0x80,0xec,0x80,0xec,0x80,
    0xec,0x80,0xec,0x80,0xec,0x60,0xfc,0xc0,0x41,0x40,0x00,0x00,0x00,0x00,0x00,0x00,
    0x00,0x00,0x00,0x00,0x00,0x00,0x00,0x00,0x00,0x00,0x00,0x00,0x00,0x00,0x00,0x00,
    0x00,0x00,0x51,0x80,0xfc,0xe0,0xe4,0xa0,0xec,0xa0,0xec,0xa0,0xec,0xa0,0xec,0xa0,
    0xec,0xc0,0xec,0xc0,0xec,0xc0,0xec,0xc0,0xec,0xc0,0xec,0xc0,0xec,0xc0,0xec,0xc0,
    0xec,0xc0,0xe4,0xc0,0xe4,0xc0,0xe4,0xc0,0xe4,0xc0,0xe4,0xc0,0xe4,0xc0,0xe4,0xe0,
    0xe4,0xe0,0xe4,0xe0,0xe4,0xe0,0xe4,0xe0,0xe4,0xe0,0xe4,0xe0,0xe4,0xe0,0xd4,0xa0,
    0xd3,0xc0,0xf4,0x80,0xec,0x60,0xec,0x60,0xec,0x60,0xec,0x60,0xec,0x60,0xec,0x60,
    0xec,0x80,0xec,0x80,0xec,0x80,0xec,0x80,0xec,0x80,0xec,0x80,0xec,0x60,0xfc,0xc0,
    0x41,0x40,0x00,0x00,0x00,0x00,0x00,0x00,0x00,0x00,0x00,0x00,0x00,0x00,0x00,0x00,
    0x00,0x00,0x00,0x00,0x00,0x00,0x00,0x00,0x00,0x00,0x00,0x00,0x93,0x00,0xfd,0x00,
    0xe4,0xa0,0xec,0xa0,0xec,0xa0,0xec,0xa0,0xec,0xc0,0xec,0xc0,0xec,0xc0,0xec,0xc0,
    0xec,0xc0,0xec,0xc0,0xec,0xc0,0xec,0xc0,0xec,0xc0,0xe4,0xc0,0xe4,0xc0,0xe4,0xc0,
    0xe4,0xc0,0xe4,0xc0,0xe4,0xc0,0xe4,0xe0,0xe4,0xe0,0xe4,0xe0,0xe4,0xe0,0xe4,0xe0,
    0xe4,0xe0,0xe4,0xe0,0xe4,0xe0,0xd4,0xa0,0xd3,0xc0,0xf4,0x80,0xec,0x60,0xec,0x60,
    0xec,0x60,0xec,0x60,0xec,0x60,0xec,0x60,0xec,0x80,0xec,0x80,0xec,0x80,0xec,0x80,
    0xec,0x80,0xec,0x80,0xec,0x60,0xfc,0xc0,0x41,0x40,0x00,0x00,0x00,0x00,0x00,0x00,
    0x00,0x00,0x00,0x00,0x00,0x00,0x00,0x00,0x00,0x00,0x00,0x00,0x00,0x00,0x00,0x00,
    0x00,0x00,0x00,0x00,0x10,0x40,0xd4,0x20,0xf4,0xc0,0xe4,0xa0,0xec,0xa0,0xec,0xa0,
    0xec,0xc0,0xec,0xc0,0xec,0xc0,0xec,0xc0,0xec,0xc0,0xec,0xc0,0xec,0xc0,0xec,0xc0,
    0xec,0xc0,0xe4,0xc0,0xe4,0xc0,0xe4,0xc0,0xe4,0xc0,0xe4,0xc0,0xe4,0xc0,0xe4,0xe0,
    0xe4,0xe0,0xe4,0xe0,0xe4,0xe0,0xe4,0xe0,0xe4,0xe0,0xe4,0xe0,0xe4,0xe0,0xd4,0xa0,
    0xd3,0xc0,0xf4,0x80,0xec,0x60,0xec,0x60,0xec,0x60,0xec,0x60,0xec,0x60,0xec,0x60,
    0xec,0x80,0xec,0x80,0xec,0x80,0xec,0x80,0xec,0x80,0xec,0x80,0xec,0x60,0xfc,0xc0,
    0x41,0x40,0x00,0x00,0x00,0x00,0x00,0x00,0x00,0x00,0x00,0x00,0x00,0x00,0x00,0x00,
    0x00,0x00,0x00,0x00,0x00,0x00,0x00,0x00,0x00,0x00,0x00,0x00,0x00,0x00,0x41,0x40,
    0xf4,0xe0,0xe4,0xa0,0xec,0xa0,0xec,0xa0,0xec,0xc0,0xec,0xc0,0xec,0xc0,0xec,0xc0,
    0xec,0xc0,0xec,0xc0,0xec,0xc0,0xec,0xc0,0xec,0xc0,0xe4,0xc0,0xe4,0xc0,0xe4,0xc0,
    0xe4,0xc0,0xe4,0xc0,0xe4,0xc0,0xe4,0xe0,0xe4,0xe0,0xe4,0xe0,0xe4,0xe0,0xe4,0xe0,
    0xe4,0xe0,0xe4,0xe0,0xe4,0xe0,0xd4,0xa0,0xd3,0xc0,0xf4,0x80,0xec,0x60,0xec,0x60,
    0xec,0x60,0xec,0x60,0xec,0x60,0xec,0x60,0xec,0x80,0xec,0x80,0xec,0x80,0xec,0x80,
    0xec,0x80,0xec,0x80,0xec,0x60,0xfc,0xc0,0x41,0x40,0x00,0x00,0x00,0x00,0x00,0x00,
    0x00,0x00,0x00,0x00,0x00,0x00,0x00,0x00,0x00,0x00,0x00,0x00,0x00,0x00,0x00,0x00,
    0x00,0x00,0x00,0x00,0x00,0x00,0x00,0x00,0x82,0xa0,0xfd,0x00,0xe4,0xa0,0xec,0xa0,
    0xec,0xc0,0xec,0xc0,0xec,0xc0,0xec,0xc0,0xec,0xc0,0xec,0xc0,0xec,0xc0,0xec,0xc0,
    0xec,0xc0,0xe4,0xc0,0xe4,0xc0,0xe4,0xc0,0xe4,0xc0,0xe4,0xc0,0xe4,0xc0,0xe4,0xe0,
    0xe4,0xe0,0xe4,0xe0,0xe4,0xe0,0xe4,0xe0,0xe4,0xe0,0xe4,0xe0,0xe4,0xe0,0xd4,0xa0,
    0xd3,0xc0,0xf4,0x80,0xec,0x60,0xec,0x60,0xec,0x60,0xec,0x60,0xec,0x60,0xec,0x60,
    0xec,0x80,0xec,0x80,0xec,0x80,0xec,0x80,0xec,0x80,0xec,0x80,0xec,0x60,0xfc,0xc0,
    0x41,0x40,0x00,0x00,0x00,0x00,0x00,0x00,0x00,0x00,0x00,0x00,0x00,0x00,0x00,0x00,
    0x00,0x00,0x00,0x00,0x00,0x00,0x00,0x00,0x00,0x00,0x00,0x00,0x00,0x00,0x00,0x00,
    0x08,0x20,0xc4,0x00,0xf4,0xe0,0xe4,0xa0,0xec,0xc0,0xec,0xc0,0xec,0xc0,0xec,0xc0,
    0xec,0xc0,0xec,0xc0,0xec,0xc0,0xec,0xc0,0xec,0xc0,0xe4,0xc0,0xe4,0xc0,0xe4,0xc0,
    0xe4,0xc0,0xe4,0xc0,0xe4,0xc0,0xe4,0xe0,0xe4,0xe0,0xe4,0xe0,0xe4,0xe0,0xe4,0xe0,
    0xe4,0xe0,0xe4,0xe0,0xe4,0xe0,0xd4,0xa0,0xd3,0xc0,0xf4,0x80,0xec,0x60,0xec,0x60,
    0xec,0x60,0xec,0x60,0xec,0x60,0xec,0x60,0xec,0x80,0xec,0x80,0xec,0x80,0xec,0x80,
    0xec,0x80,0xec,0x80,0xec,0x60,0xfc,0xc0,0x41,0x40,0x00,0x00,0x00,0x00,0x00,0x00,
    0x00,0x00,0x00,0x00,0x00,0x00,0x00,0x00,0x00,0x00,0x00,0x00,0x00,0x00,0x00,0x00,
    0x00,0x00,0x00,0x00,0x00,0x00,0x00,0x00,0x00,0x00,0x31,0x00,0xec,0xc0,0xec,0xa0,
    0xe4,0xa0,0xec,0xc0,0xec,0xc0,0xec,0xc0,0xec,0xc0,0xec,0xc0,0xec,0xc0,0xec,0xc0,
    0xec,0xc0,0xe4,0xc0,0xe4,0xc0,0xe4,0xc0,0xe4,0xc0,0xe4,0xc0,0xe4,0xc0,0xe4,0xe0,
    0xe4,0xe0,0xe4,0xe0,0xe4,0xe0,0xe4,0xe0,0xe4,0xe0,0xe4,0xe0,0xe4,0xe0,0xd4,0xa0,
    0xd3,0xc0,0xf4,0x80,0xec,0x60,0xec,0x60,0xec,0x60,0xec,0x60,0xec,0x60,0xec,0x60,
    0xec,0x80,0xec,0x80,0xec,0x80,0xec,0x80,0xec,0x80,0xec,0x80,0xec,0x60,0xfc,0xc0,
    0x41,0x40,0x00,0x00,0x00,0x00,0x00,0x00,0x00,0x00,0x00,0x00,0x00,0x00,0x00,0x00,
    0x00,0x00,0x00,0x00,0x00,0x00,0x00,0x00,0x00,0x00,0x00,0x00,0x00,0x00,0x00,0x00,
    0x00,0x00,0x00,0x00,0x72,0x40,0xfd,0x00,0xe4,0xa0,0xec,0xc0,0xec,0xc0,0xec,0xc0,
    0xec,0xc0,0xec,0xc0,0xec,0xc0,0xec,0xc0,0xec,0xc0,0xe4,0xc0,0xe4,0xc0,0xe4,0xc0,
    0xe4,0xc0,0xe4,0xc0,0xe4,0xc0,0xe4,0xe0,0xe4,0xe0,0xe4,0xe0,0xe4,0xe0,0xe4,0xe0,
    0xe4,0xe0,0xe4,0xe0,0xe4,0xe0,0xd4,0xa0,0xd3,0xc0,0xf4,0x80,0xec,0x60,0xec,0x60,
    0xec,0x60,0xec,0x60,0xec,0x60,0xec,0x60,0xec,0x80,0xec,0x80,0xec,0x80,0xec,0x80,
    0xec,0x80,0xec,0x80,0xec,0x60,0xfc,0xc0,0x41,0x40,0x00,0x00,0x00,0x00,0x00,0x00,
    0x00,0x00,0x00,0x00,0x00,0x00,0x00,0x00,0x00,0x00,0x00,0x00,0x00,0x00,0x00,0x00,
    0x00,0x00,0x00,0x00,0x00,0x00,0x00,0x00,0x00,0x00,0x00,0x00,0x00,0x00,0xb3,0xa0,
    0xf5,0x00,0xe4,0xa0,0xec,0xc0,0xec,0xc0,0xec,0xc0,0xec,0xc0,0xec,0xc0,0xec,0xc0,
    0xec,0xc0,0xe4,0xc0,0xe4,0xc0,0xe4,0xc0,0xe4,0xc0,0xe4,0xc0,0xe4,0xc0,0xe4,0xe0,
    0xe4,0xe0,0xe4,0xe0,0xe4,0xe0,0xe4,0xe0,0xe4,0xe0,0xe4,0xe0,0xe4,0xe0,0xd4,0xa0,
    0xd3,0xc0,0xf4,0x80,0xec,0x60,0xec,0x60,0xec,0x60,0xec,0x60,0xec,0x60,0xec,0x60,
    0xec,0x80,0xec,0x80,0xec,0x80,0xec,0x80,0xec,0x80,0xec,0x80,0xec,0x60,0xfc,0xc0,
    0x41,0x40,0x00,0x00,0x00,0x00,0x00,0x00,0x00,0x00,0x00,0x00,0x00,0x00,0x00,0x00,
    0x00,0x00,0x00,0x00,0x00,0x00,0x00,0x00,0x00,0x00,0x00,0x00,0x00,0x00,0x00,0x00,
    0x00,0x00,0x00,0x00,0x00,0x00,0x20,0xc0,0xe4,0xa0,0xec,0xc0,0xe4,0xa0,0xec,0xc0,
    0xec,0xc0,0xec,0xc0,0xec,0xc0,0xec,0xc0,0xec,0xc0,0xe4,0xc0,0xe4,0xc0,0xe4,0xc0,
    0xe4,0xc0,0xe4,0xc0,0xe4,0xc0,0xe4,0xe0,0xe4,0xe0,0xe4,0xe0,0xe4,0xe0,0xe4,0xe0,
    0xe4,0xe0,0xe4,0xe0,0xe4,0xe0,0xd4,0xa0,0xd3,0xc0,0xf4,0x80,0xec,0x60,0xec,0x60,
    0xec,0x60,0xec,0x60,0xec,0x60,0xec,0x60,0xec,0x80,0xec,0x80,0xec,0x80,0xec,0x80,
    0xec,0x80,0xec,0x80,0xec,0x60,0xfc,0xc0,0x41,0x40,0x00,0x00,0x00,0x00,0x00,0x00,
    0x00,0x00,0x00,0x00,0x00,0x00,0x00,0x00,0x00,0x00,0x00,0x00,0x00,0x00,0x00,0x00,
    0x00,0x00,0x00,0x00,0x00,0x00,0x00,0x00,0x00,0x00,0x00,0x00,0x00,0x00,0x00,0x00,
    0x62,0x00,0xfd,0x00,0xe4,0xa0,0xec,0xc0,0xec,0xc0,0xec,0xc0,0xec,0xc0,0xec,0xc0,
    0xec,0xc0,0xe4,0xc0,0xe4,0xc0,0xe4,0xc0,0xe4,0xc0,0xe4,0xc0,0xe4,0xc0,0xe4,0xe0,
    0xe4,0xe0,0xe4,0xe0,0xe4,0xe0,0xe4,0xe0,0xe4,0xe0,0xe4,0xe0,0xe4,0xe0,0xd4,0xa0,
    0xd3,0xc0,0xf4,0x80,0xec,0x60,0xec,0x60,0xec,0x60,0xec,0x60,0xec,0x60,0xec,0x60,
    0xec,0x80,0xec,0x80,0xec,0x80,0xec,0x80,0xec,0x80,0xec,0x80,0xec,0x60,0xfc,0xc0,
    0x41,0x40,0x00,0x00,0x00,0x00,0x00,0x00,0x00,0x00,0x00,0x00,0x00,0x00,0x00,0x00,
    0x00,0x00,0x00,0x00,0x00,0x00,0x00,0x00,0x00,0x00,0x00,0x00,0x00,0x00,0x00,0x00,
    0x00,0x00,0x00,0x00,0x00,0x00,0x00,0x00,0x00,0x00,0xa3,0x60,0xf5,0x00,0xe4,0xa0,
    0xec,0xc0,0xec,0xc0,0xec,0xc0,0xec,0xc0,0xec,0xc0,0xe4,0xc0,0xe4,0xc0,0xe4,0xc0,
    0xe4,0xc0,0xe4,0xc0,0xe4,0xc0,0xe4,0xe0,0xe4,0xe0,0xe4,0xe0,0xe4,0xe0,0xe4,0xe0,
    0xe4,0xe0,0xe4,0xe0,0xe4,0xe0,0xd4,0xa0,0xd3,0xc0,0xf4,0x80,0xec,0x60,0xec,0x60,
    0xec,0x60,0xec,0x60,0xec,0x60,0xec,0x60,0xec,0x80,0xec,0x80,0xec,0x80,0xec,0x80,
    0xec,0x80,0xec,0x80,0xec,0x60,0xfc,0xc0,0x41,0x40,0x00,0x00,0x00,0x00,0x00,0x00,
    0x00,0x00,0x00,0x00,0x00,0x00,0x00,0x00,0x00,0x00,0x00,0x00,0x00,0x00,0x00,0x00,
    0x00,0x00,0x00,0x00,0x00,0x00,0x00,0x00,0x00,0x00,0x00,0x00,0x00,0x00,0x00,0x00,
    0x00,0x00,0x18,0x80,0xdc,0x80,0xec,0xc0,0xe4,0xc0,0xec,0xc0,0xec,0xc0,0xec,0xc0,
    0xec,0xc0,0xe4,0xc0,0xe4,0xc0,0xe4,0xc0,0xe4,0xc0,0xe4,0xc0,0xe4,0xc0,0xe4,0xe0,
    0xe4,0xe0,0xe4,0xe0,0xe4,0xe0,0xe4,0xe0,0xe4,0xe0,0xe4,0xe0,0xe4,0xe0,0xd4,0xa0,
    0xd3,0xc0,0xf4,0x80,0xec,0x60,0xec,0x60,0xec,0x60,0xec,0x60,0xec,0x60,0xec,0x60,
    0xec,0x80,0xec,0x80,0xec,0x80,0xec,0x80,0xec,0x80,0xec,0x80,0xec,0x60,0xfc,0xc0,
    0x41,0x40,0x00,0x00,0x00,0x00,0x00,0x00,0x00,0x00,0x00,0x00,0x00,0x00,0x00,0x00,
    0x00,0x00,0x00,0x00,0x00,0x00,0x00,0x00,0x00,0x00,0x00,0x00,0x00,0x00,0x00,0x00,
    0x00,0x00,0x00,0x00,0x00,0x00,0x00,0x00,0x00,0x00,0x00,0x00,0x51,0xa0,0xf5,0x00,
    0xe4,0xa0,0xec,0xc0,0xec,0xc0,0xec,0xc0,0xec,0xc0,0xe4,0xc0,0xe4,0xc0,0xe4,0xc0,
    0xe4,0xc0,0xe4,0xc0,0xe4,0xc0,0xe4,0xe0,0xe4,0xe0,0xe4,0xe0,0xe4,0xe0,0xe4,0xe0,
    0xe4,0xe0,0xe4,0xe0,0xe4,0xe0,0xd4,0xa0,0xd3,0xc0,0xf4,0x80,0xec,0x60,0xec,0x60,
    0xec,0x60,0xec,0x60,0xec,0x60,0xec,0x60,0xec,0x80,0xec,0x80,0xec,0x80,0xec,0x80,
    0xec,0x80,0xec,0x80,0xec,0x60,0xfc,0xc0,0x41,0x40,0x00,0x00,0x00,0x00,0x00,0x00,
    0x00,0x00,0x00,0x00,0x00,0x00,0x00,0x00,0x00,0x00,0x00,0x00,0x00,0x00,0x00,0x00,
    0x00,0x00,0x00,0x00,0x00,0x00,0x00,0x00,0x00,0x00,0x00,0x00,0x00,0x00,0x00,0x00,
    0x00,0x00,0x00,0x00,0x00,0x00,0x93,0x00,0xfd,0x00,0xe4,0xa0,0xec,0xc0,0xec,0xc0,
    0xec,0xc0,0xe4,0xc0,0xe4,0xc0,0xe4,0xc0,0xe4,0xc0,0xe4,0xc0,0xe4,0xc0,0xe4,0xe0,
    0xe4,0xe0,0xe4,0xe0,0xe4,0xe0,0xe4,0xe0,0xe4,0xe0,0xe4,0xe0,0xe4,0xe0,0xd4,0xa0,
    0xd3,0xc0,0xf4,0x80,0xec,0x60,0xec,0x60,0xec,0x60,0xec,0x60,0xec,0x60,0xec,0x60,
    0xec,0x80,0xec,0x80,0xec,0x80,0xec,0x80,0xec,0x80,0xec,0x80,0xec,0x60,0xfc,0xc0,
    0x41,0x40,0x00,0x00,0x00,0x00,0x00,0x00,0x00,0x00,0x00,0x00,0x00,0x00,0x00,0x00,
    0x00,0x00,0x00,0x00,0x00,0x00,0x00,0x00,0x00,0x00,0x00,0x00,0x00,0x00,0x00,0x00,
    0x00,0x00,0x00,0x00,0x00,0x00,0x00,0x00,0x00,0x00,0x00,0x00,0x00,0x00,0x10,0x40,
    0xd4,0x40,0xec,0xe0,0xe4,0xc0,0xec,0xc0,0xec,0xc0,0xe4,0xc0,0xe4,0xc0,0xe4,0xc0,
    0xe4,0xc0,0xe4,0xc0,0xe4,0xc0,0xe4,0xe0,0xe4,0xe0,0xe4,0xe0,0xe4,0xe0,0xe4,0xe0,
    0xe4,0xe0,0xe4,0xe0,0xe4,0xe0,0xd4,0xa0,0xd3,0xc0,0xf4,0x80,0xec,0x60,0xec,0x60,
    0xec,0x60,0xec,0x60,0xec,0x60,0xec,0x60,0xec,0x80,0xec,0x80,0xec,0x80,0xec,0x80,
    0xec,0x80,0xec,0x80,0xec,0x60,0xfc,0xc0,0x41,0x40,0x00,0x00,0x00,0x00,0x00,0x00,
    0x00,0x00,0x00,0x00,0x00,0x00,0x00,0x00,0x00,0x00,0x00,0x00,0x00,0x00,0x00,0x00,
    0x00,0x00,0x00,0x00,0x00,0x00,0x00,0x00,0x00,0x00,0x00,0x00,0x00,0x00,0x00,0x00,
    0x00,0x00,0x00,0x00,0x00,0x00,0x00,0x00,0x41,0x60,0xf5,0x00,0xe4,0xc0,0xec,0xc0,
    0xec,0xc0,0xe4,0xc0,0xe4,0xc0,0xe4,0xc0,0xe4,0xc0,0xe4,0xc0,0xe4,0xc0,0xe4,0xe0,
    0xe4,0xe0,0xe4,0xe0,0xe4,0xe0,0xe4,0xe0,0xe4,0xe0,0xe4,0xe0,0xe4,0xe0,0xd4,0xa0,
    0xd3,0xc0,0xf4,0x80,0xec,0x60,0xec,0x60,0xec,0x60,0xec,0x60,0xec,0x60,0xec,0x60,
    0xec,0x80,0xec,0x80,0xec,0x80,0xec,0x80,0xec,0x80,0xec,0x80,0xec,0x60,0xfc,0xc0,
    0x41,0x40,0x00,0x00,0x00,0x00,0x00,0x00,0x00,0x00,0x00,0x00,0x00,0x00,0x00,0x00,
    0x00,0x00,0x00,0x00,0x00,0x00,0x00,0x00,0x00,0x00,0x00,0x00,0x00,0x00,0x00,0x00,
    0x00,0x00,0x00,0x00,0x00,0x00,0x00,0x00,0x00,0x00,0x00,0x00,0x00,0x00,0x00,0x00,
    0x00,0x00,0x82,0xc0,0xfd,0x20,0xe4,0xa0,0xec,0xc0,0xe4,0xc0,0xe4,0xc0,0xe4,0xc0,
    0xe4,0xc0,0xe4,0xc0,0xe4,0xc0,0xe4,0xe0,0xe4,0xe0,0xe4,0xe0,0xe4,0xe0,0xe4,0xe0,
    0xe4,0xe0,0xe4,0xe0,0xe4,0xe0,0xd4,0xa0,0xd3,0xc0,0xf4,0x80,0xec,0x60,0xec,0x60,
    0xec,0x60,0xec,0x60,0xec,0x60,0xec,0x60,0xec,0x80,0xec,0x80,0xec,0x80,0xec,0x80,
    0xec,0x80,0xec,0x80,0xec,0x60,0xfc,0xc0,0x41,0x40,0x00,0x00,0x00,0x00,0x00,0x00,
    0x00,0x00,0x00,0x00,0x00,0x00,0x00,0x00,0x00,0x00,0x00,0x00,0x00,0x00,0x00,0x00,
    0x00,0x00,0x00,0x00,0x00,0x00,0x00,0x00,0x00,0x00,0x00,0x00,0x00,0x00,0x00,0x00,
    0x00,0x00,0x00,0x00,0x00,0x00,0x00,0x00,0x00,0x00,0x08,0x20,0xc4,0x00,0xf5,0x00,
    0xe4,0xc0,0xe4,0xc0,0xe4,0xc0,0xe4,0xc0,0xe4,0xc0,0xe4,0xc0,0xe4,0xc0,0xe4,0xe0,
    0xe4,0xe0,0xe4,0xe0,0xe4,0xe0,0xe4,0xe0,0xe4,0xe0,0xe4,0xe0,0xe4,0xe0,0xd4,0xa0,
    0xd3,0xc0,0xf4,0x80,0xec,0x60,0xec,0x60,0xec,0x60,0xec,0x60,0xec,0x60,0xec,0x60,
    0xec,0x80,0xec,0x80,0xec,0x80,0xec,0x80,0xec,0x80,0xec,0x80,0xec,0x60,0xfc,0xc0,
    0x41,0x40,0x00,0x00,0x00,0x00,0x00,0x00,0x00,0x00,0x00,0x00,0x00,0x00,0x00,0x00,
    0x00,0x00,0x00,0x00,0x00,0x00,0x00,0x00,0x00,0x00,0x00,0x00,0x00,0x00,0x00,0x00,
    0x00,0x00,0x00,0x00,0x00,0x00,0x00,0x00,0x00,0x00,0x00,0x00,0x00,0x00,0x00,0x00,
    0x00,0x00,0x00,0x00,0x31,0x00,0xec,0xe0,0xe4,0xc0,0xe4,0xc0,0xe4,0xc0,0xe4,0xc0,
    0xe4,0xc0,0xe4,0xc0,0xe4,0xc0,0xe4,0xe0,0xe4,0xe0,0xe4,0xe0,0xe4,0xe0,0xe4,0xe0,
    0xe4,0xe0,0xe4,0xe0,0xe4,0xe0,0xd4,0xa0,0xcb,0xc0,0xf4,0x60,0xec,0x60,0xec,0x60,
    0xec,0x60,0xec,0x60,0xec,0x60,0xec,0x60,0xec,0x60,0xec,0x60,0xec,0x60,0xec,0x60,
    0xec,0x60,0xec,0x60,0xec,0x60,0xf4,0xc0,0x41,0x40,0x00,0x00,0x00,0x00,0x00,0x00,
    0x00,0x00,0x00,0x00,0x00,0x00,0x00,0x00,0x00,0x00,0x00,0x00,0x00,0x00,0x00,0x00,
    0x00,0x00,0x00,0x00,0x00,0x00,0x00,0x00,0x00,0x00,0x00,0x00,0x00,0x00,0x00,0x00,
    0x00,0x00,0x00,0x00,0x00,0x00,0x00,0x00,0x00,0x00,0x00,0x00,0x00,0x00,0x72,0x60,
    0xfd,0x20,0xe4,0xa0,0xe4,0xc0,0xe4,0xc0,0xe4,0xc0,0xe4,0xc0,0xe4,0xc0,0xe4,0xc0,
    0xe4,0xc0,0xe4,0xc0,0xe4,0xc0,0xe4,0xc0,0xe4,0xc0,0xe4,0xe0,0xe4,0xe0,0xd4,0xa0,
    0xd3,0xe0,0xfc,0xa0,0xf4,0x80,0xf4,0x80,0xf4,0x80,0xf4,0x80,0xf4,0x80,0xf4,0x80,
    0xf4,0xa0,0xf4,0xa0,0xf4,0xa0,0xf4,0xa0,0xf4,0xa0,0xf4,0xa0,0xf4,0xa0,0xfc,0xe0,
    0x41,0x60,0x00,0x00,0x00,0x00,0x00,0x00,0x00,0x00,0x00,0x00,0x00,0x00,0x00,0x00,
    0x00,0x00,0x00,0x00,0x00,0x00,0x00,0x00,0x00,0x00,0x00,0x00,0x00,0x00,0x00,0x00,
    0x00,0x00,0x00,0x00,0x00,0x00,0x00,0x00,0x00,0x00,0x00,0x00,0x00,0x00,0x00,0x00,
    0x00,0x00,0x00,0x00,0x00,0x00,0x00,0x00,0xb3,0xc0,0xf5,0x20,0xec,0xe0,0xec,0xe0,
    0xec,0xe0,0xec,0xe0,0xec,0xe0,0xed,0x00,0xed,0x00,0xed,0x00,0xed,0x00,0xed,0x00,
    0xed,0x00,0xed,0x00,0xed,0x00,0xdc,0xc0,0xb3,0x40,0xd3,0xe0,0xcb,0xc0,0xcb,0xc0,
    0xcb,0xc0,0xcb,0xc0,0xcb,0xc0,0xcb,0xc0,0xcb,0xc0,0xcb,0xc0,0xcb,0xc0,0xcb,0xe0,
    0xcb,0xe0,0xcb,0xe0,0xcb,0xc0,0xd4,0x00,0x39,0x20,0x00,0x00,0x00,0x00,0x00,0x00,
    0x00,0x00,0x00,0x00,0x00,0x00,0x00,0x00,0x00,0x00,0x00,0x00,0x00,0x00,0x00,0x00,
    0x00,0x00,0x00,0x00,0x00,0x00,0x00,0x00,0x00,0x00,0x00,0x00,0x00,0x00,0x00,0x00,
    0x00,0x00,0x00,0x00,0x00,0x00,0x00,0x00,0x00,0x00,0x00,0x00,0x00,0x00,0x00,0x00,
    0x28,0xe0,0xcc,0x20,0xc4,0x20,0xc4,0x20,0xc4,0x20,0xc4,0x20,0xc4,0x20,0xc4,0x20,
    0xc4,0x20,0xc4,0x20,0xc4,0x20,0xc4,0x20,0xc4,0x20,0xc4,0x20,0xc4,0x40,0xbc,0x00,
};
const lv_img_dsc_t img_genex_2 = {
    .header.cf = LV_IMG_CF_TRUE_COLOR,
    .header.always_zero = 0,
    .header.reserved = 0,
    .header.w = 60,
    .header.h = 68,
    .data_size = 8160,
    .data = img_genex_2_map,
};

static const uint8_t img_genex_3_map[] = {
    0xab,0xc0,0xc4,0x40,0xbc,0x20,0xbc,0x20,0xbc,0x40,0xbc,0x40,0xbc,0x40,0xbc,0x40,
    0xbc,0x40,0xbc,0x40,0xbc,0x40,0xbc,0x40,0xbc,0x40,0xbc,0x40,0xbc,0x40,0xbc,0x40,
    0xbc,0x60,0xbc,0x60,0xbc,0x60,0xbc,0x60,0xbc,0x60,0xbc,0x60,0xbc,0x60,0xbc,0x60,
    0xbc,0x60,0xbc,0x60,0xbc,0x60,0xbc,0x80,0xbc,0x80,0xbc,0x80,0xbc,0x80,0xbc,0x80,
    0xbc,0x80,0xbc,0x80,0xbc,0x80,0xbc,0x80,0xbc,0x80,0xbc,0x80,0xbc,0x80,0xbc,0x80,
    0xbc,0x80,0xbc,0xa0,0xbc,0xa0,0xbc,0xa0,0xbc,0xa0,0xc4,0xa0,0xb4,0x80,0x18,0xa0,
    0xd4,0xa0,0xf5,0x40,0xed,0x20,0xed,0x40,0xed,0x40,0xed,0x40,0xed,0x40,0xed,0x40,
    0xed,0x40,0xed,0x40,0xed,0x40,0xed,0x60,0xed,0x60,0xed,0x60,0xed,0x60,0xed,0x60,
    0xed,0x60,0xed,0x60,0xed,0x60,0xed,0x60,0xed,0x80,0xed,0x80,0xed,0x80,0xed,0x80,
    0xed,0x80,0xed,0x80,0xed,0x80,0xed,0x80,0xed,0x80,0xed,0xa0,0xed,0xa0,0xed,0xa0,
    0xed,0xa0,0xed,0xa0,0xed,0xa0,0xed,0xa0,0xed,0xa0,0xed,0xa0,0xed,0xa0,0xed,0xc0,
    0xed,0xc0,0xed,0xc0,0xed,0xc0,0xed,0xc0,0xed,0xc0,0xf6,0x00,0xd5,0x20,0x08,0x40,
    0xcc,0x80,0xe5,0x20,0xe5,0x00,0xe5,0x00,0xe5,0x00,0xe5,0x00,0xe5,0x20,0xe5,0x20,
    0xe5,0x20,0xe5,0x20,0xe5,0x20,0xe5,0x20,0xe5,0x20,0xe5,0x20,0xe5,0x20,0xe5,0x20,
    0xe5,0x40,0xe5,0x40,0xe5,0x40,0xe5,0x40,0xe5,0x40,0xe5,0x40,0xe5,0x40,0xe5,0x40,
    0xe5,0x40,0xe5,0x60,0xe5,0x60,0xe5,0x60,0xe5,0x60,0xe5,0x60,0xe5,0x60,0xe5,0x60,
    0xe5,0x60,0xe5,0x60,0xe5,0x80,0xe5,0x80,0xe5,0x80,0xe5,0x80,0xe5,0x80,0xe5,0x80,
    0xe5,0x80,0xe5,0x80,0xe5,0x80,0xe5,0xa0,0xe5,0x80,0xed,0xe0,0xac,0x60,0x00,0x00,
    0xcc,0x80,0xed,0x20,0xe5,0x00,0xe5,0x00,0xe5,0x20,0xe5,0x20,0xe5,0x20,0xe5,0x20,
    0xe5,0x20,0xe5,0x20,0xe5,0x20,0xe5,0x20,0xe5,0x20,0xe5,0x40,0xe5,0x40,0xe5,0x40,
    0xe5,0x40,0xe5,0x40,0xe5,0x40,0xe5,0x40,0xe5,0x40,0xe5,0x40,0xe5,0x60,0xe5,0x60,
    0xe5,0x60,0xe5,0x60,0xe5,0x60,0xe5,0x60,0xe5,0x60,0xe5,0x60,0xe5,0x60,0xe5,0x60,
    0xe5,0x80,0xe5,0x80,0xe5,0x80,0xe5,0x80,0xe5,0x80,0xe5,0x80,0xe5,0x80,0xe5,0x80,
    0xe5,0x80,0xe5,0xa0,0xe5,0xa0,0xe5,0xa0,0xe5,0x80,0xf6,0x00,0x93,0xa0,0x00,0x00,
    0xcc,0x80,0xed,0x20,0xe5,0x00,0xe5,0x00,0xe5,0x20,0xe5,0x20,0xe5,0x20,0xe5,0x20,
    0xe5,0x20,0xe5,0x20,0xe5,0x20,0xe5,0x20,0xe5,0x20,0xe5,0x40,0xe5,0x40,0xe5,0x40,
    0xe5,0x40,0xe5,0x40,0xe5,0x40,0xe5,0x40,0xe5,0x40,0xe5,0x40,0xe5,0x60,0xe5,0x60,
    0xe5,0x60,0xe5,0x60,0xe5,0x60,0xe5,0x60,0xe5,0x60,0xe5,0x60,0xe5,0x60,0xe5,0x60,
    0xe5,0x80,0xe5,0x80,0xe5,0x80,0xe5,0x80,0xe5,0x80,0xe5,0x80,0xe5,0x80,0xe5,0x80,
    0xe5,0x80,0xe5,0xa0,0xe5,0xa0,0xe5,0xa0,0xe5,0x80,0xf6,0x00,0x72,0xe0,0x00,0x00,
    0xcc,0x80,0xed,0x20,0xe5,0x00,0xe5,0x00,0xe5,0x20,0xe5,0x20,0xe5,0x20,0xe5,0x20,
    0xe5,0x20,0xe5,0x20,0xe5,0x20,0xe5,0x20,0xe5,0x20,0xe5,0x40,0xe5,0x40,0xe5,0x40,
    0xe5,0x40,0xe5,0x40,0xe5,0x40,0xe5,0x40,0xe5,0x40,0xe5,0x40,0xe5,0x60,0xe5,0x60,
    0xe5,0x60,0xe5,0x60,0xe5,0x60,0xe5,0x60,0xe5,0x60,0xe5,0x60,0xe5,0x60,0xe5,0x60,
    0xe5,0x80,0xe5,0x80,0xe5,0x80,0xe5,0x80,0xe5,0x80,0xe5,0x80,0xe5,0x80,0xe5,0x80,
    0xe5,0x80,0xe5,0xa0,0xe5,0xa0,0xe5,0xa0,0xe5,0x80,0xf6,0x00,0x52,0x00,0x00,0x00,
    0xcc,0x80,0xed,0x20,0xe5,0x00,0xe5,0x00,0xe5,0x20,0xe5,0x20,0xe5,0x20,0xe5,0x20,
    0xe5,0x20,0xe5,0x20,0xe5,0x20,0xe5,0x20,0xe5,0x20,0xe5,0x40,0xe5,0x40,0xe5,0x40,
    0xe5,0x40,0xe5,0x40,0xe5,0x40,0xe5,0x40,0xe5,0x40,0xe5,0x40,0xe5,0x60,0xe5,0x60,
    0xe5,0x60,0xe5,0x60,0xe5,0x60,0xe5,0x60,0xe5,0x60,0xe5,0x60,0xe5,0x60,0xe5,0x60,
    0xe5,0x80,0xe5,0x80,0xe5,0x80,0xe5,0x80,0xe5,0x80,0xe5,0x80,0xe5,0x80,0xe5,0x80,
    0xe5,0x80,0xe5,0xa0,0xe5,0xa0,0xe5,0xa0,0xe5,0x80,0xed,0xe0,0x31,0x40,0x00,0x00,
    0xcc,0x80,0xed,0x20,0xe5,0x00,0xe5,0x00,0xe5,0x20,0xe5,0x20,0xe5,0x20,0xe5,0x20,
    0xe5,0x20,0xe5,0x20,0xe5,0x20,0xe5,0x20,0xe5,0x20,0xe5,0x40,0xe5,0x40,0xe5,0x40,
    0xe5,0x40,0xe5,0x40,0xe5,0x40,0xe5,0x40,0xe5,0x40,0xe5,0x40,0xe5,0x60,0xe5,0x60,
    0xe5,0x60,0xe5,0x60,0xe5,0x60,0xe5,0x60,0xe5,0x60,0xe5,0x60,0xe5,0x60,0xe5,0x60,
    0xe5,0x80,0xe5,0x80,0xe5,0x80,0xe5,0x80,0xe5,0x80,0xe5,0x80,0xe5,0x80,0xe5,0x80,
    0xe5,0x80,0xe5,0xa0,0xe5,0xa0,0xe5,0x80,0xe5,0xa0,0xdd,0x80,0x18,0xa0,0x00,0x00,
    0xcc,0x80,0xed,0x20,0xe5,0x00,0xe5,0x00,0xe5,0x20,0xe5,0x20,0xe5,0x20,0xe5,0x20,
    0xe5,0x20,0xe5,0x20,0xe5,0x20,0xe5,0x20,0xe5,0x20,0xe5,0x40,0xe5,0x40,0xe5,0x40,
    0xe5,0x40,0xe5,0x40,0xe5,0x40,0xe5,0x40,0xe5,0x40,0xe5,0x40,0xe5,0x60,0xe5,0x60,
    0xe5,0x60,0xe5,0x60,0xe5,0x60,0xe5,0x60,0xe5,0x60,0xe5,0x60,0xe5,0x60,0xe5,0x60,
    0xe5,0x80,0xe5,0x80,0xe5,0x80,0xe5,0x80,0xe5,0x80,0xe5,0x80,0xe5,0x80,0xe5,0x80,
    0xe5,0x80,0xe5,0xa0,0xe5,0xa0,0xe5,0xa0,0xed,0xc0,0xcd,0x00,0x00,0x20,0x00,0x00,
    0xcc,0x80,0xed,0x20,0xe5,0x00,0xe5,0x00,0xe5,0x20,0xe5,0x20,0xe5,0x20,0xe5,0x20,
    0xe5,0x20,0xe5,0x20,0xe5,0x20,0xe5,0x20,0xe5,0x20,0xe5,0x40,0xe5,0x40,0xe5,0x40,
    0xe5,0x40,0xe5,0x40,0xe5,0x40,0xe5,0x40,0xe5,0x40,0xe5,0x40,0xe5,0x60,0xe5,0x60,
    0xe5,0x60,0xe5,0x60,0xe5,0x60,0xe5,0x60,0xe5,0x60,0xe5,0x60,0xe5,0x60,0xe5,0x60,
    0xe5,0x80,0xe5,0x80,0xe5,0x80,0xe5,0x80,0xe5,0x80,0xe5,0x80,0xe5,0x80,0xe5,0x80,
    0xe5,0x80,0xe5,0xa0,0xe5,0xa0,0xe5,0x80,0xf5,0xe0,0xac,0x40,0x00,0x00,0x00,0x00,
    0xcc,0x80,0xed,0x20,0xe5,0x00,0xe5,0x00,0xe5,0x20,0xe5,0x20,0xe5,0x20,0xe5,0x20,
    0xe5,0x20,0xe5,0x20,0xe5,0x20,0xe5,0x20,0xe5,0x20,0xe5,0x40,0xe5,0x40,0xe5,0x40,
    0xe5,0x40,0xe5,0x20,0xe5,0x20,0xe5,0x20,0xe5,0x20,0xe5,0x20,0xe5,0x40,0xe5,0x40,
    0xe5,0x40,0xe5,0x40,0xe5,0x40,0xe5,0x40,0xe5,0x40,0xe5,0x40,0xe5,0x40,0xe5,0x40,
    0xe5,0x60,0xe5,0x60,0xe5,0x60,0xe5,0x60,0xe5,0x60,0xe5,0x60,0xe5,0x60,0xe5,0x60,
    0xe5,0x60,0xe5,0x80,0xe5,0x80,0xdd,0x60,0xed,0xe0,0x8b,0x80,0x00,0x00,0x00,0x00,
    0xcc,0x80,0xed,0x20,0xe5,0x00,0xe5,0x00,0xe5,0x20,0xe5,0x20,0xe5,0x20,0xe5,0x20,
    0xe5,0x20,0xe5,0x20,0xe5,0x20,0xe5,0x20,0xe5,0x20,0xe5,0x40,0xe5,0x40,0xe5,0x40,
    0xe5,0x40,0xf5,0xa0,0xf5,0xa0,0xf5,0xa0,0xf5,0xa0,0xf5,0xa0,0xf5,0xa0,0xf5,0xa0,
    0xf5,0xa0,0xf5,0xc0,0xf5,0xc0,0xf5,0xc0,0xf5,0xc0,0xf5,0xc0,0xf5,0xc0,0xf5,0xc0,
    0xf5,0xe0,0xf5,0xe0,0xf5,0xe0,0xf5,0xe0,0xf5,0xe0,0xf5,0xe0,0xf5,0xe0,0xf5,0xe0,
    0xf5,0xe0,0xf6,0x00,0xf6,0x00,0xf5,0xe0,0xfe,0x60,0x72,0xe0,0x00,0x00,0x00,0x00,
    0xcc,0x80,0xed,0x20,0xe5,0x00,0xe5,0x00,0xe5,0x20,0xe5,0x20,0xe5,0x20,0xe5,0x20,
    0xe5,0x20,0xe5,0x20,0xe5,0x20,0xe5,0x20,0xe5,0x20,0xe5,0x40,0xe5,0x40,0xe5,0x40,
    0xdd,0x00,0x93,0x60,0x93,0x40,0x93,0x40,0x93,0x60,0x93,0x60,0x93,0x60,0x93,0x60,
    0x93,0x60,0x93,0x60,0x93,0x60,0x93,0x60,0x93,0x60,0x93,0x60,0x93,0x60,0x93,0x60,
    0x93,0x60,0x93,0x60,0x93,0x60,0x93,0x60,0x93,0x80,0x93,0x80,0x93,0x80,0x93,0x80,
    0x93,0x80,0x93,0x80,0x93,0x80,0x8b,0x80,0x9b,0xc0,0x31,0x40,0x00,0x00,0x00,0x00,
    0xcc,0x80,0xed,0x20,0xe5,0x00,0xe5,0x00,0xe5,0x20,0xe5,0x20,0xe5,0x20,0xe5,0x20,
    0xe5,0x20,0xe5,0x20,0xe5,0x20,0xe5,0x20,0xe5,0x20,0xe5,0x40,0xe5,0x20,0xed,0x60,
    0xcc,0xc0,0x00,0x00,0x00,0x00,0x00,0x00,0x00,0x00,0x00,0x00,0x00,0x00,0x00,0x00,
    0x00,0x00,0x00,0x00,0x00,0x00,0x00,0x00,0x00,0x00,0x00,0x00,0x00,0x00,0x00,0x00,
    0x00,0x00,0x00,0x00,0x00,0x00,0x00,0x00,0x00,0x00,0x00,0x00,0x00,0x00,0x00,0x00,
    0x00,0x00,0x00,0x00,0x00,0x00,0x00,0x00,0x00,0x00,0x00,0x00,0x00,0x00,0x00,0x00,
    0xcc,0x80,0xed,0x20,0xe5,0x00,0xe5,0x00,0xe5,0x20,0xe5,0x20,0xe5,0x20,0xe5,0x20,
    0xe5,0x20,0xe5,0x20,0xe5,0x20,0xe5,0x20,0xe5,0x20,0xe5,0x40,0xe5,0x20,0xed,0x60,
    0xcc,0xc0,0x08,0x40,0x00,0x00,0x00,0x00,0x00,0x00,0x00,0x00,0x00,0x00,0x00,0x00,
    0x00,0x00,0x00,0x00,0x00,0x00,0x00,0x00,0x00,0x00,0x00,0x00,0x00,0x00,0x00,0x00,
    0x00,0x00,0x00,0x00,0x00,0x00,0x00,0x00,0x00,0x00,0x00,0x00,0x00,0x00,0x00,0x00,
    0x00,0x00,0x00,0x00,0x00,0x00,0x00,0x00,0x00,0x00,0x00,0x00,0x00,0x00,0x00,0x00,
    0xcc,0x80,0xed,0x20,0xe5,0x00,0xe5,0x00,0xe5,0x20,0xe5,0x20,0xe5,0x20,0xe5,0x20,
    0xe5,0x20,0xe5,0x20,0xe5,0x20,0xe5,0x20,0xe5,0x20,0xe5,0x40,0xe5,0x20,0xed,0x60,
    0xcc,0xc0,0x08,0x20,0x00,0x00,0x00,0x00,0x00,0x00,0x00,0x00,0x00,0x00,0x00,0x00,
    0x00,0x00,0x00,0x00,0x00,0x00,0x00,0x00,0x00,0x00,0x00,0x00,0x00,0x00,0x00,0x00,
    0x00,0x00,0x00,0x00,0x00,0x00,0x00,0x00,0x00,0x00,0x00,0x00,0x00,0x00,0x00,0x00,
    0x00,0x00,0x00,0x00,0x00,0x00,0x00,0x00,0x00,0x00,0x00,0x00,0x00,0x00,0x00,0x00,
    0xcc,0x80,0xed,0x20,0xe5,0x00,0xe5,0x00,0xe5,0x20,0xe5,0x20,0xe5,0x20,0xe5,0x20,
    0xe5,0x20,0xe5,0x20,0xe5,0x20,0xe5,0x20,0xe5,0x20,0xe5,0x40,0xe5,0x20,0xed,0x60,
    0xcc,0xc0,0x08,0x20,0x00,0x00,0x00,0x00,0x00,0x00,0x00,0x00,0x00,0x00,0x00,0x00,
    0x00,0x00,0x00,0x00,0x00,0x00,0x00,0x00,0x00,0x00,0x00,0x00,0x00,0x00,0x00,0x00,
    0x00,0x00,0x00,0x00,0x00,0x00,0x00,0x00,0x00,0x00,0x00,0x00,0x00,0x00,0x00,0x00,
    0x00,0x00,0x00,0x00,0x00,0x00,0x00,0x00,0x00,0x00,0x00,0x00,0x00,0x00,0x00,0x00,
    0xcc,0x80,0xed,0x20,0xe5,0x00,0xe5,0x00,0xe5,0x20,0xe5,0x20,0xe5,0x20,0xe5,0x20,
    0xe5,0x20,0xe5,0x20,0xe5,0x20,0xe5,0x20,0xe5,0x20,0xe5,0x40,0xe5,0x20,0xed,0x60,
    0xcc,0xc0,0x08,0x20,0x00,0x00,0x00,0x00,0x00,0x00,0x00,0x00,0x00,0x00,0x00,0x00,
    0x00,0x00,0x00,0x00,0x00,0x00,0x00,0x00,0x00,0x00,0x00,0x00,0x00,0x00,0x00,0x00,
    0x00,0x00,0x00,0x00,0x00,0x00,0x00,0x00,0x00,0x00,0x00,0x00,0x00,0x00,0x00,0x00,
    0x00,0x00,0x00,0x00,0x00,0x00,0x00,0x00,0x00,0x00,0x00,0x00,0x00,0x00,0x00,0x00,
    0xcc,0x80,0xed,0x20,0xe5,0x00,0xe5,0x00,0xe5,0x20,0xe5,0x20,0xe5,0x20,0xe5,0x20,
    0xe5,0x20,0xe5,0x20,0xe5,0x20,0xe5,0x20,0xe5,0x20,0xe5,0x40,0xe5,0x20,0xed,0x60,
    0xcc,0xc0,0x08,0x20,0x00,0x00,0x00,0x00,0x00,0x00,0x00,0x00,0x00,0x00,0x00,0x00,
    0x00,0x00,0x00,0x00,0x00,0x00,0x00,0x00,0x00,0x00,0x00,0x00,0x00,0x00,0x00,0x00,
    0x00,0x00,0x00,0x00,0x00,0x00,0x00,0x00,0x00,0x00,0x00,0x00,0x00,0x00,0x00,0x00,
    0x00,0x00,0x00,0x00,0x00,0x00,0x00,0x00,0x00,0x00,0x00,0x00,0x00,0x00,0x00,0x00,
    0xcc,0x80,0xed,0x20,0xe5,0x00,0xe5,0x00,0xe5,0x20,0xe5,0x20,0xe5,0x20,0xe5,0x20,
    0xe5,0x20,0xe5,0x20,0xe5,0x20,0xe5,0x20,0xe5,0x20,0xe5,0x40,0xe5,0x20,0xed,0x60,
    0xcc,0xc0,0x08,0x20,0x00,0x00,0x00,0x00,0x00,0x00,0x00,0x00,0x00,0x00,0x00,0x00,
    0x00,0x00,0x00,0x00,0x00,0x00,0x00,0x00,0x00,0x00,0x00,0x00,0x00,0x00,0x00,0x00,
    0x00,0x00,0x00,0x00,0x00,0x00,0x00,0x00,0x00,0x00,0x00,0x00,0x00,0x00,0x00,0x00,
    0x00,0x00,0x00,0x00,0x00,0x00,0x00,0x00,0x00,0x00,0x00,0x00,0x00,0x00,0x00,0x00,
    0xcc,0x80,0xed,0x20,0xe5,0x00,0xe5,0x00,0xe5,0x20,0xe5,0x20,0xe5,0x20,0xe5,0x20,
    0xe5,0x20,0xe5,0x20,0xe5,0x20,0xe5,0x20,0xe5,0x20,0xe5,0x40,0xe5,0x20,0xed,0x60,
    0xcc,0xc0,0x08,0x20,0x00,0x00,0x00,0x00,0x00,0x00,0x00,0x00,0x00,0x00,0x00,0x00,
    0x00,0x00,0x00,0x00,0x00,0x00,0x00,0x00,0x00,0x00,0x00,0x00,0x00,0x00,0x00,0x00,
    0x00,0x00,0x00,0x00,0x00,0x00,0x00,0x00,0x00,0x00,0x00,0x00,0x00,0x00,0x00,0x00,
    0x00,0x00,0x00,0x00,0x00,0x00,0x00,0x00,0x00,0x00,0x00,0x00,0x00,0x00,0x00,0x00,
    0xcc,0x80,0xed,0x20,0xe5,0x00,0xe5,0x00,0xe5,0x20,0xe5,0x20,0xe5,0x20,0xe5,0x20,
    0xe5,0x20,0xe5,0x20,0xe5,0x20,0xe5,0x20,0xe5,0x20,0xe5,0x40,0xe5,0x20,0xed,0x60,
    0xcc,0xc0,0x08,0x20,0x00,0x00,0x00,0x00,0x00,0x00,0x00,0x00,0x00,0x00,0x00,0x00,
    0x00,0x00,0x00,0x00,0x00,0x00,0x00,0x00,0x00,0x00,0x00,0x00,0x00,0x00,0x00,0x00,
    0x00,0x00,0x00,0x00,0x00,0x00,0x00,0x00,0x00,0x00,0x00,0x00,0x00,0x00,0x00,0x00,
    0x00,0x00,0x00,0x00,0x00,0x00,0x00,0x00,0x00,0x00,0x00,0x00,0x00,0x00,0x00,0x00,
    0xcc,0x80,0xed,0x20,0xe5,0x00,0xe5,0x00,0xe5,0x20,0xe5,0x20,0xe5,0x20,0xe5,0x20,
    0xe5,0x20,0xe5,0x20,0xe5,0x20,0xe5,0x20,0xe5,0x20,0xe5,0x40,0xe5,0x20,0xed,0x60,
    0xcc,0xc0,0x08,0x20,0x00,0x00,0x00,0x00,0x00,0x00,0x00,0x00,0x00,0x00,0x00,0x00,
    0x00,0x00,0x00,0x00,0x00,0x00,0x00,0x00,0x00,0x00,0x00,0x00,0x00,0x00,0x00,0x00,
    0x00,0x00,0x00,0x00,0x00,0x00,0x00,0x00,0x00,0x00,0x00,0x00,0x00,0x00,0x00,0x00,
    0x00,0x00,0x00,0x00,0x00,0x00,0x00,0x00,0x00,0x00,0x00,0x00,0x00,0x00,0x00,0x00,
    0xcc,0x80,0xed,0x20,0xe5,0x00,0xe5,0x00,0xe5,0x20,0xe5,0x20,0xe5,0x20,0xe5,0x20,
    0xe5,0x20,0xe5,0x20,0xe5,0x20,0xe5,0x20,0xe5,0x20,0xe5,0x40,0xe5,0x20,0xed,0x60,
    0xcc,0xc0,0x08,0x20,0x00,0x00,0x00,0x00,0x00,0x00,0x00,0x00,0x00,0x00,0x00,0x00,
    0x00,0x00,0x00,0x00,0x00,0x00,0x00,0x00,0x00,0x00,0x00,0x00,0x00,0x00,0x00,0x00,
    0x00,0x00,0x00,0x00,0x00,0x00,0x00,0x00,0x00,0x00,0x00,0x00,0x00,0x00,0x00,0x00,
    0x00,0x00,0x00,0x00,0x00,0x00,0x00,0x00,0x00,0x00,0x00,0x00,0x00,0x00,0x00,0x00,
    0xcc,0x80,0xed,0x20,0xe5,0x00,0xe5,0x00,0xe5,0x20,0xe5,0x20,0xe5,0x20,0xe5,0x20,
    0xe5,0x20,0xe5,0x20,0xe5,0x20,0xe5,0x20,0xe5,0x20,0xe5,0x40,0xe5,0x20,0xed,0x60,
    0xcc,0xc0,0x08,0x20,0x00,0x00,0x00,0x00,0x00,0x00,0x00,0x00,0x00,0x00,0x00,0x00,
    0x00,0x00,0x00,0x00,0x00,0x00,0x00,0x00,0x00,0x00,0x00,0x00,0x00,0x00,0x00,0x00,
    0x00,0x00,0x00,0x00,0x00,0x00,0x00,0x00,0x00,0x00,0x00,0x00,0x00,0x00,0x00,0x00,
    0x00,0x00,0x00,0x00,0x00,0x00,0x00,0x00,0x00,0x00,0x00,0x00,0x00,0x00,0x00,0x00,
    0xcc,0x80,0xed,0x20,0xe5,0x00,0xe5,0x00,0xe5,0x20,0xe5,0x20,0xe5,0x20,0xe5,0x20,
    0xe5,0x20,0xe5,0x20,0xe5,0x20,0xe5,0x20,0xe5,0x20,0xe5,0x40,0xe5,0x20,0xed,0x60,
    0xcc,0xc0,0x08,0x20,0x00,0x00,0x00,0x00,0x00,0x00,0x00,0x00,0x00,0x00,0x00,0x00,
    0x00,0x00,0x00,0x00,0x00,0x00,0x00,0x00,0x00,0x00,0x00,0x00,0x00,0x00,0x00,0x00,
    0x00,0x00,0x00,0x00,0x00,0x00,0x00,0x00,0x00,0x00,0x00,0x00,0x00,0x00,0x00,0x00,
    0x00,0x00,0x00,0x00,0x00,0x00,0x00,0x00,0x00,0x00,0x00,0x00,0x00,0x00,0x00,0x00,
    0xcc,0x80,0xed,0x20,0xe5,0x00,0xe5,0x00,0xe5,0x20,0xe5,0x20,0xe5,0x20,0xe5,0x20,
    0xe5,0x20,0xe5,0x20,0xe5,0x20,0xe5,0x20,0xe5,0x20,0xe5,0x40,0xe5,0x20,0xed,0x60,
    0xcc,0xc0,0x00,0x20,0x00,0x00,0x00,0x00,0x00,0x00,0x00,0x00,0x00,0x00,0x00,0x00,
    0x00,0x00,0x00,0x00,0x00,0x00,0x00,0x00,0x00,0x00,0x00,0x00,0x00,0x00,0x00,0x00,
    0x00,0x00,0x00,0x00,0x00,0x00,0x00,0x00,0x00,0x00,0x00,0x00,0x00,0x00,0x00,0x00,
    0x00,0x00,0x00,0x00,0x00,0x00,0x00,0x00,0x00,0x00,0x00,0x00,0x00,0x00,0x00,0x00,
    0xcc,0x80,0xed,0x20,0xe5,0x00,0xe5,0x00,0xe5,0x20,0xe5,0x20,0xe5,0x20,0xe5,0x20,
    0xe5,0x20,0xe5,0x20,0xe5,0x20,0xe5,0x20,0xe5,0x20,0xe5,0x40,0xe5,0x40,0xe5,0x40,
    0xe5,0x20,0xbc,0x40,0xbc,0x40,0xbc,0x40,0xbc,0x40,0xbc,0x40,0xbc,0x40,0xbc,0x40,
    0xbc,0x40,0xbc,0x60,0xbc,0x60,0xbc,0x60,0xbc,0x60,0xbc,0x60,0xbc,0x60,0xbc,0x60,
    0xbc,0x60,0xbc,0x60,0xbc,0x60,0xbc,0x60,0xbc,0x80,0xbc,0x80,0xbc,0x80,0xbc,0x80,
    0xbc,0x80,0xb4,0x80,0xc4,0xc0,0x39,0x80,0x00,0x00,0x00,0x00,0x00,0x00,0x00,0x00,
    0xcc,0x80,0xed,0x20,0xe5,0x00,0xe5,0x00,0xe5,0x20,0xe5,0x20,0xe5,0x20,0xe5,0x20,
    0xe5,0x20,0xe5,0x20,0xe5,0x20,0xe5,0x20,0xe5,0x20,0xe5,0x40,0xe5,0x40,0xe5,0x40,
    0xe5,0x40,0xed,0x80,0xed,0x80,0xed,0x80,0xed,0x80,0xed,0x80,0xed,0x80,0xed,0x80,
    0xed,0x80,0xed,0xa0,0xed,0xa0,0xed,0xa0,0xed,0xa0,0xed,0xa0,0xed,0xa0,0xed,0xa0,
    0xed,0xa0,0xed,0xa0,0xed,0xc0,0xed,0xc0,0xed,0xc0,0xed,0xc0,0xed,0xc0,0xed,0xc0,
    0xed,0xc0,0xed,0xc0,0xf6,0x00,0x31,0x40,0x00,0x00,0x00,0x00,0x00,0x00,0x00,0x00,
    0xcc,0x80,0xed,0x20,0xe5,0x00,0xe5,0x00,0xe5,0x20,0xe5,0x20,0xe5,0x20,0xe5,0x20,
    0xe5,0x20,0xe5,0x20,0xe5,0x20,0xe5,0x20,0xe5,0x20,0xe5,0x40,0xe5,0x40,0xe5,0x40,
    0xe5,0x40,0xe5,0x40,0xe5,0x40,0xe5,0x40,0xe5,0x40,0xe5,0x40,0xe5,0x40,0xe5,0x40,
    0xe5,0x40,0xe5,0x40,0xe5,0x40,0xe5,0x60,0xe5,0x60,0xe5,0x60,0xe5,0x60,0xe5,0x60,
    0xe5,0x60,0xe5,0x60,0xe5,0x60,0xe5,0x60,0xe5,0x80,0xe5,0x80,0xe5,0x80,0xe5,0x80,
    0xe5,0x80,0xe5,0xa0,0xdd,0x40,0x10,0x80,0x00,0x00,0x00,0x00,0x00,0x00,0x00,0x00,
    0xcc,0x80,0xed,0x20,0xe5,0x00,0xe5,0x00,0xe5,0x20,0xe5,0x20,0xe5,0x20,0xe5,0x20,
    0xe5,0x20,0xe5,0x20,0xe5,0x20,0xe5,0x20,0xe5,0x20,0xe5,0x40,0xe5,0x40,0xe5,0x40,
    0xe5,0x40,0xe5,0x40,0xe5,0x40,0xe5,0x40,0xe5,0x40,0xe5,0x40,0xe5,0x60,0xe5,0x60,
    0xe5,0x60,0xe5,0x60,0xe5,0x60,0xe5,0x60,0xe5,0x60,0xe5,0x60,0xe5,0x60,0xe5,0x60,
    0xe5,0x80,0xe5,0x80,0xe5,0x80,0xe5,0x80,0xe5,0x80,0xe5,0x80,0xe5,0x80,0xe5,0x80,
    0xe5,0x80,0xed,0xc0,0xc4,0xc0,0x00,0x00,0x00,0x00,0x00,0x00,0x00,0x00,0x00,0x00,
    0xcc,0x80,0xed,0x20,0xe5,0x00,0xe5,0x00,0xe5,0x20,0xe5,0x20,0xe5,0x20,0xe5,0x20,
    0xe5,0x20,0xe5,0x20,0xe5,0x20,0xe5,0x20,0xe5,0x20,0xe5,0x40,0xe5,0x40,0xe5,0x40,
    0xe5,0x40,0xe5,0x40,0xe5,0x40,0xe5,0x40,0xe5,0x40,0xe5,0x40,0xe5,0x60,0xe5,0x60,
    0xe5,0x60,0xe5,0x60,0xe5,0x60,0xe5,0x60,0xe5,0x60,0xe5,0x60,0xe5,0x60,0xe5,0x60,
    0xe5,0x80,0xe5,0x80,0xe5,0x80,0xe5,0x80,0xe5,0x80,0xe5,0x80,0xe5,0x80,0xe5,0x80,
    0xe5,0x80,0xf5,0xe0,0xac,0x20,0x00,0x00,0x00,0x00,0x00,0x00,0x00,0x00,0x00,0x00,
    0xcc,0x80,0xed,0x20,0xe5,0x00,0xe5,0x00,0xe5,0x20,0xe5,0x20,0xe5,0x20,0xe5,0x20,
    0xe5,0x20,0xe5,0x20,0xe5,0x20,0xe5,0x20,0xe5,0x20,0xe5,0x40,0xe5,0x40,0xe5,0x40,
    0xe5,0x40,0xe5,0x40,0xe5,0x40,0xe5,0x40,0xe5,0x40,0xe5,0x40,0xe5,0x60,0xe5,0x60,
    0xe5,0x60,0xe5,0x60,0xe5,0x60,0xe5,0x60,0xe5,0x60,0xe5,0x60,0xe5,0x60,0xe5,0x60,
    0xe5,0x80,0xe5,0x80,0xe5,0x80,0xe5,0x80,0xe5,0x80,0xe5,0x80,0xe5,0x80,0xe5,0x80,
    0xe5,0x80,0xf6,0x00,0x8b,0x60,0x00,0x00,0x00,0x00,0x00,0x00,0x00,0x00,0x00,0x00,
    0xcc,0x80,0xed,0x20,0xe5,0x00,0xe5,0x00,0xe5,0x20,0xe5,0x20,0xe5,0x20,0xe5,0x20,
    0xe5,0x20,0xe5,0x20,0xe5,0x20,0xe5,0x20,0xe5,0x20,0xe5,0x40,0xe5,0x40,0xe5,0x40,
    0xe5,0x40,0xe5,0x40,0xe5,0x40,0xe5,0x40,0xe5,0x40,0xe5,0x40,0xe5,0x60,0xe5,0x60,
    0xe5,0x60,0xe5,0x60,0xe5,0x60,0xe5,0x60,0xe5,0x60,0xe5,0x60,0xe5,0x60,0xe5,0x60,
    0xe5,0x80,0xe5,0x80,0xe5,0x80,0xe5,0x80,0xe5,0x80,0xe5,0x80,0xe5,0x80,0xe5,0x80,
    0xe5,0x60,0xf6,0x00,0x6a,0x80,0x00,0x00,0x00,0x00,0x00,0x00,0x00,0x00,0x00,0x00,
    0xcc,0x80,0xed,0x20,0xe5,0x00,0xe5,0x00,0xe5,0x20,0xe5,0x20,0xe5,0x20,0xe5,0x20,
    0xe5,0x20,0xe5,0x20,0xe5,0x20,0xe5,0x20,0xe5,0x20,0xe5,0x40,0xe5,0x40,0xe5,0x40,
    0xe5,0x40,0xe5,0x40,0xe5,0x40,0xe5,0x40,0xe5,0x40,0xe5,0x40,0xe5,0x60,0xe5,0x60,
    0xe5,0x60,0xe5,0x60,0xe5,0x60,0xe5,0x60,0xe5,0x60,0xe5,0x60,0xe5,0x60,0xe5,0x60,
    0xe5,0x80,0xe5,0x80,0xe5,0x80,0xe5,0x80,0xe5,0x80,0xe5,0x80,0xe5,0x80,0xe5,0x80,
    0xe5,0x80,0xf5,0xe0,0x49,0xc0,0x00,0x00,0x00,0x00,0x00,0x00,0x00,0x00,0x00,0x00,
    0xcc,0x80,0xed,0x20,0xe5,0x00,0xe5,0x00,0xe5,0x20,0xe5,0x20,0xe5,0x20,0xe5,0x20,
    0xe5,0x20,0xe5,0x20,0xe5,0x20,0xe5,0x20,0xe5,0x20,0xe5,0x40,0xe5,0x40,0xe5,0x40,
    0xe5,0x40,0xe5,0x40,0xe5,0x40,0xe5,0x40,0xe5,0x40,0xe5,0x40,0xe5,0x60,0xe5,0x60,
    0xe5,0x60,0xe5,0x60,0xe5,0x60,0xe5,0x60,0xe5,0x60,0xe5,0x60,0xe5,0x60,0xe5,0x60,
    0xe5,0x80,0xe5,0x80,0xe5,0x80,0xe5,0x80,0xe5,0x80,0xe5,0x80,0xe5,0x80,0xe5,0x80,
    0xe5,0x80,0xed,0xa0,0x29,0x00,0x00,0x00,0x00,0x00,0x00,0x00,0x00,0x00,0x00,0x00,
    0xcc,0x80,0xed,0x20,0xe5,0x00,0xe5,0x00,0xe5,0x20,0xe5,0x20,0xe5,0x20,0xe5,0x20,
    0xe5,0x20,0xe5,0x20,0xe5,0x20,0xe5,0x20,0xe5,0x20,0xe5,0x40,0xe5,0x40,0xe5,0x40,
    0xe5,0x40,0xe5,0x40,0xe5,0x40,0xe5,0x40,0xe5,0x40,0xe5,0x40,0xe5,0x60,0xe5,0x60,
    0xe5,0x60,0xe5,0x60,0xe5,0x60,0xe5,0x60,0xe5,0x60,0xe5,0x60,0xe5,0x60,0xe5,0x60,
    0xe5,0x80,0xe5,0x80,0xe5,0x80,0xe5,0x80,0xe5,0x80,0xe5,0x80,0xe5,0x80,0xe5,0x80,
    0xed,0xa0,0xd5,0x40,0x10,0x60,0x00,0x00,0x00,0x00,0x00,0x00,0x00,0x00,0x00,0x00,
    0xcc,0x80,0xed,0x20,0xe5,0x00,0xe5,0x00,0xe5,0x20,0xe5,0x20,0xe5,0x20,0xe5,0x20,
    0xe5,0x20,0xe5,0x20,0xe5,0x20,0xe5,0x20,0xe5,0x20,0xe5,0x40,0xe5,0x40,0xe5,0x40,
    0xe5,0x40,0xe5,0x20,0xe5,0x20,0xe5,0x20,0xe5,0x20,0xe5,0x20,0xe5,0x40,0xe5,0x40,
    0xe5,0x40,0xe5,0x40,0xe5,0x40,0xe5,0x40,0xe5,0x40,0xe5,0x40,0xe5,0x40,0xe5,0x40,
    0xe5,0x60,0xe5,0x60,0xe5,0x60,0xe5,0x60,0xe5,0x60,0xe5,0x60,0xe5,0x60,0xe5,0x60,
    0xed,0xa0,0xbc,0xa0,0x00,0x00,0x00,0x00,0x00,0x00,0x00,0x00,0x00,0x00,0x00,0x00,
    0xcc,0x80,0xed,0x20,0xe5,0x00,0xe5,0x00,0xe5,0x20,0xe5,0x20,0xe5,0x20,0xe5,0x20,
    0xe5,0x20,0xe5,0x20,0xe5,0x20,0xe5,0x20,0xe5,0x20,0xe5,0x40,0xe5,0x40,0xe5,0x40,
    0xe5,0x40,0xf5,0xa0,0xf5,0xa0,0xf5,0xa0,0xf5,0xa0,0xf5,0xa0,0xf5,0xa0,0xf5,0xa0,
    0xf5,0xa0,0xf5,0xc0,0xf5,0xc0,0xf5,0xc0,0xf5,0xc0,0xf5,0xc0,0xf5,0xc0,0xf5,0xc0,
    0xf5,0xe0,0xf5,0xe0,0xf5,0xe0,0xf5,0xe0,0xf5,0xe0,0xf5,0xe0,0xf5,0xe0,0xf5,0xe0,
    0xfe,0x40,0xac,0x20,0x00,0x00,0x00,0x00,0x00,0x00,0x00,0x00,0x00,0x00,0x00,0x00,
    0xcc,0x80,0xed,0x20,0xe5,0x00,0xe5,0x00,0xe5,0x20,0xe5,0x20,0xe5,0x20,0xe5,0x20,
    0xe5,0x20,0xe5,0x20,0xe5,0x20,0xe5,0x20,0xe5,0x20,0xe5,0x40,0xe5,0x40,0xe5,0x40,
    0xdd,0x00,0x8b,0x40,0x8b,0x20,0x8b,0x20,0x8b,0x20,0x8b,0x20,0x8b,0x40,0x8b,0x40,
    0x8b,0x40,0x8b,0x40,0x8b,0x40,0x8b,0x40,0x8b,0x40,0x8b,0x40,0x8b,0x40,0x8b,0x40,
    0x8b,0x40,0x8b,0x40,0x8b,0x40,0x8b,0x40,0x8b,0x40,0x8b,0x40,0x8b,0x40,0x8b,0x40,
    0x93,0x80,0x52,0x00,0x00,0x00,0x00,0x00,0x00,0x00,0x00,0x00,0x00,0x00,0x00,0x00,
    0xcc,0x80,0xed,0x20,0xe5,0x00,0xe5,0x00,0xe5,0x20,0xe5,0x20,0xe5,0x20,0xe5,0x20,
    0xe5,0x20,0xe5,0x20,0xe5,0x20,0xe5,0x20,0xe5,0x20,0xe5,0x40,0xe5,0x20,0xed,0x60,
    0xcc,0xc0,0x00,0x00,0x00,0x00,0x00,0x00,0x00,0x00,0x00,0x00,0x00,0x00,0x00,0x00,
    0x00,0x00,0x00,0x00,0x00,0x00,0x00,0x00,0x00,0x00,0x00,0x00,0x00,0x00,0x00,0x00,
    0x00,0x00,0x00,0x00,0x00,0x00,0x00,0x00,0x00,0x00,0x00,0x00,0x00,0x00,0x00,0x00,
    0x00,0x00,0x00,0x00,0x00,0x00,0x00,0x00,0x00,0x00,0x00,0x00,0x00,0x00,0x00,0x00,
    0xcc,0x80,0xed,0x20,0xe5,0x00,0xe5,0x00,0xe5,0x20,0xe5,0x20,0xe5,0x20,0xe5,0x20,
    0xe5,0x20,0xe5,0x20,0xe5,0x20,0xe5,0x20,0xe5,0x20,0xe5,0x40,0xe5,0x20,0xed,0x60,
    0xcc,0xc0,0x08,0x40,0x00,0x00,0x00,0x00,0x00,0x00,0x00,0x00,0x00,0x00,0x00,0x00,
    0x00,0x00,0x00,0x00,0x00,0x00,0x00,0x00,0x00,0x00,0x00,0x00,0x00,0x00,0x00,0x00,
    0x00,0x00,0x00,0x00,0x00,0x00,0x00,0x00,0x00,0x00,0x00,0x00,0x00,0x00,0x00,0x00,
    0x00,0x00,0x00,0x00,0x00,0x00,0x00,0x00,0x00,0x00,0x00,0x00,0x00,0x00,0x00,0x00,
    0xcc,0x80,0xed,0x20,0xe5,0x00,0xe5,0x00,0xe5,0x20,0xe5,0x20,0xe5,0x20,0xe5,0x20,
    0xe5,0x20,0xe5,0x20,0xe5,0x20,0xe5,0x20,0xe5,0x20,0xe5,0x40,0xe5,0x20,0xed,0x60,
    0xcc,0xc0,0x08,0x20,0x00,0x00,0x00,0x00,0x00,0x00,0x00,0x00,0x00,0x00,0x00,0x00,
    0x00,0x00,0x00,0x00,0x00,0x00,0x00,0x00,0x00,0x00,0x00,0x00,0x00,0x00,0x00,0x00,
    0x00,0x00,0x00,0x00,0x00,0x00,0x00,0x00,0x00,0x00,0x00,0x00,0x00,0x00,0x00,0x00,
    0x00,0x00,0x00,0x00,0x00,0x00,0x00,0x00,0x00,0x00,0x00,0x00,0x00,0x00,0x00,0x00,
    0xcc,0x80,0xed,0x20,0xe5,0x00,0xe5,0x00,0xe5,0x20,0xe5,0x20,0xe5,0x20,0xe5,0x20,
    0xe5,0x20,0xe5,0x20,0xe5,0x20,0xe5,0x20,0xe5,0x20,0xe5,0x40,0xe5,0x20,0xed,0x60,
    0xcc,0xc0,0x08,0x20,0x00,0x00,0x00,0x00,0x00,0x00,0x00,0x00,0x00,0x00,0x00,0x00,
    0x00,0x00,0x00,0x00,0x00,0x00,0x00,0x00,0x00,0x00,0x00,0x00,0x00,0x00,0x00,0x00,
    0x00,0x00,0x00,0x00,0x00,0x00,0x00,0x00,0x00,0x00,0x00,0x00,0x00,0x00,0x00,0x00,
    0x00,0x00,0x00,0x00,0x00,0x00,0x00,0x00,0x00,0x00,0x00,0x00,0x00,0x00,0x00,0x00,
    0xcc,0x80,0xed,0x20,0xe5,0x00,0xe5,0x00,0xe5,0x20,0xe5,0x20,0xe5,0x20,0xe5,0x20,
    0xe5,0x20,0xe5,0x20,0xe5,0x20,0xe5,0x20,0xe5,0x20,0xe5,0x40,0xe5,0x20,0xed,0x60,
    0xcc,0xc0,0x08,0x20,0x00,0x00,0x00,0x00,0x00,0x00,0x00,0x00,0x00,0x00,0x00,0x00,
    0x00,0x00,0x00,0x00,0x00,0x00,0x00,0x00,0x00,0x00,0x00,0x00,0x00,0x00,0x00,0x00,
    0x00,0x00,0x00,0x00,0x00,0x00,0x00,0x00,0x00,0x00,0x00,0x00,0x00,0x00,0x00,0x00,
    0x00,0x00,0x00,0x00,0x00,0x00,0x00,0x00,0x00,0x00,0x00,0x00,0x00,0x00,0x00,0x00,
    0xcc,0x80,0xed,0x20,0xe5,0x00,0xe5,0x00,0xe5,0x20,0xe5,0x20,0xe5,0x20,0xe5,0x20,
    0xe5,0x20,0xe5,0x20,0xe5,0x20,0xe5,0x20,0xe5,0x20,0xe5,0x40,0xe5,0x20,0xed,0x60,
    0xcc,0xc0,0x08,0x20,0x00,0x00,0x00,0x00,0x00,0x00,0x00,0x00,0x00,0x00,0x00,0x00,
    0x00,0x00,0x00,0x00,0x00,0x00,0x00,0x00,0x00,0x00,0x00,0x00,0x00,0x00,0x00,0x00,
    0x00,0x00,0x00,0x00,0x00,0x00,0x00,0x00,0x00,0x00,0x00,0x00,0x00,0x00,0x00,0x00,
    0x00,0x00,0x00,0x00,0x00,0x00,0x00,0x00,0x00,0x00,0x00,0x00,0x00,0x00,0x00,0x00,
    0xcc,0x80,0xed,0x20,0xe5,0x00,0xe5,0x00,0xe5,0x20,0xe5,0x20,0xe5,0x20,0xe5,0x20,
    0xe5,0x20,0xe5,0x20,0xe5,0x20,0xe5,0x20,0xe5,0x20,0xe5,0x40,0xe5,0x20,0xed,0x60,
    0xcc,0xc0,0x08,0x20,0x00,0x00,0x00,0x00,0x00,0x00,0x00,0x00,0x00,0x00,0x00,0x00,
    0x00,0x00,0x00,0x00,0x00,0x00,0x00,0x00,0x00,0x00,0x00,0x00,0x00,0x00,0x00,0x00,
    0x00,0x00,0x00,0x00,0x00,0x00,0x00,0x00,0x00,0x00,0x00,0x00,0x00,0x00,0x00,0x00,
    0x00,0x00,0x00,0x00,0x00,0x00,0x00,0x00,0x00,0x00,0x00,0x00,0x00,0x00,0x00,0x00,
    0xcc,0x80,0xed,0x20,0xe5,0x00,0xe5,0x00,0xe5,0x20,0xe5,0x20,0xe5,0x20,0xe5,0x20,
    0xe5,0x20,0xe5,0x20,0xe5,0x20,0xe5,0x20,0xe5,0x20,0xe5,0x40,0xe5,0x20,0xed,0x60,
    0xcc,0xc0,0x08,0x20,0x00,0x00,0x00,0x00,0x00,0x00,0x00,0x00,0x00,0x00,0x00,0x00,
    0x00,0x00,0x00,0x00,0x00,0x00,0x00,0x00,0x00,0x00,0x00,0x00,0x00,0x00,0x00,0x00,
    0x00,0x00,0x00,0x00,0x00,0x00,0x00,0x00,0x00,0x00,0x00,0x00,0x00,0x00,0x00,0x00,
    0x00,0x00,0x00,0x00,0x00,0x00,0x00,0x00,0x00,0x00,0x00,0x00,0x00,0x00,0x00,0x00,
    0xcc,0x80,0xed,0x20,0xe5,0x00,0xe5,0x00,0xe5,0x20,0xe5,0x20,0xe5,0x20,0xe5,0x20,
    0xe5,0x20,0xe5,0x20,0xe5,0x20,0xe5,0x20,0xe5,0x20,0xe5,0x40,0xe5,0x20,0xed,0x60,
    0xcc,0xc0,0x08,0x20,0x00,0x00,0x00,0x00,0x00,0x00,0x00,0x00,0x00,0x00,0x00,0x00,
    0x00,0x00,0x00,0x00,0x00,0x00,0x00,0x00,0x00,0x00,0x00,0x00,0x00,0x00,0x00,0x00,
    0x00,0x00,0x00,0x00,0x00,0x00,0x00,0x00,0x00,0x00,0x00,0x00,0x00,0x00,0x00,0x00,
    0x00,0x00,0x00,0x00,0x00,0x00,0x00,0x00,0x00,0x00,0x00,0x00,0x00,0x00,0x00,0x00,
    0xcc,0x80,0xed,0x20,0xe5,0x00,0xe5,0x00,0xe5,0x20,0xe5,0x20,0xe5,0x20,0xe5,0x20,
    0xe5,0x20,0xe5,0x20,0xe5,0x20,0xe5,0x20,0xe5,0x20,0xe5,0x40,0xe5,0x20,0xed,0x60,
    0xcc,0xc0,0x08,0x20,0x00,0x00,0x00,0x00,0x00,0x00,0x00,0x00,0x00,0x00,0x00,0x00,
    0x00,0x00,0x00,0x00,0x00,0x00,0x00,0x00,0x00,0x00,0x00,0x00,0x00,0x00,0x00,0x00,
    0x00,0x00,0x00,0x00,0x00,0x00,0x00,0x00,0x00,0x00,0x00,0x00,0x00,0x00,0x00,0x00,
    0x00,0x00,0x00,0x00,0x00,0x00,0x00,0x00,0x00,0x00,0x00,0x00,0x00,0x00,0x00,0x00,
    0xcc,0x80,0xed,0x20,0xe5,0x00,0xe5,0x00,0xe5,0x20,0xe5,0x20,0xe5,0x20,0xe5,0x20,
    0xe5,0x20,0xe5,0x20,0xe5,0x20,0xe5,0x20,0xe5,0x20,0xe5,0x40,0xe5,0x20,0xed,0x60,
    0xcc,0xc0,0x08,0x20,0x00,0x00,0x00,0x00,0x00,0x00,0x00,0x00,0x00,0x00,0x00,0x00,
    0x00,0x00,0x00,0x00,0x00,0x00,0x00,0x00,0x00,0x00,0x00,0x00,0x00,0x00,0x00,0x00,
    0x00,0x00,0x00,0x00,0x00,0x00,0x00,0x00,0x00,0x00,0x00,0x00,0x00,0x00,0x00,0x00,
    0x00,0x00,0x00,0x00,0x00,0x00,0x00,0x00,0x00,0x00,0x00,0x00,0x00,0x00,0x00,0x00,
    0xcc,0x80,0xed,0x20,0xe5,0x00,0xe5,0x00,0xe5,0x20,0xe5,0x20,0xe5,0x20,0xe5,0x20,
    0xe5,0x20,0xe5,0x20,0xe5,0x20,0xe5,0x20,0xe5,0x20,0xe5,0x40,0xe5,0x20,0xed,0x60,
    0xcc,0xc0,0x08,0x20,0x00,0x00,0x00,0x00,0x00,0x00,0x00,0x00,0x00,0x00,0x00,0x00,
    0x00,0x00,0x00,0x00,0x00,0x00,0x00,0x00,0x00,0x00,0x00,0x00,0x00,0x00,0x00,0x00,
    0x00,0x00,0x00,0x00,0x00,0x00,0x00,0x00,0x00,0x00,0x00,0x00,0x00,0x00,0x00,0x00,
    0x00,0x00,0x00,0x00,0x00,0x00,0x00,0x00,0x00,0x00,0x00,0x00,0x00,0x00,0x00,0x00,
    0xcc,0x80,0xed,0x20,0xe5,0x00,0xe5,0x00,0xe5,0x20,0xe5,0x20,0xe5,0x20,0xe5,0x20,
    0xe5,0x20,0xe5,0x20,0xe5,0x20,0xe5,0x20,0xe5,0x20,0xe5,0x40,0xe5,0x20,0xed,0x60,
    0xcc,0xc0,0x08,0x20,0x00,0x00,0x00,0x00,0x00,0x00,0x00,0x00,0x00,0x00,0x00,0x00,
    0x00,0x00,0x00,0x00,0x00,0x00,0x00,0x00,0x00,0x00,0x00,0x00,0x00,0x00,0x00,0x00,
    0x00,0x00,0x00,0x00,0x00,0x00,0x00,0x00,0x00,0x00,0x00,0x00,0x00,0x00,0x00,0x00,
    0x00,0x00,0x00,0x00,0x00,0x00,0x00,0x00,0x00,0x00,0x00,0x00,0x00,0x00,0x00,0x00,
    0xcc,0x80,0xed,0x20,0xe5,0x00,0xe5,0x00,0xe5,0x20,0xe5,0x20,0xe5,0x20,0xe5,0x20,
    0xe5,0x20,0xe5,0x20,0xe5,0x20,0xe5,0x20,0xe5,0x20,0xe5,0x40,0xe5,0x20,0xed,0x60,
    0xcc,0xc0,0x08,0x40,0x00,0x00,0x00,0x00,0x00,0x00,0x00,0x00,0x00,0x00,0x00,0x00,
    0x00,0x00,0x00,0x00,0x00,0x00,0x00,0x00,0x00,0x00,0x00,0x00,0x00,0x00,0x00,0x00,
    0x00,0x00,0x00,0x00,0x00,0x00,0x00,0x00,0x00,0x00,0x00,0x00,0x00,0x00,0x00,0x00,
    0x00,0x00,0x00,0x00,0x00,0x00,0x00,0x00,0x00,0x00,0x00,0x00,0x00,0x00,0x00,0x00,
    0xcc,0x80,0xed,0x20,0xe5,0x00,0xe5,0x00,0xe5,0x20,0xe5,0x20,0xe5,0x20,0xe5,0x20,
    0xe5,0x20,0xe5,0x20,0xe5,0x20,0xe5,0x20,0xe5,0x20,0xe5,0x40,0xe5,0x20,0xed,0x60,
    0xcc,0xc0,0x00,0x00,0x00,0x00,0x00,0x00,0x00,0x00,0x00,0x00,0x00,0x00,0x00,0x00,
    0x00,0x00,0x00,0x00,0x00,0x00,0x00,0x00,0x00,0x00,0x00,0x00,0x00,0x00,0x00,0x00,
    0x00,0x00,0x00,0x00,0x00,0x00,0x00,0x00,0x00,0x00,0x00,0x00,0x00,0x00,0x00,0x00,
    0x00,0x00,0x00,0x00,0x00,0x00,0x00,0x00,0x00,0x00,0x00,0x00,0x00,0x00,0x00,0x00,
    0xcc,0x80,0xed,0x20,0xe5,0x00,0xe5,0x00,0xe5,0x20,0xe5,0x20,0xe5,0x20,0xe5,0x20,
    0xe5,0x20,0xe5,0x20,0xe5,0x20,0xe5,0x20,0xe5,0x20,0xe5,0x40,0xe5,0x40,0xe5,0x40,
    0xdd,0x00,0x93,0x40,0x8b,0x40,0x8b,0x40,0x8b,0x40,0x8b,0x40,0x8b,0x40,0x8b,0x40,
    0x8b,0x40,0x8b,0x40,0x8b,0x40,0x8b,0x40,0x8b,0x40,0x8b,0x40,0x8b,0x40,0x8b,0x40,
    0x8b,0x60,0x8b,0x60,0x8b,0x60,0x8b,0x60,0x8b,0x60,0x8b,0x60,0x8b,0x60,0x8b,0x60,
    0x8b,0x60,0x8b,0x60,0x8b,0x60,0x8b,0x60,0x8b,0x60,0x8b,0x60,0x93,0xa0,0x72,0xc0,
    0xcc,0x80,0xed,0x20,0xe5,0x00,0xe5,0x00,0xe5,0x20,0xe5,0x20,0xe5,0x20,0xe5,0x20,
    0xe5,0x20,0xe5,0x20,0xe5,0x20,0xe5,0x20,0xe5,0x20,0xe5,0x40,0xe5,0x40,0xe5,0x40,
    0xe5,0x40,0xf5,0xa0,0xf5,0xa0,0xf5,0xa0,0xf5,0xa0,0xf5,0xa0,0xf5,0xc0,0xf5,0xc0,
    0xf5,0xc0,0xf5,0xc0,0xf5,0xc0,0xf5,0xc0,0xf5,0xc0,0xf5,0xc0,0xf5,0xc0,0xf5,0xc0,
    0xf5,0xe0,0xf5,0xe0,0xf5,0xe0,0xf5,0xe0,0xf5,0xe0,0xf5,0xe0,0xf5,0xe0,0xf5,0xe0,
    0xf5,0xe0,0xf6,0x00,0xf6,0x00,0xf6,0x00,0xf6,0x00,0xf6,0x00,0xfe,0x40,0xac,0x20,
    0xcc,0x80,0xed,0x20,0xe5,0x00,0xe5,0x00,0xe5,0x20,0xe5,0x20,0xe5,0x20,0xe5,0x20,
    0xe5,0x20,0xe5,0x20,0xe5,0x20,0xe5,0x20,0xe5,0x20,0xe5,0x40,0xe5,0x40,0xe5,0x40,
    0xe5,0x40,0xe5,0x20,0xe5,0x20,0xe5,0x20,0xe5,0x20,0xe5,0x20,0xe5,0x40,0xe5,0x40,
    0xe5,0x40,0xe5,0x40,0xe5,0x40,0xe5,0x40,0xe5,0x40,0xe5,0x40,0xe5,0x40,0xe5,0x40,
    0xe5,0x60,0xe5,0x60,0xe5,0x60,0xe5,0x60,0xe5,0x60,0xe5,0x60,0xe5,0x60,0xe5,0x60,
    0xe5,0x60,0xe5,0x80,0xe5,0x80,0xe5,0x80,0xe5,0x80,0xdd,0x80,0xed,0xe0,0x72,0xe0,
    0xcc,0x80,0xed,0x20,0xe5,0x00,0xe5,0x00,0xe5,0x20,0xe5,0x20,0xe5,0x20,0xe5,0x20,
    0xe5,0x20,0xe5,0x20,0xe5,0x20,0xe5,0x20,0xe5,0x20,0xe5,0x40,0xe5,0x40,0xe5,0x40,
    0xe5,0x40,0xe5,0x40,0xe5,0x40,0xe5,0x40,0xe5,0x40,0xe5,0x40,0xe5,0x60,0xe5,0x60,
    0xe5,0x60,0xe5,0x60,0xe5,0x60,0xe5,0x60,0xe5,0x60,0xe5,0x60,0xe5,0x60,0xe5,0x60,
    0xe5,0x80,0xe5,0x80,0xe5,0x80,0xe5,0x80,0xe5,0x80,0xe5,0x80,0xe5,0x80,0xe5,0x80,
    0xe5,0x80,0xe5,0xa0,0xe5,0xa0,0xe5,0xa0,0xe5,0xa0,0xe5,0xa0,0xed,0xe0,0x52,0x20,
    0xcc,0x80,0xed,0x20,0xe5,0x00,0xe5,0x00,0xe5,0x20,0xe5,0x20,0xe5,0x20,0xe5,0x20,
    0xe5,0x20,0xe5,0x20,0xe5,0x20,0xe5,0x20,0xe5,0x20,0xe5,0x40,0xe5,0x40,0xe5,0x40,
    0xe5,0x40,0xe5,0x40,0xe5,0x40,0xe5,0x40,0xe5,0x40,0xe5,0x40,0xe5,0x60,0xe5,0x60,
    0xe5,0x60,0xe5,0x60,0xe5,0x60,0xe5,0x60,0xe5,0x60,0xe5,0x60,0xe5,0x60,0xe5,0x60,
    0xe5,0x80,0xe5,0x80,0xe5,0x80,0xe5,0x80,0xe5,0x80,0xe5,0x80,0xe5,0x80,0xe5,0x80,
    0xe5,0x80,0xe5,0xa0,0xe5,0xa0,0xe5,0xa0,0xe5,0xa0,0xe5,0xa0,0xe5,0xa0,0x31,0x40,
    0xcc,0x80,0xed,0x20,0xe5,0x00,0xe5,0x00,0xe5,0x20,0xe5,0x20,0xe5,0x20,0xe5,0x20,
    0xe5,0x20,0xe5,0x20,0xe5,0x20,0xe5,0x20,0xe5,0x20,0xe5,0x40,0xe5,0x40,0xe5,0x40,
    0xe5,0x40,0xe5,0x40,0xe5,0x40,0xe5,0x40,0xe5,0x40,0xe5,0x40,0xe5,0x60,0xe5,0x60,
    0xe5,0x60,0xe5,0x60,0xe5,0x60,0xe5,0x60,0xe5,0x60,0xe5,0x60,0xe5,0x60,0xe5,0x60,
    0xe5,0x80,0xe5,0x80,0xe5,0x80,0xe5,0x80,0xe5,0x80,0xe5,0x80,0xe5,0x80,0xe5,0x80,
    0xe5,0x80,0xe5,0xa0,0xe5,0xa0,0xe5,0xa0,0xe5,0x80,0xed,0xc0,0xd5,0x40,0x18,0xa0,
    0xcc,0x80,0xed,0x20,0xe5,0x00,0xe5,0x00,0xe5,0x20,0xe5,0x20,0xe5,0x20,0xe5,0x20,
    0xe5,0x20,0xe5,0x20,0xe5,0x20,0xe5,0x20,0xe5,0x20,0xe5,0x40,0xe5,0x40,0xe5,0x40,
    0xe5,0x40,0xe5,0x40,0xe5,0x40,0xe5,0x40,0xe5,0x40,0xe5,0x40,0xe5,0x60,0xe5,0x60,
    0xe5,0x60,0xe5,0x60,0xe5,0x60,0xe5,0x60,0xe5,0x60,0xe5,0x60,0xe5,0x60,0xe5,0x60,
    0xe5,0x80,0xe5,0x80,0xe5,0x80,0xe5,0x80,0xe5,0x80,0xe5,0x80,0xe5,0x80,0xe5,0x80,
    0xe5,0x80,0xe5,0xa0,0xe5,0xa0,0xe5,0xa0,0xe5,0xa0,0xed,0xe0,0xc4,0xc0,0x00,0x20,
    0xcc,0x80,0xed,0x20,0xe5,0x00,0xe5,0x00,0xe5,0x20,0xe5,0x20,0xe5,0x20,0xe5,0x20,
    0xe5,0x20,0xe5,0x20,0xe5,0x20,0xe5,0x20,0xe5,0x20,0xe5,0x40,0xe5,0x40,0xe5,0x40,
    0xe5,0x40,0xe5,0x40,0xe5,0x40,0xe5,0x40,0xe5,0x40,0xe5,0x40,0xe5,0x60,0xe5,0x60,
    0xe5,0x60,0xe5,0x60,0xe5,0x60,0xe5,0x60,0xe5,0x60,0xe5,0x60,0xe5,0x60,0xe5,0x60,
    0xe5,0x80,0xe5,0x80,0xe5,0x80,0xe5,0x80,0xe5,0x80,0xe5,0x80,0xe5,0x80,0xe5,0x80,
    0xe5,0x80,0xe5,0xa0,0xe5,0xa0,0xe5,0xa0,0xe5,0x80,0xf6,0x00,0xac,0x20,0x00,0x00,
    0xcc,0x80,0xed,0x20,0xe5,0x00,0xe5,0x00,0xe5,0x20,0xe5,0x20,0xe5,0x20,0xe5,0x20,
    0xe5,0x20,0xe5,0x20,0xe5,0x20,0xe5,0x20,0xe5,0x20,0xe5,0x40,0xe5,0x40,0xe5,0x40,
    0xe5,0x40,0xe5,0x40,0xe5,0x40,0xe5,0x40,0xe5,0x40,0xe5,0x40,0xe5,0x60,0xe5,0x60,
    0xe5,0x60,0xe5,0x60,0xe5,0x60,0xe5,0x60,0xe5,0x60,0xe5,0x60,0xe5,0x60,0xe5,0x60,
    0xe5,0x80,0xe5,0x80,0xe5,0x80,0xe5,0x80,0xe5,0x80,0xe5,0x80,0xe5,0x80,0xe5,0x80,
    0xe5,0x80,0xe5,0xa0,0xe5,0xa0,0xe5,0xa0,0xe5,0x80,0xf6,0x00,0x8b,0x60,0x00,0x00,
    0xcc,0x80,0xed,0x20,0xe5,0x00,0xe5,0x00,0xe5,0x20,0xe5,0x20,0xe5,0x20,0xe5,0x20,
    0xe5,0x20,0xe5,0x20,0xe5,0x20,0xe5,0x20,0xe5,0x20,0xe5,0x40,0xe5,0x40,0xe5,0x40,
    0xe5,0x40,0xe5,0x40,0xe5,0x40,0xe5,0x40,0xe5,0x40,0xe5,0x40,0xe5,0x60,0xe5,0x60,
    0xe5,0x60,0xe5,0x60,0xe5,0x60,0xe5,0x60,0xe5,0x60,0xe5,0x60,0xe5,0x60,0xe5,0x60,
    0xe5,0x80,0xe5,0x80,0xe5,0x80,0xe5,0x80,0xe5,0x80,0xe5,0x80,0xe5,0x80,0xe5,0x80,
    0xe5,0x80,0xe5,0xa0,0xe5,0xa0,0xe5,0xa0,0xe5,0x80,0xf6,0x00,0x6a,0xa0,0x00,0x00,
    0xcc,0x80,0xe5,0x00,0xe5,0x00,0xe5,0x00,0xe5,0x00,0xe5,0x00,0xe5,0x00,0xe5,0x00,
    0xe5,0x20,0xe5,0x20,0xe5,0x20,0xe5,0x20,0xe5,0x20,0xe5,0x20,0xe5,0x20,0xe5,0x20,
    0xe5,0x20,0xe5,0x20,0xe5,0x40,0xe5,0x40,0xe5,0x40,0xe5,0x40,0xe5,0x40,0xe5,0x40,
    0xe5,0x40,0xe5,0x40,0xe5,0x40,0xe5,0x60,0xe5,0x60,0xe5,0x60,0xe5,0x60,0xe5,0x60,
    0xe5,0x60,0xe5,0x60,0xe5,0x60,0xe5,0x60,0xe5,0x80,0xe5,0x80,0xe5,0x80,0xe5,0x80,
    0xe5,0x80,0xe5,0x80,0xe5,0x80,0xe5,0x80,0xe5,0x80,0xf5,0xe0,0x49,0xc0,0x00,0x00,
    0xd4,0xa0,0xed,0x40,0xed,0x20,0xed,0x20,0xed,0x40,0xed,0x40,0xed,0x40,0xed,0x40,
    0xed,0x40,0xed,0x40,0xed,0x40,0xed,0x40,0xed,0x40,0xed,0x60,0xed,0x60,0xed,0x60,
    0xed,0x60,0xed,0x60,0xed,0x60,0xed,0x60,0xed,0x60,0xed,0x60,0xed,0x80,0xed,0x80,
    0xed,0x80,0xed,0x80,0xed,0x80,0xed,0x80,0xed,0x80,0xed,0x80,0xed,0x80,0xed,0x80,
    0xed,0xa0,0xed,0xa0,0xed,0xa0,0xed,0xa0,0xed,0xa0,0xed,0xa0,0xed,0xa0,0xed,0xc0,
    0xed,0xc0,0xed,0xc0,0xed,0xc0,0xed,0xc0,0xed,0xc0,0xed,0xe0,0x29,0x00,0x00,0x00,
    0xab,0xe0,0xc4,0x60,0xc4,0x40,0xc4,0x40,0xc4,0x40,0xc4,0x40,0xc4,0x60,0xc4,0x60,
    0xc4,0x60,0xc4,0x60,0xc4,0x60,0xc4,0x60,0xc4,0x60,0xc4,0x80,0xc4,0x80,0xc4,0x80,
    0xc4,0x80,0xc4,0x80,0xc4,0x80,0xc4,0x80,0xc4,0x80,0xc4,0x80,0xc4,0x80,0xc4,0x80,
    0xc4,0x80,0xc4,0xa0,0xc4,0xa0,0xc4,0xa0,0xc4,0xa0,0xc4,0xa0,0xc4,0xa0,0xc4,0xa0,
    0xc4,0xa0,0xc4,0xa0,0xc4,0xa0,0xc4,0xa0,0xc4,0xa0,0xc4,0xa0,0xc4,0xa0,0xc4,0xc0,
    0xc4,0xc0,0xc4,0xc0,0xc4,0xc0,0xc4,0xc0,0xc4,0xe0,0xbc,0xa0,0x10,0x60,0x00,0x00,
};
const lv_img_dsc_t img_genex_3 = {
    .header.cf = LV_IMG_CF_TRUE_COLOR,
    .header.always_zero = 0,
    .header.reserved = 0,
    .header.w = 48,
    .header.h = 68,
    .data_size = 6528,
    .data = img_genex_3_map,
};

static const uint8_t img_genex_4_map[] = {
    0x00,0x00,0x18,0xa0,0xc4,0xe0,0xc4,0xe0,0xc4,0xe0,0xc4,0xe0,0xc4,0xe0,0xc4,0xe0,
    0xc4,0xe0,0xc5,0x00,0xc5,0x00,0xc5,0x00,0xc5,0x00,0xc5,0x00,0xc5,0x00,0xc5,0x00,
    0xc5,0x00,0xc5,0x00,0xc5,0x00,0xcd,0x40,0x39,0x80,0x00,0x00,0x00,0x00,0x00,0x00,
    0x00,0x00,0x00,0x00,0x00,0x00,0x00,0x00,0x00,0x00,0x00,0x00,0x00,0x00,0x00,0x00,
    0x00,0x00,0x00,0x00,0x00,0x00,0x00,0x00,0x00,0x00,0x00,0x00,0x00,0x00,0x00,0x00,
    0x00,0x00,0x00,0x00,0x00,0x00,0x00,0x00,0x73,0x20,0xd5,0x80,0xc5,0x20,0xc5,0x40,
    0xc5,0x40,0xc5,0x40,0xc5,0x40,0xc5,0x40,0xc5,0x40,0xc5,0x40,0xc5,0x40,0xc5,0x40,
    0xc5,0x40,0xc5,0x40,0xc5,0x40,0xc5,0x40,0xc5,0x20,0xcd,0x80,0x41,0xc0,0x00,0x00,
    0x00,0x00,0x83,0x20,0xfe,0x40,0xe5,0xc0,0xed,0xe0,0xed,0xe0,0xed,0xe0,0xed,0xe0,
    0xee,0x00,0xee,0x00,0xee,0x00,0xee,0x00,0xee,0x00,0xee,0x00,0xee,0x00,0xee,0x00,
    0xee,0x00,0xee,0x00,0xf6,0x60,0xac,0x80,0x00,0x00,0x00,0x00,0x00,0x00,0x00,0x00,
    0x00,0x00,0x00,0x00,0x00,0x00,0x00,0x00,0x00,0x00,0x00,0x00,0x00,0x00,0x00,0x00,
    0x00,0x00,0x00,0x00,0x00,0x00,0x00,0x00,0x00,0x00,0x00,0x00,0x00,0x00,0x00,0x00,
    0x00,0x00,0x00,0x00,0x20,0xe0,0xe6,0x00,0xee,0x60,0xee,0x40,0xee,0x40,0xee,0x40,
    0xee,0x40,0xee,0x40,0xee,0x40,0xee,0x40,0xee,0x40,0xee,0x40,0xee,0x40,0xee,0x40,
    0xee,0x40,0xee,0x40,0xe6,0x20,0xfe,0xa0,0xa4,0x60,0x00,0x20,0x00,0x00,0x00,0x00,
    0x00,0x20,0xc4,0xe0,0xed,0xe0,0xe5,0xa0,0xe5,0xc0,0xe5,0xc0,0xe5,0xc0,0xe5,0xc0,
    0xe5,0xc0,0xe5,0xc0,0xe5,0xc0,0xe5,0xc0,0xe5,0xc0,0xe5,0xe0,0xe5,0xe0,0xe5,0xe0,
    0xe5,0xe0,0xe5,0xc0,0xf6,0x40,0x41,0xc0,0x00,0x00,0x00,0x00,0x00,0x00,0x00,0x00,
    0x00,0x00,0x00,0x00,0x00,0x00,0x00,0x00,0x00,0x00,0x00,0x00,0x00,0x00,0x00,0x00,
    0x00,0x00,0x00,0x00,0x00,0x00,0x00,0x00,0x00,0x00,0x00,0x00,0x00,0x00,0x00,0x00,
    0x00,0x00,0x9c,0x00,0xf6,0x80,0xe6,0x00,0xe6,0x00,0xe6,0x00,0xe6,0x00,0xe6,0x00,
    0xe6,0x00,0xe6,0x00,0xe6,0x00,0xe6,0x00,0xe6,0x00,0xe6,0x00,0xe6,0x00,0xe6,0x00,
    0xe6,0x00,0xe6,0x20,0xdd,0xc0,0x18,0xa0,0x00,0x00,0x00,0x00,0x00,0x00,0x00,0x00,
    0x39,0x80,0xee,0x00,0xe5,0xc0,0xe5,0xc0,0xe5,0xc0,0xe5,0xc0,0xe5,0xc0,0xe5,0xc0,
    0xe5,0xe0,0xe5,0xe0,0xe5,0xe0,0xe5,0xe0,0xe5,0xe0,0xe5,0xe0,0xe5,0xe0,0xe5,0xe0,
    0xe5,0xe0,0xee,0x20,0xbc,0xe0,0x00,0x00,0x00,0x00,0x00,0x00,0x00,0x00,0x00,0x00,
    0x00,0x00,0x00,0x00,0x00,0x00,0x00,0x00,0x00,0x00,0x00,0x00,0x00,0x00,0x00,0x00,
    0x00,0x00,0x00,0x00,0x00,0x00,0x00,0x00,0x00,0x00,0x00,0x00,0x00,0x00,0x31,0x60,
    0xee,0x40,0xe6,0x20,0xe6,0x20,0xe6,0x20,0xe6,0x20,0xe6,0x20,0xe6,0x20,0xe6,0x20,
    0xe6,0x20,0xe6,0x20,0xe6,0x20,0xe6,0x20,0xe6,0x20,0xe6,0x20,0xe6,0x20,0xe6,0x00,
    0xf6,0x80,0x5a,0x60,0x00,0x00,0x00,0x00,0x00,0x00,0x00,0x00,0x00,0x00,0x00,0x00,
    0x8b,0x80,0xf6,0x20,0xe5,0xa0,0xe5,0xc0,0xe5,0xc0,0xe5,0xc0,0xe5,0xc0,0xe5,0xe0,
    0xe5,0xe0,0xe5,0xe0,0xe5,0xe0,0xe5,0xe0,0xe5,0xe0,0xe5,0xe0,0xe5,0xe0,0xe5,0xe0,
    0xe5,0xe0,0xf6,0x60,0x52,0x20,0x00,0x00,0x00,0x00,0x00,0x00,0x00,0x00,0x00,0x00,
    0x00,0x00,0x00,0x00,0x00,0x00,0x00,0x00,0x00,0x00,0x00,0x00,0x00,0x00,0x00,0x00,
    0x00,0x00,0x00,0x00,0x00,0x00,0x00,0x00,0x00,0x00,0x00,0x00,0xac,0xa0,0xf6,0x60,
    0xe6,0x00,0xe6,0x20,0xe6,0x20,0xe6,0x20,0xe6,0x20,0xe6,0x20,0xe6,0x20,0xe6,0x20,
    0xe6,0x20,0xe6,0x20,0xe6,0x20,0xe6,0x20,0xe6,0x20,0xe6,0x00,0xf6,0x80,0xa4,0x60,
    0x00,0x00,0x00,0x00,0x00,0x00,0x00,0x00,0x00,0x00,0x00,0x00,0x00,0x00,0x10,0x60,
    0xd5,0x40,0xed,0xe0,0xe5,0xc0,0xe5,0xc0,0xe5,0xc0,0xe5,0xc0,0xe5,0xe0,0xe5,0xe0,
    0xe5,0xe0,0xe5,0xe0,0xe5,0xe0,0xe5,0xe0,0xe5,0xe0,0xe5,0xe0,0xe5,0xe0,0xe5,0xe0,
    0xee,0x20,0xc5,0x20,0x08,0x20,0x00,0x00,0x00,0x00,0x00,0x00,0x00,0x00,0x00,0x00,
    0x00,0x00,0x00,0x00,0x00,0x00,0x00,0x00,0x00,0x00,0x00,0x00,0x00,0x00,0x00,0x00,
    0x00,0x00,0x00,0x00,0x00,0x00,0x00,0x00,0x4a,0x00,0xf6,0x80,0xe6,0x00,0xe6,0x20,
    0xe6,0x20,0xe6,0x20,0xe6,0x20,0xe6,0x20,0xe6,0x20,0xe6,0x20,0xe6,0x20,0xe6,0x20,
    0xe6,0x20,0xe6,0x20,0xe6,0x20,0xe6,0x00,0xe6,0x20,0xdd,0xe0,0x18,0xc0,0x00,0x00,
    0x00,0x00,0x00,0x00,0x00,0x00,0x00,0x00,0x00,0x00,0x00,0x00,0x00,0x00,0x52,0x00,
    0xf6,0x20,0xe5,0xa0,0xe5,0xc0,0xe5,0xc0,0xe5,0xc0,0xe5,0xe0,0xe5,0xe0,0xe5,0xe0,
    0xe5,0xe0,0xe5,0xe0,0xe5,0xe0,0xe5,0xe0,0xe5,0xe0,0xe5,0xe0,0xe6,0x00,0xe5,0xe0,
    0xf6,0x60,0x62,0x80,0x00,0x00,0x00,0x00,0x00,0x00,0x00,0x00,0x00,0x00,0x00,0x00,
    0x00,0x00,0x00,0x00,0x00,0x00,0x00,0x00,0x00,0x00,0x00,0x00,0x00,0x00,0x00,0x00,
    0x00,0x00,0x00,0x00,0x00,0x20,0xc5,0x20,0xee,0x40,0xe6,0x00,0xe6,0x20,0xe6,0x20,
    0xe6,0x20,0xe6,0x20,0xe6,0x20,0xe6,0x20,0xe6,0x20,0xe6,0x20,0xe6,0x20,0xe6,0x20,
    0xe6,0x20,0xe6,0x20,0xe6,0x00,0xf6,0x80,0x5a,0x80,0x00,0x00,0x00,0x00,0x00,0x00,
    0x00,0x00,0x00,0x00,0x00,0x00,0x00,0x00,0x00,0x00,0x00,0x00,0x00,0x00,0xa4,0x20,
    0xf6,0x20,0xe5,0xc0,0xe5,0xc0,0xe5,0xc0,0xe5,0xe0,0xe5,0xe0,0xe5,0xe0,0xe5,0xe0,
    0xe5,0xe0,0xe5,0xe0,0xe5,0xe0,0xe5,0xe0,0xe5,0xe0,0xe6,0x00,0xe5,0xe0,0xee,0x20,
    0xcd,0x60,0x08,0x40,0x00,0x00,0x00,0x00,0x00,0x00,0x00,0x00,0x00,0x00,0x00,0x00,
    0x00,0x00,0x00,0x00,0x00,0x00,0x00,0x00,0x00,0x00,0x00,0x00,0x00,0x00,0x00,0x00,
    0x00,0x00,0x62,0xa0,0xf6,0x80,0xe6,0x00,0xe6,0x20,0xe6,0x20,0xe6,0x20,0xe6,0x20,
    0xe6,0x20,0xe6,0x20,0xe6,0x20,0xe6,0x20,0xe6,0x20,0xe6,0x20,0xe6,0x20,0xe6,0x20,
    0xe6,0x00,0xf6,0x80,0xac,0x80,0x00,0x00,0x00,0x00,0x00,0x00,0x00,0x00,0x00,0x00,
    0x00,0x00,0x00,0x00,0x00,0x00,0x00,0x00,0x00,0x00,0x00,0x00,0x20,0xc0,0xe5,0xa0,
    0xe5,0xe0,0xe5,0xc0,0xe5,0xc0,0xe5,0xe0,0xe5,0xe0,0xe5,0xe0,0xe5,0xe0,0xe5,0xe0,
    0xe5,0xe0,0xe5,0xe0,0xe5,0xe0,0xe5,0xe0,0xe6,0x00,0xe6,0x00,0xe5,0xe0,0xf6,0x60,
    0x6a,0xe0,0x00,0x00,0x00,0x00,0x00,0x00,0x00,0x00,0x00,0x00,0x00,0x00,0x00,0x00,
    0x00,0x00,0x00,0x00,0x00,0x00,0x00,0x00,0x00,0x00,0x00,0x00,0x00,0x00,0x10,0x60,
    0xd5,0xa0,0xee,0x40,0xe6,0x00,0xe6,0x20,0xe6,0x20,0xe6,0x20,0xe6,0x20,0xe6,0x20,
    0xe6,0x20,0xe6,0x20,0xe6,0x20,0xe6,0x20,0xe6,0x20,0xe6,0x20,0xe6,0x00,0xe6,0x20,
    0xe6,0x00,0x20,0xe0,0x00,0x00,0x00,0x00,0x00,0x00,0x00,0x00,0x00,0x00,0x00,0x00,
    0x00,0x00,0x00,0x00,0x00,0x00,0x00,0x00,0x00,0x00,0x00,0x00,0x6a,0xa0,0xf6,0x40,
    0xe5,0xc0,0xe5,0xc0,0xe5,0xe0,0xe5,0xe0,0xe5,0xe0,0xe5,0xe0,0xe5,0xe0,0xe5,0xe0,
    0xe5,0xe0,0xe5,0xe0,0xe5,0xe0,0xe6,0x00,0xe6,0x00,0xe5,0xe0,0xee,0x00,0xd5,0xa0,
    0x10,0x80,0x00,0x00,0x00,0x00,0x00,0x00,0x00,0x00,0x00,0x00,0x00,0x00,0x00,0x00,
    0x00,0x00,0x00,0x00,0x00,0x00,0x00,0x00,0x00,0x00,0x00,0x00,0x7b,0x40,0xf6,0x80,
    0xe6,0x00,0xe6,0x20,0xe6,0x20,0xe6,0x20,0xe6,0x20,0xe6,0x20,0xe6,0x20,0xe6,0x20,
    0xe6,0x20,0xe6,0x20,0xe6,0x20,0xe6,0x20,0xe6,0x20,0xe6,0x00,0xf6,0x80,0x62,0xa0,
    0x00,0x00,0x00,0x00,0x00,0x00,0x00,0x00,0x00,0x00,0x00,0x00,0x00,0x00,0x00,0x00,
    0x00,0x00,0x00,0x00,0x00,0x00,0x00,0x00,0x00,0x00,0x00,0x00,0xb4,0xa0,0xee,0x00,
    0xe5,0xc0,0xe5,0xe0,0xe5,0xe0,0xe5,0xe0,0xe5,0xe0,0xe5,0xe0,0xe5,0xe0,0xe5,0xe0,
    0xe5,0xe0,0xe5,0xe0,0xe6,0x00,0xe6,0x00,0xe6,0x00,0xe5,0xe0,0xf6,0x60,0x7b,0x40,
    0x00,0x00,0x00,0x00,0x00,0x00,0x00,0x00,0x00,0x00,0x00,0x00,0x00,0x00,0x00,0x00,
    0x00,0x00,0x00,0x00,0x00,0x00,0x00,0x00,0x18,0xc0,0xe6,0x00,0xe6,0x20,0xe6,0x00,
    0xe6,0x20,0xe6,0x20,0xe6,0x20,0xe6,0x20,0xe6,0x20,0xe6,0x20,0xe6,0x20,0xe6,0x20,
    0xe6,0x20,0xe6,0x20,0xe6,0x20,0xe6,0x00,0xf6,0x80,0xac,0xa0,0x00,0x00,0x00,0x00,
    0x00,0x00,0x00,0x00,0x00,0x00,0x00,0x00,0x00,0x00,0x00,0x00,0x00,0x00,0x00,0x00,
    0x00,0x00,0x00,0x00,0x00,0x00,0x00,0x00,0x00,0x00,0x31,0x40,0xed,0xe0,0xe5,0xc0,
    0xe5,0xc0,0xe5,0xe0,0xe5,0xe0,0xe5,0xe0,0xe5,0xe0,0xe5,0xe0,0xe5,0xe0,0xe5,0xe0,
    0xe5,0xe0,0xe6,0x00,0xe6,0x00,0xe6,0x00,0xe5,0xe0,0xe6,0x00,0xdd,0xe0,0x18,0xc0,
    0x00,0x00,0x00,0x00,0x00,0x00,0x00,0x00,0x00,0x00,0x00,0x00,0x00,0x00,0x00,0x00,
    0x00,0x00,0x00,0x00,0x00,0x00,0x94,0x00,0xf6,0x80,0xe6,0x00,0xe6,0x20,0xe6,0x20,
    0xe6,0x20,0xe6,0x20,0xe6,0x20,0xe6,0x20,0xe6,0x20,0xe6,0x20,0xe6,0x20,0xe6,0x20,
    0xe6,0x20,0xe6,0x00,0xe6,0x20,0xe6,0x00,0x20,0xe0,0x00,0x00,0x00,0x00,0x00,0x00,
    0x00,0x00,0x00,0x00,0x00,0x00,0x00,0x00,0x00,0x00,0x00,0x00,0x00,0x00,0x00,0x00,
    0x00,0x00,0x00,0x00,0x00,0x00,0x00,0x00,0x00,0x00,0x83,0x40,0xf6,0x40,0xe5,0xc0,
    0xe5,0xe0,0xe5,0xe0,0xe5,0xe0,0xe5,0xe0,0xe5,0xe0,0xe5,0xe0,0xe5,0xe0,0xe5,0xe0,
    0xe6,0x00,0xe6,0x00,0xe6,0x00,0xe6,0x00,0xe5,0xe0,0xf6,0x60,0x8b,0xa0,0x00,0x00,
    0x00,0x00,0x00,0x00,0x00,0x00,0x00,0x00,0x00,0x00,0x00,0x00,0x00,0x00,0x00,0x00,
    0x00,0x00,0x31,0x40,0xee,0x40,0xe6,0x20,0xe6,0x20,0xe6,0x20,0xe6,0x20,0xe6,0x20,
    0xe6,0x20,0xe6,0x20,0xe6,0x20,0xe6,0x20,0xe6,0x20,0xe6,0x20,0xe6,0x20,0xe6,0x20,
    0xe6,0x00,0xf6,0x80,0x62,0xc0,0x00,0x00,0x00,0x00,0x00,0x00,0x00,0x00,0x00,0x00,
    0x00,0x00,0x00,0x00,0x00,0x00,0x00,0x00,0x00,0x00,0x00,0x00,0x00,0x00,0x00,0x00,
    0x00,0x00,0x00,0x00,0x00,0x00,0x00,0x00,0x08,0x40,0xcd,0x20,0xee,0x00,0xe5,0xc0,
    0xe5,0xe0,0xe5,0xe0,0xe5,0xe0,0xe5,0xe0,0xe5,0xe0,0xe5,0xe0,0xe5,0xe0,0xe6,0x00,
    0xe6,0x00,0xe6,0x00,0xe6,0x00,0xe6,0x00,0xe6,0x00,0xe6,0x00,0x20,0xe0,0x00,0x00,
    0x00,0x00,0x00,0x00,0x00,0x00,0x00,0x00,0x00,0x00,0x00,0x00,0x00,0x00,0x00,0x00,
    0xac,0x80,0xf6,0x80,0xe6,0x00,0xe6,0x20,0xe6,0x20,0xe6,0x20,0xe6,0x20,0xe6,0x20,
    0xe6,0x20,0xe6,0x20,0xe6,0x20,0xe6,0x20,0xe6,0x20,0xe6,0x20,0xe6,0x00,0xf6,0x60,
    0xb4,0xc0,0x00,0x00,0x00,0x00,0x00,0x00,0x00,0x00,0x00,0x00,0x00,0x00,0x00,0x00,
    0x00,0x00,0x00,0x00,0x00,0x00,0x00,0x00,0x00,0x00,0x00,0x00,0x00,0x00,0x00,0x00,
    0x00,0x00,0x00,0x00,0x00,0x00,0x00,0x00,0x41,0xc0,0xf6,0x20,0xe5,0xc0,0xe5,0xe0,
    0xe5,0xe0,0xe5,0xe0,0xe5,0xe0,0xe5,0xe0,0xe5,0xe0,0xe5,0xe0,0xe6,0x00,0xe6,0x00,
    0xe6,0x00,0xe6,0x00,0xe6,0x00,0xe5,0xe0,0xf6,0x60,0x94,0x00,0x00,0x00,0x00,0x00,
    0x00,0x00,0x00,0x00,0x00,0x00,0x00,0x00,0x00,0x00,0x00,0x00,0x41,0xe0,0xf6,0x80,
    0xe6,0x00,0xe6,0x20,0xe6,0x20,0xe6,0x20,0xe6,0x20,0xe6,0x20,0xe6,0x20,0xe6,0x20,
    0xe6,0x20,0xe6,0x20,0xe6,0x20,0xe6,0x20,0xe6,0x00,0xe6,0x20,0xe6,0x20,0x21,0x00,
    0x00,0x00,0x00,0x00,0x00,0x00,0x00,0x00,0x00,0x00,0x00,0x00,0x00,0x00,0x00,0x00,
    0x00,0x00,0x00,0x00,0x00,0x00,0x00,0x00,0x00,0x00,0x00,0x00,0x00,0x00,0x00,0x00,
    0x00,0x00,0x00,0x00,0x00,0x00,0x00,0x00,0x93,0xc0,0xf6,0x40,0xe5,0xc0,0xe5,0xe0,
    0xe5,0xe0,0xe5,0xe0,0xe5,0xe0,0xe5,0xe0,0xe5,0xe0,0xe6,0x00,0xe6,0x00,0xe6,0x00,
    0xe6,0x00,0xe6,0x00,0xe6,0x00,0xe6,0x00,0xee,0x20,0x29,0x40,0x00,0x00,0x00,0x00,
    0x00,0x00,0x00,0x00,0x00,0x00,0x00,0x00,0x00,0x20,0xbd,0x20,0xee,0x60,0xe6,0x00,
    0xe6,0x20,0xe6,0x20,0xe6,0x20,0xe6,0x20,0xe6,0x20,0xe6,0x20,0xe6,0x20,0xe6,0x20,
    0xe6,0x20,0xe6,0x20,0xe6,0x20,0xe6,0x00,0xf6,0xa0,0x6a,0xe0,0x00,0x00,0x00,0x00,
    0x00,0x00,0x00,0x00,0x00,0x00,0x00,0x00,0x00,0x00,0x00,0x00,0x00,0x00,0x00,0x00,
    0x00,0x00,0x00,0x00,0x00,0x00,0x00,0x00,0x00,0x00,0x00,0x00,0x00,0x00,0x00,0x00,
    0x00,0x00,0x00,0x00,0x00,0x00,0x10,0x80,0xdd,0x80,0xed,0xe0,0xe5,0xc0,0xe5,0xe0,
    0xe5,0xe0,0xe5,0xe0,0xe5,0xe0,0xe5,0xe0,0xe6,0x00,0xe6,0x00,0xe6,0x00,0xe6,0x00,
    0xe6,0x00,0xe6,0x00,0xe5,0xe0,0xf6,0x60,0xa4,0x60,0x00,0x00,0x00,0x00,0x00,0x00,
    0x00,0x00,0x00,0x00,0x00,0x00,0x5a,0x80,0xf6,0x80,0xe6,0x00,0xe6,0x20,0xe6,0x20,
    0xe6,0x20,0xe6,0x20,0xe6,0x20,0xe6,0x20,0xe6,0x20,0xe6,0x20,0xe6,0x20,0xe6,0x20,
    0xe6,0x20,0xe6,0x00,0xf6,0x60,0xb4,0xe0,0x00,0x00,0x00,0x00,0x00,0x00,0x00,0x00,
    0x00,0x00,0x00,0x00,0x00,0x00,0x00,0x00,0x00,0x00,0x00,0x00,0x00,0x00,0x00,0x00,
    0x00,0x00,0x00,0x00,0x00,0x00,0x00,0x00,0x00,0x00,0x00,0x00,0x00,0x00,0x00,0x00,
    0x00,0x00,0x00,0x00,0x00,0x00,0x5a,0x40,0xf6,0x40,0xe5,0xc0,0xe5,0xe0,0xe5,0xe0,
    0xe5,0xe0,0xe5,0xe0,0xe5,0xe0,0xe6,0x00,0xe6,0x00,0xe6,0x00,0xe6,0x00,0xe6,0x00,
    0xe6,0x00,0xe6,0x00,0xe6,0x00,0xee,0x40,0x39,0x80,0x00,0x00,0x00,0x00,0x00,0x00,
    0x00,0x00,0x08,0x60,0xd5,0x80,0xee,0x40,0xe6,0x00,0xe6,0x20,0xe6,0x20,0xe6,0x20,
    0xe6,0x20,0xe6,0x20,0xe6,0x20,0xe6,0x20,0xe6,0x20,0xe6,0x20,0xe6,0x20,0xe6,0x20,
    0xe6,0x20,0xe6,0x20,0x29,0x20,0x00,0x00,0x00,0x00,0x00,0x00,0x00,0x00,0x00,0x00,
    0x00,0x00,0x00,0x00,0x00,0x00,0x00,0x00,0x00,0x00,0x00,0x00,0x00,0x00,0x00,0x00,
    0x00,0x00,0x00,0x00,0x00,0x00,0x00,0x00,0x00,0x00,0x00,0x00,0x00,0x00,0x00,0x00,
    0x00,0x00,0x00,0x00,0x00,0x00,0xac,0x60,0xf6,0x20,0xe5,0xc0,0xe5,0xe0,0xe5,0xe0,
    0xe5,0xe0,0xe5,0xe0,0xe6,0x00,0xe6,0x00,0xe6,0x00,0xe6,0x00,0xe6,0x00,0xe6,0x00,
    0xe6,0x00,0xe6,0x00,0xf6,0x60,0xac,0xa0,0x00,0x00,0x00,0x00,0x00,0x00,0x00,0x00,
    0x7b,0x20,0xf6,0x80,0xe6,0x00,0xe6,0x20,0xe6,0x20,0xe6,0x20,0xe6,0x20,0xe6,0x20,
    0xe6,0x20,0xe6,0x20,0xe6,0x20,0xe6,0x20,0xe6,0x20,0xe6,0x20,0xe6,0x00,0xf6,0x80,
    0x73,0x00,0x00,0x00,0x00,0x00,0x00,0x00,0x00,0x00,0x00,0x00,0x00,0x00,0x00,0x00,
    0x00,0x00,0x00,0x00,0x00,0x00,0x00,0x00,0x00,0x00,0x00,0x00,0x00,0x00,0x00,0x00,
    0x00,0x00,0x00,0x00,0x00,0x00,0x00,0x00,0x00,0x00,0x00,0x00,0x00,0x00,0x00,0x00,
    0x00,0x00,0x00,0x00,0x20,0xe0,0xe5,0xe0,0xe5,0xe0,0xe5,0xe0,0xe5,0xe0,0xe5,0xe0,
    0xe5,0xe0,0xe6,0x00,0xe6,0x00,0xe6,0x00,0xe6,0x00,0xe6,0x00,0xe6,0x00,0xe6,0x00,
    0xe6,0x00,0xe6,0x00,0xf6,0x60,0x41,0xe0,0x00,0x00,0x00,0x00,0x18,0xc0,0xdd,0xe0,
    0xe6,0x20,0xe6,0x00,0xe6,0x20,0xe6,0x20,0xe6,0x20,0xe6,0x20,0xe6,0x20,0xe6,0x20,
    0xe6,0x20,0xe6,0x20,0xe6,0x20,0xe6,0x20,0xe6,0x00,0xee,0x60,0xbd,0x00,0x00,0x20,
    0x00,0x00,0x00,0x00,0x00,0x00,0x00,0x00,0x00,0x00,0x00,0x00,0x00,0x00,0x00,0x00,
    0x00,0x00,0x00,0x00,0x00,0x00,0x00,0x00,0x00,0x00,0x00,0x00,0x00,0x00,0x00,0x00,
    0x00,0x00,0x00,0x00,0x00,0x00,0x00,0x00,0x00,0x00,0x00,0x00,0x00,0x00,0x00,0x00,
    0x00,0x00,0x00,0x00,0x72,0xe0,0xf6,0x40,0xe5,0xc0,0xe5,0xe0,0xe5,0xe0,0xe5,0xe0,
    0xe6,0x00,0xe6,0x00,0xe6,0x00,0xe6,0x00,0xe6,0x00,0xe6,0x00,0xe6,0x00,0xe6,0x00,
    0xe6,0x00,0xee,0x40,0xbd,0x00,0x00,0x20,0x00,0x00,0x93,0xc0,0xf6,0x80,0xe6,0x00,
    0xe6,0x20,0xe6,0x20,0xe6,0x20,0xe6,0x20,0xe6,0x20,0xe6,0x20,0xe6,0x20,0xe6,0x20,
    0xe6,0x20,0xe6,0x20,0xe6,0x00,0xe6,0x20,0xe6,0x40,0x29,0x40,0x00,0x00,0x00,0x00,
    0x00,0x00,0x00,0x00,0x00,0x00,0x00,0x00,0x00,0x00,0x00,0x00,0x00,0x00,0x00,0x00,
    0x00,0x00,0x00,0x00,0x00,0x00,0x00,0x00,0x00,0x00,0x00,0x00,0x00,0x00,0x00,0x00,
    0x00,0x00,0x00,0x00,0x00,0x00,0x00,0x00,0x00,0x00,0x00,0x00,0x00,0x00,0x00,0x00,
    0x00,0x00,0x00,0x20,0xbc,0xe0,0xee,0x20,0xe5,0xe0,0xe5,0xe0,0xe5,0xe0,0xe6,0x00,
    0xe6,0x00,0xe6,0x00,0xe6,0x00,0xe6,0x00,0xe6,0x00,0xe6,0x00,0xe6,0x00,0xe6,0x00,
    0xe6,0x00,0xf6,0x80,0x49,0xe0,0x18,0xc0,0xee,0x40,0xe6,0x00,0xe6,0x20,0xe6,0x20,
    0xe6,0x20,0xe6,0x20,0xe6,0x20,0xe6,0x20,0xe6,0x20,0xe6,0x20,0xe6,0x20,0xe6,0x20,
    0xe6,0x20,0xe6,0x00,0xf6,0xa0,0x73,0x20,0x00,0x00,0x00,0x00,0x00,0x00,0x00,0x00,
    0x00,0x00,0x00,0x00,0x00,0x00,0x00,0x00,0x00,0x00,0x00,0x00,0x00,0x00,0x00,0x00,
    0x00,0x00,0x00,0x00,0x00,0x00,0x00,0x00,0x00,0x00,0x00,0x00,0x00,0x00,0x00,0x00,
    0x00,0x00,0x00,0x00,0x00,0x00,0x00,0x00,0x00,0x00,0x00,0x00,0x00,0x00,0x00,0x00,
    0x00,0x00,0x31,0x60,0xee,0x00,0xe5,0xe0,0xe5,0xe0,0xe5,0xe0,0xe6,0x00,0xe6,0x00,
    0xe6,0x00,0xe6,0x00,0xe6,0x00,0xe6,0x00,0xe6,0x00,0xe6,0x00,0xe6,0x00,0xe6,0x00,
    0xee,0x40,0xbd,0x00,0xac,0xa0,0xf6,0x60,0xe6,0x00,0xe6,0x20,0xe6,0x20,0xe6,0x20,
    0xe6,0x20,0xe6,0x20,0xe6,0x20,0xe6,0x20,0xe6,0x20,0xe6,0x20,0xe6,0x20,0xe6,0x00,
    0xee,0x60,0xbd,0x00,0x00,0x20,0x00,0x00,0x00,0x00,0x00,0x00,0x00,0x00,0x00,0x00,
    0x00,0x00,0x00,0x00,0x00,0x00,0x00,0x00,0x00,0x00,0x00,0x00,0x00,0x00,0x00,0x00,
    0x00,0x00,0x00,0x00,0x00,0x00,0x00,0x00,0x00,0x00,0x00,0x00,0x00,0x00,0x00,0x00,
    0x00,0x00,0x00,0x00,0x00,0x00,0x00,0x00,0x00,0x00,0x00,0x00,0x00,0x00,0x00,0x00,
    0x00,0x00,0x83,0x60,0xf6,0x60,0xe5,0xc0,0xe5,0xe0,0xe6,0x00,0xe6,0x00,0xe6,0x00,
    0xe6,0x00,0xe6,0x00,0xe6,0x00,0xe6,0x00,0xe6,0x00,0xe6,0x00,0xe6,0x20,0xe6,0x00,
    0xee,0x40,0xee,0x40,0xe6,0x20,0xe6,0x20,0xe6,0x20,0xe6,0x20,0xe6,0x20,0xe6,0x20,
    0xe6,0x20,0xe6,0x20,0xe6,0x20,0xe6,0x20,0xe6,0x20,0xe6,0x20,0xe6,0x20,0xee,0x40,
    0x31,0x40,0x00,0x00,0x00,0x00,0x00,0x00,0x00,0x00,0x00,0x00,0x00,0x00,0x00,0x00,
    0x00,0x00,0x00,0x00,0x00,0x00,0x00,0x00,0x00,0x00,0x00,0x00,0x00,0x00,0x00,0x00,
    0x00,0x00,0x00,0x00,0x00,0x00,0x00,0x00,0x00,0x00,0x00,0x00,0x00,0x00,0x00,0x00,
    0x00,0x00,0x00,0x00,0x00,0x00,0x00,0x00,0x00,0x00,0x00,0x00,0x00,0x00,0x00,0x00,
    0x08,0x60,0xcd,0x60,0xee,0x00,0xe5,0xe0,0xe6,0x00,0xe6,0x00,0xe6,0x00,0xe6,0x00,
    0xe6,0x00,0xe6,0x00,0xe6,0x00,0xe6,0x00,0xe6,0x00,0xe6,0x20,0xe6,0x20,0xe6,0x00,
    0xe6,0x00,0xe6,0x20,0xe6,0x20,0xe6,0x20,0xe6,0x20,0xe6,0x20,0xe6,0x20,0xe6,0x20,
    0xe6,0x20,0xe6,0x20,0xe6,0x20,0xe6,0x20,0xe6,0x00,0xf6,0x80,0x7b,0x40,0x00,0x00,
    0x00,0x00,0x00,0x00,0x00,0x00,0x00,0x00,0x00,0x00,0x00,0x00,0x00,0x00,0x00,0x00,
    0x00,0x00,0x00,0x00,0x00,0x00,0x00,0x00,0x00,0x00,0x00,0x00,0x00,0x00,0x00,0x00,
    0x00,0x00,0x00,0x00,0x00,0x00,0x00,0x00,0x00,0x00,0x00,0x00,0x00,0x00,0x00,0x00,
    0x00,0x00,0x00,0x00,0x00,0x00,0x00,0x00,0x00,0x00,0x00,0x00,0x00,0x00,0x00,0x00,
    0x49,0xe0,0xf6,0x40,0xe5,0xe0,0xe6,0x00,0xe6,0x00,0xe6,0x00,0xe6,0x00,0xe6,0x00,
    0xe6,0x00,0xe6,0x00,0xe6,0x00,0xe6,0x00,0xe6,0x20,0xe6,0x20,0xe6,0x20,0xe6,0x20,
    0xe6,0x20,0xe6,0x20,0xe6,0x20,0xe6,0x20,0xe6,0x20,0xe6,0x20,0xe6,0x20,0xe6,0x20,
    0xe6,0x20,0xe6,0x20,0xe6,0x00,0xee,0x60,0xc5,0x20,0x00,0x20,0x00,0x00,0x00,0x00,
    0x00,0x00,0x00,0x00,0x00,0x00,0x00,0x00,0x00,0x00,0x00,0x00,0x00,0x00,0x00,0x00,
    0x00,0x00,0x00,0x00,0x00,0x00,0x00,0x00,0x00,0x00,0x00,0x00,0x00,0x00,0x00,0x00,
    0x00,0x00,0x00,0x00,0x00,0x00,0x00,0x00,0x00,0x00,0x00,0x00,0x00,0x00,0x00,0x00,
    0x00,0x00,0x00,0x00,0x00,0x00,0x00,0x00,0x00,0x00,0x00,0x00,0x00,0x00,0x00,0x00,
    0x9c,0x00,0xf6,0x40,0xe5,0xe0,0xe6,0x00,0xe6,0x00,0xe6,0x00,0xe6,0x00,0xe6,0x00,
    0xe6,0x00,0xe6,0x00,0xe6,0x00,0xe6,0x20,0xe6,0x20,0xe6,0x20,0xe6,0x20,0xe6,0x20,
    0xe6,0x20,0xe6,0x20,0xe6,0x20,0xe6,0x20,0xe6,0x20,0xe6,0x20,0xe6,0x20,0xe6,0x20,
    0xe6,0x20,0xe6,0x20,0xee,0x40,0x31,0x60,0x00,0x00,0x00,0x00,0x00,0x00,0x00,0x00,
    0x00,0x00,0x00,0x00,0x00,0x00,0x00,0x00,0x00,0x00,0x00,0x00,0x00,0x00,0x00,0x00,
    0x00,0x00,0x00,0x00,0x00,0x00,0x00,0x00,0x00,0x00,0x00,0x00,0x00,0x00,0x00,0x00,
    0x00,0x00,0x00,0x00,0x00,0x00,0x00,0x00,0x00,0x00,0x00,0x00,0x00,0x00,0x00,0x00,
    0x00,0x00,0x00,0x00,0x00,0x00,0x00,0x00,0x00,0x00,0x00,0x00,0x00,0x00,0x18,0xa0,
    0xdd,0xa0,0xe6,0x00,0xe5,0xe0,0xe6,0x00,0xe6,0x00,0xe6,0x00,0xe6,0x00,0xe6,0x00,
    0xe6,0x00,0xe6,0x00,0xe6,0x20,0xe6,0x20,0xe6,0x20,0xe6,0x20,0xe6,0x20,0xe6,0x20,
    0xe6,0x20,0xe6,0x20,0xe6,0x20,0xe6,0x20,0xe6,0x20,0xe6,0x20,0xe6,0x20,0xe6,0x00,
    0xf6,0x80,0x7b,0x60,0x00,0x00,0x00,0x00,0x00,0x00,0x00,0x00,0x00,0x00,0x00,0x00,
    0x00,0x00,0x00,0x00,0x00,0x00,0x00,0x00,0x00,0x00,0x00,0x00,0x00,0x00,0x00,0x00,
    0x00,0x00,0x00,0x00,0x00,0x00,0x00,0x00,0x00,0x00,0x00,0x00,0x00,0x00,0x00,0x00,
    0x00,0x00,0x00,0x00,0x00,0x00,0x00,0x00,0x00,0x00,0x00,0x00,0x00,0x00,0x00,0x00,
    0x00,0x00,0x00,0x00,0x00,0x00,0x00,0x00,0x00,0x00,0x00,0x00,0x00,0x00,0x62,0x80,
    0xf6,0x60,0xe5,0xe0,0xe6,0x00,0xe6,0x00,0xe6,0x00,0xe6,0x00,0xe6,0x00,0xe6,0x00,
    0xe6,0x00,0xe6,0x20,0xe6,0x20,0xe6,0x20,0xe6,0x20,0xe6,0x20,0xe6,0x20,0xe6,0x20,
    0xe6,0x20,0xe6,0x20,0xe6,0x20,0xe6,0x20,0xe6,0x20,0xe6,0x00,0xee,0x60,0xc5,0x40,
    0x08,0x40,0x00,0x00,0x00,0x00,0x00,0x00,0x00,0x00,0x00,0x00,0x00,0x00,0x00,0x00,
    0x00,0x00,0x00,0x00,0x00,0x00,0x00,0x00,0x00,0x00,0x00,0x00,0x00,0x00,0x00,0x00,
    0x00,0x00,0x00,0x00,0x00,0x00,0x00,0x00,0x00,0x00,0x00,0x00,0x00,0x00,0x00,0x00,
    0x00,0x00,0x00,0x00,0x00,0x00,0x00,0x00,0x00,0x00,0x00,0x00,0x00,0x00,0x00,0x00,
    0x00,0x00,0x00,0x00,0x00,0x00,0x00,0x00,0x00,0x00,0x00,0x00,0x00,0x00,0xb4,0xa0,
    0xf6,0x40,0xe5,0xe0,0xe6,0x00,0xe6,0x00,0xe6,0x00,0xe6,0x00,0xe6,0x00,0xe6,0x00,
    0xe6,0x20,0xe6,0x20,0xe6,0x20,0xe6,0x20,0xe6,0x20,0xe6,0x20,0xe6,0x20,0xe6,0x20,
    0xe6,0x20,0xe6,0x20,0xe6,0x20,0xe6,0x20,0xe6,0x20,0xee,0x60,0x39,0x80,0x00,0x00,
    0x00,0x00,0x00,0x00,0x00,0x00,0x00,0x00,0x00,0x00,0x00,0x00,0x00,0x00,0x00,0x00,
    0x00,0x00,0x00,0x00,0x00,0x00,0x00,0x00,0x00,0x00,0x00,0x00,0x00,0x00,0x00,0x00,
    0x00,0x00,0x00,0x00,0x00,0x00,0x00,0x00,0x00,0x00,0x00,0x00,0x00,0x00,0x00,0x00,
    0x00,0x00,0x00,0x00,0x00,0x00,0x00,0x00,0x00,0x00,0x00,0x00,0x00,0x00,0x00,0x00,
    0x00,0x00,0x00,0x00,0x00,0x00,0x00,0x00,0x00,0x00,0x00,0x00,0x29,0x20,0xe6,0x00,
    0xe6,0x00,0xe5,0xe0,0xe6,0x00,0xe6,0x00,0xe6,0x00,0xe6,0x00,0xe6,0x00,0xe6,0x20,
    0xe6,0x20,0xe6,0x20,0xe6,0x20,0xe6,0x20,0xe6,0x20,0xe6,0x20,0xe6,0x20,0xe6,0x20,
    0xe6,0x20,0xe6,0x20,0xe6,0x00,0xf6,0x80,0x83,0x80,0x00,0x00,0x00,0x00,0x00,0x00,
    0x00,0x00,0x00,0x00,0x00,0x00,0x00,0x00,0x00,0x00,0x00,0x00,0x00,0x00,0x00,0x00,
    0x00,0x00,0x00,0x00,0x00,0x00,0x00,0x00,0x00,0x00,0x00,0x00,0x00,0x00,0x00,0x00,
    0x00,0x00,0x00,0x00,0x00,0x00,0x00,0x00,0x00,0x00,0x00,0x00,0x00,0x00,0x00,0x00,
    0x00,0x00,0x00,0x00,0x00,0x00,0x00,0x00,0x00,0x00,0x00,0x00,0x00,0x00,0x00,0x00,
    0x00,0x00,0x00,0x00,0x00,0x00,0x00,0x00,0x00,0x00,0x00,0x00,0x7b,0x20,0xf6,0x60,
    0xe5,0xe0,0xe6,0x00,0xe6,0x00,0xe6,0x00,0xe6,0x00,0xe6,0x00,0xe6,0x20,0xe6,0x20,
    0xe6,0x20,0xe6,0x20,0xe6,0x20,0xe6,0x20,0xe6,0x20,0xe6,0x20,0xe6,0x20,0xe6,0x20,
    0xe6,0x00,0xee,0x60,0xcd,0x60,0x08,0x40,0x00,0x00,0x00,0x00,0x00,0x00,0x00,0x00,
    0x00,0x00,0x00,0x00,0x00,0x00,0x00,0x00,0x00,0x00,0x00,0x00,0x00,0x00,0x00,0x00,
    0x00,0x00,0x00,0x00,0x00,0x00,0x00,0x00,0x00,0x00,0x00,0x00,0x00,0x00,0x00,0x00,
    0x00,0x00,0x00,0x00,0x00,0x00,0x00,0x00,0x00,0x00,0x00,0x00,0x00,0x00,0x00,0x00,
    0x00,0x00,0x00,0x00,0x00,0x00,0x00,0x00,0x00,0x00,0x00,0x00,0x00,0x00,0x00,0x00,
    0x00,0x00,0x00,0x00,0x00,0x00,0x00,0x00,0x00,0x00,0x08,0x20,0xc5,0x20,0xee,0x40,
    0xe5,0xe0,0xe6,0x00,0xe6,0x00,0xe6,0x00,0xe6,0x00,0xe6,0x20,0xe6,0x20,0xe6,0x20,
    0xe6,0x20,0xe6,0x20,0xe6,0x20,0xe6,0x20,0xe6,0x20,0xe6,0x20,0xe6,0x20,0xe6,0x00,
    0xee,0x40,0x39,0x80,0x00,0x00,0x00,0x00,0x00,0x00,0x00,0x00,0x00,0x00,0x00,0x00,
    0x00,0x00,0x00,0x00,0x00,0x00,0x00,0x00,0x00,0x00,0x00,0x00,0x00,0x00,0x00,0x00,
    0x00,0x00,0x00,0x00,0x00,0x00,0x00,0x00,0x00,0x00,0x00,0x00,0x00,0x00,0x00,0x00,
    0x00,0x00,0x00,0x00,0x00,0x00,0x00,0x00,0x00,0x00,0x00,0x00,0x00,0x00,0x00,0x00,
    0x00,0x00,0x00,0x00,0x00,0x00,0x00,0x00,0x00,0x00,0x00,0x00,0x00,0x00,0x00,0x00,
    0x00,0x00,0x00,0x00,0x00,0x00,0x00,0x00,0x00,0x00,0x39,0xa0,0xee,0x20,0xe5,0xe0,
    0xe6,0x00,0xe6,0x00,0xe6,0x00,0xe6,0x00,0xe6,0x20,0xe6,0x20,0xe6,0x20,0xe6,0x20,
    0xe6,0x20,0xe6,0x20,0xe6,0x20,0xe6,0x20,0xe6,0x20,0xe6,0x20,0xe6,0x00,0xee,0x60,
    0x52,0x20,0x00,0x00,0x00,0x00,0x00,0x00,0x00,0x00,0x00,0x00,0x00,0x00,0x00,0x00,
    0x00,0x00,0x00,0x00,0x00,0x00,0x00,0x00,0x00,0x00,0x00,0x00,0x00,0x00,0x00,0x00,
    0x00,0x00,0x00,0x00,0x00,0x00,0x00,0x00,0x00,0x00,0x00,0x00,0x00,0x00,0x00,0x00,
    0x00,0x00,0x00,0x00,0x00,0x00,0x00,0x00,0x00,0x00,0x00,0x00,0x00,0x00,0x00,0x00,
    0x00,0x00,0x00,0x00,0x00,0x00,0x00,0x00,0x00,0x00,0x00,0x00,0x00,0x00,0x00,0x00,
    0x00,0x00,0x00,0x00,0x00,0x00,0x00,0x00,0x73,0x00,0xf6,0x40,0xe5,0xe0,0xe6,0x00,
    0xe6,0x00,0xe6,0x00,0xe6,0x00,0xe6,0x20,0xe6,0x20,0xe6,0x20,0xe6,0x20,0xe6,0x20,
    0xe6,0x20,0xe6,0x20,0xe6,0x20,0xe6,0x20,0xe6,0x20,0xe6,0x00,0xee,0x40,0xd5,0xc0,
    0x10,0x80,0x00,0x00,0x00,0x00,0x00,0x00,0x00,0x00,0x00,0x00,0x00,0x00,0x00,0x00,
    0x00,0x00,0x00,0x00,0x00,0x00,0x00,0x00,0x00,0x00,0x00,0x00,0x00,0x00,0x00,0x00,
    0x00,0x00,0x00,0x00,0x00,0x00,0x00,0x00,0x00,0x00,0x00,0x00,0x00,0x00,0x00,0x00,
    0x00,0x00,0x00,0x00,0x00,0x00,0x00,0x00,0x00,0x00,0x00,0x00,0x00,0x00,0x00,0x00,
    0x00,0x00,0x00,0x00,0x00,0x00,0x00,0x00,0x00,0x00,0x00,0x00,0x00,0x00,0x00,0x00,
    0x00,0x00,0x00,0x00,0x31,0x40,0xee,0x20,0xe6,0x00,0xe6,0x00,0xe6,0x00,0xe6,0x00,
    0xe6,0x00,0xe6,0x00,0xe6,0x20,0xe6,0x20,0xe6,0x20,0xe6,0x20,0xe6,0x20,0xe6,0x20,
    0xe6,0x20,0xe6,0x20,0xe6,0x20,0xe6,0x20,0xe6,0x20,0xe6,0x00,0xf6,0x80,0x8b,0xe0,
    0x00,0x00,0x00,0x00,0x00,0x00,0x00,0x00,0x00,0x00,0x00,0x00,0x00,0x00,0x00,0x00,
    0x00,0x00,0x00,0x00,0x00,0x00,0x00,0x00,0x00,0x00,0x00,0x00,0x00,0x00,0x00,0x00,
    0x00,0x00,0x00,0x00,0x00,0x00,0x00,0x00,0x00,0x00,0x00,0x00,0x00,0x00,0x00,0x00,
    0x00,0x00,0x00,0x00,0x00,0x00,0x00,0x00,0x00,0x00,0x00,0x00,0x00,0x00,0x00,0x00,
    0x00,0x00,0x00,0x00,0x00,0x00,0x00,0x00,0x00,0x00,0x00,0x00,0x00,0x00,0x00,0x00,
    0x08,0x20,0xbd,0x00,0xee,0x40,0xe5,0xe0,0xe6,0x00,0xe6,0x00,0xe6,0x00,0xe6,0x00,
    0xe6,0x00,0xe6,0x20,0xe6,0x20,0xe6,0x20,0xe6,0x20,0xe6,0x20,0xe6,0x20,0xe6,0x20,
    0xe6,0x20,0xe6,0x20,0xe6,0x20,0xe6,0x20,0xe6,0x20,0xe6,0x00,0xee,0x60,0x39,0xa0,
    0x00,0x00,0x00,0x00,0x00,0x00,0x00,0x00,0x00,0x00,0x00,0x00,0x00,0x00,0x00,0x00,
    0x00,0x00,0x00,0x00,0x00,0x00,0x00,0x00,0x00,0x00,0x00,0x00,0x00,0x00,0x00,0x00,
    0x00,0x00,0x00,0x00,0x00,0x00,0x00,0x00,0x00,0x00,0x00,0x00,0x00,0x00,0x00,0x00,
    0x00,0x00,0x00,0x00,0x00,0x00,0x00,0x00,0x00,0x00,0x00,0x00,0x00,0x00,0x00,0x00,
    0x00,0x00,0x00,0x00,0x00,0x00,0x00,0x00,0x00,0x00,0x00,0x00,0x00,0x00,0x7b,0x40,
    0xf6,0x60,0xe5,0xe0,0xe6,0x00,0xe6,0x00,0xe6,0x00,0xe6,0x00,0xe6,0x00,0xe6,0x00,
    0xe6,0x20,0xe6,0x20,0xe6,0x20,0xe6,0x20,0xe6,0x20,0xe6,0x20,0xe6,0x20,0xe6,0x20,
    0xe6,0x20,0xe6,0x20,0xe6,0x20,0xe6,0x20,0xe6,0x00,0xee,0x40,0xc5,0x40,0x08,0x20,
    0x00,0x00,0x00,0x00,0x00,0x00,0x00,0x00,0x00,0x00,0x00,0x00,0x00,0x00,0x00,0x00,
    0x00,0x00,0x00,0x00,0x00,0x00,0x00,0x00,0x00,0x00,0x00,0x00,0x00,0x00,0x00,0x00,
    0x00,0x00,0x00,0x00,0x00,0x00,0x00,0x00,0x00,0x00,0x00,0x00,0x00,0x00,0x00,0x00,
    0x00,0x00,0x00,0x00,0x00,0x00,0x00,0x00,0x00,0x00,0x00,0x00,0x00,0x00,0x00,0x00,
    0x00,0x00,0x00,0x00,0x00,0x00,0x00,0x00,0x00,0x00,0x31,0x60,0xee,0x20,0xe5,0xe0,
    0xe5,0xe0,0xe6,0x00,0xe6,0x00,0xe6,0x00,0xe6,0x00,0xe6,0x00,0xe6,0x00,0xe6,0x20,
    0xe6,0x20,0xe6,0x20,0xe6,0x20,0xe6,0x20,0xe6,0x20,0xe6,0x20,0xe6,0x20,0xe6,0x20,
    0xe6,0x20,0xe6,0x20,0xe6,0x20,0xe6,0x20,0xe6,0x00,0xf6,0xa0,0x73,0x20,0x00,0x00,
    0x00,0x00,0x00,0x00,0x00,0x00,0x00,0x00,0x00,0x00,0x00,0x00,0x00,0x00,0x00,0x00,
    0x00,0x00,0x00,0x00,0x00,0x00,0x00,0x00,0x00,0x00,0x00,0x00,0x00,0x00,0x00,0x00,
    0x00,0x00,0x00,0x00,0x00,0x00,0x00,0x00,0x00,0x00,0x00,0x00,0x00,0x00,0x00,0x00,
    0x00,0x00,0x00,0x00,0x00,0x00,0x00,0x00,0x00,0x00,0x00,0x00,0x00,0x00,0x00,0x00,
    0x00,0x00,0x00,0x00,0x00,0x00,0x08,0x40,0xc5,0x00,0xee,0x20,0xe5,0xe0,0xe6,0x00,
    0xe6,0x00,0xe6,0x00,0xe6,0x00,0xe6,0x00,0xe6,0x00,0xe6,0x00,0xe6,0x20,0xe6,0x20,
    0xe6,0x20,0xe6,0x20,0xe6,0x20,0xe6,0x20,0xe6,0x20,0xe6,0x20,0xe6,0x20,0xe6,0x20,
    0xe6,0x20,0xe6,0x20,0xe6,0x20,0xe6,0x00,0xe6,0x20,0xe6,0x20,0x29,0x00,0x00,0x00,
    0x00,0x00,0x00,0x00,0x00,0x00,0x00,0x00,0x00,0x00,0x00,0x00,0x00,0x00,0x00,0x00,
    0x00,0x00,0x00,0x00,0x00,0x00,0x00,0x00,0x00,0x00,0x00,0x00,0x00,0x00,0x00,0x00,
    0x00,0x00,0x00,0x00,0x00,0x00,0x00,0x00,0x00,0x00,0x00,0x00,0x00,0x00,0x00,0x00,
    0x00,0x00,0x00,0x00,0x00,0x00,0x00,0x00,0x00,0x00,0x00,0x00,0x00,0x00,0x00,0x00,
    0x00,0x00,0x00,0x00,0x83,0x40,0xf6,0x60,0xe5,0xc0,0xe6,0x00,0xe6,0x00,0xe6,0x00,
    0xe6,0x00,0xe6,0x00,0xe6,0x00,0xe6,0x00,0xe6,0x00,0xe6,0x20,0xe6,0x20,0xe6,0x20,
    0xe6,0x20,0xe6,0x20,0xe6,0x20,0xe6,0x20,0xe6,0x20,0xe6,0x20,0xe6,0x20,0xe6,0x20,
    0xe6,0x20,0xe6,0x20,0xe6,0x20,0xe6,0x00,0xf6,0x60,0xac,0xa0,0x00,0x00,0x00,0x00,
    0x00,0x00,0x00,0x00,0x00,0x00,0x00,0x00,0x00,0x00,0x00,0x00,0x00,0x00,0x00,0x00,
    0x00,0x00,0x00,0x00,0x00,0x00,0x00,0x00,0x00,0x00,0x00,0x00,0x00,0x00,0x00,0x00,
    0x00,0x00,0x00,0x00,0x00,0x00,0x00,0x00,0x00,0x00,0x00,0x00,0x00,0x00,0x00,0x00,
    0x00,0x00,0x00,0x00,0x00,0x00,0x00,0x00,0x00,0x00,0x00,0x00,0x00,0x00,0x00,0x00,
    0x39,0x80,0xee,0x20,0xe5,0xe0,0xe5,0xe0,0xe6,0x00,0xe6,0x00,0xe6,0x00,0xe6,0x00,
    0xe6,0x00,0xe6,0x00,0xe6,0x00,0xe6,0x00,0xe6,0x20,0xe6,0x20,0xe6,0x20,0xe6,0x20,
    0xe6,0x20,0xe6,0x20,0xe6,0x20,0xe6,0x20,0xe6,0x20,0xe6,0x20,0xe6,0x20,0xe6,0x20,
    0xe6,0x20,0xe6,0x20,0xe6,0x20,0xe6,0x00,0xf6,0x80,0x5a,0x60,0x00,0x00,0x00,0x00,
    0x00,0x00,0x00,0x00,0x00,0x00,0x00,0x00,0x00,0x00,0x00,0x00,0x00,0x00,0x00,0x00,
    0x00,0x00,0x00,0x00,0x00,0x00,0x00,0x00,0x00,0x00,0x00,0x00,0x00,0x00,0x00,0x00,
    0x00,0x00,0x00,0x00,0x00,0x00,0x00,0x00,0x00,0x00,0x00,0x00,0x00,0x00,0x00,0x00,
    0x00,0x00,0x00,0x00,0x00,0x00,0x00,0x00,0x00,0x00,0x00,0x00,0x08,0x40,0xc5,0x20,
    0xee,0x20,0xe5,0xe0,0xe6,0x00,0xe6,0x00,0xe6,0x00,0xe6,0x00,0xe6,0x00,0xe6,0x00,
    0xe6,0x00,0xe6,0x00,0xe6,0x00,0xe6,0x20,0xe6,0x20,0xe6,0x00,0xe6,0x20,0xe6,0x20,
    0xe6,0x20,0xe6,0x20,0xe6,0x20,0xe6,0x20,0xe6,0x20,0xe6,0x20,0xe6,0x20,0xe6,0x20,
    0xe6,0x20,0xe6,0x20,0xe6,0x00,0xee,0x20,0xdd,0xc0,0x18,0xa0,0x00,0x00,0x00,0x00,
    0x00,0x00,0x00,0x00,0x00,0x00,0x00,0x00,0x00,0x00,0x00,0x00,0x00,0x00,0x00,0x00,
    0x00,0x00,0x00,0x00,0x00,0x00,0x00,0x00,0x00,0x00,0x00,0x00,0x00,0x00,0x00,0x00,
    0x00,0x00,0x00,0x00,0x00,0x00,0x00,0x00,0x00,0x00,0x00,0x00,0x00,0x00,0x00,0x00,
    0x00,0x00,0x00,0x00,0x00,0x00,0x00,0x00,0x00,0x00,0x83,0x60,0xf6,0x60,0xe5,0xc0,
    0xe5,0xe0,0xe6,0x00,0xe6,0x00,0xe6,0x00,0xe6,0x00,0xe6,0x00,0xe6,0x00,0xe6,0x00,
    0xe6,0x00,0xe6,0x00,0xe6,0x20,0xe6,0x00,0xee,0x40,0xe6,0x20,0xe6,0x20,0xe6,0x20,
    0xe6,0x20,0xe6,0x20,0xe6,0x20,0xe6,0x20,0xe6,0x20,0xe6,0x20,0xe6,0x20,0xe6,0x20,
    0xe6,0x20,0xe6,0x20,0xe6,0x00,0xf6,0x80,0x94,0x00,0x00,0x00,0x00,0x00,0x00,0x00,
    0x00,0x00,0x00,0x00,0x00,0x00,0x00,0x00,0x00,0x00,0x00,0x00,0x00,0x00,0x00,0x00,
    0x00,0x00,0x00,0x00,0x00,0x00,0x00,0x00,0x00,0x00,0x00,0x00,0x00,0x00,0x00,0x00,
    0x00,0x00,0x00,0x00,0x00,0x00,0x00,0x00,0x00,0x00,0x00,0x00,0x00,0x00,0x00,0x00,
    0x00,0x00,0x00,0x00,0x00,0x00,0x39,0x80,0xee,0x20,0xe5,0xe0,0xe5,0xe0,0xe5,0xe0,
    0xe6,0x00,0xe6,0x00,0xe6,0x00,0xe6,0x00,0xe6,0x00,0xe6,0x00,0xe6,0x00,0xe6,0x00,
    0xe6,0x00,0xe6,0x00,0xee,0x40,0xac,0xa0,0xde,0x00,0xe6,0x20,0xe6,0x20,0xe6,0x20,
    0xe6,0x20,0xe6,0x20,0xe6,0x20,0xe6,0x20,0xe6,0x20,0xe6,0x20,0xe6,0x20,0xe6,0x20,
    0xe6,0x20,0xe6,0x20,0xe6,0x00,0xf6,0x60,0x41,0xc0,0x00,0x00,0x00,0x00,0x00,0x00,
    0x00,0x00,0x00,0x00,0x00,0x00,0x00,0x00,0x00,0x00,0x00,0x00,0x00,0x00,0x00,0x00,
    0x00,0x00,0x00,0x00,0x00,0x00,0x00,0x00,0x00,0x00,0x00,0x00,0x00,0x00,0x00,0x00,
    0x00,0x00,0x00,0x00,0x00,0x00,0x00,0x00,0x00,0x00,0x00,0x00,0x00,0x00,0x00,0x00,
    0x00,0x00,0x08,0x40,0xcd,0x20,0xee,0x00,0xe5,0xe0,0xe5,0xe0,0xe5,0xe0,0xe6,0x00,
    0xe6,0x00,0xe6,0x00,0xe6,0x00,0xe6,0x00,0xe6,0x00,0xe6,0x00,0xe6,0x00,0xe6,0x00,
    0xee,0x20,0xd5,0xa0,0x08,0x60,0xa4,0x40,0xf6,0x80,0xe6,0x00,0xe6,0x20,0xe6,0x20,
    0xe6,0x20,0xe6,0x20,0xe6,0x20,0xe6,0x20,0xe6,0x20,0xe6,0x20,0xe6,0x20,0xe6,0x20,
    0xe6,0x20,0xe6,0x00,0xee,0x40,0xc5,0x60,0x08,0x40,0x00,0x00,0x00,0x00,0x00,0x00,
    0x00,0x00,0x00,0x00,0x00,0x00,0x00,0x00,0x00,0x00,0x00,0x00,0x00,0x00,0x00,0x00,
    0x00,0x00,0x00,0x00,0x00,0x00,0x00,0x00,0x00,0x00,0x00,0x00,0x00,0x00,0x00,0x00,
    0x00,0x00,0x00,0x00,0x00,0x00,0x00,0x00,0x00,0x00,0x00,0x00,0x00,0x00,0x00,0x00,
    0x8b,0x80,0xf6,0x40,0xe5,0xc0,0xe5,0xe0,0xe5,0xe0,0xe5,0xe0,0xe6,0x00,0xe6,0x00,
    0xe6,0x00,0xe6,0x00,0xe6,0x00,0xe6,0x00,0xe6,0x00,0xe6,0x00,0xe6,0x00,0xf6,0x80,
    0x62,0xa0,0x00,0x00,0x31,0x40,0xee,0x40,0xe6,0x20,0xe6,0x20,0xe6,0x20,0xe6,0x20,
    0xe6,0x20,0xe6,0x20,0xe6,0x20,0xe6,0x20,0xe6,0x20,0xe6,0x20,0xe6,0x20,0xe6,0x20,
    0xe6,0x20,0xe6,0x00,0xf6,0x80,0x7b,0x40,0x00,0x00,0x00,0x00,0x00,0x00,0x00,0x00,
    0x00,0x00,0x00,0x00,0x00,0x00,0x00,0x00,0x00,0x00,0x00,0x00,0x00,0x00,0x00,0x00,
    0x00,0x00,0x00,0x00,0x00,0x00,0x00,0x00,0x00,0x00,0x00,0x00,0x00,0x00,0x00,0x00,
    0x00,0x00,0x00,0x00,0x00,0x00,0x00,0x00,0x00,0x00,0x00,0x00,0x41,0xa0,0xee,0x20,
    0xe5,0xc0,0xe5,0xe0,0xe5,0xe0,0xe5,0xe0,0xe5,0xe0,0xe6,0x00,0xe6,0x00,0xe6,0x00,
    0xe6,0x00,0xe6,0x00,0xe6,0x00,0xe6,0x00,0xe6,0x00,0xee,0x40,0xc5,0x20,0x00,0x20,
    0x00,0x20,0x00,0x00,0x8b,0xc0,0xf6,0x80,0xe6,0x00,0xe6,0x20,0xe6,0x20,0xe6,0x20,
    0xe6,0x20,0xe6,0x20,0xe6,0x20,0xe6,0x20,0xe6,0x20,0xe6,0x20,0xe6,0x20,0xe6,0x20,
    0xe6,0x20,0xe6,0x20,0xee,0x40,0x29,0x40,0x00,0x00,0x00,0x00,0x00,0x00,0x00,0x00,
    0x00,0x00,0x00,0x00,0x00,0x00,0x00,0x00,0x00,0x00,0x00,0x00,0x00,0x00,0x00,0x00,
    0x00,0x00,0x00,0x00,0x00,0x00,0x00,0x00,0x00,0x00,0x00,0x00,0x00,0x00,0x00,0x00,
    0x00,0x00,0x00,0x00,0x00,0x00,0x00,0x00,0x08,0x60,0xcd,0x40,0xee,0x00,0xe5,0xe0,
    0xe5,0xe0,0xe5,0xe0,0xe5,0xe0,0xe5,0xe0,0xe6,0x00,0xe6,0x00,0xe6,0x00,0xe6,0x00,
    0xe6,0x00,0xe6,0x00,0xe6,0x00,0xe6,0x00,0xf6,0x60,0x4a,0x00,0x00,0x00,0x00,0x20,
    0x00,0x00,0x18,0xc0,0xdd,0xe0,0xe6,0x20,0xe6,0x00,0xe6,0x20,0xe6,0x20,0xe6,0x20,
    0xe6,0x20,0xe6,0x20,0xe6,0x20,0xe6,0x20,0xe6,0x20,0xe6,0x20,0xe6,0x20,0xe6,0x20,
    0xe6,0x00,0xf6,0x60,0xb4,0xc0,0x00,0x00,0x00,0x00,0x00,0x00,0x00,0x00,0x00,0x00,
    0x00,0x00,0x00,0x00,0x00,0x00,0x00,0x00,0x00,0x00,0x00,0x00,0x00,0x00,0x00,0x00,
    0x00,0x00,0x00,0x00,0x00,0x00,0x00,0x00,0x00,0x00,0x00,0x00,0x00,0x00,0x00,0x00,
    0x00,0x00,0x00,0x00,0x00,0x00,0x8b,0x80,0xf6,0x40,0xe5,0xc0,0xe5,0xe0,0xe5,0xe0,
    0xe5,0xe0,0xe5,0xe0,0xe5,0xe0,0xe6,0x00,0xe6,0x00,0xe6,0x00,0xe6,0x00,0xe6,0x00,
    0xe6,0x00,0xe6,0x00,0xf6,0x60,0xac,0xa0,0x00,0x00,0x00,0x00,0x00,0x00,0x00,0x00,
    0x00,0x00,0x7b,0x40,0xf6,0x80,0xe6,0x00,0xe6,0x20,0xe6,0x20,0xe6,0x20,0xe6,0x20,
    0xe6,0x20,0xe6,0x20,0xe6,0x20,0xe6,0x20,0xe6,0x20,0xe6,0x20,0xe6,0x20,0xe6,0x20,
    0xe6,0x00,0xf6,0x80,0x62,0xa0,0x00,0x00,0x00,0x00,0x00,0x00,0x00,0x00,0x00,0x00,
    0x00,0x00,0x00,0x00,0x00,0x00,0x00,0x00,0x00,0x00,0x00,0x00,0x00,0x00,0x00,0x00,
    0x00,0x00,0x00,0x00,0x00,0x00,0x00,0x00,0x00,0x00,0x00,0x00,0x00,0x00,0x00,0x00,
    0x00,0x00,0x41,0xc0,0xf6,0x20,0xe5,0xc0,0xe5,0xe0,0xe5,0xe0,0xe5,0xe0,0xe5,0xe0,
    0xe5,0xe0,0xe5,0xe0,0xe6,0x00,0xe6,0x00,0xe6,0x00,0xe6,0x00,0xe6,0x00,0xe6,0x00,
    0xe6,0x00,0xee,0x40,0x31,0x60,0x00,0x00,0x00,0x00,0x00,0x00,0x00,0x00,0x00,0x00,
    0x10,0x60,0xd5,0xa0,0xee,0x40,0xe6,0x00,0xe6,0x20,0xe6,0x20,0xe6,0x20,0xe6,0x20,
    0xe6,0x20,0xe6,0x20,0xe6,0x20,0xe6,0x20,0xe6,0x20,0xe6,0x20,0xe6,0x20,0xe6,0x00,
    0xe6,0x20,0xdd,0xe0,0x18,0xc0,0x00,0x00,0x00,0x00,0x00,0x00,0x00,0x00,0x00,0x00,
    0x00,0x00,0x00,0x00,0x00,0x00,0x00,0x00,0x00,0x00,0x00,0x00,0x00,0x00,0x00,0x00,
    0x00,0x00,0x00,0x00,0x00,0x00,0x00,0x00,0x00,0x00,0x00,0x00,0x00,0x00,0x10,0x60,
    0xcd,0x40,0xee,0x00,0xe5,0xc0,0xe5,0xe0,0xe5,0xe0,0xe5,0xe0,0xe5,0xe0,0xe5,0xe0,
    0xe5,0xe0,0xe6,0x00,0xe6,0x00,0xe6,0x00,0xe6,0x00,0xe6,0x00,0xe5,0xe0,0xf6,0x60,
    0x9c,0x00,0x00,0x00,0x00,0x00,0x00,0x00,0x00,0x00,0x00,0x00,0x00,0x00,0x00,0x00,
    0x62,0xa0,0xf6,0x80,0xe6,0x00,0xe6,0x20,0xe6,0x20,0xe6,0x20,0xe6,0x20,0xe6,0x20,
    0xe6,0x20,0xe6,0x20,0xe6,0x20,0xe6,0x20,0xe6,0x20,0xe6,0x20,0xe6,0x20,0xe6,0x00,
    0xf6,0x80,0x9c,0x20,0x00,0x00,0x00,0x00,0x00,0x00,0x00,0x00,0x00,0x00,0x00,0x00,
    0x00,0x00,0x00,0x00,0x00,0x00,0x00,0x00,0x00,0x00,0x00,0x00,0x00,0x00,0x00,0x00,
    0x00,0x00,0x00,0x00,0x00,0x00,0x00,0x00,0x00,0x00,0x00,0x00,0x93,0xa0,0xf6,0x40,
    0xe5,0xc0,0xe5,0xe0,0xe5,0xe0,0xe5,0xe0,0xe5,0xe0,0xe5,0xe0,0xe5,0xe0,0xe5,0xe0,
    0xe6,0x00,0xe6,0x00,0xe6,0x00,0xe6,0x00,0xe6,0x00,0xe6,0x00,0xe6,0x00,0x20,0xe0,
    0x00,0x00,0x00,0x00,0x00,0x00,0x00,0x00,0x00,0x00,0x00,0x00,0x00,0x00,0x08,0x20,
    0xc5,0x40,0xee,0x40,0xe6,0x00,0xe6,0x20,0xe6,0x20,0xe6,0x20,0xe6,0x20,0xe6,0x20,
    0xe6,0x20,0xe6,0x20,0xe6,0x20,0xe6,0x20,0xe6,0x20,0xe6,0x20,0xe6,0x20,0xe6,0x00,
    0xf6,0x80,0x4a,0x00,0x00,0x00,0x00,0x00,0x00,0x00,0x00,0x00,0x00,0x00,0x00,0x00,
    0x00,0x00,0x00,0x00,0x00,0x00,0x00,0x00,0x00,0x00,0x00,0x00,0x00,0x00,0x00,0x00,
    0x00,0x00,0x00,0x00,0x00,0x00,0x00,0x00,0x49,0xc0,0xf6,0x20,0xe5,0xc0,0xe5,0xe0,
    0xe5,0xe0,0xe5,0xe0,0xe5,0xe0,0xe5,0xe0,0xe5,0xe0,0xe5,0xe0,0xe5,0xe0,0xe6,0x00,
    0xe6,0x00,0xe6,0x00,0xe6,0x00,0xe5,0xe0,0xf6,0x80,0x83,0x60,0x00,0x00,0x00,0x00,
    0x00,0x00,0x00,0x00,0x00,0x00,0x00,0x00,0x00,0x00,0x00,0x00,0x00,0x00,0x4a,0x20,
    0xf6,0x80,0xe6,0x00,0xe6,0x20,0xe6,0x20,0xe6,0x20,0xe6,0x20,0xe6,0x20,0xe6,0x20,
    0xe6,0x20,0xe6,0x20,0xe6,0x20,0xe6,0x20,0xe6,0x20,0xe6,0x20,0xe6,0x00,0xee,0x40,
    0xcd,0x80,0x08,0x60,0x00,0x00,0x00,0x00,0x00,0x00,0x00,0x00,0x00,0x00,0x00,0x00,
    0x00,0x00,0x00,0x00,0x00,0x00,0x00,0x00,0x00,0x00,0x00,0x00,0x00,0x00,0x00,0x00,
    0x00,0x00,0x00,0x00,0x10,0x60,0xd5,0x40,0xed,0xe0,0xe5,0xc0,0xe5,0xe0,0xe5,0xe0,
    0xe5,0xe0,0xe5,0xe0,0xe5,0xe0,0xe5,0xe0,0xe5,0xe0,0xe5,0xe0,0xe6,0x00,0xe6,0x00,
    0xe6,0x00,0xe5,0xe0,0xee,0x00,0xdd,0xa0,0x10,0x80,0x00,0x00,0x00,0x00,0x00,0x00,
    0x00,0x00,0x00,0x00,0x00,0x00,0x00,0x00,0x00,0x00,0x00,0x00,0x00,0x00,0xb4,0xc0,
    0xee,0x60,0xe6,0x00,0xe6,0x20,0xe6,0x20,0xe6,0x20,0xe6,0x20,0xe6,0x20,0xe6,0x20,
    0xe6,0x20,0xe6,0x20,0xe6,0x20,0xe6,0x20,0xe6,0x20,0xe6,0x20,0xe6,0x00,0xf6,0x80,
    0x83,0x80,0x00,0x00,0x00,0x00,0x00,0x00,0x00,0x00,0x00,0x00,0x00,0x00,0x00,0x00,
    0x00,0x00,0x00,0x00,0x00,0x00,0x00,0x00,0x00,0x00,0x00,0x00,0x00,0x00,0x00,0x00,
    0x00,0x00,0x93,0xc0,0xf6,0x20,0xe5,0xc0,0xe5,0xe0,0xe5,0xe0,0xe5,0xe0,0xe5,0xe0,
    0xe5,0xe0,0xe5,0xe0,0xe5,0xe0,0xe5,0xe0,0xe5,0xe0,0xe6,0x00,0xe6,0x00,0xe6,0x00,
    0xe5,0xe0,0xf6,0x60,0x6a,0xe0,0x00,0x00,0x00,0x00,0x00,0x00,0x00,0x00,0x00,0x00,
    0x00,0x00,0x00,0x00,0x00,0x00,0x00,0x00,0x00,0x00,0x00,0x00,0x39,0x80,0xee,0x60,
    0xe6,0x00,0xe6,0x20,0xe6,0x20,0xe6,0x20,0xe6,0x20,0xe6,0x20,0xe6,0x20,0xe6,0x20,
    0xe6,0x20,0xe6,0x20,0xe6,0x20,0xe6,0x20,0xe6,0x20,0xe6,0x20,0xe6,0x20,0xee,0x40,
    0x31,0x60,0x00,0x00,0x00,0x00,0x00,0x00,0x00,0x00,0x00,0x00,0x00,0x00,0x00,0x00,
    0x00,0x00,0x00,0x00,0x00,0x00,0x00,0x00,0x00,0x00,0x00,0x00,0x00,0x00,0x49,0xe0,
    0xf6,0x20,0xe5,0xc0,0xe5,0xc0,0xe5,0xe0,0xe5,0xe0,0xe5,0xe0,0xe5,0xe0,0xe5,0xe0,
    0xe5,0xe0,0xe5,0xe0,0xe5,0xe0,0xe5,0xe0,0xe6,0x00,0xe6,0x00,0xe5,0xe0,0xee,0x20,
    0xcd,0x40,0x08,0x40,0x00,0x00,0x00,0x00,0x00,0x00,0x00,0x00,0x00,0x00,0x00,0x00,
    0x00,0x00,0x00,0x00,0x00,0x00,0x00,0x00,0x00,0x00,0x00,0x00,0xa4,0x40,0xf6,0x80,
    0xe6,0x00,0xe6,0x20,0xe6,0x20,0xe6,0x20,0xe6,0x20,0xe6,0x20,0xe6,0x20,0xe6,0x20,
    0xe6,0x20,0xe6,0x20,0xe6,0x20,0xe6,0x20,0xe6,0x20,0xe6,0x00,0xee,0x60,0xbd,0x00,
    0x00,0x20,0x00,0x00,0x00,0x00,0x00,0x00,0x00,0x00,0x00,0x00,0x00,0x00,0x00,0x00,
    0x00,0x00,0x00,0x00,0x00,0x00,0x00,0x00,0x00,0x00,0x10,0x80,0xd5,0x60,0xed,0xe0,
    0xe5,0xc0,0xe5,0xc0,0xe5,0xe0,0xe5,0xe0,0xe5,0xe0,0xe5,0xe0,0xe5,0xe0,0xe5,0xe0,
    0xe5,0xe0,0xe5,0xe0,0xe5,0xe0,0xe6,0x00,0xe6,0x00,0xe5,0xe0,0xf6,0x60,0x52,0x40,
    0x00,0x00,0x00,0x00,0x00,0x00,0x00,0x00,0x00,0x00,0x00,0x00,0x00,0x00,0x00,0x00,
    0x00,0x00,0x00,0x00,0x00,0x00,0x00,0x00,0x00,0x00,0x29,0x20,0xe6,0x20,0xe6,0x20,
    0xe6,0x20,0xe6,0x20,0xe6,0x20,0xe6,0x20,0xe6,0x20,0xe6,0x20,0xe6,0x20,0xe6,0x20,
    0xe6,0x20,0xe6,0x20,0xe6,0x20,0xe6,0x20,0xe6,0x20,0xe6,0x00,0xf6,0x80,0x6a,0xc0,
    0x00,0x00,0x00,0x00,0x00,0x00,0x00,0x00,0x00,0x00,0x00,0x00,0x00,0x00,0x00,0x00,
    0x00,0x00,0x00,0x00,0x00,0x00,0x00,0x00,0x9b,0xc0,0xf6,0x20,0xe5,0xa0,0xe5,0xc0,
    0xe5,0xc0,0xe5,0xe0,0xe5,0xe0,0xe5,0xe0,0xe5,0xe0,0xe5,0xe0,0xe5,0xe0,0xe5,0xe0,
    0xe5,0xe0,0xe5,0xe0,0xe6,0x00,0xe5,0xe0,0xee,0x40,0xb4,0xc0,0x00,0x00,0x00,0x00,
    0x00,0x00,0x00,0x00,0x00,0x00,0x00,0x00,0x00,0x00,0x00,0x00,0x00,0x00,0x00,0x00,
    0x00,0x00,0x00,0x00,0x00,0x00,0x00,0x00,0x00,0x00,0x8b,0xc0,0xf6,0x80,0xe6,0x00,
    0xe6,0x20,0xe6,0x20,0xe6,0x20,0xe6,0x20,0xe6,0x20,0xe6,0x20,0xe6,0x20,0xe6,0x20,
    0xe6,0x20,0xe6,0x20,0xe6,0x20,0xe6,0x20,0xe6,0x00,0xe6,0x20,0xe6,0x00,0x20,0xe0,
    0x00,0x00,0x00,0x00,0x00,0x00,0x00,0x00,0x00,0x00,0x00,0x00,0x00,0x00,0x00,0x00,
    0x00,0x00,0x00,0x00,0x4a,0x00,0xf6,0x20,0xe5,0xa0,0xe5,0xc0,0xe5,0xc0,0xe5,0xc0,
    0xe5,0xe0,0xe5,0xe0,0xe5,0xe0,0xe5,0xe0,0xe5,0xe0,0xe5,0xe0,0xe5,0xe0,0xe5,0xe0,
    0xe5,0xe0,0xe6,0x00,0xe5,0xe0,0xee,0x40,0x39,0xa0,0x00,0x00,0x00,0x00,0x00,0x00,
    0x00,0x00,0x00,0x00,0x00,0x00,0x00,0x00,0x00,0x00,0x00,0x00,0x00,0x00,0x00,0x00,
    0x00,0x00,0x00,0x00,0x00,0x00,0x00,0x00,0x18,0xa0,0xdd,0xe0,0xe6,0x20,0xe6,0x00,
    0xe6,0x20,0xe6,0x20,0xe6,0x20,0xe6,0x20,0xe6,0x20,0xe6,0x20,0xe6,0x20,0xe6,0x20,
    0xe6,0x20,0xe6,0x20,0xe6,0x20,0xe6,0x20,0xe6,0x00,0xf6,0x80,0xa4,0x60,0x00,0x00,
    0x00,0x00,0x00,0x00,0x00,0x00,0x00,0x00,0x00,0x00,0x00,0x00,0x00,0x00,0x00,0x00,
    0x10,0x80,0xd5,0x60,0xed,0xe0,0xe5,0xc0,0xe5,0xc0,0xe5,0xc0,0xe5,0xc0,0xe5,0xe0,
    0xe5,0xe0,0xe5,0xe0,0xe5,0xe0,0xe5,0xe0,0xe5,0xe0,0xe5,0xe0,0xe5,0xe0,0xe5,0xe0,
    0xe5,0xe0,0xf6,0x40,0xa4,0x40,0x00,0x00,0x00,0x00,0x00,0x00,0x00,0x00,0x00,0x00,
    0x00,0x00,0x00,0x00,0x00,0x00,0x00,0x00,0x00,0x00,0x00,0x00,0x00,0x00,0x00,0x00,
    0x00,0x00,0x00,0x00,0x00,0x00,0x00,0x00,0x73,0x20,0xf6,0x80,0xe6,0x00,0xe6,0x20,
    0xe6,0x20,0xe6,0x20,0xe6,0x20,0xe6,0x20,0xe6,0x20,0xe6,0x20,0xe6,0x20,0xe6,0x20,
    0xe6,0x20,0xe6,0x20,0xe6,0x20,0xe6,0x20,0xe6,0x00,0xf6,0x80,0x52,0x20,0x00,0x00,
    0x00,0x00,0x00,0x00,0x00,0x00,0x00,0x00,0x00,0x00,0x00,0x00,0x00,0x00,0x9b,0xe0,
    0xf6,0x20,0xe5,0xa0,0xe5,0xc0,0xe5,0xc0,0xe5,0xc0,0xe5,0xc0,0xe5,0xe0,0xe5,0xe0,
    0xe5,0xe0,0xe5,0xe0,0xe5,0xe0,0xe5,0xe0,0xe5,0xe0,0xe5,0xe0,0xe5,0xe0,0xe5,0xe0,
    0xe6,0x00,0x29,0x20,0x00,0x00,0x00,0x00,0x00,0x00,0x00,0x00,0x00,0x00,0x00,0x00,
    0x00,0x00,0x00,0x00,0x00,0x00,0x00,0x00,0x00,0x00,0x00,0x00,0x00,0x00,0x00,0x00,
    0x00,0x00,0x00,0x00,0x00,0x00,0x08,0x60,0xd5,0x80,0xee,0x40,0xe6,0x00,0xe6,0x20,
    0xe6,0x20,0xe6,0x20,0xe6,0x20,0xe6,0x20,0xe6,0x20,0xe6,0x20,0xe6,0x20,0xe6,0x20,
    0xe6,0x20,0xe6,0x20,0xe6,0x20,0xe6,0x00,0xee,0x40,0xd5,0x80,0x10,0x60,0x00,0x00,
    0x00,0x00,0x00,0x00,0x00,0x00,0x00,0x00,0x00,0x00,0x52,0x00,0xf6,0x20,0xe5,0xa0,
    0xe5,0xc0,0xe5,0xc0,0xe5,0xc0,0xe5,0xc0,0xe5,0xc0,0xe5,0xe0,0xe5,0xe0,0xe5,0xe0,
    0xe5,0xe0,0xe5,0xe0,0xe5,0xe0,0xe5,0xe0,0xe5,0xe0,0xe5,0xe0,0xf6,0x60,0x8b,0xa0,
    0x00,0x00,0x00,0x00,0x00,0x00,0x00,0x00,0x00,0x00,0x00,0x00,0x00,0x00,0x00,0x00,
    0x00,0x00,0x00,0x00,0x00,0x00,0x00,0x00,0x00,0x00,0x00,0x00,0x00,0x00,0x00,0x00,
    0x00,0x00,0x00,0x00,0x00,0x00,0x62,0xa0,0xf6,0x80,0xe6,0x00,0xe6,0x20,0xe6,0x20,
    0xe6,0x20,0xe6,0x20,0xe6,0x20,0xe6,0x20,0xe6,0x20,0xe6,0x20,0xe6,0x20,0xe6,0x20,
    0xe6,0x20,0xe6,0x20,0xe6,0x20,0xe6,0x00,0xf6,0x80,0x8b,0xa0,0x00,0x00,0x00,0x00,
    0x00,0x00,0x00,0x00,0x00,0x00,0x18,0xa0,0xdd,0x60,0xed,0xe0,0xe5,0xa0,0xe5,0xc0,
    0xe5,0xc0,0xe5,0xc0,0xe5,0xc0,0xe5,0xc0,0xe5,0xe0,0xe5,0xe0,0xe5,0xe0,0xe5,0xe0,
    0xe5,0xe0,0xe5,0xe0,0xe5,0xe0,0xe5,0xe0,0xe6,0x00,0xdd,0xc0,0x18,0xa0,0x00,0x00,
    0x00,0x00,0x00,0x00,0x00,0x00,0x00,0x00,0x00,0x00,0x00,0x00,0x00,0x00,0x00,0x00,
    0x00,0x00,0x00,0x00,0x00,0x00,0x00,0x00,0x00,0x00,0x00,0x00,0x00,0x00,0x00,0x00,
    0x00,0x00,0x00,0x00,0x00,0x20,0xc5,0x40,0xee,0x40,0xe6,0x00,0xe6,0x20,0xe6,0x20,
    0xe6,0x20,0xe6,0x20,0xe6,0x20,0xe6,0x20,0xe6,0x20,0xe6,0x20,0xe6,0x20,0xe6,0x20,
    0xe6,0x20,0xe6,0x20,0xe6,0x20,0xe6,0x00,0xee,0x60,0x39,0x80,0x00,0x00,0x00,0x00,
    0x00,0x00,0x00,0x00,0xa4,0x00,0xf6,0x20,0xe5,0xa0,0xe5,0xc0,0xe5,0xc0,0xe5,0xc0,
    0xe5,0xc0,0xe5,0xc0,0xe5,0xc0,0xe5,0xe0,0xe5,0xe0,0xe5,0xe0,0xe5,0xe0,0xe5,0xe0,
    0xe5,0xe0,0xe5,0xe0,0xe5,0xc0,0xf6,0x60,0x73,0x00,0x00,0x00,0x00,0x00,0x00,0x00,
    0x00,0x00,0x00,0x00,0x00,0x00,0x00,0x00,0x00,0x00,0x00,0x00,0x00,0x00,0x00,0x00,
    0x00,0x00,0x00,0x00,0x00,0x00,0x00,0x00,0x00,0x00,0x00,0x00,0x00,0x00,0x00,0x00,
    0x00,0x00,0x00,0x00,0x4a,0x00,0xf6,0x80,0xe6,0x00,0xe6,0x20,0xe6,0x20,0xe6,0x20,
    0xe6,0x20,0xe6,0x20,0xe6,0x20,0xe6,0x20,0xe6,0x20,0xe6,0x20,0xe6,0x20,0xe6,0x20,
    0xe6,0x20,0xe6,0x20,0xe6,0x00,0xee,0x60,0xbd,0x20,0x00,0x20,0x00,0x00,0x00,0x00,
    0x52,0x00,0xf6,0x20,0xe5,0x80,0xe5,0xc0,0xe5,0xc0,0xe5,0xc0,0xe5,0xc0,0xe5,0xc0,
    0xe5,0xc0,0xe5,0xc0,0xe5,0xc0,0xe5,0xc0,0xe5,0xe0,0xe5,0xe0,0xe5,0xe0,0xe5,0xe0,
    0xe5,0xe0,0xee,0x00,0xd5,0x60,0x08,0x60,0x00,0x00,0x00,0x00,0x00,0x00,0x00,0x00,
    0x00,0x00,0x00,0x00,0x00,0x00,0x00,0x00,0x00,0x00,0x00,0x00,0x00,0x00,0x00,0x00,
    0x00,0x00,0x00,0x00,0x00,0x00,0x00,0x00,0x00,0x00,0x00,0x00,0x00,0x00,0x00,0x00,
    0x00,0x00,0x00,0x00,0xb4,0xc0,0xf6,0x60,0xe6,0x00,0xe6,0x00,0xe6,0x00,0xe6,0x00,
    0xe6,0x00,0xe6,0x00,0xe6,0x00,0xe6,0x00,0xe6,0x00,0xe6,0x00,0xe6,0x00,0xe6,0x00,
    0xe6,0x00,0xe6,0x00,0xdd,0xe0,0xf6,0x80,0x6a,0xe0,0x00,0x00,0x28,0xe0,0xdd,0x80,
    0xf6,0x00,0xed,0xe0,0xed,0xe0,0xed,0xe0,0xee,0x00,0xee,0x00,0xee,0x00,0xee,0x00,
    0xee,0x00,0xee,0x00,0xee,0x00,0xee,0x00,0xee,0x00,0xee,0x20,0xee,0x20,0xee,0x00,
    0xfe,0x60,0x5a,0x60,0x00,0x00,0x00,0x00,0x00,0x00,0x00,0x00,0x00,0x00,0x00,0x00,
    0x00,0x00,0x00,0x00,0x00,0x00,0x00,0x00,0x00,0x00,0x00,0x00,0x00,0x00,0x00,0x00,
    0x00,0x00,0x00,0x00,0x00,0x00,0x00,0x00,0x00,0x00,0x00,0x00,0x00,0x00,0x00,0x00,
    0x00,0x00,0x39,0x80,0xee,0x60,0xee,0x40,0xee,0x40,0xee,0x40,0xee,0x40,0xee,0x40,
    0xee,0x40,0xee,0x40,0xee,0x40,0xee,0x40,0xee,0x40,0xee,0x40,0xee,0x40,0xee,0x40,
    0xee,0x40,0xee,0x40,0xee,0x60,0xe6,0x20,0x31,0x40,0x83,0x40,0xcc,0xe0,0xbc,0xa0,
    0xbc,0xc0,0xbc,0xc0,0xbc,0xc0,0xbc,0xc0,0xbc,0xc0,0xbc,0xc0,0xbc,0xc0,0xbc,0xc0,
    0xbc,0xe0,0xbc,0xe0,0xbc,0xe0,0xbc,0xe0,0xbc,0xe0,0xbc,0xe0,0xc5,0x00,0xa4,0x40,
    0x00,0x20,0x00,0x00,0x00,0x00,0x00,0x00,0x00,0x00,0x00,0x00,0x00,0x00,0x00,0x00,
    0x00,0x00,0x00,0x00,0x00,0x00,0x00,0x00,0x00,0x00,0x00,0x00,0x00,0x00,0x00,0x00,
    0x00,0x00,0x00,0x00,0x00,0x00,0x00,0x00,0x00,0x00,0x00,0x00,0x00,0x00,0x00,0x00,
    0x00,0x00,0x8b,0xc0,0xc5,0x40,0xbd,0x00,0xbd,0x00,0xbd,0x00,0xbd,0x00,0xbd,0x00,
    0xbd,0x00,0xbd,0x00,0xbd,0x00,0xbd,0x00,0xbd,0x00,0xbd,0x00,0xbd,0x00,0xbd,0x00,
    0xbd,0x00,0xbd,0x00,0xc5,0x40,0x8b,0xa0,
};
const lv_img_dsc_t img_genex_4 = {
    .header.cf = LV_IMG_CF_TRUE_COLOR,
    .header.always_zero = 0,
    .header.reserved = 0,
    .header.w = 63,
    .header.h = 68,
    .data_size = 8568,
    .data = img_genex_4_map,
};

static const uint8_t img_comics_map[] = {
    0x00,0x00,0x00,0x00,0x00,0x00,0x00,0x00,0x00,0x00,0x00,0x00,0x00,0x00,0x00,0x00,
    0x00,0x00,0x00,0x00,0x00,0x00,0x00,0x00,0x00,0x00,0x00,0x00,0x00,0x00,0x00,0x00,
    0x00,0x00,0x00,0x00,0x00,0x00,0x00,0x20,0x00,0x00,0x00,0x00,0x00,0x00,0x00,0x00,
    0x21,0x04,0x4a,0x8a,0x84,0x30,0xad,0x75,0xce,0x79,0xe7,0x1c,0xf7,0xbe,0xff,0xdf,
    0xff,0xff,0xff,0xdf,0xf7,0xdf,0xef,0x5d,0xd6,0xba,0xbd,0xf7,0x8c,0x92,0x5b,0x0c,
    0x29,0x65,0x00,0x20,0x00,0x00,0x00,0x00,0x00,0x00,0x00,0x20,0x00,0x00,0x00,0x00,
    0x00,0x00,0x00,0x00,0x00,0x00,0x00,0x00,0x00,0x00,0x00,0x00,0x00,0x00,0x00,0x00,
    0x00,0x00,0x00,0x00,0x00,0x00,0x00,0x00,0x00,0x00,0x00,0x00,0x00,0x00,0x00,0x00,
    0x00,0x00,0x00,0x00,0x00,0x00,0x00,0x00,0x00,0x00,0x00,0x00,0x00,0x00,0x00,0x00,
    0x00,0x00,0x00,0x00,0x00,0x00,0x00,0x00,0x00,0x00,0x08,0x41,0x29,0x86,0x63,0x0c,
    0x8c,0x92,0xb5,0xb7,0xce,0x9a,0xe7,0x3c,0xf7,0x9e,0xf7,0xdf,0xff,0xdf,0xf7,0xbf,
    0xef,0x7e,0xde,0xfb,0xce,0x59,0xad,0x55,0x84,0x10,0x52,0x8a,0x21,0x04,0x00,0x00,
    0x00,0x00,0x00,0x00,0x00,0x00,0x00,0x20,0x00,0x00,0x00,0x00,0x00,0x00,0x00,0x00,
    0x00,0x00,0x00,0x00,0x00,0x00,0x00,0x00,0x00,0x00,0x00,0x00,0x00,0x00,0x00,0x00,
    0x00,0x00,0x00,0x00,0x00,0x00,0x00,0x00,0x00,0x00,0x00,0x00,0x00,0x00,0x00,0x00,
    0x00,0x00,0x00,0x00,0x00,0x00,0x4a,0x49,0x52,0xaa,0x52,0xaa,0x52,0xaa,0x52,0xaa,
    0x52,0xaa,0x52,0xaa,0x42,0x28,0x00,0x00,0x00,0x00,0x00,0x00,0x00,0x00,0x00,0x00,
    0x00,0x00,0x00,0x00,0x00,0x00,0x00,0x00,0x00,0x00,0x00,0x00,0x00,0x00,0x00,0x00,
    0x00,0x00,0x00,0x00,0x00,0x00,0x00,0x00,0x00,0x00,0x00,0x00,0x00,0x00,0x00,0x00,
    0x00,0x00,0x00,0x00,0x00,0x00,0x00,0x00,0x00,0x00,0x00,0x00,0x00,0x00,0x00,0x00,
    0x00,0x00,0x00,0x00,0x00,0x00,0x00,0x00,0x00,0x00,0x00,0x00,0x00,0x00,0x00,0x00,
    0x00,0x00,0x4a,0x69,0x52,0xaa,0x52,0xaa,0x52,0xaa,0x52,0xaa,0x52,0xaa,0x52,0xaa,
    0x39,0xe7,0x00,0x00,0x00,0x00,0x00,0x00,0x00,0x00,0x00,0x20,0x4a,0x8a,0x5a,0xcb,
    0x5a,0xcb,0x5a,0xcb,0x5a,0xcb,0x52,0xaa,0x5a,0xcb,0x31,0xa6,0x00,0x00,0x00,0x00,
    0x00,0x00,0x00,0x00,0x00,0x00,0x00,0x00,0x00,0x00,0x00,0x00,0x00,0x00,0x00,0x00,
    0x00,0x00,0x00,0x00,0x00,0x00,0x00,0x00,0x00,0x00,0x00,0x00,0x00,0x00,0x00,0x00,
    0x00,0x00,0x00,0x00,0x00,0x00,0x00,0x00,0x00,0x00,0x00,0x20,0x00,0x00,0x00,0x00,
    0x00,0x00,0x00,0x20,0x29,0x65,0x5a,0xeb,0x8c,0x71,0xb5,0xd7,0xd6,0x9a,0xe7,0x5d,
    0xf7,0xbe,0xff,0xdf,0xff,0xff,0xff,0xdf,0xf7,0xbe,0xe7,0x3c,0xce,0x7a,0xb5,0x96,
    0x84,0x31,0x52,0xaa,0x21,0x04,0x00,0x00,0x00,0x00,0x00,0x00,0x00,0x00,0x00,0x20,
    0x00,0x00,0x00,0x00,0x00,0x00,0x00,0x00,0x00,0x00,0x00,0x00,0x00,0x00,0x00,0x00,
    0x00,0x00,0x00,0x00,0x00,0x00,0x00,0x00,0x00,0x00,0x00,0x00,0x00,0x00,0x00,0x00,
    0x00,0x00,0x00,0x00,0x00,0x00,0x00,0x00,0x00,0x00,0x00,0x20,0x00,0x00,0x00,0x00,
    0x00,0x00,0x00,0x20,0x21,0x25,0x4a,0x8a,0x7b,0xcf,0x94,0xd3,0xb5,0xd7,0xc6,0x59,
    0xce,0x79,0xd6,0x9a,0xd6,0xbb,0xd6,0x9a,0xce,0x79,0xc6,0x59,0xb5,0x96,0x94,0xb2,
    0x73,0xcf,0x4a,0x6a,0x21,0x24,0x00,0x20,0x00,0x00,0x00,0x00,0x00,0x00,0x00,0x00,
    0x00,0x00,0x00,0x00,0x00,0x00,0x00,0x00,0x00,0x00,0x00,0x00,0x00,0x00,0x00,0x00,
    0x00,0x00,0x00,0x00,0x00,0x00,0x00,0x00,0x00,0x00,0x00,0x00,0x00,0x00,0x00,0x00,
    0x00,0x00,0x00,0x00,0x00,0x00,0x00,0x00,0x00,0x00,0x00,0x00,0x00,0x00,0x00,0x00,
    0x00,0x00,0x00,0x00,0x00,0x00,0x00,0x00,0x00,0x00,0x00,0x00,0x00,0x00,0x00,0x00,
    0x00,0x00,0x39,0xc7,0x84,0x30,0xc6,0x38,0xf7,0x9e,0xff,0xff,0xff,0xff,0xff,0xff,
    0xff,0xff,0xff,0xff,0xff,0xff,0xff,0xff,0xff,0xff,0xff,0xff,0xff,0xff,0xff,0xff,
    0xff,0xff,0xff,0xff,0xff,0xff,0xff,0xff,0xf7,0xdf,0xd6,0x9a,0x8c,0x92,0x42,0x08,
    0x00,0x20,0x00,0x00,0x00,0x00,0x00,0x00,0x00,0x00,0x00,0x00,0x00,0x00,0x00,0x00,
    0x00,0x00,0x00,0x00,0x00,0x00,0x00,0x00,0x00,0x00,0x00,0x00,0x00,0x00,0x00,0x00,
    0x00,0x00,0x00,0x00,0x00,0x00,0x00,0x00,0x00,0x00,0x00,0x00,0x00,0x00,0x00,0x00,
    0x00,0x00,0x00,0x00,0x00,0x00,0x00,0x00,0x00,0x00,0x00,0x00,0x10,0x82,0x52,0xaa,
    0x9c,0xf4,0xde,0xdb,0xff,0xdf,0xff,0xff,0xff,0xff,0xff,0xff,0xff,0xff,0xff,0xff,
    0xff,0xff,0xff,0xff,0xff,0xff,0xff,0xff,0xff,0xff,0xff,0xff,0xff,0xff,0xff,0xff,
    0xff,0xff,0xff,0xff,0xf7,0x9e,0xc6,0x39,0x84,0x30,0x39,0xe7,0x00,0x20,0x00,0x00,
    0x00,0x00,0x00,0x00,0x00,0x00,0x00,0x00,0x00,0x00,0x00,0x00,0x00,0x00,0x00,0x00,
    0x00,0x00,0x00,0x00,0x00,0x00,0x00,0x00,0x00,0x00,0x00,0x00,0x00,0x00,0x00,0x00,
    0x00,0x00,0x00,0x00,0x00,0x00,0x00,0x00,0x00,0x00,0x00,0x00,0x00,0x41,0xe7,0x5d,
    0xff,0xff,0xff,0xff,0xff,0xff,0xff,0xff,0xff,0xff,0xff,0xff,0xff,0xff,0x52,0x8a,
    0x00,0x00,0x00,0x00,0x00,0x00,0x00,0x00,0x00,0x00,0x00,0x00,0x00,0x00,0x00,0x00,
    0x00,0x00,0x00,0x00,0x00,0x00,0x00,0x00,0x00,0x00,0x00,0x00,0x00,0x00,0x00,0x00,
    0x00,0x00,0x00,0x00,0x00,0x00,0x00,0x00,0x00,0x00,0x00,0x00,0x00,0x00,0x00,0x00,
    0x00,0x00,0x00,0x00,0x00,0x00,0x00,0x00,0x00,0x00,0x00,0x00,0x00,0x00,0x00,0x00,
    0x00,0x00,0x00,0x00,0x00,0x20,0x00,0x00,0x6b,0x8e,0xff,0xff,0xff,0xff,0xff,0xff,
    0xff,0xff,0xff,0xff,0xff,0xff,0xff,0xff,0xbe,0x18,0x00,0x00,0x00,0x00,0x00,0x00,
    0x00,0x00,0x08,0x41,0xef,0x9e,0xff,0xff,0xff,0xff,0xff,0xff,0xff,0xff,0xff,0xff,
    0xff,0xff,0x9d,0x14,0x00,0x00,0x00,0x20,0x00,0x00,0x00,0x00,0x00,0x00,0x00,0x00,
    0x00,0x00,0x00,0x00,0x00,0x00,0x00,0x00,0x00,0x00,0x00,0x00,0x00,0x00,0x00,0x00,
    0x00,0x00,0x00,0x00,0x00,0x00,0x00,0x00,0x00,0x00,0x00,0x00,0x00,0x00,0x00,0x00,
    0x00,0x00,0x00,0x00,0x08,0x41,0x4a,0x49,0x94,0xb2,0xd6,0x9a,0xf7,0xdf,0xff,0xff,
    0xff,0xff,0xff,0xff,0xff,0xff,0xff,0xff,0xff,0xff,0xff,0xff,0xff,0xff,0xff,0xff,
    0xff,0xff,0xff,0xff,0xff,0xff,0xff,0xff,0xff,0xff,0xff,0xff,0xf7,0x9e,0xc6,0x38,
    0x7c,0x10,0x31,0xa6,0x00,0x00,0x00,0x00,0x00,0x00,0x00,0x00,0x00,0x00,0x00,0x00,
    0x00,0x00,0x00,0x00,0x00,0x00,0x00,0x00,0x00,0x00,0x00,0x00,0x00,0x00,0x00,0x00,
    0x00,0x00,0x00,0x00,0x00,0x00,0x00,0x00,0x00,0x00,0x00,0x00,0x00,0x00,0x00,0x00,
    0x00,0x00,0x00,0x00,0x08,0x61,0x4a,0x8a,0x9c,0xd3,0xd6,0x9a,0xf7,0xbe,0xff,0xff,
    0xff,0xff,0xff,0xff,0xff,0xff,0xff,0xff,0xff,0xff,0xff,0xff,0xff,0xff,0xff,0xff,
    0xff,0xff,0xff,0xff,0xff,0xff,0xff,0xff,0xff,0xff,0xff,0xff,0xf7,0xbe,0xd6,0xba,
    0x9c,0xf3,0x52,0xaa,0x10,0xa2,0x00,0x00,0x00,0x00,0x00,0x00,0x00,0x00,0x00,0x00,
    0x00,0x00,0x00,0x00,0x00,0x00,0x00,0x00,0x00,0x00,0x00,0x00,0x00,0x00,0x00,0x00,
    0x00,0x00,0x00,0x00,0x00,0x00,0x00,0x00,0x00,0x00,0x00,0x00,0x00,0x00,0x00,0x00,
    0x00,0x00,0x00,0x00,0x00,0x00,0x00,0x00,0x00,0x00,0x00,0x00,0x00,0x00,0x00,0x00,
    0x00,0x00,0x00,0x00,0x10,0xa2,0x73,0x8e,0xce,0x7a,0xff,0xff,0xff,0xff,0xff,0xff,
    0xff,0xff,0xff,0xff,0xff,0xff,0xff,0xdf,0xff,0xff,0xff,0xff,0xff,0xff,0xff,0xff,
    0xff,0xff,0xff,0xff,0xff,0xff,0xff,0xff,0xff,0xff,0xff,0xff,0xff,0xff,0xff,0xff,
    0xff,0xff,0xff,0xff,0xff,0xff,0xff,0xff,0xd6,0xdb,0x7b,0xef,0x18,0xc3,0x00,0x00,
    0x00,0x00,0x00,0x00,0x00,0x00,0x00,0x00,0x00,0x00,0x00,0x00,0x00,0x00,0x00,0x00,
    0x00,0x00,0x00,0x00,0x00,0x00,0x00,0x00,0x00,0x00,0x00,0x00,0x00,0x00,0x00,0x00,
    0x00,0x00,0x00,0x00,0x00,0x00,0x00,0x00,0x00,0x00,0x00,0x00,0x00,0x00,0x00,0x00,
    0x31,0xa7,0x9c,0xd3,0xe7,0x5d,0xff,0xff,0xff,0xff,0xff,0xff,0xff,0xff,0xff,0xff,
    0xff,0xff,0xff,0xff,0xff,0xff,0xff,0xff,0xff,0xff,0xff,0xff,0xff,0xff,0xff,0xff,
    0xff,0xff,0xff,0xff,0xff,0xff,0xff,0xff,0xff,0xff,0xff,0xff,0xff,0xff,0xff,0xff,
    0xff,0xff,0xff,0xff,0xd6,0x9a,0x73,0xcf,0x18,0xc3,0x00,0x00,0x00,0x00,0x00,0x00,
    0x00,0x00,0x00,0x00,0x00,0x00,0x00,0x00,0x00,0x00,0x00,0x00,0x00,0x00,0x00,0x00,
    0x00,0x00,0x00,0x00,0x00,0x00,0x00,0x00,0x00,0x00,0x00,0x00,0x00,0x00,0x00,0x00,
    0x00,0x00,0x00,0x00,0x00,0x41,0xde,0xfb,0xff,0xff,0xff,0xdf,0xff,0xff,0xff,0xff,
    0xff,0xff,0xff,0xff,0xff,0xff,0xf7,0x9e,0x21,0x45,0x00,0x00,0x00,0x00,0x00,0x00,
    0x00,0x00,0x00,0x00,0x00,0x00,0x00,0x00,0x00,0x00,0x00,0x00,0x00,0x00,0x00,0x00,
    0x00,0x00,0x00,0x00,0x00,0x00,0x00,0x00,0x00,0x00,0x00,0x00,0x00,0x00,0x00,0x00,
    0x00,0x00,0x00,0x00,0x00,0x00,0x00,0x00,0x00,0x00,0x00,0x00,0x00,0x00,0x00,0x00,
    0x00,0x00,0x00,0x00,0x00,0x00,0x00,0x00,0x00,0x00,0x00,0x00,0x00,0x00,0x31,0xa6,
    0xff,0xdf,0xff,0xff,0xff,0xff,0xff,0xff,0xff,0xff,0xff,0xff,0xff,0xdf,0xff,0xff,
    0xb5,0xb7,0x00,0x00,0x00,0x00,0x00,0x00,0x00,0x00,0x08,0x41,0xe7,0x3c,0xff,0xff,
    0xff,0xff,0xff,0xff,0xff,0xff,0xff,0xdf,0xff,0xff,0x9c,0xd3,0x00,0x00,0x00,0x20,
    0x00,0x00,0x00,0x00,0x00,0x00,0x00,0x00,0x00,0x00,0x00,0x00,0x00,0x00,0x00,0x00,
    0x00,0x00,0x00,0x00,0x00,0x00,0x00,0x00,0x00,0x00,0x00,0x00,0x00,0x00,0x00,0x00,
    0x00,0x00,0x00,0x00,0x00,0x00,0x00,0x00,0x21,0x24,0x84,0x51,0xde,0xfb,0xff,0xff,
    0xff,0xff,0xff,0xff,0xff,0xff,0xff,0xff,0xff,0xff,0xff,0xff,0xff,0xff,0xff,0xff,
    0xff,0xff,0xff,0xff,0xff,0xff,0xff,0xff,0xff,0xff,0xff,0xff,0xff,0xff,0xff,0xff,
    0xff,0xff,0xff,0xff,0xff,0xff,0xff,0xff,0xff,0xff,0xff,0xff,0xc6,0x38,0x63,0x2c,
    0x08,0x61,0x00,0x00,0x00,0x00,0x00,0x00,0x00,0x00,0x00,0x00,0x00,0x00,0x00,0x00,
    0x00,0x00,0x00,0x00,0x00,0x00,0x00,0x00,0x00,0x00,0x00,0x00,0x00,0x00,0x00,0x00,
    0x00,0x00,0x00,0x00,0x00,0x00,0x00,0x00,0x21,0x04,0x8c,0x51,0xe7,0x1c,0xff,0xff,
    0xff,0xff,0xff,0xff,0xff,0xff,0xff,0xff,0xff,0xff,0xff,0xff,0xff,0xff,0xff,0xff,
    0xff,0xff,0xff,0xff,0xff,0xff,0xff,0xff,0xff,0xff,0xff,0xff,0xff,0xff,0xff,0xff,
    0xff,0xff,0xff,0xff,0xff,0xff,0xff,0xff,0xff,0xff,0xff,0xff,0xef,0x5d,0x94,0xb3,
    0x29,0x65,0x00,0x00,0x00,0x00,0x00,0x00,0x00,0x00,0x00,0x00,0x00,0x00,0x00,0x00,
    0x00,0x00,0x00,0x00,0x00,0x00,0x00,0x00,0x00,0x00,0x00,0x00,0x00,0x00,0x00,0x00,
    0x00,0x00,0x00,0x00,0x00,0x00,0x00,0x00,0x00,0x00,0x00,0x00,0x00,0x00,0x00,0x00,
    0x00,0x00,0x00,0x00,0x00,0x00,0x00,0x00,0x10,0xa2,0x84,0x10,0xe7,0x5d,0xff,0xff,
    0xff,0xff,0xff,0xff,0xff,0xdf,0xff,0xff,0xff,0xff,0xff,0xff,0xff,0xff,0xff,0xff,
    0xff,0xff,0xff,0xff,0xff,0xff,0xff,0xff,0xff,0xff,0xff,0xff,0xff,0xff,0xff,0xff,
    0xff,0xff,0xff,0xff,0xff,0xff,0xff,0xff,0xff,0xff,0xff,0xff,0xff,0xdf,0xff,0xff,
    0xff,0xff,0xff,0xff,0xef,0x7d,0x84,0x51,0x10,0xa3,0x00,0x00,0x00,0x00,0x00,0x00,
    0x00,0x00,0x00,0x00,0x00,0x00,0x00,0x00,0x00,0x00,0x00,0x00,0x00,0x00,0x00,0x00,
    0x00,0x00,0x00,0x00,0x00,0x00,0x00,0x00,0x00,0x00,0x00,0x00,0x00,0x00,0x00,0x00,
    0x00,0x00,0x00,0x00,0x39,0xe7,0xb5,0x96,0xff,0xff,0xff,0xff,0xff,0xff,0xff,0xff,
    0xff,0xff,0xff,0xff,0xff,0xff,0xff,0xff,0xff,0xff,0xff,0xff,0xff,0xff,0xff,0xff,
    0xff,0xff,0xff,0xff,0xff,0xff,0xff,0xff,0xff,0xff,0xff,0xff,0xff,0xff,0xff,0xff,
    0xff,0xff,0xff,0xff,0xff,0xff,0xff,0xff,0xff,0xdf,0xff,0xff,0xff,0xff,0xff,0xff,
    0xef,0x7d,0x8c,0x51,0x18,0xc3,0x00,0x00,0x00,0x00,0x00,0x00,0x00,0x00,0x00,0x00,
    0x00,0x00,0x00,0x00,0x00,0x00,0x00,0x00,0x00,0x00,0x00,0x00,0x00,0x00,0x00,0x00,
    0x00,0x00,0x00,0x00,0x00,0x00,0x00,0x00,0x00,0x00,0x00,0x00,0x00,0x41,0xdf,0x1c,
    0xff,0xff,0xff,0xff,0xff,0xff,0xff,0xff,0xff,0xff,0xff,0xff,0xff,0xff,0xff,0xff,
    0xd6,0x9a,0x08,0x41,0x00,0x00,0x00,0x00,0x00,0x00,0x00,0x00,0x00,0x00,0x00,0x00,
    0x00,0x00,0x00,0x00,0x00,0x00,0x00,0x00,0x00,0x00,0x00,0x00,0x00,0x00,0x00,0x00,
    0x00,0x00,0x00,0x00,0x00,0x00,0x00,0x00,0x00,0x00,0x00,0x00,0x00,0x00,0x00,0x00,
    0x00,0x00,0x00,0x00,0x00,0x00,0x00,0x00,0x00,0x00,0x00,0x00,0x00,0x00,0x00,0x00,
    0x00,0x00,0x00,0x00,0x08,0x61,0xde,0xdb,0xff,0xff,0xff,0xdf,0xff,0xff,0xff,0xff,
    0xff,0xff,0xff,0xff,0xff,0xff,0xff,0xff,0xbd,0xd7,0x00,0x00,0x00,0x00,0x00,0x00,
    0x00,0x00,0x08,0x41,0xe7,0x3c,0xff,0xff,0xff,0xff,0xff,0xff,0xff,0xff,0xff,0xdf,
    0xff,0xff,0x9c,0xd3,0x00,0x00,0x00,0x20,0x00,0x00,0x00,0x00,0x00,0x00,0x00,0x00,
    0x00,0x00,0x00,0x00,0x00,0x00,0x00,0x00,0x00,0x00,0x00,0x00,0x00,0x00,0x00,0x00,
    0x00,0x00,0x00,0x00,0x00,0x00,0x00,0x00,0x00,0x00,0x00,0x00,0x21,0x25,0x9c,0xd3,
    0xf7,0xbe,0xff,0xff,0xff,0xff,0xff,0xff,0xff,0xdf,0xff,0xff,0xff,0xff,0xff,0xff,
    0xff,0xff,0xff,0xff,0xff,0xff,0xff,0xff,0xff,0xff,0xff,0xff,0xff,0xff,0xff,0xff,
    0xff,0xff,0xff,0xff,0xff,0xff,0xff,0xff,0xff,0xff,0xff,0xff,0xff,0xff,0xff,0xdf,
    0xff,0xdf,0xff,0xff,0xff,0xff,0xff,0xff,0xde,0xdb,0x6b,0x4d,0x00,0x20,0x00,0x00,
    0x00,0x00,0x00,0x00,0x00,0x00,0x00,0x00,0x00,0x00,0x00,0x00,0x00,0x00,0x00,0x00,
    0x00,0x00,0x00,0x00,0x00,0x00,0x00,0x00,0x00,0x00,0x00,0x00,0x08,0x41,0x84,0x10,
    0xef,0x9e,0xff,0xff,0xff,0xff,0xff,0xff,0xff,0xdf,0xff,0xff,0xff,0xff,0xff,0xff,
    0xff,0xff,0xff,0xff,0xff,0xff,0xff,0xff,0xff,0xff,0xff,0xff,0xff,0xff,0xff,0xff,
    0xff,0xff,0xff,0xff,0xff,0xff,0xff,0xff,0xff,0xff,0xff,0xff,0xff,0xff,0xff,0xff,
    0xff,0xdf,0xff,0xff,0xff,0xff,0xff,0xff,0xf7,0xdf,0x94,0xd3,0x10,0xa2,0x00,0x00,
    0x00,0x00,0x00,0x00,0x00,0x00,0x00,0x00,0x00,0x00,0x00,0x00,0x00,0x00,0x00,0x00,
    0x00,0x00,0x00,0x00,0x00,0x00,0x00,0x00,0x00,0x00,0x00,0x00,0x00,0x00,0x00,0x00,
    0x00,0x00,0x00,0x00,0x00,0x00,0x00,0x00,0x00,0x00,0x00,0x00,0x00,0x00,0x63,0x2c,
    0xe7,0x1c,0xff,0xff,0xff,0xff,0xff,0xdf,0xff,0xff,0xff,0xff,0xff,0xff,0xff,0xff,
    0xff,0xff,0xff,0xff,0xff,0xff,0xff,0xff,0xff,0xff,0xff,0xff,0xff,0xff,0xff,0xff,
    0xff,0xff,0xff,0xff,0xff,0xff,0xff,0xff,0xff,0xff,0xff,0xff,0xff,0xff,0xff,0xff,
    0xff,0xff,0xff,0xff,0xff,0xff,0xff,0xff,0xff,0xff,0xff,0xdf,0xff,0xff,0xff,0xff,
    0xe7,0x3c,0x63,0x4d,0x00,0x00,0x00,0x00,0x00,0x00,0x00,0x00,0x00,0x00,0x00,0x00,
    0x00,0x00,0x00,0x00,0x00,0x00,0x00,0x00,0x00,0x00,0x00,0x00,0x00,0x00,0x00,0x00,
    0x00,0x00,0x00,0x00,0x00,0x00,0x00,0x00,0x18,0xe3,0x9d,0x14,0xff,0xff,0xff,0xff,
    0xff,0xff,0xff,0xdf,0xff,0xff,0xff,0xff,0xff,0xff,0xff,0xff,0xff,0xff,0xff,0xff,
    0xff,0xff,0xff,0xff,0xff,0xff,0xff,0xff,0xff,0xff,0xff,0xff,0xff,0xff,0xff,0xff,
    0xff,0xff,0xff,0xff,0xff,0xff,0xff,0xff,0xff,0xff,0xff,0xff,0xff,0xff,0xff,0xff,
    0xff,0xff,0xff,0xff,0xff,0xff,0xff,0xdf,0xff,0xff,0xff,0xff,0xe7,0x3d,0x6b,0x6e,
    0x00,0x00,0x00,0x00,0x00,0x00,0x00,0x00,0x00,0x00,0x00,0x00,0x00,0x00,0x00,0x00,
    0x00,0x00,0x00,0x00,0x00,0x00,0x00,0x00,0x00,0x00,0x00,0x00,0x00,0x00,0x00,0x00,
    0x00,0x00,0x00,0x00,0x00,0x41,0xdf,0x1c,0xff,0xff,0xff,0xff,0xff,0xff,0xff,0xff,
    0xff,0xff,0xff,0xff,0xff,0xff,0xff,0xdf,0xff,0xff,0xa5,0x34,0x00,0x00,0x00,0x20,
    0x00,0x00,0x00,0x00,0x00,0x00,0x00,0x00,0x00,0x00,0x00,0x00,0x00,0x00,0x00,0x00,
    0x00,0x00,0x00,0x00,0x00,0x00,0x00,0x00,0x00,0x00,0x00,0x00,0x00,0x00,0x00,0x00,
    0x00,0x00,0x00,0x00,0x00,0x00,0x00,0x00,0x00,0x00,0x00,0x00,0x00,0x00,0x00,0x00,
    0x00,0x00,0x00,0x00,0x00,0x00,0x00,0x00,0x00,0x20,0x00,0x00,0xa5,0x14,0xff,0xff,
    0xff,0xdf,0xff,0xff,0xff,0xff,0xff,0xff,0xff,0xff,0xff,0xff,0xff,0xff,0xff,0xff,
    0xbd,0xd7,0x00,0x00,0x00,0x00,0x00,0x00,0x00,0x00,0x08,0x41,0xe7,0x3c,0xff,0xff,
    0xff,0xff,0xff,0xff,0xff,0xff,0xff,0xdf,0xff,0xff,0x9c,0xd3,0x00,0x00,0x00,0x20,
    0x00,0x00,0x00,0x00,0x00,0x00,0x00,0x00,0x00,0x00,0x00,0x00,0x00,0x00,0x00,0x00,
    0x00,0x00,0x00,0x00,0x00,0x00,0x00,0x00,0x00,0x00,0x00,0x00,0x00,0x20,0x00,0x00,
    0x08,0x41,0x84,0x30,0xf7,0x9e,0xff,0xff,0xff,0xff,0xff,0xdf,0xff,0xff,0xff,0xff,
    0xff,0xff,0xff,0xff,0xff,0xff,0xff,0xff,0xff,0xff,0xff,0xff,0xff,0xff,0xff,0xff,
    0xff,0xff,0xff,0xff,0xff,0xff,0xff,0xff,0xff,0xff,0xff,0xff,0xff,0xff,0xff,0xff,
    0xff,0xff,0xff,0xff,0xff,0xff,0xff,0xff,0xff,0xff,0xff,0xff,0xff,0xff,0xff,0xff,
    0xff,0xff,0xff,0xff,0xce,0x7a,0x4a,0x49,0x00,0x00,0x00,0x00,0x00,0x00,0x00,0x00,
    0x00,0x00,0x00,0x00,0x00,0x00,0x00,0x00,0x00,0x00,0x00,0x00,0x00,0x00,0x00,0x20,
    0x00,0x00,0x31,0xa6,0xd6,0x9a,0xff,0xff,0xff,0xff,0xff,0xdf,0xff,0xff,0xff,0xff,
    0xff,0xff,0xff,0xff,0xff,0xff,0xff,0xff,0xff,0xdf,0xff,0xff,0xff,0xff,0xff,0xff,
    0xff,0xff,0xff,0xff,0xff,0xff,0xff,0xff,0xff,0xff,0xff,0xdf,0xff,0xdf,0xff,0xff,
    0xff,0xff,0xff,0xff,0xff,0xff,0xff,0xff,0xff,0xff,0xff,0xff,0xff,0xff,0xff,0xdf,
    0xff,0xff,0xff,0xff,0xe7,0x1c,0x42,0x49,0x00,0x00,0x00,0x00,0x00,0x00,0x00,0x00,
    0x00,0x00,0x00,0x00,0x00,0x00,0x00,0x00,0x00,0x00,0x00,0x00,0x00,0x00,0x00,0x00,
    0x00,0x00,0x00,0x00,0x00,0x00,0x00,0x00,0x00,0x00,0x00,0x00,0x00,0x00,0x00,0x20,
    0x00,0x00,0x21,0x24,0xb5,0xd7,0xff,0xff,0xff,0xff,0xff,0xdf,0xff,0xff,0xff,0xff,
    0xff,0xff,0xff,0xff,0xff,0xff,0xff,0xff,0xff,0xff,0xff,0xff,0xff,0xff,0xff,0xff,
    0xff,0xff,0xff,0xff,0xff,0xff,0xff,0xdf,0xff,0xdf,0xff,0xdf,0xff,0xff,0xff,0xff,
    0xff,0xff,0xff,0xff,0xff,0xff,0xff,0xff,0xff,0xff,0xff,0xff,0xff,0xff,0xff,0xff,
    0xff,0xff,0xff,0xff,0xff,0xff,0xff,0xdf,0xff,0xff,0xff,0xff,0xb5,0xd7,0x21,0x24,
    0x00,0x00,0x00,0x20,0x00,0x00,0x00,0x00,0x00,0x00,0x00,0x00,0x00,0x00,0x00,0x00,
    0x00,0x00,0x00,0x00,0x00,0x00,0x00,0x00,0x00,0x00,0x00,0x00,0x00,0x00,0x5b,0x0c,
    0xef,0x5d,0xff,0xff,0xff,0xff,0xff,0xff,0xff,0xff,0xff,0xff,0xff,0xff,0xff,0xff,
    0xff,0xff,0xff,0xff,0xff,0xff,0xff,0xff,0xff,0xff,0xff,0xff,0xff,0xff,0xff,0xff,
    0xff,0xff,0xff,0xdf,0xff,0xdf,0xff,0xdf,0xff,0xff,0xff,0xff,0xff,0xff,0xff,0xff,
    0xff,0xff,0xff,0xff,0xff,0xff,0xff,0xff,0xff,0xff,0xff,0xff,0xff,0xff,0xff,0xff,
    0xff,0xff,0xff,0xdf,0xff,0xff,0xff,0xff,0xc6,0x18,0x29,0x45,0x00,0x00,0x00,0x00,
    0x00,0x00,0x00,0x00,0x00,0x00,0x00,0x00,0x00,0x00,0x00,0x00,0x00,0x00,0x00,0x00,
    0x00,0x00,0x00,0x00,0x00,0x00,0x00,0x00,0x00,0x00,0x00,0x00,0x00,0x41,0xdf,0x1c,
    0xff,0xff,0xff,0xff,0xff,0xff,0xff,0xff,0xff,0xff,0xff,0xff,0xff,0xff,0xff,0xff,
    0xff,0xdf,0xff,0xff,0x73,0x8e,0x00,0x00,0x00,0x20,0x00,0x00,0x00,0x00,0x00,0x00,
    0x00,0x00,0x00,0x00,0x00,0x00,0x00,0x00,0x00,0x00,0x00,0x00,0x00,0x00,0x00,0x00,
    0x00,0x00,0x00,0x00,0x00,0x00,0x00,0x00,0x00,0x00,0x00,0x00,0x00,0x00,0x00,0x00,
    0x00,0x00,0x00,0x00,0x00,0x00,0x00,0x00,0x00,0x00,0x00,0x00,0x00,0x00,0x00,0x00,
    0x00,0x00,0x5b,0x0c,0xff,0xff,0xff,0xdf,0xff,0xff,0xff,0xff,0xff,0xff,0xff,0xff,
    0xff,0xff,0xff,0xff,0xff,0xff,0xff,0xff,0xbd,0xd7,0x00,0x00,0x00,0x00,0x00,0x00,
    0x00,0x00,0x08,0x41,0xe7,0x3c,0xff,0xff,0xff,0xff,0xff,0xff,0xff,0xff,0xff,0xdf,
    0xff,0xff,0x9c,0xd3,0x00,0x00,0x00,0x20,0x00,0x00,0x00,0x00,0x00,0x00,0x00,0x00,
    0x00,0x00,0x00,0x00,0x00,0x00,0x00,0x00,0x00,0x00,0x00,0x00,0x00,0x00,0x00,0x00,
    0x00,0x00,0x00,0x00,0x00,0x00,0x3a,0x08,0xd6,0x9a,0xff,0xff,0xff,0xff,0xff,0xdf,
    0xff,0xff,0xff,0xff,0xff,0xff,0xff,0xff,0xff,0xff,0xff,0xff,0xff,0xff,0xff,0xff,
    0xff,0xff,0xff,0xff,0xff,0xff,0xff,0xff,0xff,0xff,0xff,0xdf,0xff,0xdf,0xff,0xdf,
    0xff,0xff,0xff,0xff,0xff,0xff,0xff,0xff,0xff,0xff,0xff,0xff,0xff,0xff,0xff,0xff,
    0xff,0xff,0xff,0xff,0xff,0xff,0xff,0xff,0xff,0xff,0xff,0xff,0xff,0xff,0xff,0xff,
    0x94,0xd3,0x08,0x61,0x00,0x00,0x00,0x00,0x00,0x00,0x00,0x00,0x00,0x00,0x00,0x00,
    0x00,0x00,0x00,0x00,0x00,0x20,0x00,0x00,0x52,0xaa,0xf7,0xbe,0xff,0xff,0xff,0xdf,
    0xff,0xff,0xff,0xff,0xff,0xff,0xff,0xff,0xff,0xff,0xff,0xff,0xff,0xff,0xff,0xff,
    0xff,0xff,0xff,0xff,0xff,0xff,0xff,0xff,0xff,0xff,0xff,0xff,0xff,0xff,0xff,0xff,
    0xff,0xff,0xff,0xff,0xff,0xff,0xff,0xff,0xff,0xff,0xff,0xff,0xff,0xff,0xff,0xff,
    0xff,0xff,0xff,0xff,0xff,0xff,0xff,0xff,0xff,0xff,0xff,0xdf,0xff,0xff,0xff,0xff,
    0x63,0x2c,0x00,0x00,0x00,0x20,0x00,0x00,0x00,0x00,0x00,0x00,0x00,0x00,0x00,0x00,
    0x00,0x00,0x00,0x00,0x00,0x00,0x00,0x00,0x00,0x00,0x00,0x00,0x00,0x00,0x00,0x00,
    0x00,0x00,0x00,0x00,0x00,0x00,0x00,0x00,0x52,0xaa,0xef,0x5d,0xff,0xff,0xff,0xdf,
    0xff,0xff,0xff,0xff,0xff,0xff,0xff,0xff,0xff,0xff,0xff,0xff,0xff,0xff,0xff,0xff,
    0xff,0xff,0xff,0xdf,0xff,0xff,0xff,0xff,0xff,0xff,0xff,0xff,0xff,0xff,0xff,0xff,
    0xff,0xff,0xff,0xff,0xff,0xff,0xff,0xff,0xff,0xff,0xff,0xff,0xff,0xff,0xff,0xdf,
    0xff,0xff,0xff,0xff,0xff,0xff,0xff,0xff,0xff,0xff,0xff,0xff,0xff,0xff,0xff,0xff,
    0xff,0xff,0xff,0xdf,0xff,0xff,0xef,0x5d,0x52,0xaa,0x00,0x00,0x00,0x00,0x00,0x00,
    0x00,0x00,0x00,0x00,0x00,0x00,0x00,0x00,0x00,0x00,0x00,0x00,0x00,0x00,0x00,0x00,
    0x00,0x00,0x08,0x41,0x9c,0xf4,0xff,0xff,0xff,0xff,0xff,0xdf,0xff,0xff,0xff,0xff,
    0xff,0xff,0xff,0xff,0xff,0xff,0xff,0xff,0xff,0xff,0xff,0xff,0xff,0xff,0xff,0xdf,
    0xff,0xff,0xff,0xff,0xff,0xff,0xff,0xff,0xff,0xff,0xff,0xff,0xff,0xff,0xff,0xff,
    0xff,0xff,0xff,0xff,0xff,0xff,0xff,0xff,0xff,0xff,0xff,0xdf,0xff,0xff,0xff,0xff,
    0xff,0xff,0xff,0xff,0xff,0xff,0xff,0xff,0xff,0xff,0xff,0xff,0xff,0xff,0xff,0xdf,
    0xff,0xff,0xf7,0x9e,0x5a,0xeb,0x00,0x00,0x00,0x00,0x00,0x00,0x00,0x00,0x00,0x00,
    0x00,0x00,0x00,0x00,0x00,0x00,0x00,0x00,0x00,0x00,0x00,0x00,0x00,0x00,0x00,0x00,
    0x00,0x00,0x00,0x00,0x00,0x41,0xdf,0x1c,0xff,0xff,0xff,0xff,0xff,0xff,0xff,0xff,
    0xff,0xff,0xff,0xff,0xff,0xff,0xff,0xff,0xff,0xff,0xff,0xff,0xff,0xff,0x3a,0x08,
    0x00,0x00,0x00,0x00,0x00,0x00,0x00,0x00,0x00,0x00,0x00,0x00,0x00,0x00,0x00,0x00,
    0x00,0x00,0x00,0x00,0x00,0x00,0x00,0x00,0x00,0x00,0x00,0x00,0x00,0x00,0x00,0x00,
    0x00,0x00,0x00,0x00,0x00,0x00,0x00,0x00,0x00,0x00,0x00,0x00,0x00,0x00,0x00,0x00,
    0x00,0x00,0x00,0x00,0x00,0x00,0x00,0x00,0x21,0x45,0xf7,0x9e,0xff,0xff,0xff,0xff,
    0xff,0xff,0xff,0xff,0xff,0xff,0xff,0xff,0xff,0xff,0xff,0xff,0xff,0xff,0xff,0xff,
    0xbd,0xd7,0x00,0x00,0x00,0x00,0x00,0x00,0x00,0x00,0x08,0x41,0xe7,0x3c,0xff,0xff,
    0xff,0xff,0xff,0xff,0xff,0xff,0xff,0xdf,0xff,0xff,0x9c,0xd3,0x00,0x00,0x00,0x20,
    0x00,0x00,0x00,0x00,0x00,0x00,0x00,0x00,0x00,0x00,0x00,0x00,0x00,0x00,0x00,0x00,
    0x00,0x00,0x00,0x00,0x00,0x00,0x00,0x00,0x00,0x00,0x00,0x00,0x7b,0xcf,0xff,0xff,
    0xff,0xff,0xff,0xdf,0xff,0xff,0xff,0xff,0xff,0xff,0xff,0xff,0xff,0xff,0xff,0xff,
    0xff,0xff,0xff,0xff,0xff,0xff,0xff,0xdf,0xff,0xff,0xff,0xff,0xff,0xff,0xff,0xff,
    0xff,0xff,0xff,0xff,0xff,0xff,0xff,0xff,0xff,0xff,0xff,0xff,0xff,0xff,0xff,0xff,
    0xff,0xff,0xff,0xdf,0xff,0xff,0xff,0xff,0xff,0xff,0xff,0xff,0xff,0xff,0xff,0xff,
    0xff,0xff,0xff,0xff,0xff,0xff,0xff,0xff,0xff,0xff,0xd6,0x9a,0x29,0x86,0x00,0x00,
    0x00,0x20,0x00,0x00,0x00,0x00,0x00,0x00,0x00,0x00,0x00,0x00,0x00,0x00,0x52,0x8a,
    0xff,0xff,0xff,0xff,0xff,0xff,0xff,0xff,0xff,0xff,0xff,0xff,0xff,0xff,0xff,0xff,
    0xff,0xdf,0xff,0xff,0xff,0xff,0xbe,0x18,0x73,0xaf,0x52,0xaa,0x39,0xc7,0x31,0xa6,
    0x31,0x86,0x31,0x86,0x31,0x86,0x31,0xa6,0x42,0x08,0x63,0x2c,0x8c,0x51,0xbd,0xf8,
    0xf7,0x9e,0xff,0xff,0xff,0xff,0xff,0xff,0xff,0xff,0xff,0xff,0xff,0xff,0xff,0xff,
    0xff,0xff,0xff,0xff,0xff,0xff,0xff,0xff,0xff,0xff,0x63,0x2c,0x00,0x00,0x00,0x00,
    0x00,0x00,0x00,0x00,0x00,0x00,0x00,0x00,0x00,0x00,0x00,0x00,0x00,0x00,0x00,0x00,
    0x00,0x00,0x00,0x00,0x00,0x00,0x00,0x00,0x00,0x00,0x00,0x00,0x00,0x00,0x7b,0xef,
    0xff,0xff,0xff,0xff,0xff,0xff,0xff,0xff,0xff,0xff,0xff,0xff,0xff,0xff,0xff,0xff,
    0xff,0xff,0xff,0xff,0xff,0xdf,0xff,0xff,0xff,0xff,0xff,0xff,0xff,0xff,0xff,0xdf,
    0xdf,0x1c,0xc6,0x59,0xb5,0xb6,0xa5,0x14,0x9c,0xd3,0x9c,0xf3,0xad,0x75,0xbe,0x18,
    0xd6,0xba,0xf7,0x9e,0xff,0xff,0xff,0xff,0xff,0xff,0xff,0xff,0xff,0xdf,0xff,0xff,
    0xff,0xff,0xff,0xff,0xff,0xff,0xff,0xff,0xff,0xff,0xff,0xff,0xff,0xff,0xff,0xff,
    0xff,0xff,0x7b,0xef,0x00,0x00,0x00,0x00,0x00,0x00,0x00,0x00,0x00,0x00,0x00,0x00,
    0x00,0x00,0x00,0x00,0x00,0x00,0x00,0x00,0x19,0x04,0xce,0x59,0xff,0xff,0xff,0xdf,
    0xff,0xff,0xff,0xff,0xff,0xff,0xff,0xff,0xff,0xff,0xff,0xff,0xff,0xff,0xff,0xff,
    0xff,0xff,0xff,0xff,0xff,0xff,0xff,0xff,0xff,0xff,0xef,0x7d,0xd6,0x9a,0xbe,0x18,
    0xad,0x75,0x9c,0xf3,0x9c,0xd3,0x9d,0x14,0xb5,0xb6,0xc6,0x59,0xde,0xfb,0xff,0xdf,
    0xff,0xff,0xff,0xff,0xff,0xff,0xff,0xff,0xff,0xdf,0xff,0xff,0xff,0xff,0xff,0xff,
    0xff,0xff,0xff,0xff,0xff,0xff,0xff,0xff,0xff,0xff,0xff,0xff,0xff,0xff,0x84,0x30,
    0x00,0x00,0x00,0x00,0x00,0x00,0x00,0x00,0x00,0x00,0x00,0x00,0x00,0x00,0x00,0x00,
    0x00,0x00,0x00,0x00,0x00,0x00,0x00,0x00,0x00,0x00,0x00,0x00,0x00,0x41,0xdf,0x1c,
    0xff,0xff,0xff,0xff,0xff,0xff,0xff,0xff,0xff,0xff,0xff,0xff,0xff,0xff,0xff,0xff,
    0xff,0xff,0xff,0xff,0xff,0xff,0xe7,0x3c,0x18,0xc3,0x00,0x00,0x00,0x00,0x00,0x00,
    0x00,0x00,0x00,0x00,0x00,0x00,0x00,0x00,0x00,0x00,0x00,0x00,0x00,0x00,0x00,0x00,
    0x00,0x00,0x00,0x00,0x00,0x00,0x00,0x00,0x00,0x00,0x00,0x00,0x00,0x00,0x00,0x00,
    0x00,0x00,0x00,0x00,0x00,0x00,0x00,0x00,0x00,0x00,0x00,0x00,0x00,0x00,0x00,0x20,
    0xce,0x79,0xff,0xff,0xff,0xff,0xff,0xff,0xff,0xff,0xff,0xff,0xff,0xff,0xff,0xff,
    0xff,0xff,0xff,0xff,0xff,0xff,0xff,0xff,0xbd,0xd7,0x00,0x00,0x00,0x00,0x00,0x00,
    0x00,0x00,0x08,0x41,0xe7,0x3c,0xff,0xff,0xff,0xff,0xff,0xff,0xff,0xff,0xff,0xdf,
    0xff,0xff,0x9c,0xd3,0x00,0x00,0x00,0x20,0x00,0x00,0x00,0x00,0x00,0x00,0x00,0x00,
    0x00,0x00,0x00,0x00,0x00,0x00,0x00,0x00,0x00,0x00,0x00,0x00,0x00,0x00,0x00,0x00,
    0x08,0x41,0xa5,0x35,0xff,0xff,0xff,0xff,0xff,0xff,0xff,0xff,0xff,0xff,0xff,0xff,
    0xff,0xff,0xff,0xff,0xff,0xff,0xff,0xff,0xff,0xdf,0xff,0xff,0xff,0xff,0xff,0xff,
    0xff,0xff,0xf7,0xbe,0xde,0xdb,0xc6,0x38,0xad,0x96,0x9c,0xf3,0x9c,0xd3,0x9c,0xf3,
    0xad,0x96,0xc6,0x38,0xde,0xdb,0xf7,0xbe,0xff,0xff,0xff,0xff,0xff,0xff,0xff,0xff,
    0xff,0xdf,0xff,0xff,0xff,0xff,0xff,0xff,0xff,0xff,0xff,0xff,0xff,0xff,0xff,0xff,
    0xff,0xdf,0xff,0xff,0xf7,0x9e,0x52,0x8a,0x00,0x00,0x00,0x20,0x00,0x00,0x00,0x00,
    0x00,0x00,0x00,0x00,0x29,0x65,0xf7,0xbe,0xff,0xff,0xff,0xff,0xff,0xff,0xff,0xff,
    0xff,0xff,0xff,0xff,0xff,0xff,0xff,0xff,0xff,0xff,0xe7,0x1c,0x5a,0xec,0x00,0x00,
    0x00,0x00,0x00,0x00,0x00,0x00,0x00,0x00,0x00,0x00,0x00,0x00,0x00,0x00,0x00,0x00,
    0x00,0x00,0x00,0x00,0x00,0x00,0x00,0x00,0x18,0xe3,0x63,0x4d,0xce,0x9a,0xff,0xff,
    0xff,0xff,0xff,0xff,0xff,0xff,0xff,0xff,0xff,0xff,0xff,0xff,0xff,0xff,0xff,0xff,
    0xff,0xff,0xff,0xff,0x42,0x08,0x00,0x00,0x00,0x00,0x00,0x00,0x00,0x00,0x00,0x00,
    0x00,0x00,0x00,0x00,0x00,0x00,0x00,0x00,0x00,0x00,0x00,0x00,0x00,0x00,0x00,0x00,
    0x00,0x00,0x00,0x00,0x94,0xd3,0xff,0xff,0xff,0xff,0xff,0xff,0xff,0xff,0xff,0xff,
    0xff,0xff,0xff,0xff,0xff,0xff,0xff,0xff,0xff,0xff,0xff,0xff,0xff,0xff,0xff,0xff,
    0xd6,0x9a,0x8c,0x92,0x52,0x8a,0x21,0x24,0x08,0x41,0x00,0x00,0x00,0x00,0x00,0x00,
    0x00,0x00,0x00,0x00,0x00,0x00,0x00,0x00,0x00,0x00,0x10,0xa3,0x39,0xe7,0x7b,0xcf,
    0xbe,0x18,0xff,0xdf,0xff,0xff,0xff,0xff,0xff,0xff,0xff,0xff,0xff,0xff,0xff,0xff,
    0xff,0xff,0xff,0xff,0xff,0xff,0xff,0xff,0xff,0xff,0xff,0xff,0x94,0xb2,0x00,0x00,
    0x00,0x00,0x00,0x00,0x00,0x00,0x00,0x00,0x00,0x00,0x00,0x20,0x00,0x00,0x29,0x65,
    0xe7,0x1c,0xff,0xff,0xff,0xdf,0xff,0xff,0xff,0xff,0xff,0xff,0xff,0xff,0xff,0xff,
    0xff,0xff,0xff,0xff,0xff,0xff,0xff,0xff,0xff,0xff,0xef,0x7d,0xad,0x96,0x6b,0x6d,
    0x31,0xc7,0x10,0xa2,0x00,0x00,0x00,0x00,0x00,0x00,0x00,0x00,0x00,0x00,0x00,0x00,
    0x00,0x00,0x00,0x00,0x08,0x41,0x21,0x04,0x4a,0x8a,0x8c,0x72,0xd6,0x9a,0xff,0xff,
    0xff,0xff,0xff,0xff,0xff,0xff,0xff,0xff,0xff,0xff,0xff,0xff,0xff,0xff,0xff,0xff,
    0xff,0xff,0xff,0xff,0xff,0xdf,0xff,0xff,0x9c,0xf4,0x00,0x00,0x00,0x00,0x00,0x00,
    0x00,0x00,0x00,0x00,0x00,0x00,0x00,0x00,0x00,0x00,0x00,0x00,0x00,0x00,0x00,0x00,
    0x00,0x00,0x00,0x00,0x00,0x41,0xdf,0x1c,0xff,0xff,0xff,0xff,0xff,0xff,0xff,0xff,
    0xff,0xff,0xff,0xff,0xff,0xff,0xff,0xff,0xff,0xff,0xff,0xff,0xff,0xff,0xff,0xff,
    0xbe,0x18,0x00,0x00,0x00,0x00,0x00,0x00,0x00,0x00,0x00,0x00,0x00,0x00,0x00,0x00,
    0x00,0x00,0x00,0x00,0x00,0x00,0x00,0x00,0x00,0x00,0x00,0x00,0x00,0x00,0x00,0x00,
    0x00,0x00,0x00,0x00,0x00,0x00,0x00,0x00,0x00,0x00,0x00,0x00,0x00,0x00,0x00,0x00,
    0x00,0x00,0x00,0x20,0x00,0x00,0x8c,0x92,0xff,0xff,0xff,0xdf,0xff,0xff,0xff,0xff,
    0xff,0xff,0xff,0xff,0xff,0xff,0xff,0xff,0xff,0xff,0xff,0xff,0xff,0xff,0xff,0xff,
    0xbd,0xd7,0x00,0x00,0x00,0x00,0x00,0x00,0x00,0x00,0x08,0x41,0xe7,0x3c,0xff,0xff,
    0xff,0xff,0xff,0xff,0xff,0xff,0xff,0xdf,0xff,0xff,0x9c,0xd3,0x00,0x00,0x00,0x20,
    0x00,0x00,0x00,0x00,0x00,0x00,0x00,0x00,0x00,0x00,0x00,0x00,0x00,0x00,0x00,0x00,
    0x00,0x00,0x00,0x00,0x00,0x00,0x10,0x82,0xc6,0x18,0xff,0xff,0xff,0xdf,0xff,0xff,
    0xff,0xff,0xff,0xff,0xff,0xff,0xff,0xff,0xff,0xff,0xff,0xff,0xff,0xff,0xff,0xff,
    0xff,0xff,0xff,0xdf,0xc6,0x18,0x7b,0xf0,0x42,0x28,0x18,0xe3,0x00,0x20,0x00,0x00,
    0x00,0x00,0x00,0x00,0x00,0x00,0x00,0x00,0x00,0x00,0x00,0x00,0x00,0x20,0x18,0xe4,
    0x4a,0x69,0x8c,0x51,0xce,0x79,0xff,0xff,0xff,0xff,0xff,0xff,0xff,0xff,0xff,0xff,
    0xff,0xff,0xff,0xff,0xff,0xff,0xff,0xff,0xff,0xff,0xff,0xff,0xff,0xff,0xff,0xff,
    0x63,0x4d,0x00,0x00,0x00,0x00,0x00,0x00,0x00,0x00,0x00,0x20,0xce,0x59,0xff,0xff,
    0xff,0xff,0xff,0xff,0xff,0xff,0xff,0xff,0xff,0xff,0xff,0xff,0xff,0xff,0xf7,0x9e,
    0x7c,0x10,0x10,0x82,0x00,0x00,0x00,0x00,0x00,0x20,0x00,0x00,0x00,0x00,0x00,0x00,
    0x00,0x00,0x00,0x00,0x00,0x00,0x00,0x00,0x00,0x00,0x00,0x20,0x00,0x20,0x00,0x00,
    0x00,0x00,0x00,0x00,0x00,0x20,0x6b,0x6d,0xf7,0x9e,0xff,0xff,0xff,0xff,0xff,0xff,
    0xff,0xff,0xff,0xff,0xff,0xff,0xff,0xff,0xff,0xff,0xff,0xff,0xe7,0x3c,0x10,0x82,
    0x00,0x00,0x00,0x00,0x00,0x00,0x00,0x00,0x00,0x00,0x00,0x00,0x00,0x00,0x00,0x00,
    0x00,0x00,0x00,0x00,0x00,0x00,0x00,0x00,0x00,0x00,0xa5,0x14,0xff,0xff,0xff,0xdf,
    0xff,0xff,0xff,0xff,0xff,0xff,0xff,0xff,0xff,0xff,0xff,0xff,0xff,0xff,0xff,0xff,
    0xff,0xff,0xef,0x7d,0x94,0xb2,0x39,0xc7,0x00,0x00,0x00,0x00,0x00,0x00,0x00,0x00,
    0x00,0x00,0x00,0x00,0x00,0x00,0x00,0x00,0x00,0x20,0x00,0x20,0x00,0x00,0x00,0x00,
    0x00,0x00,0x00,0x00,0x00,0x00,0x00,0x00,0x00,0x00,0x21,0x25,0x7b,0xf0,0xde,0xfb,
    0xff,0xff,0xff,0xff,0xff,0xff,0xff,0xff,0xff,0xff,0xff,0xff,0xff,0xff,0xff,0xff,
    0xff,0xff,0xff,0xdf,0xff,0xff,0xa5,0x55,0x00,0x20,0x00,0x00,0x00,0x00,0x00,0x00,
    0x00,0x00,0x00,0x00,0x29,0x86,0xef,0x5d,0xff,0xff,0xff,0xdf,0xff,0xff,0xff,0xff,
    0xff,0xff,0xff,0xff,0xff,0xff,0xff,0xff,0xff,0xff,0xff,0xff,0xff,0xff,0xce,0x59,
    0x63,0x2d,0x18,0xc3,0x00,0x00,0x00,0x00,0x00,0x00,0x00,0x00,0x00,0x00,0x00,0x00,
    0x00,0x00,0x00,0x20,0x00,0x20,0x00,0x00,0x00,0x00,0x00,0x00,0x00,0x00,0x00,0x00,
    0x00,0x00,0x00,0x00,0x00,0x00,0x39,0xc7,0x94,0xd3,0xef,0x9e,0xff,0xff,0xff,0xff,
    0xff,0xff,0xff,0xff,0xff,0xff,0xff,0xff,0xff,0xff,0xff,0xff,0xff,0xff,0xff,0xdf,
    0xff,0xff,0xa5,0x35,0x00,0x00,0x00,0x00,0x00,0x00,0x00,0x00,0x00,0x00,0x00,0x00,
    0x00,0x00,0x00,0x00,0x00,0x00,0x00,0x00,0x00,0x00,0x00,0x00,0x00,0x41,0xdf,0x1c,
    0xff,0xff,0xff,0xff,0xff,0xff,0xff,0xff,0xff,0xff,0xff,0xff,0xff,0xff,0xff,0xff,
    0xff,0xff,0xff,0xff,0xff,0xff,0xff,0xdf,0xff,0xff,0x8c,0x92,0x00,0x00,0x00,0x20,
    0x00,0x00,0x00,0x00,0x00,0x00,0x00,0x00,0x00,0x00,0x00,0x00,0x00,0x00,0x00,0x00,
    0x00,0x00,0x00,0x00,0x00,0x00,0x00,0x00,0x00,0x00,0x00,0x00,0x00,0x00,0x00,0x00,
    0x00,0x00,0x00,0x00,0x00,0x00,0x00,0x00,0x00,0x00,0x00,0x00,0x4a,0x8a,0xff,0xff,
    0xff,0xdf,0xff,0xff,0xff,0xff,0xff,0xff,0xff,0xff,0xff,0xff,0xff,0xff,0xff,0xff,
    0xff,0xff,0xff,0xff,0xff,0xff,0xff,0xff,0xbd,0xd7,0x00,0x00,0x00,0x00,0x00,0x00,
    0x00,0x00,0x08,0x41,0xe7,0x3c,0xff,0xff,0xff,0xff,0xff,0xff,0xff,0xff,0xff,0xdf,
    0xff,0xff,0x9c,0xd3,0x00,0x00,0x00,0x20,0x00,0x00,0x00,0x00,0x00,0x00,0x00,0x00,
    0x00,0x00,0x00,0x00,0x00,0x00,0x00,0x00,0x00,0x00,0x00,0x00,0x10,0x82,0xce,0x59,
    0xff,0xff,0xff,0xdf,0xff,0xff,0xff,0xff,0xff,0xff,0xff,0xff,0xff,0xff,0xff,0xff,
    0xff,0xff,0xff,0xff,0xff,0xff,0xde,0xfb,0x7b,0xef,0x21,0x45,0x00,0x00,0x00,0x00,
    0x00,0x00,0x00,0x00,0x00,0x00,0x00,0x00,0x00,0x00,0x00,0x20,0x00,0x20,0x00,0x20,
    0x00,0x00,0x00,0x00,0x00,0x00,0x00,0x00,0x00,0x00,0x00,0x00,0x00,0x00,0x31,0xc7,
    0x94,0xd3,0xef,0x9e,0xff,0xff,0xff,0xff,0xff,0xff,0xff,0xff,0xff,0xff,0xff,0xff,
    0xff,0xff,0xff,0xff,0xff,0xff,0xff,0xff,0xff,0xff,0x73,0xaf,0x00,0x00,0x00,0x20,
    0x00,0x00,0x5a,0xeb,0xff,0xff,0xff,0xdf,0xff,0xff,0xff,0xff,0xff,0xff,0xff,0xff,
    0xff,0xff,0xff,0xff,0xc6,0x39,0x21,0x45,0x00,0x00,0x00,0x00,0x00,0x00,0x00,0x00,
    0x00,0x00,0x00,0x00,0x00,0x00,0x00,0x00,0x00,0x00,0x00,0x00,0x00,0x00,0x00,0x00,
    0x00,0x00,0x00,0x00,0x00,0x00,0x00,0x00,0x00,0x00,0x00,0x20,0x00,0x00,0x00,0x00,
    0x29,0x65,0xde,0xdb,0xff,0xff,0xff,0xff,0xff,0xff,0xff,0xff,0xff,0xff,0xff,0xff,
    0xff,0xff,0xff,0xdf,0xff,0xff,0x94,0xb3,0x00,0x00,0x00,0x00,0x00,0x00,0x00,0x00,
    0x00,0x00,0x00,0x00,0x00,0x00,0x00,0x00,0x00,0x00,0x00,0x00,0x00,0x20,0x00,0x00,
    0x9c,0xd3,0xff,0xff,0xff,0xdf,0xff,0xff,0xff,0xff,0xff,0xff,0xff,0xff,0xff,0xff,
    0xff,0xff,0xff,0xff,0xff,0xff,0xf7,0xbe,0x8c,0x51,0x18,0xe3,0x00,0x00,0x00,0x00,
    0x00,0x00,0x00,0x20,0x00,0x00,0x00,0x00,0x00,0x00,0x00,0x00,0x00,0x00,0x00,0x00,
    0x00,0x00,0x00,0x00,0x00,0x00,0x00,0x00,0x00,0x00,0x00,0x00,0x00,0x00,0x00,0x20,
    0x00,0x00,0x00,0x00,0x00,0x00,0x08,0x62,0x73,0xae,0xef,0x5d,0xff,0xff,0xff,0xff,
    0xff,0xff,0xff,0xff,0xff,0xff,0xff,0xff,0xff,0xff,0xff,0xdf,0xff,0xff,0x94,0xb2,
    0x00,0x00,0x00,0x00,0x00,0x00,0x00,0x00,0x00,0x00,0x21,0x25,0xe7,0x3c,0xff,0xff,
    0xff,0xff,0xff,0xff,0xff,0xff,0xff,0xff,0xff,0xff,0xff,0xff,0xff,0xff,0xff,0xff,
    0xff,0xff,0xce,0x79,0x52,0x8a,0x00,0x00,0x00,0x00,0x00,0x00,0x00,0x00,0x00,0x20,
    0x00,0x00,0x00,0x00,0x00,0x00,0x00,0x00,0x00,0x00,0x00,0x00,0x00,0x00,0x00,0x00,
    0x00,0x00,0x00,0x00,0x00,0x00,0x00,0x00,0x00,0x00,0x00,0x20,0x00,0x00,0x00,0x00,
    0x00,0x00,0x18,0xe4,0x8c,0x92,0xf7,0xdf,0xff,0xff,0xff,0xff,0xff,0xff,0xff,0xff,
    0xff,0xff,0xff,0xff,0xff,0xff,0xff,0xff,0xff,0xdf,0xff,0xff,0x9c,0xf3,0x00,0x00,
    0x00,0x20,0x00,0x00,0x00,0x00,0x00,0x00,0x00,0x00,0x00,0x00,0x00,0x00,0x00,0x00,
    0x00,0x00,0x00,0x00,0x00,0x41,0xdf,0x1c,0xff,0xff,0xff,0xff,0xff,0xff,0xff,0xff,
    0xff,0xff,0xff,0xff,0xff,0xff,0xff,0xff,0xff,0xff,0xff,0xff,0xff,0xff,0xff,0xff,
    0xff,0xdf,0xff,0xff,0x5a,0xeb,0x00,0x00,0x00,0x20,0x00,0x00,0x00,0x00,0x00,0x00,
    0x00,0x00,0x00,0x00,0x00,0x00,0x00,0x00,0x00,0x00,0x00,0x00,0x00,0x00,0x00,0x00,
    0x00,0x00,0x00,0x00,0x00,0x00,0x00,0x00,0x00,0x00,0x00,0x00,0x00,0x00,0x00,0x00,
    0x00,0x00,0x18,0xe3,0xef,0x5d,0xff,0xff,0xff,0xff,0xff,0xff,0xff,0xff,0xff,0xff,
    0xff,0xff,0xff,0xff,0xff,0xff,0xff,0xff,0xff,0xff,0xff,0xff,0xff,0xff,0xff,0xff,
    0xbd,0xd7,0x00,0x00,0x00,0x00,0x00,0x00,0x00,0x00,0x08,0x41,0xe7,0x3c,0xff,0xff,
    0xff,0xff,0xff,0xff,0xff,0xff,0xff,0xdf,0xff,0xff,0x9c,0xd3,0x00,0x00,0x00,0x20,
    0x00,0x00,0x00,0x00,0x00,0x00,0x00,0x00,0x00,0x00,0x00,0x00,0x00,0x00,0x00,0x00,
    0x00,0x00,0x08,0x41,0xc6,0x38,0xff,0xff,0xff,0xdf,0xff,0xff,0xff,0xff,0xff,0xff,
    0xff,0xff,0xff,0xff,0xff,0xff,0xff,0xff,0xff,0xff,0xe7,0x1c,0x6b,0x6d,0x08,0x61,
    0x00,0x00,0x00,0x00,0x00,0x00,0x00,0x20,0x00,0x00,0x00,0x00,0x00,0x00,0x00,0x00,
    0x00,0x00,0x00,0x00,0x00,0x00,0x00,0x00,0x00,0x00,0x00,0x00,0x00,0x00,0x00,0x00,
    0x00,0x00,0x00,0x20,0x00,0x00,0x00,0x00,0x00,0x00,0x19,0x04,0x94,0x92,0xff,0xdf,
    0xff,0xff,0xff,0xdf,0xff,0xff,0xff,0xff,0xff,0xff,0xff,0xff,0xff,0xff,0xff,0xff,
    0xff,0xff,0x63,0x4d,0x00,0x00,0x00,0x00,0x00,0x00,0xce,0x9a,0xff,0xff,0xff,0xff,
    0xff,0xff,0xff,0xff,0xff,0xff,0xff,0xff,0xff,0xff,0xbd,0xd7,0x08,0x41,0x00,0x00,
    0x00,0x20,0x00,0x00,0x00,0x00,0x00,0x00,0x00,0x00,0x00,0x00,0x00,0x00,0x00,0x00,
    0x00,0x00,0x00,0x00,0x00,0x00,0x00,0x00,0x00,0x00,0x00,0x00,0x00,0x00,0x00,0x00,
    0x00,0x00,0x00,0x00,0x00,0x00,0x00,0x20,0x00,0x00,0x18,0xe3,0xde,0xfc,0xff,0xff,
    0xff,0xff,0xff,0xff,0xff,0xff,0xff,0xff,0xff,0xff,0xff,0xff,0xff,0xff,0xff,0xdf,
    0x21,0x24,0x00,0x00,0x00,0x00,0x00,0x00,0x00,0x00,0x00,0x00,0x00,0x00,0x00,0x00,
    0x00,0x00,0x00,0x20,0x00,0x00,0x7c,0x10,0xff,0xff,0xff,0xdf,0xff,0xff,0xff,0xff,
    0xff,0xff,0xff,0xff,0xff,0xff,0xff,0xff,0xff,0xff,0xff,0xff,0xb5,0xd7,0x29,0x65,
    0x00,0x00,0x00,0x00,0x00,0x00,0x00,0x00,0x00,0x00,0x00,0x00,0x00,0x00,0x00,0x00,
    0x00,0x00,0x00,0x00,0x00,0x00,0x00,0x00,0x00,0x00,0x00,0x00,0x00,0x00,0x00,0x00,
    0x00,0x00,0x00,0x00,0x00,0x00,0x00,0x00,0x00,0x00,0x00,0x00,0x00,0x20,0x00,0x00,
    0x00,0x00,0x18,0xe3,0xa5,0x34,0xff,0xff,0xff,0xff,0xff,0xff,0xff,0xff,0xff,0xff,
    0xff,0xdf,0xff,0xff,0x8c,0x71,0x00,0x00,0x00,0x00,0x00,0x00,0x00,0x00,0x00,0x00,
    0x10,0xa2,0xde,0xdb,0xff,0xff,0xff,0xff,0xff,0xff,0xff,0xff,0xff,0xff,0xff,0xff,
    0xff,0xff,0xff,0xff,0xff,0xff,0xf7,0xbe,0x73,0xae,0x00,0x20,0x00,0x00,0x00,0x00,
    0x00,0x20,0x00,0x00,0x00,0x00,0x00,0x00,0x00,0x00,0x00,0x00,0x00,0x00,0x00,0x00,
    0x00,0x00,0x00,0x00,0x00,0x00,0x00,0x00,0x00,0x00,0x00,0x00,0x00,0x00,0x00,0x00,
    0x00,0x00,0x00,0x00,0x00,0x00,0x00,0x00,0x00,0x00,0x00,0x00,0x00,0x00,0x31,0x86,
    0xc6,0x18,0xff,0xff,0xff,0xff,0xff,0xff,0xff,0xff,0xff,0xff,0xff,0xff,0xff,0xff,
    0xff,0xff,0xff,0xdf,0xff,0xff,0x84,0x10,0x00,0x00,0x00,0x20,0x00,0x00,0x00,0x00,
    0x00,0x00,0x00,0x00,0x00,0x00,0x00,0x00,0x00,0x00,0x00,0x00,0x00,0x41,0xdf,0x1c,
    0xff,0xff,0xff,0xff,0xff,0xff,0xff,0xff,0xff,0xff,0xff,0xff,0xff,0xff,0xff,0xff,
    0xff,0xff,0xff,0xff,0xff,0xff,0xff,0xff,0xff,0xff,0xff,0xff,0xf7,0xbe,0x29,0x65,
    0x00,0x00,0x00,0x00,0x00,0x00,0x00,0x00,0x00,0x00,0x00,0x00,0x00,0x00,0x00,0x00,
    0x00,0x00,0x00,0x00,0x00,0x00,0x00,0x00,0x00,0x00,0x00,0x00,0x00,0x00,0x00,0x00,
    0x00,0x00,0x00,0x00,0x00,0x00,0x00,0x20,0x00,0x00,0xbd,0xf7,0xff,0xff,0xff,0xff,
    0xff,0xff,0xff,0xff,0xff,0xff,0xff,0xff,0xff,0xff,0xff,0xff,0xff,0xff,0xff,0xff,
    0xff,0xff,0xff,0xff,0xff,0xff,0xff,0xff,0xbd,0xd7,0x00,0x00,0x00,0x00,0x00,0x00,
    0x00,0x00,0x08,0x41,0xe7,0x3c,0xff,0xff,0xff,0xff,0xff,0xff,0xff,0xff,0xff,0xdf,
    0xff,0xff,0x9c,0xd3,0x00,0x00,0x00,0x20,0x00,0x00,0x00,0x00,0x00,0x00,0x00,0x00,
    0x00,0x00,0x00,0x00,0x00,0x00,0x00,0x00,0x00,0x00,0xb5,0x96,0xff,0xff,0xff,0xdf,
    0xff,0xff,0xff,0xff,0xff,0xff,0xff,0xff,0xff,0xff,0xff,0xff,0xff,0xff,0xff,0xff,
    0x94,0xb3,0x10,0xa2,0x00,0x00,0x00,0x00,0x00,0x20,0x00,0x00,0x00,0x00,0x00,0x00,
    0x00,0x00,0x00,0x00,0x00,0x00,0x00,0x00,0x00,0x00,0x00,0x00,0x00,0x00,0x00,0x00,
    0x00,0x00,0x00,0x00,0x00,0x00,0x00,0x00,0x00,0x00,0x00,0x00,0x00,0x00,0x00,0x00,
    0x00,0x00,0x00,0x00,0x00,0x00,0x31,0xa6,0xc6,0x38,0xff,0xff,0xff,0xdf,0xff,0xff,
    0xff,0xff,0xff,0xff,0xff,0xff,0xff,0xff,0x5a,0xeb,0x00,0x00,0x00,0x20,0x00,0x00,
    0x31,0xa6,0xff,0xff,0xff,0xff,0xff,0xff,0xff,0xff,0xff,0xff,0xff,0xff,0xff,0xff,
    0xde,0xfb,0x08,0x62,0x00,0x00,0x00,0x20,0x00,0x00,0x00,0x00,0x00,0x00,0x00,0x00,
    0x00,0x00,0x00,0x00,0x00,0x00,0x00,0x00,0x00,0x00,0x00,0x00,0x00,0x00,0x00,0x00,
    0x00,0x00,0x00,0x00,0x00,0x00,0x00,0x00,0x00,0x00,0x00,0x00,0x00,0x00,0x00,0x00,
    0x00,0x20,0x00,0x00,0x31,0xa6,0xf7,0xdf,0xff,0xff,0xff,0xff,0xff,0xff,0xff,0xff,
    0xff,0xff,0xff,0xff,0xff,0xdf,0xff,0xff,0x8c,0x92,0x00,0x00,0x00,0x20,0x00,0x00,
    0x00,0x00,0x00,0x00,0x00,0x00,0x00,0x00,0x00,0x00,0x00,0x00,0x52,0xaa,0xff,0xff,
    0xff,0xdf,0xff,0xff,0xff,0xff,0xff,0xff,0xff,0xff,0xff,0xff,0xff,0xff,0xff,0xff,
    0xff,0xff,0x73,0xae,0x00,0x00,0x00,0x00,0x00,0x20,0x00,0x00,0x00,0x00,0x00,0x00,
    0x00,0x00,0x00,0x00,0x00,0x00,0x00,0x00,0x00,0x00,0x00,0x00,0x00,0x00,0x00,0x00,
    0x00,0x00,0x00,0x00,0x00,0x00,0x00,0x00,0x00,0x00,0x00,0x00,0x00,0x00,0x00,0x00,
    0x00,0x00,0x00,0x00,0x00,0x00,0x00,0x00,0x00,0x20,0x00,0x00,0x00,0x00,0x63,0x2c,
    0xf7,0xbe,0xff,0xff,0xff,0xff,0xff,0xdf,0xff,0xff,0x8c,0x71,0x00,0x00,0x00,0x00,
    0x00,0x00,0x00,0x00,0x00,0x00,0x00,0x00,0xbd,0xf7,0xff,0xff,0xff,0xdf,0xff,0xff,
    0xff,0xff,0xff,0xff,0xff,0xff,0xff,0xff,0xff,0xdf,0xff,0xff,0xce,0x9a,0x29,0x86,
    0x00,0x00,0x00,0x00,0x00,0x00,0x00,0x00,0x00,0x00,0x00,0x00,0x00,0x00,0x00,0x00,
    0x00,0x00,0x00,0x00,0x00,0x00,0x00,0x00,0x00,0x00,0x00,0x00,0x00,0x00,0x00,0x00,
    0x00,0x00,0x00,0x00,0x00,0x00,0x00,0x00,0x00,0x00,0x00,0x00,0x00,0x00,0x00,0x00,
    0x00,0x00,0x00,0x00,0x00,0x20,0x00,0x00,0x00,0x00,0x84,0x10,0xff,0xff,0xff,0xff,
    0xff,0xff,0xff,0xff,0xff,0xff,0xff,0xff,0xff,0xff,0xff,0xff,0xff,0xdf,0xff,0xff,
    0x52,0xaa,0x00,0x00,0x00,0x00,0x00,0x00,0x00,0x00,0x00,0x00,0x00,0x00,0x00,0x00,
    0x00,0x00,0x00,0x00,0x00,0x41,0xdf,0x1c,0xff,0xff,0xff,0xff,0xff,0xff,0xff,0xff,
    0xff,0xff,0xff,0xff,0xff,0xff,0xff,0xff,0xff,0xff,0xff,0xff,0xff,0xff,0xff,0xff,
    0xff,0xff,0xff,0xdf,0xff,0xff,0xd6,0xbb,0x08,0x61,0x00,0x00,0x00,0x00,0x00,0x00,
    0x00,0x00,0x00,0x00,0x00,0x00,0x00,0x00,0x00,0x00,0x00,0x00,0x00,0x00,0x00,0x00,
    0x00,0x00,0x00,0x00,0x00,0x00,0x00,0x00,0x00,0x00,0x00,0x00,0x00,0x20,0x00,0x00,
    0x7b,0xf0,0xff,0xff,0xff,0xdf,0xff,0xff,0xff,0xff,0xff,0xff,0xff,0xff,0xff,0xff,
    0xff,0xff,0xff,0xff,0xff,0xff,0xff,0xff,0xff,0xff,0xff,0xff,0xff,0xff,0xff,0xff,
    0xbd,0xd7,0x00,0x00,0x00,0x00,0x00,0x00,0x00,0x00,0x08,0x41,0xe7,0x3c,0xff,0xff,
    0xff,0xff,0xff,0xff,0xff,0xff,0xff,0xdf,0xff,0xff,0x9c,0xd3,0x00,0x00,0x00,0x20,
    0x00,0x00,0x00,0x00,0x00,0x00,0x00,0x00,0x00,0x00,0x00,0x00,0x00,0x20,0x00,0x00,
    0x8c,0x51,0xff,0xff,0xff,0xdf,0xff,0xff,0xff,0xff,0xff,0xff,0xff,0xff,0xff,0xff,
    0xff,0xff,0xff,0xff,0xef,0x5d,0x4a,0x8a,0x00,0x00,0x00,0x00,0x00,0x20,0x00,0x00,
    0x00,0x00,0x00,0x00,0x00,0x00,0x00,0x00,0x00,0x00,0x00,0x00,0x00,0x00,0x00,0x00,
    0x00,0x00,0x00,0x00,0x00,0x00,0x00,0x00,0x00,0x00,0x00,0x00,0x00,0x00,0x00,0x00,
    0x00,0x00,0x00,0x00,0x00,0x00,0x00,0x00,0x00,0x00,0x00,0x00,0x00,0x20,0x00,0x00,
    0x00,0x00,0x8c,0x51,0xff,0xff,0xff,0xff,0xff,0xff,0xff,0xff,0xff,0xff,0x5a,0xec,
    0x00,0x00,0x00,0x20,0x00,0x20,0x00,0x00,0x7b,0xcf,0xff,0xff,0xff,0xdf,0xff,0xff,
    0xff,0xff,0xff,0xff,0xff,0xff,0xff,0xff,0x5a,0xeb,0x00,0x00,0x00,0x20,0x00,0x00,
    0x00,0x00,0x00,0x00,0x00,0x00,0x00,0x00,0x00,0x00,0x00,0x00,0x00,0x00,0x00,0x00,
    0x00,0x00,0x00,0x00,0x00,0x00,0x00,0x00,0x00,0x00,0x00,0x00,0x00,0x00,0x00,0x00,
    0x00,0x00,0x00,0x00,0x00,0x00,0x00,0x00,0x00,0x00,0x00,0x20,0x00,0x00,0x84,0x10,
    0xff,0xff,0xff,0xff,0xff,0xff,0xff,0xff,0xff,0xff,0xff,0xff,0xff,0xff,0xff,0xff,
    0xe7,0x1c,0x08,0x41,0x00,0x00,0x00,0x00,0x00,0x00,0x00,0x00,0x00,0x00,0x00,0x00,
    0x00,0x00,0x21,0x04,0xef,0x9e,0xff,0xff,0xff,0xff,0xff,0xff,0xff,0xff,0xff,0xff,
    0xff,0xff,0xff,0xff,0xff,0xff,0xef,0x7d,0x42,0x49,0x00,0x00,0x00,0x00,0x00,0x00,
    0x00,0x00,0x00,0x00,0x00,0x00,0x00,0x00,0x00,0x00,0x00,0x00,0x00,0x00,0x00,0x00,
    0x00,0x00,0x00,0x00,0x00,0x00,0x00,0x00,0x00,0x00,0x00,0x00,0x00,0x00,0x00,0x00,
    0x00,0x00,0x00,0x00,0x00,0x00,0x00,0x00,0x00,0x00,0x00,0x00,0x00,0x00,0x00,0x00,
    0x00,0x00,0x00,0x00,0x00,0x00,0x00,0x00,0x31,0xc7,0xe7,0x3c,0xff,0xff,0xff,0xff,
    0x8c,0x71,0x00,0x00,0x00,0x00,0x00,0x00,0x00,0x00,0x00,0x00,0x00,0x00,0x84,0x10,
    0xff,0xff,0xff,0xdf,0xff,0xff,0xff,0xff,0xff,0xff,0xff,0xff,0xff,0xff,0xff,0xdf,
    0xff,0xff,0xad,0x96,0x08,0x61,0x00,0x00,0x00,0x20,0x00,0x00,0x00,0x00,0x00,0x00,
    0x00,0x00,0x00,0x00,0x00,0x00,0x00,0x00,0x00,0x00,0x00,0x00,0x00,0x00,0x00,0x00,
    0x00,0x00,0x00,0x00,0x00,0x00,0x00,0x00,0x00,0x00,0x00,0x00,0x00,0x00,0x00,0x00,
    0x00,0x00,0x00,0x00,0x00,0x00,0x00,0x00,0x00,0x00,0x00,0x00,0x00,0x00,0x00,0x00,
    0x00,0x00,0x00,0x00,0x52,0xab,0xf7,0xbe,0xff,0xff,0xff,0xff,0xff,0xff,0xff,0xff,
    0xff,0xff,0xff,0xff,0xff,0xff,0xff,0xff,0xef,0x9e,0x21,0x04,0x00,0x00,0x00,0x00,
    0x00,0x00,0x00,0x00,0x00,0x00,0x00,0x00,0x00,0x00,0x00,0x00,0x00,0x41,0xdf,0x1c,
    0xff,0xff,0xff,0xff,0xff,0xff,0xff,0xff,0xff,0xff,0xff,0xff,0xff,0xff,0xff,0xff,
    0xff,0xff,0xff,0xff,0xff,0xff,0xff,0xff,0xff,0xff,0xff,0xff,0xff,0xdf,0xff,0xff,
    0xad,0x75,0x00,0x00,0x00,0x20,0x00,0x00,0x00,0x00,0x00,0x00,0x00,0x00,0x00,0x00,
    0x00,0x00,0x00,0x00,0x00,0x00,0x00,0x00,0x00,0x00,0x00,0x00,0x00,0x00,0x00,0x00,
    0x00,0x00,0x00,0x00,0x00,0x00,0x3a,0x08,0xff,0xff,0xff,0xdf,0xff,0xff,0xff,0xff,
    0xff,0xff,0xff,0xff,0xff,0xff,0xff,0xff,0xff,0xff,0xff,0xff,0xff,0xff,0xff,0xff,
    0xff,0xff,0xff,0xff,0xff,0xff,0xff,0xff,0xbd,0xd7,0x00,0x00,0x00,0x00,0x00,0x00,
    0x00,0x00,0x08,0x41,0xe7,0x3c,0xff,0xff,0xff,0xff,0xff,0xff,0xff,0xff,0xff,0xdf,
    0xff,0xff,0x9c,0xd3,0x00,0x00,0x00,0x20,0x00,0x00,0x00,0x00,0x00,0x00,0x00,0x00,
    0x00,0x00,0x00,0x00,0x00,0x00,0x4a,0x6a,0xff,0xff,0xff,0xdf,0xff,0xff,0xff,0xff,
    0xff,0xff,0xff,0xff,0xff,0xff,0xff,0xdf,0xff,0xff,0xd6,0x9a,0x21,0x24,0x00,0x00,
    0x00,0x20,0x00,0x00,0x00,0x00,0x00,0x00,0x00,0x00,0x00,0x00,0x00,0x00,0x00,0x00,
    0x00,0x00,0x00,0x00,0x00,0x00,0x00,0x00,0x00,0x00,0x00,0x00,0x00,0x00,0x00,0x00,
    0x00,0x00,0x00,0x00,0x00,0x00,0x00,0x00,0x00,0x00,0x00,0x00,0x00,0x00,0x00,0x00,
    0x00,0x00,0x00,0x00,0x00,0x00,0x00,0x00,0x00,0x00,0x00,0x00,0x5a,0xec,0xff,0xdf,
    0xff,0xff,0xff,0xff,0x5b,0x0c,0x00,0x00,0x00,0x20,0x00,0x00,0x00,0x00,0x00,0x00,
    0xad,0x75,0xff,0xff,0xff,0xff,0xff,0xff,0xff,0xff,0xff,0xff,0xff,0xff,0xe7,0x5d,
    0x08,0x61,0x00,0x00,0x00,0x00,0x00,0x00,0x00,0x00,0x00,0x00,0x00,0x00,0x00,0x00,
    0x00,0x00,0x00,0x00,0x00,0x00,0x00,0x00,0x00,0x00,0x00,0x00,0x00,0x00,0x00,0x00,
    0x00,0x00,0x00,0x00,0x00,0x00,0x00,0x00,0x00,0x00,0x00,0x00,0x00,0x00,0x00,0x00,
    0x00,0x00,0x00,0x00,0x00,0x00,0x08,0x61,0xe7,0x3c,0xff,0xff,0xff,0xdf,0xff,0xff,
    0xff,0xff,0xff,0xff,0xff,0xdf,0xff,0xdf,0xff,0xff,0x39,0xe7,0x00,0x00,0x00,0x00,
    0x00,0x00,0x00,0x00,0x00,0x00,0x00,0x00,0x00,0x00,0xbe,0x18,0xff,0xff,0xff,0xff,
    0xff,0xff,0xff,0xff,0xff,0xff,0xff,0xff,0xff,0xff,0xff,0xff,0xe7,0x5d,0x31,0x86,
    0x00,0x00,0x00,0x20,0x00,0x00,0x00,0x00,0x00,0x00,0x00,0x00,0x00,0x00,0x00,0x00,
    0x00,0x00,0x00,0x00,0x00,0x00,0x00,0x00,0x00,0x00,0x00,0x00,0x00,0x00,0x00,0x00,
    0x00,0x00,0x00,0x00,0x00,0x00,0x00,0x00,0x00,0x00,0x00,0x00,0x00,0x00,0x00,0x00,
    0x00,0x00,0x00,0x00,0x00,0x00,0x00,0x00,0x00,0x00,0x00,0x00,0x00,0x00,0x00,0x20,
    0x00,0x00,0x21,0x04,0xde,0xfb,0x94,0xb2,0x00,0x00,0x00,0x00,0x00,0x00,0x00,0x00,
    0x00,0x00,0x00,0x00,0x39,0xc7,0xff,0xff,0xff,0xdf,0xff,0xff,0xff,0xff,0xff,0xff,
    0xff,0xff,0xff,0xff,0xff,0xdf,0xff,0xff,0x9d,0x14,0x00,0x00,0x00,0x00,0x00,0x00,
    0x00,0x00,0x00,0x00,0x00,0x00,0x00,0x00,0x00,0x00,0x00,0x00,0x00,0x00,0x00,0x00,
    0x00,0x00,0x00,0x00,0x00,0x00,0x00,0x00,0x00,0x00,0x00,0x00,0x00,0x00,0x00,0x00,
    0x00,0x00,0x00,0x00,0x00,0x00,0x00,0x00,0x00,0x00,0x00,0x00,0x00,0x00,0x00,0x00,
    0x00,0x00,0x00,0x00,0x00,0x00,0x00,0x00,0x00,0x00,0x00,0x20,0x00,0x00,0x42,0x08,
    0xf7,0x9e,0xff,0xff,0xff,0xff,0xff,0xff,0xff,0xff,0xff,0xff,0xff,0xff,0xff,0xff,
    0xff,0xff,0xbd,0xf7,0x00,0x00,0x00,0x00,0x00,0x00,0x00,0x00,0x00,0x00,0x00,0x00,
    0x00,0x00,0x00,0x00,0x00,0x41,0xdf,0x1c,0xff,0xff,0xff,0xff,0xff,0xff,0xff,0xff,
    0xff,0xff,0xff,0xff,0xff,0xff,0xff,0xff,0xff,0xff,0xff,0xff,0xff,0xff,0xff,0xff,
    0xff,0xff,0xff,0xff,0xff,0xff,0xff,0xdf,0xff,0xff,0x73,0xcf,0x00,0x00,0x00,0x20,
    0x00,0x00,0x00,0x00,0x00,0x00,0x00,0x00,0x00,0x00,0x00,0x00,0x00,0x00,0x00,0x00,
    0x00,0x00,0x00,0x00,0x00,0x00,0x00,0x00,0x00,0x00,0x00,0x00,0x10,0x82,0xe7,0x1c,
    0xff,0xff,0xff,0xff,0xff,0xff,0xff,0xff,0xff,0xff,0xff,0xff,0xff,0xff,0xff,0xff,
    0xff,0xff,0xff,0xff,0xff,0xff,0xff,0xff,0xff,0xff,0xff,0xff,0xff,0xff,0xff,0xff,
    0xbd,0xd7,0x00,0x00,0x00,0x00,0x00,0x00,0x00,0x00,0x08,0x41,0xe7,0x3c,0xff,0xff,
    0xff,0xff,0xff,0xff,0xff,0xff,0xff,0xdf,0xff,0xff,0x9c,0xd3,0x00,0x00,0x00,0x20,
    0x00,0x00,0x00,0x00,0x00,0x00,0x00,0x00,0x00,0x00,0x00,0x00,0x10,0xa2,0xe7,0x3d,
    0xff,0xff,0xff,0xff,0xff,0xff,0xff,0xff,0xff,0xff,0xff,0xff,0xff,0xff,0xff,0xff,
    0xc6,0x59,0x10,0xa2,0x00,0x00,0x00,0x20,0x00,0x00,0x00,0x00,0x00,0x00,0x00,0x00,
    0x00,0x00,0x00,0x00,0x00,0x00,0x00,0x00,0x00,0x00,0x00,0x00,0x00,0x00,0x00,0x00,
    0x00,0x00,0x00,0x00,0x00,0x00,0x00,0x00,0x00,0x00,0x00,0x00,0x00,0x00,0x00,0x00,
    0x00,0x00,0x00,0x00,0x00,0x00,0x00,0x00,0x00,0x00,0x00,0x00,0x00,0x00,0x00,0x00,
    0x00,0x00,0x00,0x20,0x00,0x00,0x4a,0x49,0xef,0x5d,0x63,0x0c,0x00,0x00,0x00,0x20,
    0x00,0x00,0x00,0x00,0x00,0x00,0x00,0x00,0xce,0x79,0xff,0xff,0xff,0xff,0xff,0xff,
    0xff,0xff,0xff,0xff,0xff,0xff,0xbd,0xf7,0x00,0x00,0x00,0x00,0x00,0x00,0x00,0x00,
    0x00,0x00,0x00,0x00,0x00,0x00,0x00,0x00,0x00,0x00,0x00,0x00,0x00,0x00,0x00,0x00,
    0x00,0x00,0x00,0x00,0x00,0x00,0x00,0x00,0x00,0x00,0x00,0x00,0x00,0x00,0x00,0x00,
    0x00,0x00,0x00,0x00,0x00,0x00,0x00,0x00,0x00,0x00,0x00,0x00,0x00,0x20,0x00,0x00,
    0x84,0x30,0xff,0xff,0xff,0xff,0xff,0xff,0xff,0xff,0xff,0xff,0xff,0xff,0xff,0xff,
    0xff,0xff,0x8c,0x71,0x00,0x00,0x00,0x20,0x00,0x00,0x00,0x00,0x00,0x00,0x00,0x00,
    0x63,0x2d,0xff,0xff,0xff,0xdf,0xff,0xff,0xff,0xff,0xff,0xff,0xff,0xff,0xff,0xff,
    0xff,0xff,0xef,0x7d,0x29,0x86,0x00,0x00,0x00,0x20,0x00,0x00,0x00,0x00,0x00,0x00,
    0x00,0x00,0x00,0x00,0x00,0x00,0x00,0x00,0x00,0x00,0x00,0x00,0x00,0x00,0x00,0x00,
    0x00,0x00,0x00,0x00,0x00,0x00,0x00,0x00,0x00,0x00,0x00,0x00,0x00,0x00,0x00,0x00,
    0x00,0x00,0x00,0x00,0x00,0x00,0x00,0x00,0x00,0x00,0x00,0x00,0x00,0x00,0x00,0x00,
    0x00,0x00,0x00,0x00,0x00,0x00,0x00,0x00,0x00,0x00,0x00,0x00,0x10,0x82,0x00,0x00,
    0x00,0x00,0x00,0x00,0x00,0x00,0x00,0x00,0x00,0x00,0x00,0x20,0xd6,0x9a,0xff,0xff,
    0xff,0xff,0xff,0xff,0xff,0xff,0xff,0xff,0xff,0xff,0xff,0xdf,0xff,0xff,0xa5,0x34,
    0x00,0x00,0x00,0x00,0x00,0x00,0x00,0x00,0x00,0x00,0x00,0x00,0x00,0x00,0x00,0x00,
    0x00,0x00,0x00,0x00,0x00,0x00,0x00,0x00,0x00,0x00,0x00,0x00,0x00,0x00,0x00,0x00,
    0x00,0x00,0x00,0x00,0x00,0x00,0x00,0x00,0x00,0x00,0x00,0x00,0x00,0x00,0x00,0x00,
    0x00,0x00,0x00,0x00,0x00,0x00,0x00,0x00,0x00,0x00,0x00,0x00,0x00,0x00,0x00,0x00,
    0x00,0x00,0x00,0x00,0x00,0x20,0x00,0x00,0x3a,0x08,0xf7,0xbf,0xff,0xff,0xff,0xff,
    0xff,0xff,0xff,0xff,0xff,0xff,0xff,0xff,0xff,0xdf,0xff,0xff,0x63,0x0c,0x00,0x00,
    0x00,0x00,0x00,0x00,0x00,0x00,0x00,0x00,0x00,0x00,0x00,0x00,0x00,0x41,0xdf,0x1c,
    0xff,0xff,0xff,0xff,0xff,0xff,0xff,0xff,0xff,0xff,0xff,0xff,0xff,0xff,0xff,0xff,
    0xff,0xff,0xff,0xff,0xff,0xff,0xff,0xff,0xff,0xff,0xff,0xff,0xff,0xff,0xff,0xff,
    0xff,0xdf,0xff,0xff,0x42,0x29,0x00,0x00,0x00,0x00,0x00,0x00,0x00,0x00,0x00,0x00,
    0x00,0x00,0x00,0x00,0x00,0x00,0x00,0x00,0x00,0x00,0x00,0x00,0x00,0x00,0x00,0x00,
    0x00,0x20,0x00,0x00,0xad,0x75,0xff,0xff,0xff,0xff,0xff,0xff,0xff,0xff,0xff,0xff,
    0xff,0xff,0xff,0xff,0xff,0xff,0xff,0xff,0xff,0xff,0xff,0xff,0xff,0xff,0xff,0xff,
    0xff,0xff,0xff,0xff,0xff,0xff,0xff,0xff,0xbd,0xd7,0x00,0x00,0x00,0x00,0x00,0x00,
    0x00,0x00,0x08,0x41,0xe7,0x3c,0xff,0xff,0xff,0xff,0xff,0xff,0xff,0xff,0xff,0xdf,
    0xff,0xff,0x9c,0xd3,0x00,0x00,0x00,0x20,0x00,0x00,0x00,0x00,0x00,0x00,0x00,0x00,
    0x00,0x00,0x00,0x00,0x9d,0x14,0xff,0xff,0xff,0xdf,0xff,0xff,0xff,0xff,0xff,0xff,
    0xff,0xff,0xff,0xff,0xff,0xff,0xce,0x79,0x10,0x82,0x00,0x00,0x00,0x00,0x00,0x00,
    0x00,0x00,0x00,0x00,0x00,0x00,0x00,0x00,0x00,0x00,0x00,0x00,0x00,0x00,0x00,0x00,
    0x00,0x00,0x00,0x00,0x00,0x00,0x00,0x00,0x00,0x00,0x00,0x00,0x00,0x00,0x00,0x00,
    0x00,0x00,0x00,0x00,0x00,0x00,0x00,0x00,0x00,0x00,0x00,0x00,0x00,0x00,0x00,0x00,
    0x00,0x00,0x00,0x00,0x00,0x00,0x00,0x00,0x00,0x00,0x00,0x00,0x00,0x00,0x00,0x00,
    0x10,0xa3,0x00,0x00,0x00,0x00,0x00,0x00,0x00,0x00,0x00,0x00,0x00,0x00,0x00,0x21,
    0xdf,0x1c,0xff,0xff,0xff,0xff,0xff,0xff,0xff,0xff,0xff,0xdf,0xff,0xff,0xa5,0x55,
    0x00,0x00,0x00,0x00,0x00,0x00,0x00,0x00,0x00,0x00,0x00,0x00,0x00,0x00,0x00,0x00,
    0x00,0x00,0x00,0x00,0x00,0x00,0x00,0x00,0x00,0x00,0x00,0x00,0x00,0x00,0x00,0x00,
    0x00,0x00,0x00,0x00,0x00,0x00,0x00,0x00,0x00,0x00,0x00,0x00,0x00,0x00,0x00,0x00,
    0x00,0x00,0x00,0x00,0x00,0x00,0x00,0x00,0x21,0x45,0xd6,0xba,0xd6,0x9a,0xce,0x79,
    0xc6,0x38,0xb5,0xd7,0xad,0x55,0x9c,0xf3,0x9c,0xf3,0x5b,0x0c,0x00,0x00,0x00,0x00,
    0x00,0x00,0x00,0x00,0x00,0x00,0x10,0x82,0xef,0x5d,0xff,0xff,0xff,0xff,0xff,0xff,
    0xff,0xff,0xff,0xff,0xff,0xff,0xff,0xff,0xff,0xdf,0x42,0x08,0x00,0x00,0x00,0x20,
    0x00,0x00,0x00,0x00,0x00,0x00,0x00,0x00,0x00,0x00,0x00,0x00,0x00,0x00,0x00,0x00,
    0x00,0x00,0x00,0x00,0x00,0x00,0x00,0x00,0x00,0x00,0x00,0x00,0x00,0x00,0x00,0x00,
    0x00,0x00,0x00,0x00,0x00,0x00,0x00,0x00,0x00,0x00,0x00,0x00,0x00,0x00,0x00,0x00,
    0x00,0x00,0x00,0x00,0x00,0x00,0x00,0x00,0x00,0x00,0x00,0x00,0x00,0x00,0x00,0x00,
    0x00,0x00,0x00,0x00,0x00,0x00,0x00,0x00,0x00,0x00,0x00,0x00,0x00,0x00,0x00,0x00,
    0x00,0x00,0x6b,0x6d,0xff,0xff,0xff,0xdf,0xff,0xff,0xff,0xff,0xff,0xff,0xff,0xff,
    0xff,0xff,0xff,0xff,0xbd,0xf7,0x00,0x00,0x00,0x00,0x00,0x00,0x00,0x00,0x00,0x00,
    0x00,0x00,0x00,0x00,0x00,0x00,0x00,0x00,0x00,0x00,0x00,0x00,0x00,0x00,0x00,0x00,
    0x00,0x00,0x00,0x00,0x00,0x00,0x00,0x00,0x00,0x00,0x00,0x00,0x00,0x00,0x00,0x00,
    0x00,0x00,0x00,0x00,0x00,0x00,0x00,0x00,0x00,0x00,0x00,0x00,0x00,0x00,0x00,0x00,
    0x00,0x00,0x00,0x00,0x00,0x00,0x00,0x00,0x00,0x00,0x00,0x00,0x00,0x00,0x00,0x20,
    0x00,0x00,0x52,0xaa,0xff,0xff,0xff,0xdf,0xff,0xff,0xff,0xff,0xff,0xff,0xff,0xff,
    0xff,0xff,0xff,0xff,0xe7,0x3c,0x10,0x82,0x00,0x00,0x00,0x00,0x00,0x00,0x00,0x00,
    0x00,0x00,0x00,0x00,0x00,0x41,0xdf,0x1c,0xff,0xff,0xff,0xff,0xff,0xff,0xff,0xff,
    0xff,0xff,0xff,0xff,0xce,0x79,0xef,0x5d,0xff,0xff,0xff,0xff,0xff,0xff,0xff,0xff,
    0xff,0xff,0xff,0xff,0xff,0xff,0xff,0xff,0xff,0xff,0xff,0xff,0xef,0x5d,0x18,0xe3,
    0x00,0x00,0x00,0x00,0x00,0x00,0x00,0x00,0x00,0x00,0x00,0x00,0x00,0x00,0x00,0x00,
    0x00,0x00,0x00,0x00,0x00,0x00,0x00,0x20,0x00,0x00,0x6b,0x6d,0xff,0xff,0xff,0xdf,
    0xff,0xff,0xff,0xff,0xff,0xff,0xff,0xff,0xff,0xff,0xff,0xff,0xff,0xff,0xff,0xff,
    0xff,0xdf,0xf7,0x9e,0xff,0xff,0xff,0xff,0xff,0xff,0xff,0xff,0xff,0xff,0xff,0xff,
    0xbd,0xd7,0x00,0x00,0x00,0x00,0x00,0x00,0x00,0x00,0x08,0x41,0xe7,0x3c,0xff,0xff,
    0xff,0xff,0xff,0xff,0xff,0xff,0xff,0xdf,0xff,0xff,0x9c,0xd3,0x00,0x00,0x00,0x20,
    0x00,0x00,0x00,0x00,0x00,0x00,0x00,0x00,0x00,0x00,0x39,0xc7,0xff,0xff,0xff,0xff,
    0xff,0xff,0xff,0xff,0xff,0xff,0xff,0xff,0xff,0xff,0xff,0xff,0xe7,0x1c,0x18,0xc3,
    0x00,0x00,0x00,0x00,0x00,0x00,0x00,0x00,0x00,0x00,0x00,0x00,0x00,0x00,0x00,0x00,
    0x00,0x00,0x00,0x00,0x00,0x00,0x00,0x00,0x00,0x00,0x00,0x00,0x00,0x00,0x00,0x00,
    0x00,0x00,0x00,0x00,0x00,0x00,0x00,0x00,0x00,0x00,0x00,0x00,0x00,0x00,0x00,0x00,
    0x00,0x00,0x00,0x00,0x00,0x00,0x00,0x00,0x00,0x00,0x00,0x00,0x00,0x00,0x00,0x00,
    0x00,0x00,0x00,0x00,0x00,0x00,0x00,0x00,0x00,0x00,0x00,0x00,0x00,0x00,0x00,0x00,
    0x00,0x00,0x00,0x00,0x00,0x00,0x08,0x41,0xe7,0x3c,0xff,0xff,0xff,0xff,0xff,0xff,
    0xff,0xff,0xff,0xff,0xff,0xff,0xad,0x96,0x00,0x00,0x00,0x00,0x00,0x00,0x00,0x00,
    0x00,0x00,0x00,0x00,0x00,0x00,0x00,0x00,0x00,0x00,0x00,0x00,0x00,0x00,0x00,0x00,
    0x00,0x00,0x00,0x00,0x00,0x00,0x00,0x00,0x00,0x00,0x00,0x00,0x00,0x00,0x00,0x00,
    0x00,0x00,0x00,0x00,0x00,0x00,0x00,0x00,0x00,0x00,0x00,0x00,0x00,0x00,0x00,0x00,
    0x00,0x00,0x00,0x00,0x00,0x00,0x00,0x00,0x00,0x00,0x00,0x00,0x00,0x00,0x00,0x00,
    0x00,0x00,0x00,0x00,0x00,0x00,0x00,0x00,0x00,0x00,0x00,0x20,0x00,0x00,0x84,0x30,
    0xff,0xff,0xff,0xdf,0xff,0xff,0xff,0xff,0xff,0xff,0xff,0xff,0xff,0xdf,0xff,0xff,
    0x6b,0x6d,0x00,0x00,0x00,0x20,0x00,0x00,0x00,0x00,0x00,0x00,0x00,0x00,0x00,0x00,
    0x00,0x00,0x00,0x00,0x00,0x00,0x00,0x00,0x00,0x00,0x00,0x00,0x00,0x00,0x00,0x00,
    0x00,0x00,0x00,0x00,0x00,0x00,0x00,0x00,0x00,0x00,0x00,0x00,0x00,0x00,0x00,0x00,
    0x00,0x00,0x00,0x00,0x00,0x00,0x00,0x00,0x00,0x00,0x00,0x00,0x00,0x00,0x00,0x00,
    0x00,0x00,0x00,0x00,0x00,0x00,0x00,0x00,0x00,0x00,0x00,0x00,0x00,0x00,0x00,0x00,
    0x00,0x00,0x00,0x00,0x00,0x00,0x00,0x00,0x08,0x62,0xe7,0x3c,0xff,0xff,0xff,0xff,
    0xff,0xff,0xff,0xff,0xff,0xff,0xff,0xff,0xff,0xff,0xe7,0x3c,0x10,0xa2,0x00,0x00,
    0x00,0x00,0x00,0x00,0x00,0x00,0x00,0x00,0x00,0x00,0x00,0x00,0x00,0x00,0x00,0x00,
    0x00,0x00,0x00,0x00,0x00,0x00,0x00,0x00,0x00,0x00,0x00,0x00,0x00,0x00,0x00,0x00,
    0x00,0x00,0x00,0x00,0x00,0x00,0x00,0x00,0x00,0x00,0x00,0x00,0x00,0x00,0x00,0x00,
    0x00,0x00,0x00,0x00,0x00,0x00,0x00,0x00,0x00,0x00,0x00,0x00,0x00,0x00,0x00,0x00,
    0x00,0x00,0x00,0x00,0x00,0x00,0x00,0x00,0x00,0x20,0x00,0x00,0x7c,0x10,0xff,0xff,
    0xff,0xff,0xff,0xff,0xff,0xff,0xff,0xff,0xff,0xff,0xff,0xdf,0xff,0xff,0x7b,0xef,
    0x00,0x00,0x00,0x00,0x00,0x00,0x00,0x00,0x00,0x00,0x00,0x00,0x00,0x41,0xdf,0x1c,
    0xff,0xff,0xff,0xff,0xff,0xff,0xff,0xff,0xff,0xdf,0xff,0xff,0x94,0xb2,0x52,0xab,
    0xff,0xff,0xff,0xdf,0xff,0xff,0xff,0xff,0xff,0xff,0xff,0xff,0xff,0xff,0xff,0xff,
    0xff,0xff,0xff,0xff,0xff,0xff,0xc6,0x38,0x00,0x20,0x00,0x00,0x00,0x00,0x00,0x00,
    0x00,0x00,0x00,0x00,0x00,0x00,0x00,0x00,0x00,0x00,0x00,0x00,0x00,0x00,0x00,0x00,
    0x31,0x86,0xf7,0xdf,0xff,0xff,0xff,0xff,0xff,0xff,0xff,0xff,0xff,0xff,0xff,0xff,
    0xff,0xff,0xff,0xff,0xff,0xff,0xff,0xff,0x84,0x10,0xbd,0xf7,0xff,0xff,0xff,0xff,
    0xff,0xff,0xff,0xff,0xff,0xff,0xff,0xff,0xbd,0xd7,0x00,0x00,0x00,0x00,0x00,0x00,
    0x00,0x00,0x08,0x41,0xe7,0x3c,0xff,0xff,0xff,0xff,0xff,0xff,0xff,0xff,0xff,0xdf,
    0xff,0xff,0x9c,0xd3,0x00,0x00,0x00,0x20,0x00,0x00,0x00,0x00,0x00,0x00,0x00,0x00,
    0x00,0x00,0xbd,0xf7,0xff,0xff,0xff,0xff,0xff,0xff,0xff,0xff,0xff,0xff,0xff,0xff,
    0xff,0xff,0xff,0xff,0x39,0xe7,0x00,0x00,0x00,0x20,0x00,0x00,0x00,0x00,0x00,0x00,
    0x00,0x00,0x00,0x00,0x00,0x00,0x00,0x00,0x00,0x00,0x00,0x00,0x00,0x00,0x00,0x00,
    0x00,0x00,0x00,0x00,0x00,0x00,0x00,0x00,0x00,0x00,0x00,0x00,0x00,0x00,0x00,0x00,
    0x00,0x00,0x00,0x00,0x00,0x00,0x00,0x00,0x00,0x00,0x00,0x00,0x00,0x00,0x00,0x00,
    0x00,0x00,0x00,0x00,0x00,0x00,0x00,0x00,0x00,0x00,0x00,0x00,0x00,0x00,0x00,0x00,
    0x00,0x00,0x00,0x00,0x00,0x00,0x00,0x00,0x00,0x00,0x00,0x00,0x00,0x00,0x00,0x41,
    0xe7,0x1c,0xff,0xff,0xff,0xff,0xff,0xff,0xff,0xff,0xff,0xff,0xff,0xff,0xce,0x59,
    0x00,0x00,0x00,0x00,0x00,0x00,0x00,0x00,0x00,0x00,0x00,0x00,0x00,0x00,0x00,0x00,
    0x00,0x00,0x00,0x00,0x00,0x00,0x00,0x00,0x00,0x00,0x00,0x00,0x00,0x00,0x00,0x00,
    0x00,0x00,0x00,0x00,0x00,0x00,0x00,0x00,0x00,0x00,0x00,0x00,0x00,0x00,0x00,0x00,
    0x00,0x00,0x00,0x00,0x00,0x00,0x00,0x00,0x00,0x00,0x00,0x00,0x00,0x00,0x00,0x00,
    0x00,0x00,0x00,0x00,0x00,0x00,0x00,0x20,0x00,0x20,0x00,0x00,0x00,0x00,0x00,0x00,
    0x00,0x00,0x00,0x00,0x10,0xa2,0xef,0x7d,0xff,0xff,0xff,0xff,0xff,0xff,0xff,0xff,
    0xff,0xff,0xff,0xff,0xff,0xff,0xb5,0xb6,0x00,0x00,0x00,0x20,0x00,0x00,0x00,0x00,
    0x00,0x00,0x00,0x00,0x00,0x00,0x00,0x00,0x00,0x00,0x00,0x00,0x00,0x00,0x00,0x00,
    0x00,0x00,0x00,0x00,0x00,0x00,0x00,0x00,0x00,0x00,0x00,0x00,0x00,0x00,0x00,0x00,
    0x00,0x00,0x00,0x00,0x00,0x00,0x00,0x00,0x00,0x00,0x00,0x00,0x00,0x00,0x00,0x00,
    0x00,0x00,0x00,0x00,0x00,0x00,0x00,0x00,0x00,0x00,0x00,0x00,0x00,0x00,0x00,0x00,
    0x00,0x00,0x00,0x00,0x00,0x00,0x00,0x00,0x00,0x00,0x00,0x00,0x00,0x20,0x00,0x00,
    0x73,0x8e,0xff,0xff,0xff,0xff,0xff,0xff,0xff,0xff,0xff,0xff,0xff,0xff,0xff,0xff,
    0xff,0xff,0x42,0x49,0x00,0x00,0x00,0x20,0x00,0x00,0x00,0x00,0x00,0x00,0x00,0x00,
    0x00,0x00,0x00,0x00,0x00,0x00,0x00,0x00,0x00,0x00,0x00,0x00,0x00,0x00,0x00,0x00,
    0x00,0x00,0x00,0x00,0x00,0x00,0x00,0x00,0x00,0x00,0x00,0x00,0x00,0x00,0x00,0x00,
    0x00,0x00,0x00,0x00,0x00,0x00,0x00,0x00,0x00,0x00,0x00,0x00,0x00,0x00,0x00,0x00,
    0x00,0x00,0x00,0x00,0x00,0x00,0x00,0x00,0x00,0x00,0x00,0x00,0x00,0x00,0x00,0x00,
    0x00,0x00,0x00,0x20,0x00,0x00,0xc6,0x18,0xff,0xff,0xff,0xff,0xff,0xff,0xff,0xff,
    0xff,0xff,0xff,0xff,0xff,0xff,0xef,0x5d,0x10,0x82,0x00,0x00,0x00,0x00,0x00,0x00,
    0x00,0x00,0x00,0x00,0x00,0x41,0xdf,0x1c,0xff,0xff,0xff,0xff,0xff,0xff,0xff,0xff,
    0xff,0xdf,0xff,0xff,0xad,0x55,0x00,0x00,0xad,0x76,0xff,0xff,0xff,0xff,0xff,0xff,
    0xff,0xff,0xff,0xff,0xff,0xff,0xff,0xff,0xff,0xff,0xff,0xff,0xff,0xdf,0xff,0xff,
    0x94,0xd3,0x00,0x00,0x00,0x20,0x00,0x00,0x00,0x00,0x00,0x00,0x00,0x00,0x00,0x00,
    0x00,0x00,0x00,0x00,0x00,0x00,0x08,0x41,0xd6,0xba,0xff,0xff,0xff,0xff,0xff,0xff,
    0xff,0xff,0xff,0xff,0xff,0xff,0xff,0xff,0xff,0xff,0xff,0xff,0xff,0xff,0xce,0x79,
    0x00,0x00,0xce,0x79,0xff,0xff,0xff,0xff,0xff,0xff,0xff,0xff,0xff,0xff,0xff,0xff,
    0xbd,0xd7,0x00,0x00,0x00,0x00,0x00,0x00,0x00,0x00,0x08,0x41,0xe7,0x3c,0xff,0xff,
    0xff,0xff,0xff,0xff,0xff,0xff,0xff,0xdf,0xff,0xff,0x9c,0xd3,0x00,0x00,0x00,0x20,
    0x00,0x00,0x00,0x00,0x00,0x00,0x00,0x00,0x39,0xe7,0xff,0xff,0xff,0xff,0xff,0xff,
    0xff,0xff,0xff,0xff,0xff,0xff,0xff,0xff,0xff,0xff,0x7b,0xef,0x00,0x00,0x00,0x20,
    0x00,0x00,0x00,0x00,0x00,0x00,0x00,0x00,0x00,0x00,0x00,0x00,0x00,0x00,0x00,0x00,
    0x00,0x00,0x00,0x00,0x00,0x00,0x00,0x00,0x00,0x00,0x00,0x00,0x00,0x00,0x00,0x00,
    0x00,0x00,0x00,0x00,0x00,0x00,0x00,0x00,0x00,0x00,0x00,0x00,0x00,0x00,0x00,0x00,
    0x00,0x00,0x00,0x00,0x00,0x00,0x00,0x00,0x00,0x00,0x00,0x00,0x00,0x00,0x00,0x00,
    0x00,0x00,0x00,0x00,0x00,0x00,0x00,0x00,0x00,0x00,0x00,0x00,0x00,0x00,0x00,0x00,
    0x00,0x00,0x00,0x00,0x00,0x00,0x00,0x00,0xce,0x9a,0xff,0xff,0xff,0xff,0xff,0xff,
    0xff,0xff,0xff,0xff,0xff,0xff,0xf7,0xbe,0x18,0xc3,0x00,0x00,0x00,0x00,0x00,0x00,
    0x00,0x00,0x00,0x00,0x00,0x00,0x00,0x00,0x00,0x00,0x00,0x00,0x00,0x00,0x00,0x00,
    0x00,0x00,0x00,0x00,0x00,0x00,0x00,0x00,0x00,0x00,0x00,0x00,0x00,0x00,0x00,0x00,
    0x00,0x00,0x00,0x00,0x00,0x00,0x00,0x00,0x00,0x00,0x00,0x00,0x00,0x00,0x00,0x00,
    0x00,0x00,0x00,0x00,0x00,0x00,0x00,0x00,0x00,0x00,0x00,0x00,0x00,0x00,0x00,0x00,
    0x00,0x00,0x00,0x00,0x00,0x00,0x00,0x00,0x00,0x20,0x00,0x00,0x73,0x8e,0xff,0xff,
    0xff,0xdf,0xff,0xff,0xff,0xff,0xff,0xff,0xff,0xff,0xff,0xff,0xf7,0x9e,0x19,0x04,
    0x00,0x00,0x00,0x00,0x00,0x00,0x00,0x00,0x00,0x00,0x00,0x00,0x00,0x00,0x00,0x00,
    0x00,0x00,0x00,0x00,0x00,0x00,0x00,0x00,0x00,0x00,0x00,0x00,0x00,0x00,0x00,0x00,
    0x00,0x00,0x00,0x00,0x00,0x00,0x00,0x00,0x00,0x00,0x00,0x00,0x00,0x00,0x00,0x00,
    0x00,0x00,0x00,0x00,0x00,0x00,0x00,0x00,0x00,0x00,0x00,0x00,0x00,0x00,0x00,0x00,
    0x00,0x00,0x00,0x00,0x00,0x00,0x00,0x00,0x00,0x00,0x00,0x00,0x00,0x00,0x00,0x00,
    0x00,0x00,0x00,0x00,0x00,0x00,0x00,0x41,0xde,0xdb,0xff,0xff,0xff,0xff,0xff,0xff,
    0xff,0xff,0xff,0xff,0xff,0xff,0xff,0xff,0x9d,0x14,0x00,0x00,0x00,0x20,0x00,0x00,
    0x00,0x00,0x00,0x00,0x00,0x00,0x00,0x00,0x00,0x00,0x00,0x00,0x00,0x00,0x00,0x00,
    0x00,0x00,0x00,0x00,0x00,0x00,0x00,0x00,0x00,0x00,0x00,0x00,0x00,0x00,0x00,0x00,
    0x00,0x00,0x00,0x00,0x00,0x00,0x00,0x00,0x00,0x00,0x00,0x00,0x00,0x00,0x00,0x00,
    0x00,0x00,0x00,0x00,0x00,0x00,0x00,0x00,0x00,0x00,0x00,0x00,0x00,0x00,0x00,0x00,
    0x00,0x00,0x00,0x00,0x00,0x00,0x00,0x00,0x00,0x00,0x00,0x00,0x00,0x00,0x29,0x45,
    0xf7,0xdf,0xff,0xff,0xff,0xff,0xff,0xff,0xff,0xff,0xff,0xff,0xff,0xdf,0xff,0xff,
    0x6b,0x4d,0x00,0x00,0x00,0x20,0x00,0x00,0x00,0x00,0x00,0x00,0x00,0x41,0xdf,0x1c,
    0xff,0xff,0xff,0xff,0xff,0xff,0xff,0xff,0xff,0xdf,0xff,0xff,0xad,0x55,0x00,0x00,
    0x10,0xa2,0xe7,0x1c,0xff,0xff,0xff,0xff,0xff,0xff,0xff,0xff,0xff,0xff,0xff,0xff,
    0xff,0xff,0xff,0xff,0xff,0xff,0xff,0xdf,0xff,0xff,0x63,0x0c,0x00,0x00,0x00,0x20,
    0x00,0x00,0x00,0x00,0x00,0x00,0x00,0x00,0x00,0x00,0x00,0x20,0x00,0x00,0x9c,0xf3,
    0xff,0xff,0xff,0xdf,0xff,0xff,0xff,0xff,0xff,0xff,0xff,0xff,0xff,0xff,0xff,0xff,
    0xff,0xff,0xff,0xff,0xf7,0xbe,0x29,0x65,0x00,0x00,0xd6,0x9a,0xff,0xff,0xff,0xff,
    0xff,0xff,0xff,0xff,0xff,0xff,0xff,0xff,0xbd,0xd7,0x00,0x00,0x00,0x00,0x00,0x00,
    0x00,0x00,0x08,0x41,0xe7,0x3c,0xff,0xff,0xff,0xff,0xff,0xff,0xff,0xff,0xff,0xdf,
    0xff,0xff,0x9c,0xd3,0x00,0x00,0x00,0x20,0x00,0x00,0x00,0x00,0x00,0x00,0x00,0x00,
    0xad,0x75,0xff,0xff,0xff,0xdf,0xff,0xff,0xff,0xff,0xff,0xff,0xff,0xff,0xff,0xff,
    0xd6,0x9a,0x00,0x20,0x00,0x00,0x00,0x00,0x00,0x00,0x00,0x00,0x00,0x00,0x00,0x00,
    0x00,0x00,0x00,0x00,0x00,0x00,0x00,0x00,0x00,0x00,0x00,0x00,0x00,0x00,0x00,0x00,
    0x00,0x00,0x00,0x00,0x00,0x00,0x00,0x00,0x00,0x00,0x00,0x00,0x00,0x00,0x00,0x00,
    0x00,0x00,0x00,0x00,0x00,0x00,0x00,0x00,0x00,0x00,0x00,0x00,0x00,0x00,0x00,0x00,
    0x00,0x00,0x00,0x00,0x00,0x00,0x00,0x00,0x00,0x00,0x00,0x00,0x00,0x00,0x00,0x00,
    0x00,0x00,0x00,0x00,0x00,0x00,0x00,0x00,0x00,0x00,0x00,0x00,0x00,0x00,0x00,0x00,
    0xad,0x96,0xff,0xff,0xff,0xff,0xff,0xff,0xff,0xff,0xff,0xff,0xff,0xff,0xff,0xff,
    0x7c,0x10,0x00,0x00,0x00,0x20,0x00,0x00,0x00,0x00,0x00,0x00,0x00,0x00,0x00,0x00,
    0x00,0x00,0x00,0x00,0x00,0x00,0x00,0x00,0x00,0x00,0x00,0x00,0x00,0x00,0x00,0x00,
    0x00,0x00,0x00,0x00,0x00,0x00,0x00,0x00,0x00,0x00,0x00,0x00,0x00,0x00,0x00,0x00,
    0x00,0x00,0x00,0x00,0x00,0x00,0x00,0x00,0x00,0x00,0x00,0x00,0x00,0x00,0x00,0x00,
    0x00,0x00,0x00,0x00,0x00,0x00,0x00,0x00,0x00,0x00,0x00,0x00,0x00,0x00,0x00,0x00,
    0x00,0x00,0x00,0x00,0xd6,0x9a,0xff,0xff,0xff,0xdf,0xff,0xff,0xff,0xff,0xff,0xff,
    0xff,0xff,0xff,0xff,0x84,0x10,0x00,0x00,0x00,0x20,0x00,0x00,0x00,0x00,0x00,0x00,
    0x00,0x00,0x00,0x00,0x00,0x00,0x00,0x00,0x00,0x00,0x00,0x00,0x00,0x00,0x00,0x00,
    0x00,0x00,0x00,0x00,0x00,0x00,0x00,0x00,0x00,0x00,0x00,0x00,0x00,0x00,0x00,0x00,
    0x00,0x00,0x00,0x00,0x00,0x00,0x00,0x00,0x00,0x00,0x00,0x00,0x00,0x00,0x00,0x00,
    0x00,0x00,0x00,0x00,0x00,0x00,0x00,0x00,0x00,0x00,0x00,0x00,0x00,0x00,0x00,0x00,
    0x00,0x00,0x00,0x00,0x00,0x00,0x00,0x00,0x00,0x00,0x00,0x00,0x00,0x00,0x4a,0x49,
    0xff,0xff,0xff,0xff,0xff,0xff,0xff,0xff,0xff,0xff,0xff,0xff,0xff,0xff,0xf7,0x9e,
    0x18,0xe3,0x00,0x00,0x00,0x00,0x00,0x00,0x00,0x00,0x00,0x00,0x00,0x00,0x00,0x00,
    0x00,0x00,0x00,0x00,0x00,0x00,0x00,0x00,0x00,0x00,0x00,0x00,0x00,0x00,0x00,0x00,
    0x00,0x00,0x00,0x00,0x00,0x00,0x00,0x00,0x00,0x00,0x00,0x00,0x00,0x00,0x00,0x00,
    0x00,0x00,0x00,0x00,0x00,0x00,0x00,0x00,0x00,0x00,0x00,0x00,0x00,0x00,0x00,0x00,
    0x00,0x00,0x00,0x00,0x00,0x00,0x00,0x00,0x00,0x00,0x00,0x00,0x00,0x00,0x00,0x00,
    0x00,0x00,0x00,0x00,0x00,0x20,0x00,0x00,0x8c,0x92,0xff,0xff,0xff,0xdf,0xff,0xff,
    0xff,0xff,0xff,0xff,0xff,0xff,0xff,0xff,0xce,0x79,0x00,0x00,0x00,0x00,0x00,0x00,
    0x00,0x00,0x00,0x00,0x00,0x41,0xdf,0x1c,0xff,0xff,0xff,0xff,0xff,0xff,0xff,0xff,
    0xff,0xdf,0xff,0xff,0xa5,0x35,0x00,0x00,0x00,0x00,0x42,0x08,0xff,0xff,0xff,0xdf,
    0xff,0xff,0xff,0xff,0xff,0xff,0xff,0xff,0xff,0xff,0xff,0xff,0xff,0xff,0xff,0xff,
    0xff,0xff,0xf7,0xbe,0x31,0xa6,0x00,0x00,0x00,0x00,0x00,0x00,0x00,0x00,0x00,0x00,
    0x00,0x20,0x00,0x00,0x5a,0xeb,0xff,0xff,0xff,0xdf,0xff,0xff,0xff,0xff,0xff,0xff,
    0xff,0xff,0xff,0xff,0xff,0xff,0xff,0xff,0xff,0xdf,0xff,0xff,0x73,0x8e,0x00,0x00,
    0x00,0x00,0xce,0x79,0xff,0xff,0xff,0xff,0xff,0xff,0xff,0xff,0xff,0xff,0xff,0xff,
    0xbd,0xd7,0x00,0x00,0x00,0x00,0x00,0x00,0x00,0x00,0x08,0x41,0xe7,0x3c,0xff,0xff,
    0xff,0xff,0xff,0xff,0xff,0xff,0xff,0xdf,0xff,0xff,0x9c,0xd3,0x00,0x00,0x00,0x20,
    0x00,0x00,0x00,0x00,0x00,0x00,0x18,0xe3,0xf7,0xbe,0xff,0xff,0xff,0xff,0xff,0xff,
    0xff,0xff,0xff,0xff,0xff,0xff,0xff,0xff,0x4a,0x49,0x00,0x00,0x00,0x00,0x00,0x00,
    0x00,0x00,0x00,0x00,0x00,0x00,0x00,0x00,0x00,0x00,0x00,0x00,0x00,0x00,0x00,0x00,
    0x00,0x00,0x00,0x00,0x00,0x00,0x00,0x00,0x00,0x00,0x00,0x00,0x00,0x00,0x00,0x00,
    0x00,0x00,0x00,0x00,0x00,0x00,0x00,0x00,0x00,0x00,0x00,0x00,0x00,0x00,0x00,0x00,
    0x00,0x00,0x00,0x00,0x00,0x00,0x00,0x00,0x00,0x00,0x00,0x00,0x00,0x00,0x00,0x00,
    0x00,0x00,0x00,0x00,0x00,0x00,0x00,0x00,0x00,0x00,0x00,0x00,0x00,0x00,0x00,0x00,
    0x00,0x00,0x00,0x00,0x00,0x20,0x00,0x00,0x7b,0xcf,0xff,0xff,0xff,0xdf,0xff,0xff,
    0xff,0xff,0xff,0xff,0xff,0xff,0xff,0xff,0xf7,0xbe,0x39,0xc7,0x00,0x00,0x00,0x20,
    0x00,0x00,0x00,0x00,0x00,0x00,0x00,0x00,0x00,0x00,0x00,0x00,0x00,0x00,0x00,0x00,
    0x00,0x00,0x00,0x00,0x00,0x00,0x00,0x00,0x00,0x00,0x00,0x00,0x00,0x00,0x00,0x00,
    0x00,0x00,0x00,0x00,0x00,0x00,0x00,0x00,0x00,0x00,0x00,0x00,0x00,0x00,0x00,0x00,
    0x00,0x00,0x00,0x00,0x00,0x00,0x00,0x00,0x00,0x00,0x00,0x00,0x00,0x00,0x00,0x00,
    0x00,0x00,0x00,0x00,0x00,0x00,0x00,0x00,0x00,0x00,0x31,0xa6,0xff,0xff,0xff,0xff,
    0xff,0xff,0xff,0xff,0xff,0xff,0xff,0xff,0xff,0xff,0xef,0x5d,0x10,0x82,0x00,0x00,
    0x00,0x00,0x00,0x00,0x00,0x00,0x00,0x00,0x00,0x00,0x00,0x00,0x00,0x00,0x00,0x00,
    0x00,0x00,0x00,0x00,0x00,0x00,0x00,0x00,0x00,0x00,0x00,0x00,0x00,0x00,0x00,0x00,
    0x00,0x00,0x00,0x00,0x00,0x00,0x00,0x00,0x00,0x00,0x00,0x00,0x00,0x00,0x00,0x00,
    0x00,0x00,0x00,0x00,0x00,0x00,0x00,0x00,0x00,0x00,0x00,0x00,0x00,0x00,0x00,0x00,
    0x00,0x00,0x00,0x00,0x00,0x00,0x00,0x00,0x00,0x00,0x00,0x00,0x00,0x00,0x00,0x00,
    0x00,0x00,0x00,0x00,0x00,0x00,0xa5,0x34,0xff,0xff,0xff,0xdf,0xff,0xff,0xff,0xff,
    0xff,0xff,0xff,0xdf,0xff,0xff,0x8c,0x72,0x00,0x00,0x00,0x00,0x00,0x00,0x00,0x00,
    0x00,0x00,0x00,0x00,0x00,0x00,0x00,0x00,0x00,0x00,0x00,0x00,0x00,0x00,0x00,0x00,
    0x00,0x00,0x00,0x00,0x00,0x00,0x00,0x00,0x00,0x00,0x00,0x00,0x00,0x00,0x00,0x00,
    0x00,0x00,0x00,0x00,0x00,0x00,0x00,0x00,0x00,0x00,0x00,0x00,0x00,0x00,0x00,0x00,
    0x00,0x00,0x00,0x00,0x00,0x00,0x00,0x00,0x00,0x00,0x00,0x00,0x00,0x00,0x00,0x00,
    0x00,0x00,0x00,0x00,0x00,0x00,0x00,0x00,0x00,0x00,0x00,0x00,0x00,0x00,0x00,0x00,
    0x18,0xc3,0xf7,0x9e,0xff,0xff,0xff,0xff,0xff,0xff,0xff,0xff,0xff,0xff,0xff,0xff,
    0xff,0xff,0x29,0x86,0x00,0x00,0x00,0x00,0x00,0x00,0x00,0x00,0x00,0x41,0xdf,0x1c,
    0xff,0xff,0xff,0xff,0xff,0xff,0xff,0xff,0xff,0xdf,0xff,0xff,0xa5,0x35,0x00,0x00,
    0x00,0x20,0x00,0x00,0x84,0x31,0xff,0xff,0xff,0xdf,0xff,0xff,0xff,0xff,0xff,0xff,
    0xff,0xff,0xff,0xff,0xff,0xff,0xff,0xff,0xff,0xff,0xff,0xff,0xde,0xfb,0x10,0x82,
    0x00,0x00,0x00,0x00,0x00,0x00,0x00,0x00,0x00,0x00,0x21,0x24,0xf7,0x9e,0xff,0xff,
    0xff,0xff,0xff,0xff,0xff,0xff,0xff,0xff,0xff,0xff,0xff,0xff,0xff,0xff,0xff,0xff,
    0xff,0xff,0xbd,0xf7,0x00,0x00,0x00,0x20,0x00,0x00,0xce,0x79,0xff,0xff,0xff,0xff,
    0xff,0xff,0xff,0xff,0xff,0xff,0xff,0xff,0xbd,0xd7,0x00,0x00,0x00,0x00,0x00,0x00,
    0x00,0x00,0x08,0x41,0xe7,0x3c,0xff,0xff,0xff,0xff,0xff,0xff,0xff,0xff,0xff,0xdf,
    0xff,0xff,0x9c,0xd3,0x00,0x00,0x00,0x20,0x00,0x00,0x00,0x20,0x00,0x00,0x6b,0x6d,
    0xff,0xff,0xff,0xdf,0xff,0xff,0xff,0xff,0xff,0xff,0xff,0xff,0xff,0xff,0xc6,0x38,
    0x00,0x00,0x00,0x00,0x00,0x00,0x00,0x00,0x00,0x00,0x00,0x00,0x00,0x00,0x00,0x00,
    0x00,0x00,0x00,0x00,0x00,0x00,0x00,0x00,0x00,0x00,0x00,0x00,0x00,0x00,0x00,0x00,
    0x00,0x00,0x00,0x00,0x00,0x00,0x00,0x00,0x00,0x00,0x00,0x00,0x00,0x00,0x00,0x00,
    0x00,0x00,0x00,0x00,0x00,0x00,0x00,0x00,0x00,0x00,0x00,0x00,0x00,0x00,0x00,0x00,
    0x00,0x00,0x00,0x00,0x00,0x00,0x00,0x00,0x00,0x00,0x00,0x00,0x00,0x00,0x00,0x00,
    0x00,0x00,0x00,0x00,0x00,0x00,0x00,0x00,0x00,0x00,0x00,0x00,0x00,0x00,0x00,0x00,
    0x31,0xa6,0xff,0xff,0xff,0xff,0xff,0xff,0xff,0xff,0xff,0xff,0xff,0xff,0xff,0xff,
    0xff,0xff,0xef,0x7d,0x39,0xc7,0x00,0x00,0x00,0x00,0x00,0x00,0x00,0x00,0x00,0x00,
    0x00,0x00,0x00,0x00,0x00,0x00,0x00,0x00,0x00,0x00,0x00,0x00,0x00,0x00,0x00,0x00,
    0x00,0x00,0x00,0x00,0x00,0x00,0x00,0x00,0x00,0x00,0x00,0x00,0x00,0x00,0x00,0x00,
    0x00,0x00,0x00,0x00,0x00,0x00,0x00,0x00,0x00,0x00,0x00,0x00,0x00,0x00,0x00,0x00,
    0x00,0x00,0x00,0x00,0x00,0x00,0x00,0x00,0x00,0x00,0x00,0x00,0x00,0x00,0x00,0x00,
    0x00,0x00,0x84,0x30,0xff,0xff,0xff,0xdf,0xff,0xff,0xff,0xff,0xff,0xff,0xff,0xdf,
    0xff,0xff,0x8c,0x71,0x00,0x00,0x00,0x20,0x00,0x00,0x00,0x00,0x00,0x00,0x00,0x00,
    0x00,0x00,0x00,0x00,0x00,0x00,0x00,0x00,0x00,0x00,0x00,0x00,0x00,0x00,0x00,0x00,
    0x00,0x00,0x00,0x00,0x00,0x00,0x00,0x00,0x00,0x00,0x00,0x00,0x00,0x00,0x00,0x00,
    0x00,0x00,0x00,0x00,0x00,0x00,0x00,0x00,0x00,0x00,0x00,0x00,0x00,0x00,0x00,0x00,
    0x00,0x00,0x00,0x00,0x00,0x00,0x00,0x00,0x00,0x00,0x00,0x00,0x00,0x00,0x00,0x00,
    0x00,0x00,0x00,0x00,0x00,0x00,0x00,0x00,0x00,0x00,0x00,0x00,0x08,0x61,0xe7,0x5d,
    0xff,0xff,0xff,0xff,0xff,0xff,0xff,0xff,0xff,0xff,0xff,0xff,0xf7,0xbf,0x21,0x24,
    0x00,0x00,0x00,0x00,0x00,0x00,0x00,0x00,0x00,0x00,0x00,0x00,0x00,0x00,0x00,0x00,
    0x00,0x00,0x00,0x00,0x00,0x00,0x00,0x00,0x00,0x00,0x00,0x00,0x00,0x00,0x00,0x00,
    0x00,0x00,0x00,0x00,0x00,0x00,0x00,0x00,0x00,0x00,0x00,0x00,0x00,0x00,0x00,0x00,
    0x00,0x00,0x00,0x00,0x00,0x00,0x00,0x00,0x00,0x00,0x00,0x00,0x00,0x00,0x00,0x00,
    0x00,0x00,0x00,0x00,0x00,0x00,0x00,0x00,0x00,0x00,0x00,0x00,0x00,0x00,0x00,0x00,
    0x00,0x00,0x00,0x00,0x00,0x00,0x00,0x00,0x00,0x00,0x9c,0xd3,0xff,0xff,0xff,0xdf,
    0xff,0xff,0xff,0xff,0xff,0xff,0xff,0xdf,0xff,0xff,0x7b,0xef,0x00,0x00,0x00,0x20,
    0x00,0x00,0x00,0x00,0x00,0x41,0xdf,0x1c,0xff,0xff,0xff,0xff,0xff,0xff,0xff,0xff,
    0xff,0xdf,0xff,0xff,0xa5,0x35,0x00,0x00,0x00,0x20,0x00,0x00,0x00,0x00,0xc6,0x38,
    0xff,0xff,0xff,0xff,0xff,0xff,0xff,0xff,0xff,0xff,0xff,0xff,0xff,0xff,0xff,0xff,
    0xff,0xff,0xff,0xff,0xff,0xff,0xb5,0xb6,0x00,0x00,0x00,0x20,0x00,0x00,0x00,0x00,
    0x00,0x20,0xce,0x59,0xff,0xff,0xff,0xff,0xff,0xff,0xff,0xff,0xff,0xff,0xff,0xff,
    0xff,0xff,0xff,0xff,0xff,0xff,0xff,0xff,0xef,0x7e,0x18,0xe4,0x00,0x00,0x00,0x00,
    0x00,0x00,0xce,0x79,0xff,0xff,0xff,0xff,0xff,0xff,0xff,0xff,0xff,0xff,0xff,0xff,
    0xbd,0xd7,0x00,0x00,0x00,0x00,0x00,0x00,0x00,0x00,0x08,0x41,0xe7,0x3c,0xff,0xff,
    0xff,0xff,0xff,0xff,0xff,0xff,0xff,0xdf,0xff,0xff,0x9c,0xd3,0x00,0x00,0x00,0x20,
    0x00,0x00,0x00,0x00,0x00,0x00,0xbd,0xf7,0xff,0xff,0xff,0xff,0xff,0xff,0xff,0xff,
    0xff,0xff,0xff,0xff,0xff,0xff,0x52,0xaa,0x00,0x00,0x00,0x20,0x00,0x00,0x00,0x00,
    0x00,0x00,0x00,0x00,0x00,0x00,0x00,0x00,0x00,0x00,0x00,0x00,0x00,0x00,0x00,0x00,
    0x00,0x00,0x00,0x00,0x00,0x00,0x00,0x00,0x00,0x00,0x00,0x00,0x00,0x00,0x00,0x00,
    0x00,0x00,0x00,0x00,0x00,0x00,0x00,0x00,0x00,0x00,0x00,0x00,0x00,0x00,0x00,0x00,
    0x00,0x00,0x00,0x00,0x00,0x00,0x00,0x00,0x00,0x00,0x00,0x00,0x00,0x00,0x00,0x00,
    0x00,0x00,0x00,0x00,0x00,0x00,0x00,0x00,0x00,0x00,0x00,0x00,0x00,0x00,0x00,0x00,
    0x00,0x00,0x00,0x00,0x00,0x00,0x00,0x00,0x00,0x00,0xce,0x79,0xff,0xff,0xff,0xff,
    0xff,0xff,0xff,0xff,0xff,0xff,0xff,0xff,0xff,0xff,0xff,0xff,0xf7,0xbe,0x63,0x4d,
    0x00,0x00,0x00,0x00,0x00,0x00,0x00,0x20,0x00,0x00,0x00,0x00,0x00,0x00,0x00,0x00,
    0x00,0x00,0x00,0x00,0x00,0x00,0x00,0x00,0x00,0x00,0x00,0x00,0x00,0x00,0x00,0x00,
    0x00,0x00,0x00,0x00,0x00,0x00,0x00,0x00,0x00,0x00,0x00,0x00,0x00,0x00,0x00,0x00,
    0x00,0x00,0x00,0x00,0x00,0x00,0x00,0x00,0x00,0x00,0x00,0x00,0x00,0x00,0x00,0x00,
    0x00,0x00,0x00,0x00,0x00,0x00,0x00,0x00,0x00,0x00,0xc6,0x38,0xff,0xff,0xff,0xff,
    0xff,0xff,0xff,0xff,0xff,0xff,0xff,0xff,0xff,0xff,0x29,0x65,0x00,0x00,0x00,0x00,
    0x00,0x00,0x00,0x00,0x00,0x00,0x00,0x00,0x00,0x00,0x00,0x00,0x00,0x00,0x00,0x00,
    0x00,0x00,0x00,0x00,0x00,0x00,0x00,0x00,0x00,0x00,0x00,0x00,0x00,0x00,0x00,0x00,
    0x00,0x00,0x00,0x00,0x00,0x00,0x00,0x00,0x00,0x00,0x00,0x00,0x00,0x00,0x00,0x00,
    0x00,0x00,0x00,0x00,0x00,0x00,0x00,0x00,0x00,0x00,0x00,0x00,0x00,0x00,0x00,0x00,
    0x00,0x00,0x00,0x00,0x00,0x00,0x00,0x00,0x00,0x00,0x00,0x00,0x00,0x00,0x00,0x00,
    0x00,0x00,0x00,0x00,0x42,0x08,0xff,0xff,0xff,0xff,0xff,0xff,0xff,0xff,0xff,0xff,
    0xff,0xdf,0xff,0xff,0xb5,0xb6,0x00,0x00,0x00,0x00,0x00,0x00,0x00,0x00,0x00,0x00,
    0x00,0x00,0x00,0x00,0x00,0x00,0x00,0x00,0x00,0x00,0x00,0x00,0x00,0x00,0x00,0x00,
    0x00,0x00,0x00,0x00,0x00,0x00,0x00,0x00,0x00,0x00,0x00,0x00,0x00,0x00,0x00,0x00,
    0x00,0x00,0x00,0x00,0x00,0x00,0x00,0x00,0x00,0x00,0x00,0x00,0x00,0x00,0x00,0x00,
    0x00,0x00,0x00,0x00,0x00,0x00,0x00,0x00,0x00,0x00,0x00,0x00,0x00,0x00,0x00,0x00,
    0x00,0x00,0x00,0x00,0x00,0x00,0x00,0x00,0x00,0x00,0x00,0x00,0x00,0x00,0x00,0x00,
    0x00,0x00,0x31,0xa7,0xff,0xff,0xff,0xff,0xff,0xff,0xff,0xff,0xff,0xff,0xff,0xff,
    0xff,0xff,0xc6,0x18,0x00,0x00,0x00,0x00,0x00,0x00,0x00,0x00,0x00,0x41,0xdf,0x1c,
    0xff,0xff,0xff,0xff,0xff,0xff,0xff,0xff,0xff,0xdf,0xff,0xff,0xa5,0x35,0x00,0x00,
    0x00,0x00,0x00,0x00,0x00,0x00,0x21,0x24,0xf7,0x9e,0xff,0xff,0xff,0xff,0xff,0xff,
    0xff,0xff,0xff,0xff,0xff,0xff,0xff,0xff,0xff,0xff,0xff,0xff,0xff,0xdf,0xff,0xff,
    0x7c,0x10,0x00,0x00,0x08,0x41,0x00,0x00,0x8c,0x71,0xff,0xff,0xff,0xdf,0xff,0xff,
    0xff,0xff,0xff,0xff,0xff,0xff,0xff,0xff,0xff,0xff,0xff,0xff,0xff,0xdf,0xff,0xff,
    0x5a,0xeb,0x00,0x00,0x00,0x20,0x00,0x00,0x00,0x00,0xce,0x79,0xff,0xff,0xff,0xff,
    0xff,0xff,0xff,0xff,0xff,0xff,0xff,0xff,0xbd,0xd7,0x00,0x00,0x00,0x00,0x00,0x00,
    0x00,0x00,0x08,0x41,0xe7,0x3c,0xff,0xff,0xff,0xff,0xff,0xff,0xff,0xff,0xff,0xdf,
    0xff,0xff,0x9c,0xd3,0x00,0x00,0x00,0x20,0x00,0x00,0x00,0x00,0x10,0xa2,0xf7,0x9e,
    0xff,0xff,0xff,0xff,0xff,0xff,0xff,0xff,0xff,0xff,0xff,0xff,0xe7,0x3c,0x08,0x41,
    0x00,0x00,0x00,0x00,0x00,0x00,0x00,0x00,0x00,0x00,0x00,0x00,0x00,0x00,0x00,0x00,
    0x00,0x00,0x00,0x00,0x00,0x00,0x00,0x00,0x00,0x00,0x00,0x00,0x00,0x00,0x00,0x00,
    0x00,0x00,0x00,0x00,0x00,0x00,0x00,0x00,0x00,0x00,0x00,0x00,0x00,0x00,0x00,0x00,
    0x00,0x00,0x00,0x00,0x00,0x00,0x00,0x00,0x00,0x00,0x00,0x00,0x00,0x00,0x00,0x00,
    0x00,0x00,0x00,0x00,0x00,0x00,0x00,0x00,0x00,0x00,0x00,0x00,0x00,0x00,0x00,0x00,
    0x00,0x00,0x00,0x00,0x00,0x00,0x00,0x00,0x00,0x00,0x00,0x00,0x00,0x00,0x00,0x20,
    0x00,0x00,0x5a,0xeb,0xff,0xff,0xff,0xdf,0xff,0xff,0xff,0xff,0xff,0xff,0xff,0xff,
    0xff,0xff,0xff,0xff,0xff,0xff,0xff,0xff,0xc6,0x38,0x52,0x8a,0x00,0x20,0x00,0x00,
    0x00,0x00,0x00,0x00,0x00,0x20,0x00,0x00,0x00,0x00,0x00,0x00,0x00,0x00,0x00,0x00,
    0x00,0x00,0x00,0x00,0x00,0x00,0x00,0x00,0x00,0x00,0x00,0x00,0x00,0x00,0x00,0x00,
    0x00,0x00,0x00,0x00,0x00,0x00,0x00,0x00,0x00,0x00,0x00,0x00,0x00,0x00,0x00,0x00,
    0x00,0x00,0x00,0x00,0x00,0x00,0x00,0x00,0x00,0x00,0x00,0x00,0x00,0x00,0x00,0x00,
    0x18,0xe3,0xf7,0x9e,0xff,0xff,0xff,0xff,0xff,0xff,0xff,0xff,0xff,0xff,0xff,0xff,
    0xce,0x7a,0x00,0x00,0x00,0x00,0x00,0x00,0x00,0x00,0x00,0x00,0x00,0x00,0x00,0x00,
    0x00,0x00,0x00,0x00,0x00,0x00,0x00,0x00,0x00,0x00,0x00,0x00,0x00,0x00,0x00,0x00,
    0x00,0x00,0x00,0x00,0x00,0x00,0x00,0x00,0x00,0x00,0x00,0x00,0x00,0x00,0x00,0x00,
    0x00,0x00,0x00,0x00,0x00,0x00,0x00,0x00,0x00,0x00,0x00,0x00,0x00,0x00,0x00,0x00,
    0x00,0x00,0x00,0x00,0x00,0x00,0x00,0x00,0x00,0x00,0x00,0x00,0x00,0x00,0x00,0x00,
    0x00,0x00,0x00,0x00,0x00,0x00,0x00,0x00,0x00,0x20,0x00,0x00,0x7c,0x10,0xff,0xff,
    0xff,0xdf,0xff,0xff,0xff,0xff,0xff,0xff,0xff,0xdf,0xff,0xff,0x63,0x0c,0x00,0x00,
    0x00,0x20,0x00,0x00,0x00,0x00,0x00,0x00,0x00,0x00,0x00,0x00,0x00,0x00,0x00,0x00,
    0x00,0x00,0x00,0x00,0x00,0x00,0x00,0x00,0x00,0x00,0x00,0x00,0x00,0x00,0x00,0x00,
    0x00,0x00,0x00,0x00,0x00,0x00,0x00,0x00,0x00,0x00,0x00,0x00,0x00,0x00,0x00,0x00,
    0x00,0x00,0x00,0x00,0x00,0x00,0x00,0x00,0x00,0x00,0x00,0x00,0x00,0x00,0x00,0x00,
    0x00,0x00,0x00,0x00,0x00,0x00,0x00,0x00,0x00,0x00,0x00,0x00,0x00,0x00,0x00,0x00,
    0x00,0x00,0x00,0x00,0x00,0x00,0x00,0x00,0x00,0x00,0x00,0x00,0xd6,0xba,0xff,0xff,
    0xff,0xff,0xff,0xff,0xff,0xff,0xff,0xff,0xff,0xff,0xef,0x7e,0x10,0xa2,0x00,0x00,
    0x00,0x00,0x00,0x00,0x00,0x41,0xdf,0x1c,0xff,0xff,0xff,0xff,0xff,0xff,0xff,0xff,
    0xff,0xdf,0xff,0xff,0xa5,0x35,0x00,0x00,0x00,0x00,0x00,0x00,0x00,0x20,0x00,0x00,
    0x5b,0x0c,0xff,0xff,0xff,0xdf,0xff,0xff,0xff,0xff,0xff,0xff,0xff,0xff,0xff,0xff,
    0xff,0xff,0xff,0xff,0xff,0xff,0xff,0xdf,0xff,0xff,0x4a,0x8a,0x00,0x00,0x4a,0x6a,
    0xff,0xff,0xff,0xdf,0xff,0xff,0xff,0xff,0xff,0xff,0xff,0xff,0xff,0xff,0xff,0xff,
    0xff,0xff,0xff,0xff,0xff,0xff,0xa5,0x55,0x00,0x00,0x00,0x20,0x00,0x00,0x00,0x00,
    0x00,0x00,0xce,0x79,0xff,0xff,0xff,0xff,0xff,0xff,0xff,0xff,0xff,0xff,0xff,0xff,
    0xbd,0xd7,0x00,0x00,0x00,0x00,0x00,0x00,0x00,0x00,0x08,0x41,0xe7,0x3c,0xff,0xff,
    0xff,0xff,0xff,0xff,0xff,0xff,0xff,0xdf,0xff,0xff,0x9c,0xd3,0x00,0x00,0x00,0x20,
    0x00,0x00,0x00,0x00,0x4a,0x49,0xff,0xff,0xff,0xff,0xff,0xff,0xff,0xff,0xff,0xff,
    0xff,0xdf,0xff,0xff,0x9c,0xd3,0x00,0x00,0x00,0x00,0x00,0x00,0x00,0x00,0x00,0x00,
    0x00,0x00,0x00,0x00,0x00,0x00,0x00,0x00,0x00,0x00,0x00,0x00,0x00,0x00,0x00,0x00,
    0x00,0x00,0x00,0x00,0x00,0x00,0x00,0x00,0x00,0x00,0x00,0x00,0x00,0x00,0x00,0x00,
    0x00,0x00,0x00,0x00,0x00,0x00,0x00,0x00,0x00,0x00,0x00,0x00,0x00,0x00,0x00,0x00,
    0x00,0x00,0x00,0x00,0x00,0x00,0x00,0x00,0x00,0x00,0x00,0x00,0x00,0x00,0x00,0x00,
    0x00,0x00,0x00,0x00,0x00,0x00,0x00,0x00,0x00,0x00,0x00,0x00,0x00,0x00,0x00,0x00,
    0x00,0x00,0x00,0x00,0x00,0x00,0x00,0x00,0x00,0x00,0x00,0x20,0xce,0x59,0xff,0xff,
    0xff,0xff,0xff,0xff,0xff,0xff,0xff,0xff,0xff,0xff,0xff,0xff,0xff,0xff,0xff,0xff,
    0xff,0xff,0xff,0xff,0xd6,0x9a,0x73,0xcf,0x21,0x45,0x00,0x00,0x00,0x00,0x00,0x00,
    0x00,0x00,0x00,0x00,0x00,0x20,0x00,0x00,0x00,0x00,0x00,0x00,0x00,0x00,0x00,0x00,
    0x00,0x00,0x00,0x00,0x00,0x00,0x00,0x00,0x00,0x00,0x00,0x00,0x00,0x00,0x00,0x00,
    0x00,0x00,0x00,0x00,0x00,0x00,0x00,0x00,0x00,0x00,0x00,0x00,0x00,0x00,0x00,0x00,
    0x00,0x00,0x00,0x00,0x00,0x00,0x00,0x00,0x4a,0x49,0xff,0xff,0xff,0xff,0xff,0xff,
    0xff,0xff,0xff,0xff,0xff,0xdf,0xff,0xff,0x84,0x51,0x00,0x00,0x00,0x20,0x00,0x00,
    0x00,0x00,0x00,0x00,0x00,0x00,0x00,0x00,0x00,0x00,0x00,0x00,0x00,0x00,0x00,0x00,
    0x00,0x00,0x00,0x00,0x00,0x00,0x00,0x00,0x00,0x00,0x00,0x00,0x00,0x00,0x00,0x00,
    0x00,0x00,0x00,0x00,0x00,0x00,0x00,0x00,0x00,0x00,0x00,0x00,0x00,0x00,0x00,0x00,
    0x00,0x00,0x00,0x00,0x00,0x00,0x00,0x00,0x00,0x00,0x00,0x00,0x00,0x00,0x00,0x00,
    0x00,0x00,0x00,0x00,0x00,0x00,0x00,0x00,0x00,0x00,0x00,0x00,0x00,0x00,0x00,0x00,
    0x00,0x00,0x00,0x00,0xb5,0xb6,0xff,0xff,0xff,0xff,0xff,0xff,0xff,0xff,0xff,0xff,
    0xff,0xff,0xf7,0xdf,0x21,0x04,0x00,0x00,0x00,0x00,0x00,0x00,0x00,0x00,0x00,0x00,
    0x00,0x00,0x00,0x00,0x00,0x00,0x00,0x00,0x00,0x00,0x00,0x00,0x00,0x00,0x00,0x00,
    0x00,0x00,0x00,0x00,0x00,0x00,0x00,0x00,0x00,0x00,0x00,0x00,0x00,0x00,0x00,0x00,
    0x00,0x00,0x00,0x00,0x00,0x00,0x00,0x00,0x00,0x00,0x00,0x00,0x00,0x00,0x00,0x00,
    0x00,0x00,0x00,0x00,0x00,0x00,0x00,0x00,0x00,0x00,0x00,0x00,0x00,0x00,0x00,0x00,
    0x00,0x00,0x00,0x00,0x00,0x00,0x00,0x00,0x00,0x00,0x00,0x00,0x00,0x00,0x00,0x00,
    0x00,0x20,0x00,0x00,0x8c,0x92,0xff,0xff,0xff,0xdf,0xff,0xff,0xff,0xff,0xff,0xff,
    0xff,0xff,0xff,0xff,0x39,0xe8,0x00,0x00,0x00,0x20,0x00,0x00,0x00,0x41,0xdf,0x1c,
    0xff,0xff,0xff,0xff,0xff,0xff,0xff,0xff,0xff,0xdf,0xff,0xff,0xa5,0x35,0x00,0x00,
    0x00,0x00,0x00,0x00,0x00,0x00,0x00,0x20,0x00,0x00,0xa5,0x34,0xff,0xff,0xff,0xdf,
    0xff,0xff,0xff,0xff,0xff,0xff,0xff,0xff,0xff,0xff,0xff,0xff,0xff,0xff,0xff,0xff,
    0xff,0xff,0xef,0x7d,0x4a,0x49,0xe7,0x3c,0xff,0xff,0xff,0xff,0xff,0xff,0xff,0xff,
    0xff,0xff,0xff,0xff,0xff,0xff,0xff,0xff,0xff,0xff,0xff,0xff,0xe7,0x1c,0x10,0x82,
    0x00,0x00,0x00,0x00,0x00,0x00,0x00,0x00,0x00,0x00,0xce,0x79,0xff,0xff,0xff,0xff,
    0xff,0xff,0xff,0xff,0xff,0xff,0xff,0xff,0xbd,0xd7,0x00,0x00,0x00,0x00,0x00,0x00,
    0x00,0x00,0x08,0x41,0xe7,0x3c,0xff,0xff,0xff,0xff,0xff,0xff,0xff,0xff,0xff,0xdf,
    0xff,0xff,0x9c,0xd3,0x00,0x00,0x00,0x20,0x00,0x20,0x00,0x00,0x7b,0xef,0xff,0xff,
    0xff,0xdf,0xff,0xff,0xff,0xff,0xff,0xff,0xff,0xff,0xff,0xff,0x52,0x8a,0x00,0x00,
    0x00,0x20,0x00,0x00,0x00,0x00,0x00,0x00,0x00,0x00,0x00,0x00,0x00,0x00,0x00,0x00,
    0x00,0x00,0x00,0x00,0x00,0x00,0x00,0x00,0x00,0x00,0x00,0x00,0x00,0x00,0x00,0x00,
    0x00,0x00,0x00,0x00,0x00,0x00,0x00,0x00,0x00,0x00,0x00,0x00,0x00,0x00,0x00,0x00,
    0x00,0x00,0x00,0x00,0x00,0x00,0x00,0x00,0x00,0x00,0x00,0x00,0x00,0x00,0x00,0x00,
    0x00,0x00,0x00,0x00,0x00,0x00,0x00,0x00,0x00,0x00,0x00,0x00,0x00,0x00,0x00,0x00,
    0x00,0x00,0x00,0x00,0x00,0x00,0x00,0x00,0x00,0x00,0x00,0x00,0x00,0x00,0x00,0x00,
    0x00,0x00,0x00,0x00,0x31,0x86,0xff,0xdf,0xff,0xff,0xff,0xff,0xff,0xff,0xff,0xff,
    0xff,0xff,0xff,0xff,0xff,0xff,0xff,0xff,0xff,0xff,0xff,0xff,0xff,0xff,0xff,0xff,
    0xff,0xdf,0xbe,0x18,0x73,0xcf,0x29,0x86,0x00,0x20,0x00,0x00,0x00,0x00,0x00,0x00,
    0x00,0x00,0x00,0x00,0x00,0x20,0x00,0x00,0x00,0x00,0x00,0x00,0x00,0x00,0x00,0x00,
    0x00,0x00,0x00,0x00,0x00,0x00,0x00,0x00,0x00,0x00,0x00,0x00,0x00,0x00,0x00,0x00,
    0x00,0x00,0x00,0x00,0x00,0x00,0x00,0x00,0x00,0x00,0x00,0x00,0x00,0x00,0x00,0x00,
    0x7b,0xcf,0xff,0xff,0xff,0xff,0xff,0xff,0xff,0xff,0xff,0xff,0xff,0xff,0xff,0xff,
    0x4a,0x69,0x00,0x00,0x00,0x00,0x00,0x00,0x00,0x00,0x00,0x00,0x00,0x00,0x00,0x00,
    0x00,0x00,0x00,0x00,0x00,0x00,0x00,0x00,0x00,0x00,0x00,0x00,0x00,0x00,0x00,0x00,
    0x00,0x00,0x00,0x00,0x00,0x00,0x00,0x00,0x00,0x00,0x00,0x00,0x00,0x00,0x00,0x00,
    0x00,0x00,0x00,0x00,0x00,0x00,0x00,0x00,0x00,0x00,0x00,0x00,0x00,0x00,0x00,0x00,
    0x00,0x00,0x00,0x00,0x00,0x00,0x00,0x00,0x00,0x00,0x00,0x00,0x00,0x00,0x00,0x00,
    0x00,0x00,0x00,0x00,0x00,0x00,0x00,0x00,0x00,0x00,0x00,0x20,0xde,0xdb,0xff,0xff,
    0xff,0xff,0xff,0xff,0xff,0xff,0xff,0xff,0xff,0xff,0xd6,0x9a,0x00,0x00,0x00,0x00,
    0x00,0x00,0x00,0x00,0x00,0x00,0x00,0x00,0x00,0x00,0x00,0x00,0x00,0x00,0x00,0x00,
    0x00,0x00,0x00,0x00,0x00,0x00,0x00,0x00,0x00,0x00,0x00,0x00,0x00,0x00,0x00,0x00,
    0x00,0x00,0x00,0x00,0x00,0x00,0x00,0x00,0x00,0x00,0x00,0x00,0x00,0x00,0x00,0x00,
    0x00,0x00,0x00,0x00,0x00,0x00,0x00,0x00,0x00,0x00,0x00,0x00,0x00,0x00,0x00,0x00,
    0x00,0x00,0x00,0x00,0x00,0x00,0x00,0x00,0x00,0x00,0x00,0x00,0x00,0x00,0x00,0x00,
    0x00,0x00,0x00,0x00,0x00,0x00,0x00,0x00,0x00,0x20,0x00,0x00,0x52,0xaa,0xff,0xff,
    0xff,0xff,0xff,0xff,0xff,0xff,0xff,0xff,0xff,0xdf,0xff,0xff,0x6b,0x4d,0x00,0x00,
    0x00,0x20,0x00,0x00,0x00,0x41,0xdf,0x1c,0xff,0xff,0xff,0xff,0xff,0xff,0xff,0xff,
    0xff,0xdf,0xff,0xff,0xa5,0x35,0x00,0x00,0x00,0x00,0x00,0x00,0x00,0x00,0x00,0x00,
    0x00,0x00,0x08,0x82,0xde,0xfb,0xff,0xff,0xff,0xff,0xff,0xff,0xff,0xff,0xff,0xff,
    0xff,0xff,0xff,0xff,0xff,0xff,0xff,0xff,0xff,0xff,0xff,0xff,0xff,0xff,0xff,0xff,
    0xff,0xff,0xff,0xff,0xff,0xff,0xff,0xff,0xff,0xff,0xff,0xff,0xff,0xff,0xff,0xff,
    0xff,0xdf,0xff,0xff,0x4a,0x49,0x00,0x00,0x00,0x00,0x00,0x00,0x00,0x00,0x00,0x00,
    0x00,0x00,0xce,0x79,0xff,0xff,0xff,0xff,0xff,0xff,0xff,0xff,0xff,0xff,0xff,0xff,
    0xbd,0xd7,0x00,0x00,0x00,0x00,0x00,0x00,0x00,0x00,0x08,0x41,0xe7,0x3c,0xff,0xff,
    0xff,0xff,0xff,0xff,0xff,0xff,0xff,0xdf,0xff,0xff,0x9c,0xd3,0x00,0x00,0x00,0x20,
    0x00,0x00,0x00,0x00,0xad,0x55,0xff,0xff,0xff,0xff,0xff,0xff,0xff,0xff,0xff,0xff,
    0xff,0xff,0xf7,0xbe,0x18,0xe3,0x00,0x00,0x00,0x00,0x00,0x00,0x00,0x00,0x00,0x00,
    0x00,0x00,0x00,0x00,0x00,0x00,0x00,0x00,0x00,0x00,0x00,0x00,0x00,0x00,0x00,0x00,
    0x00,0x00,0x00,0x00,0x00,0x00,0x00,0x00,0x00,0x00,0x00,0x00,0x00,0x00,0x00,0x00,
    0x00,0x00,0x00,0x00,0x00,0x00,0x00,0x00,0x00,0x00,0x00,0x00,0x00,0x00,0x00,0x00,
    0x00,0x00,0x00,0x00,0x00,0x00,0x00,0x00,0x00,0x00,0x00,0x00,0x00,0x00,0x00,0x00,
    0x00,0x00,0x00,0x00,0x00,0x00,0x00,0x00,0x00,0x00,0x00,0x00,0x00,0x00,0x00,0x00,
    0x00,0x00,0x00,0x00,0x00,0x00,0x00,0x00,0x00,0x00,0x00,0x00,0x00,0x00,0x63,0x2c,
    0xff,0xff,0xff,0xdf,0xff,0xff,0xff,0xff,0xff,0xff,0xff,0xff,0xff,0xff,0xff,0xff,
    0xff,0xff,0xff,0xff,0xff,0xff,0xff,0xdf,0xff,0xff,0xff,0xff,0xff,0xff,0xff,0xff,
    0xde,0xdb,0x9d,0x14,0x5b,0x0c,0x29,0x45,0x00,0x20,0x00,0x00,0x00,0x00,0x00,0x00,
    0x00,0x00,0x00,0x20,0x00,0x00,0x00,0x00,0x00,0x00,0x00,0x00,0x00,0x00,0x00,0x00,
    0x00,0x00,0x00,0x00,0x00,0x00,0x00,0x00,0x00,0x00,0x00,0x00,0x00,0x00,0x00,0x00,
    0x00,0x00,0x00,0x00,0x00,0x00,0x00,0x00,0xa5,0x14,0xff,0xff,0xff,0xff,0xff,0xff,
    0xff,0xff,0xff,0xff,0xff,0xff,0xff,0xdf,0x21,0x04,0x00,0x00,0x00,0x00,0x00,0x00,
    0x00,0x00,0x00,0x00,0x00,0x00,0x00,0x00,0x00,0x00,0x00,0x00,0x00,0x00,0x00,0x00,
    0x00,0x00,0x00,0x00,0x00,0x00,0x00,0x00,0x00,0x00,0x00,0x00,0x00,0x00,0x00,0x00,
    0x00,0x00,0x00,0x00,0x00,0x00,0x00,0x00,0x00,0x00,0x00,0x00,0x00,0x00,0x00,0x00,
    0x00,0x00,0x00,0x00,0x00,0x00,0x00,0x00,0x00,0x00,0x00,0x00,0x00,0x00,0x00,0x00,
    0x00,0x00,0x00,0x00,0x00,0x00,0x00,0x00,0x00,0x00,0x00,0x00,0x00,0x00,0x00,0x00,
    0x00,0x00,0x10,0xa3,0xf7,0x9e,0xff,0xff,0xff,0xff,0xff,0xff,0xff,0xff,0xff,0xdf,
    0xff,0xff,0xa5,0x34,0x00,0x00,0x00,0x00,0x00,0x00,0x00,0x00,0x00,0x00,0x00,0x00,
    0x00,0x00,0x00,0x00,0x00,0x00,0x00,0x00,0x00,0x00,0x00,0x00,0x00,0x00,0x00,0x00,
    0x00,0x00,0x00,0x00,0x00,0x00,0x00,0x00,0x00,0x00,0x00,0x00,0x00,0x00,0x00,0x00,
    0x00,0x00,0x00,0x00,0x00,0x00,0x00,0x00,0x00,0x00,0x00,0x00,0x00,0x00,0x00,0x00,
    0x00,0x00,0x00,0x00,0x00,0x00,0x00,0x00,0x00,0x00,0x00,0x00,0x00,0x00,0x00,0x00,
    0x00,0x00,0x00,0x00,0x00,0x00,0x00,0x00,0x00,0x00,0x00,0x00,0x00,0x00,0x00,0x00,
    0x00,0x00,0x00,0x00,0x21,0x45,0xff,0xff,0xff,0xff,0xff,0xff,0xff,0xff,0xff,0xff,
    0xff,0xdf,0xff,0xff,0x94,0x92,0x00,0x00,0x00,0x20,0x00,0x00,0x00,0x41,0xdf,0x1c,
    0xff,0xff,0xff,0xff,0xff,0xff,0xff,0xff,0xff,0xdf,0xff,0xff,0xa5,0x35,0x00,0x00,
    0x00,0x00,0x00,0x00,0x00,0x00,0x00,0x00,0x00,0x00,0x00,0x00,0x39,0xe7,0xff,0xff,
    0xff,0xdf,0xff,0xff,0xff,0xff,0xff,0xff,0xff,0xff,0xff,0xff,0xff,0xff,0xff,0xff,
    0xff,0xff,0xff,0xff,0xff,0xff,0xff,0xff,0xff,0xff,0xff,0xff,0xff,0xff,0xff,0xff,
    0xff,0xff,0xff,0xff,0xff,0xff,0xff,0xdf,0xff,0xff,0x94,0x92,0x00,0x00,0x00,0x20,
    0x00,0x00,0x00,0x00,0x00,0x00,0x00,0x00,0x00,0x00,0xce,0x79,0xff,0xff,0xff,0xff,
    0xff,0xff,0xff,0xff,0xff,0xff,0xff,0xff,0xbd,0xd7,0x00,0x00,0x00,0x00,0x00,0x00,
    0x00,0x00,0x08,0x41,0xe7,0x3c,0xff,0xff,0xff,0xff,0xff,0xff,0xff,0xff,0xff,0xdf,
    0xff,0xff,0x9c,0xd3,0x00,0x00,0x00,0x20,0x00,0x00,0x00,0x00,0xce,0x59,0xff,0xff,
    0xff,0xff,0xff,0xff,0xff,0xff,0xff,0xff,0xff,0xff,0xd6,0xba,0x00,0x00,0x00,0x00,
    0x00,0x00,0x00,0x00,0x00,0x00,0x00,0x00,0x00,0x00,0x00,0x00,0x00,0x00,0x00,0x00,
    0x00,0x00,0x00,0x00,0x00,0x00,0x00,0x00,0x00,0x00,0x00,0x00,0x00,0x00,0x00,0x00,
    0x00,0x00,0x00,0x00,0x00,0x00,0x00,0x00,0x00,0x00,0x00,0x00,0x00,0x00,0x00,0x00,
    0x00,0x00,0x00,0x00,0x00,0x00,0x00,0x00,0x00,0x00,0x00,0x00,0x00,0x00,0x00,0x00,
    0x00,0x00,0x00,0x00,0x00,0x00,0x00,0x00,0x00,0x00,0x00,0x00,0x00,0x00,0x00,0x00,
    0x00,0x00,0x00,0x00,0x00,0x00,0x00,0x00,0x00,0x00,0x00,0x00,0x00,0x00,0x00,0x00,
    0x00,0x00,0x00,0x00,0x00,0x20,0x00,0x00,0x7c,0x10,0xff,0xff,0xff,0xff,0xff,0xff,
    0xff,0xff,0xff,0xff,0xff,0xff,0xff,0xff,0xff,0xff,0xff,0xff,0xff,0xff,0xff,0xff,
    0xff,0xff,0xff,0xff,0xff,0xdf,0xff,0xff,0xff,0xff,0xff,0xff,0xff,0xff,0xff,0xff,
    0xd6,0xbb,0x9d,0x14,0x63,0x0c,0x21,0x45,0x00,0x00,0x00,0x00,0x00,0x00,0x00,0x00,
    0x00,0x00,0x00,0x00,0x00,0x00,0x00,0x00,0x00,0x00,0x00,0x00,0x00,0x00,0x00,0x00,
    0x00,0x00,0x00,0x00,0x00,0x00,0x00,0x00,0x00,0x00,0x00,0x00,0x00,0x00,0x00,0x00,
    0xc6,0x38,0xff,0xff,0xff,0xff,0xff,0xff,0xff,0xff,0xff,0xff,0xff,0xff,0xdf,0x1c,
    0x08,0x41,0x00,0x00,0x00,0x00,0x00,0x00,0x00,0x00,0x00,0x00,0x00,0x00,0x00,0x00,
    0x00,0x00,0x00,0x00,0x00,0x00,0x00,0x00,0x00,0x00,0x00,0x00,0x00,0x00,0x00,0x00,
    0x00,0x00,0x00,0x00,0x00,0x00,0x00,0x00,0x00,0x00,0x00,0x00,0x00,0x00,0x00,0x00,
    0x00,0x00,0x00,0x00,0x00,0x00,0x00,0x00,0x00,0x00,0x00,0x00,0x00,0x00,0x00,0x00,
    0x00,0x00,0x00,0x00,0x00,0x00,0x00,0x00,0x00,0x00,0x00,0x00,0x00,0x00,0x00,0x00,
    0x00,0x00,0x00,0x00,0x00,0x00,0x00,0x00,0x00,0x00,0x29,0x86,0xff,0xff,0xff,0xff,
    0xff,0xff,0xff,0xff,0xff,0xff,0xff,0xdf,0xff,0xff,0x7b,0xef,0x00,0x00,0x00,0x20,
    0x00,0x00,0x00,0x00,0x00,0x00,0x00,0x00,0x00,0x00,0x00,0x00,0x00,0x00,0x00,0x00,
    0x00,0x00,0x00,0x00,0x00,0x00,0x00,0x00,0x00,0x00,0x00,0x00,0x00,0x00,0x00,0x00,
    0x00,0x00,0x00,0x00,0x00,0x00,0x00,0x00,0x00,0x00,0x00,0x00,0x00,0x00,0x00,0x00,
    0x00,0x00,0x00,0x00,0x00,0x00,0x00,0x00,0x00,0x00,0x00,0x00,0x00,0x00,0x00,0x00,
    0x00,0x00,0x00,0x00,0x00,0x00,0x00,0x00,0x00,0x00,0x00,0x00,0x00,0x00,0x00,0x00,
    0x00,0x00,0x00,0x00,0x00,0x00,0x00,0x00,0x00,0x00,0x00,0x00,0x08,0x41,0xe7,0x3c,
    0xff,0xff,0xff,0xff,0xff,0xff,0xff,0xff,0xff,0xdf,0xff,0xff,0xad,0x75,0x00,0x00,
    0x00,0x20,0x00,0x00,0x00,0x41,0xdf,0x1c,0xff,0xff,0xff,0xff,0xff,0xff,0xff,0xff,
    0xff,0xdf,0xff,0xff,0xa5,0x35,0x00,0x00,0x00,0x00,0x00,0x00,0x00,0x00,0x00,0x00,
    0x00,0x00,0x00,0x20,0x00,0x00,0x7c,0x10,0xff,0xff,0xff,0xdf,0xff,0xff,0xff,0xff,
    0xff,0xff,0xff,0xff,0xff,0xff,0xff,0xff,0xff,0xff,0xff,0xff,0xff,0xff,0xff,0xff,
    0xff,0xff,0xff,0xff,0xff,0xff,0xff,0xff,0xff,0xff,0xff,0xff,0xff,0xff,0xff,0xff,
    0xd6,0xba,0x08,0x41,0x00,0x00,0x00,0x00,0x00,0x00,0x00,0x00,0x00,0x00,0x00,0x00,
    0x00,0x00,0xce,0x79,0xff,0xff,0xff,0xff,0xff,0xff,0xff,0xff,0xff,0xff,0xff,0xff,
    0xbd,0xd7,0x00,0x00,0x00,0x00,0x00,0x00,0x00,0x00,0x08,0x41,0xe7,0x3c,0xff,0xff,
    0xff,0xff,0xff,0xff,0xff,0xff,0xff,0xdf,0xff,0xff,0x9c,0xd3,0x00,0x00,0x00,0x20,
    0x00,0x00,0x08,0x61,0xe7,0x3c,0xff,0xff,0xff,0xff,0xff,0xff,0xff,0xff,0xff,0xff,
    0xff,0xff,0xb5,0xb6,0x00,0x00,0x00,0x00,0x00,0x00,0x00,0x00,0x00,0x00,0x00,0x00,
    0x00,0x00,0x00,0x00,0x00,0x00,0x00,0x00,0x00,0x00,0x00,0x00,0x00,0x00,0x00,0x00,
    0x00,0x00,0x00,0x00,0x00,0x00,0x00,0x00,0x00,0x00,0x00,0x00,0x00,0x00,0x00,0x00,
    0x00,0x00,0x00,0x00,0x00,0x00,0x00,0x00,0x00,0x00,0x00,0x00,0x00,0x00,0x00,0x00,
    0x00,0x00,0x00,0x00,0x00,0x00,0x00,0x00,0x00,0x00,0x00,0x00,0x00,0x00,0x00,0x00,
    0x00,0x00,0x00,0x00,0x00,0x00,0x00,0x00,0x00,0x00,0x00,0x00,0x00,0x00,0x00,0x00,
    0x00,0x00,0x00,0x00,0x00,0x00,0x00,0x00,0x00,0x00,0x00,0x00,0x00,0x00,0x00,0x00,
    0x00,0x00,0x73,0xaf,0xff,0xff,0xff,0xff,0xff,0xdf,0xff,0xff,0xff,0xff,0xff,0xff,
    0xff,0xff,0xff,0xff,0xff,0xff,0xff,0xff,0xff,0xff,0xff,0xff,0xff,0xff,0xff,0xff,
    0xff,0xff,0xff,0xdf,0xff,0xdf,0xff,0xff,0xff,0xff,0xff,0xff,0xff,0xff,0xff,0xdf,
    0xd6,0x9a,0x94,0xb2,0x4a,0x69,0x10,0x82,0x00,0x00,0x00,0x00,0x00,0x00,0x00,0x00,
    0x00,0x00,0x00,0x00,0x00,0x00,0x00,0x00,0x00,0x00,0x00,0x00,0x00,0x00,0x00,0x00,
    0x00,0x00,0x00,0x00,0x00,0x00,0x00,0x00,0xd6,0xba,0xff,0xff,0xff,0xff,0xff,0xff,
    0xff,0xff,0xff,0xff,0xff,0xff,0xc6,0x38,0x00,0x00,0x00,0x00,0x00,0x00,0x00,0x00,
    0x00,0x00,0x00,0x00,0x00,0x00,0x00,0x00,0x00,0x00,0x00,0x00,0x00,0x00,0x00,0x00,
    0x00,0x00,0x00,0x00,0x00,0x00,0x00,0x00,0x00,0x00,0x00,0x00,0x00,0x00,0x00,0x00,
    0x00,0x00,0x00,0x00,0x00,0x00,0x00,0x00,0x00,0x00,0x00,0x00,0x00,0x00,0x00,0x00,
    0x00,0x00,0x00,0x00,0x00,0x00,0x00,0x00,0x00,0x00,0x00,0x00,0x00,0x00,0x00,0x00,
    0x00,0x00,0x00,0x00,0x00,0x00,0x00,0x00,0x00,0x00,0x00,0x00,0x00,0x00,0x00,0x00,
    0x00,0x00,0x42,0x28,0xff,0xff,0xff,0xff,0xff,0xff,0xff,0xff,0xff,0xff,0xff,0xff,
    0xff,0xff,0x5a,0xeb,0x00,0x00,0x00,0x20,0x00,0x00,0x00,0x00,0x00,0x00,0x00,0x00,
    0x00,0x00,0x00,0x00,0x00,0x00,0x00,0x00,0x00,0x00,0x00,0x00,0x00,0x00,0x00,0x00,
    0x00,0x00,0x00,0x00,0x00,0x00,0x00,0x00,0x00,0x00,0x00,0x00,0x00,0x00,0x00,0x00,
    0x00,0x00,0x00,0x00,0x00,0x00,0x00,0x00,0x00,0x00,0x00,0x00,0x00,0x00,0x00,0x00,
    0x00,0x00,0x00,0x00,0x00,0x00,0x00,0x00,0x00,0x00,0x00,0x00,0x00,0x00,0x00,0x00,
    0x00,0x00,0x00,0x00,0x00,0x00,0x00,0x00,0x00,0x00,0x00,0x00,0x00,0x00,0x00,0x00,
    0x00,0x00,0x00,0x00,0x00,0x00,0xce,0x9a,0xff,0xff,0xff,0xff,0xff,0xff,0xff,0xff,
    0xff,0xff,0xff,0xff,0xc6,0x38,0x00,0x00,0x00,0x00,0x00,0x00,0x00,0x41,0xdf,0x1c,
    0xff,0xff,0xff,0xff,0xff,0xff,0xff,0xff,0xff,0xdf,0xff,0xff,0xa5,0x35,0x00,0x00,
    0x00,0x00,0x00,0x00,0x00,0x00,0x00,0x00,0x00,0x00,0x00,0x00,0x00,0x20,0x00,0x00,
    0xc6,0x18,0xff,0xff,0xff,0xff,0xff,0xff,0xff,0xff,0xff,0xff,0xff,0xff,0xff,0xff,
    0xff,0xff,0xff,0xff,0xff,0xff,0xff,0xff,0xff,0xff,0xff,0xff,0xff,0xff,0xff,0xff,
    0xff,0xff,0xff,0xff,0xff,0xff,0xff,0xff,0x31,0xa6,0x00,0x00,0x00,0x00,0x00,0x00,
    0x00,0x00,0x00,0x00,0x00,0x00,0x00,0x00,0x00,0x00,0xce,0x79,0xff,0xff,0xff,0xff,
    0xff,0xff,0xff,0xff,0xff,0xff,0xff,0xff,0xbd,0xd7,0x00,0x00,0x00,0x00,0x00,0x00,
    0x00,0x00,0x08,0x41,0xe7,0x3c,0xff,0xff,0xff,0xff,0xff,0xff,0xff,0xff,0xff,0xdf,
    0xff,0xff,0x9c,0xd3,0x00,0x00,0x00,0x20,0x00,0x00,0x10,0xa2,0xf7,0x9e,0xff,0xff,
    0xff,0xff,0xff,0xff,0xff,0xff,0xff,0xdf,0xff,0xff,0x94,0x92,0x00,0x00,0x00,0x20,
    0x00,0x00,0x00,0x00,0x00,0x00,0x00,0x00,0x00,0x00,0x00,0x00,0x00,0x00,0x00,0x00,
    0x00,0x00,0x00,0x00,0x00,0x00,0x00,0x00,0x00,0x00,0x00,0x00,0x00,0x00,0x00,0x00,
    0x00,0x00,0x00,0x00,0x00,0x00,0x00,0x00,0x00,0x00,0x00,0x00,0x00,0x00,0x00,0x00,
    0x00,0x00,0x00,0x00,0x00,0x00,0x00,0x00,0x00,0x00,0x00,0x00,0x00,0x00,0x00,0x00,
    0x00,0x00,0x00,0x00,0x00,0x00,0x00,0x00,0x00,0x00,0x00,0x00,0x00,0x00,0x00,0x00,
    0x00,0x00,0x00,0x00,0x00,0x00,0x00,0x00,0x00,0x00,0x00,0x00,0x00,0x00,0x00,0x00,
    0x00,0x00,0x00,0x00,0x00,0x00,0x00,0x00,0x00,0x00,0x00,0x00,0x42,0x29,0xd6,0xba,
    0xff,0xff,0xff,0xff,0xff,0xdf,0xff,0xff,0xff,0xff,0xff,0xff,0xff,0xff,0xff,0xff,
    0xff,0xff,0xff,0xff,0xff,0xff,0xff,0xff,0xff,0xff,0xff,0xff,0xff,0xff,0xff,0xff,
    0xff,0xff,0xff,0xdf,0xff,0xff,0xff,0xff,0xff,0xff,0xff,0xff,0xff,0xff,0xe7,0x5d,
    0xad,0x55,0x5a,0xcb,0x10,0xa2,0x00,0x00,0x00,0x00,0x00,0x00,0x00,0x00,0x00,0x00,
    0x00,0x00,0x00,0x00,0x00,0x00,0x00,0x00,0x00,0x00,0x00,0x00,0x00,0x00,0x00,0x00,
    0xe7,0x3d,0xff,0xff,0xff,0xff,0xff,0xff,0xff,0xff,0xff,0xff,0xff,0xff,0xb5,0xd7,
    0x00,0x00,0x00,0x00,0x00,0x00,0x00,0x00,0x00,0x00,0x00,0x00,0x00,0x00,0x00,0x00,
    0x00,0x00,0x00,0x00,0x00,0x00,0x00,0x00,0x00,0x00,0x00,0x00,0x00,0x00,0x00,0x00,
    0x00,0x00,0x00,0x00,0x00,0x00,0x00,0x00,0x00,0x00,0x00,0x00,0x00,0x00,0x00,0x00,
    0x00,0x00,0x00,0x00,0x00,0x00,0x00,0x00,0x00,0x00,0x00,0x00,0x00,0x00,0x00,0x00,
    0x00,0x00,0x00,0x00,0x00,0x00,0x00,0x00,0x00,0x00,0x00,0x00,0x00,0x00,0x00,0x00,
    0x00,0x00,0x00,0x00,0x00,0x00,0x00,0x00,0x00,0x00,0x4a,0x69,0xff,0xff,0xff,0xff,
    0xff,0xff,0xff,0xff,0xff,0xff,0xff,0xff,0xff,0xff,0x42,0x28,0x00,0x00,0x00,0x00,
    0x00,0x00,0x00,0x00,0x00,0x00,0x00,0x00,0x00,0x00,0x00,0x00,0x00,0x00,0x00,0x00,
    0x00,0x00,0x00,0x00,0x00,0x00,0x00,0x00,0x00,0x00,0x00,0x00,0x00,0x00,0x00,0x00,
    0x00,0x00,0x00,0x00,0x00,0x00,0x00,0x00,0x00,0x00,0x00,0x00,0x00,0x00,0x00,0x00,
    0x00,0x00,0x00,0x00,0x00,0x00,0x00,0x00,0x00,0x00,0x00,0x00,0x00,0x00,0x00,0x00,
    0x00,0x00,0x00,0x00,0x00,0x00,0x00,0x00,0x00,0x00,0x00,0x00,0x00,0x00,0x00,0x00,
    0x00,0x00,0x00,0x00,0x00,0x00,0x00,0x00,0x00,0x00,0x00,0x00,0x00,0x00,0xbd,0xd7,
    0xff,0xff,0xff,0xff,0xff,0xff,0xff,0xff,0xff,0xff,0xff,0xff,0xd6,0x9a,0x00,0x00,
    0x00,0x00,0x00,0x00,0x00,0x41,0xdf,0x1c,0xff,0xff,0xff,0xff,0xff,0xff,0xff,0xff,
    0xff,0xdf,0xff,0xff,0xa5,0x35,0x00,0x00,0x00,0x00,0x00,0x00,0x00,0x00,0x00,0x00,
    0x00,0x00,0x00,0x00,0x00,0x00,0x00,0x00,0x21,0x04,0xef,0x7e,0xff,0xff,0xff,0xff,
    0xff,0xff,0xff,0xff,0xff,0xff,0xff,0xff,0xff,0xff,0xff,0xff,0xff,0xff,0xff,0xff,
    0xff,0xff,0xff,0xff,0xff,0xff,0xff,0xff,0xff,0xff,0xff,0xdf,0xff,0xff,0x7b,0xef,
    0x00,0x00,0x00,0x20,0x00,0x00,0x00,0x00,0x00,0x00,0x00,0x00,0x00,0x00,0x00,0x00,
    0x00,0x00,0xce,0x79,0xff,0xff,0xff,0xff,0xff,0xff,0xff,0xff,0xff,0xff,0xff,0xff,
    0xbd,0xd7,0x00,0x00,0x00,0x00,0x00,0x00,0x00,0x00,0x08,0x41,0xe7,0x3c,0xff,0xff,
    0xff,0xff,0xff,0xff,0xff,0xff,0xff,0xdf,0xff,0xff,0x9c,0xd3,0x00,0x00,0x00,0x20,
    0x00,0x00,0x21,0x04,0xff,0xdf,0xff,0xff,0xff,0xff,0xff,0xff,0xff,0xff,0xff,0xdf,
    0xff,0xff,0x7b,0xf0,0x00,0x00,0x00,0x20,0x00,0x00,0x00,0x00,0x00,0x00,0x00,0x00,
    0x00,0x00,0x00,0x00,0x00,0x00,0x00,0x00,0x00,0x00,0x00,0x00,0x00,0x00,0x00,0x00,
    0x00,0x00,0x00,0x00,0x00,0x00,0x00,0x00,0x00,0x00,0x00,0x00,0x00,0x00,0x00,0x00,
    0x00,0x00,0x00,0x00,0x00,0x00,0x00,0x00,0x00,0x00,0x00,0x00,0x00,0x00,0x00,0x00,
    0x00,0x00,0x00,0x00,0x00,0x00,0x00,0x00,0x00,0x00,0x00,0x00,0x00,0x00,0x00,0x00,
    0x00,0x00,0x00,0x00,0x00,0x00,0x00,0x00,0x00,0x00,0x00,0x00,0x00,0x00,0x00,0x00,
    0x00,0x00,0x00,0x00,0x00,0x00,0x00,0x00,0x00,0x00,0x00,0x00,0x00,0x00,0x00,0x00,
    0x00,0x00,0x00,0x00,0x00,0x00,0x08,0x61,0x7b,0xcf,0xe7,0x3d,0xff,0xff,0xff,0xff,
    0xff,0xff,0xff,0xff,0xff,0xff,0xff,0xff,0xff,0xff,0xff,0xff,0xff,0xff,0xff,0xff,
    0xff,0xff,0xff,0xff,0xff,0xff,0xff,0xff,0xff,0xff,0xff,0xff,0xff,0xff,0xff,0xff,
    0xff,0xff,0xff,0xdf,0xff,0xff,0xff,0xff,0xff,0xff,0xff,0xff,0xef,0x5d,0x9d,0x14,
    0x3a,0x08,0x00,0x00,0x00,0x00,0x00,0x00,0x00,0x00,0x00,0x00,0x00,0x00,0x00,0x00,
    0x00,0x00,0x00,0x00,0x00,0x00,0x00,0x00,0xef,0x9e,0xff,0xff,0xff,0xff,0xff,0xff,
    0xff,0xff,0xff,0xdf,0xff,0xff,0xad,0x55,0x00,0x00,0x00,0x00,0x00,0x00,0x00,0x00,
    0x00,0x00,0x00,0x00,0x00,0x00,0x00,0x00,0x00,0x00,0x00,0x00,0x00,0x00,0x00,0x00,
    0x00,0x00,0x00,0x00,0x00,0x00,0x00,0x00,0x00,0x00,0x00,0x00,0x00,0x00,0x00,0x00,
    0x00,0x00,0x00,0x00,0x00,0x00,0x00,0x00,0x00,0x00,0x00,0x00,0x00,0x00,0x00,0x00,
    0x00,0x00,0x00,0x00,0x00,0x00,0x00,0x00,0x00,0x00,0x00,0x00,0x00,0x00,0x00,0x00,
    0x00,0x00,0x00,0x00,0x00,0x00,0x00,0x00,0x00,0x00,0x00,0x00,0x00,0x00,0x00,0x20,
    0x00,0x00,0x5a,0xcb,0xff,0xff,0xff,0xff,0xff,0xff,0xff,0xff,0xff,0xff,0xff,0xff,
    0xff,0xff,0x3a,0x08,0x00,0x00,0x00,0x00,0x00,0x00,0x00,0x00,0x00,0x00,0x00,0x00,
    0x00,0x00,0x00,0x00,0x00,0x00,0x00,0x00,0x00,0x00,0x00,0x00,0x00,0x00,0x00,0x00,
    0x00,0x00,0x00,0x00,0x00,0x00,0x00,0x00,0x00,0x00,0x00,0x00,0x00,0x00,0x00,0x00,
    0x00,0x00,0x00,0x00,0x00,0x00,0x00,0x00,0x00,0x00,0x00,0x00,0x00,0x00,0x00,0x00,
    0x00,0x00,0x00,0x00,0x00,0x00,0x00,0x00,0x00,0x00,0x00,0x00,0x00,0x00,0x00,0x00,
    0x00,0x00,0x00,0x00,0x00,0x00,0x00,0x00,0x00,0x00,0x00,0x00,0x00,0x00,0x00,0x00,
    0x00,0x00,0x00,0x00,0x00,0x00,0xad,0x55,0xff,0xff,0xff,0xdf,0xff,0xff,0xff,0xff,
    0xff,0xff,0xff,0xff,0xde,0xdb,0x00,0x00,0x00,0x00,0x00,0x00,0x00,0x41,0xdf,0x1c,
    0xff,0xff,0xff,0xff,0xff,0xff,0xff,0xff,0xff,0xdf,0xff,0xff,0xa5,0x35,0x00,0x00,
    0x00,0x00,0x00,0x00,0x00,0x00,0x00,0x00,0x00,0x00,0x00,0x00,0x00,0x00,0x00,0x00,
    0x00,0x00,0x5a,0xcb,0xff,0xff,0xff,0xdf,0xff,0xff,0xff,0xff,0xff,0xff,0xff,0xff,
    0xff,0xff,0xff,0xff,0xff,0xff,0xff,0xff,0xff,0xff,0xff,0xff,0xff,0xff,0xff,0xff,
    0xff,0xff,0xff,0xff,0xc6,0x38,0x00,0x00,0x00,0x00,0x00,0x00,0x00,0x00,0x00,0x00,
    0x00,0x00,0x00,0x00,0x00,0x00,0x00,0x00,0x00,0x00,0xce,0x79,0xff,0xff,0xff,0xff,
    0xff,0xff,0xff,0xff,0xff,0xff,0xff,0xff,0xbd,0xd7,0x00,0x00,0x00,0x00,0x00,0x00,
    0x00,0x00,0x08,0x41,0xe7,0x3c,0xff,0xff,0xff,0xff,0xff,0xff,0xff,0xff,0xff,0xdf,
    0xff,0xff,0x9c,0xd3,0x00,0x00,0x00,0x20,0x00,0x00,0x29,0x65,0xff,0xff,0xff,0xff,
    0xff,0xff,0xff,0xff,0xff,0xff,0xff,0xdf,0xff,0xff,0x73,0xae,0x00,0x00,0x00,0x20,
    0x00,0x00,0x00,0x00,0x00,0x00,0x00,0x00,0x00,0x00,0x00,0x00,0x00,0x00,0x00,0x00,
    0x00,0x00,0x00,0x00,0x00,0x00,0x00,0x00,0x00,0x00,0x00,0x00,0x00,0x00,0x00,0x00,
    0x00,0x00,0x00,0x00,0x00,0x00,0x00,0x00,0x00,0x00,0x00,0x00,0x00,0x00,0x00,0x00,
    0x00,0x00,0x00,0x00,0x00,0x00,0x00,0x00,0x00,0x00,0x00,0x00,0x00,0x00,0x00,0x00,
    0x00,0x00,0x00,0x00,0x00,0x00,0x00,0x00,0x00,0x00,0x00,0x00,0x00,0x00,0x00,0x00,
    0x00,0x00,0x00,0x00,0x00,0x00,0x00,0x00,0x00,0x00,0x00,0x00,0x00,0x00,0x00,0x00,
    0x00,0x00,0x00,0x00,0x00,0x00,0x00,0x00,0x00,0x00,0x00,0x00,0x00,0x00,0x00,0x00,
    0x00,0x00,0x10,0xa2,0x73,0xaf,0xd6,0xba,0xff,0xff,0xff,0xff,0xff,0xff,0xff,0xff,
    0xff,0xdf,0xff,0xff,0xff,0xff,0xff,0xff,0xff,0xff,0xff,0xff,0xff,0xff,0xff,0xff,
    0xff,0xff,0xff,0xff,0xff,0xff,0xff,0xff,0xff,0xff,0xff,0xff,0xff,0xff,0xff,0xff,
    0xff,0xff,0xff,0xff,0xff,0xff,0xff,0xff,0xff,0xff,0xc6,0x38,0x52,0xcb,0x00,0x00,
    0x00,0x00,0x00,0x00,0x00,0x00,0x00,0x00,0x00,0x00,0x00,0x00,0x00,0x00,0x00,0x00,
    0xf7,0xbe,0xff,0xff,0xff,0xff,0xff,0xff,0xff,0xff,0xff,0xdf,0xff,0xff,0xa5,0x14,
    0x00,0x00,0x00,0x00,0x00,0x00,0x00,0x00,0x00,0x00,0x00,0x00,0x00,0x00,0x00,0x00,
    0x00,0x00,0x00,0x00,0x00,0x00,0x00,0x00,0x00,0x00,0x00,0x00,0x00,0x00,0x00,0x00,
    0x00,0x00,0x00,0x00,0x00,0x00,0x00,0x00,0x00,0x00,0x00,0x00,0x00,0x00,0x00,0x00,
    0x00,0x00,0x00,0x00,0x00,0x00,0x00,0x00,0x00,0x00,0x00,0x00,0x00,0x00,0x00,0x00,
    0x00,0x00,0x00,0x00,0x00,0x00,0x00,0x00,0x00,0x00,0x00,0x00,0x00,0x00,0x00,0x00,
    0x00,0x00,0x00,0x00,0x00,0x00,0x00,0x20,0x00,0x00,0x5b,0x0c,0xff,0xff,0xff,0xdf,
    0xff,0xff,0xff,0xff,0xff,0xff,0xff,0xff,0xff,0xff,0x39,0xe7,0x00,0x00,0x00,0x00,
    0x00,0x00,0x00,0x00,0x00,0x00,0x00,0x00,0x00,0x00,0x00,0x00,0x00,0x00,0x00,0x00,
    0x00,0x00,0x00,0x00,0x00,0x00,0x00,0x00,0x00,0x00,0x00,0x00,0x00,0x00,0x00,0x00,
    0x00,0x00,0x00,0x00,0x00,0x00,0x00,0x00,0x00,0x00,0x00,0x00,0x00,0x00,0x00,0x00,
    0x00,0x00,0x00,0x00,0x00,0x00,0x00,0x00,0x00,0x00,0x00,0x00,0x00,0x00,0x00,0x00,
    0x00,0x00,0x00,0x00,0x00,0x00,0x00,0x00,0x00,0x00,0x00,0x00,0x00,0x00,0x00,0x00,
    0x00,0x00,0x00,0x00,0x00,0x00,0x00,0x00,0x00,0x00,0x00,0x00,0x00,0x00,0xad,0x55,
    0xff,0xff,0xff,0xdf,0xff,0xff,0xff,0xff,0xff,0xff,0xff,0xff,0xde,0xdb,0x00,0x00,
    0x00,0x00,0x00,0x00,0x00,0x41,0xdf,0x1c,0xff,0xff,0xff,0xff,0xff,0xff,0xff,0xff,
    0xff,0xdf,0xff,0xff,0xa5,0x35,0x00,0x00,0x00,0x00,0x00,0x00,0x00,0x00,0x00,0x00,
    0x00,0x00,0x00,0x00,0x00,0x00,0x00,0x00,0x00,0x20,0x00,0x00,0x9c,0xf4,0xff,0xff,
    0xff,0xdf,0xff,0xff,0xff,0xff,0xff,0xff,0xff,0xff,0xff,0xff,0xff,0xff,0xff,0xff,
    0xff,0xff,0xff,0xff,0xff,0xff,0xff,0xff,0xff,0xff,0xf7,0xbe,0x21,0x25,0x00,0x00,
    0x00,0x00,0x00,0x00,0x00,0x00,0x00,0x00,0x00,0x00,0x00,0x00,0x00,0x00,0x00,0x00,
    0x00,0x00,0xce,0x79,0xff,0xff,0xff,0xff,0xff,0xff,0xff,0xff,0xff,0xff,0xff,0xff,
    0xbd,0xd7,0x00,0x00,0x00,0x00,0x00,0x00,0x00,0x00,0x08,0x41,0xe7,0x3c,0xff,0xff,
    0xff,0xff,0xff,0xff,0xff,0xff,0xff,0xdf,0xff,0xff,0x9c,0xd3,0x00,0x00,0x00,0x20,
    0x00,0x00,0x31,0x86,0xff,0xff,0xff,0xff,0xff,0xff,0xff,0xff,0xff,0xff,0xff,0xdf,
    0xff,0xff,0x6b,0x6e,0x00,0x00,0x00,0x20,0x00,0x00,0x00,0x00,0x00,0x00,0x00,0x00,
    0x00,0x00,0x00,0x00,0x00,0x00,0x00,0x00,0x00,0x00,0x00,0x00,0x00,0x00,0x00,0x00,
    0x00,0x00,0x00,0x00,0x00,0x00,0x00,0x00,0x00,0x00,0x00,0x00,0x00,0x00,0x00,0x00,
    0x00,0x00,0x00,0x00,0x00,0x00,0x00,0x00,0x00,0x00,0x00,0x00,0x00,0x00,0x00,0x00,
    0x00,0x00,0x00,0x00,0x00,0x00,0x00,0x00,0x00,0x00,0x00,0x00,0x00,0x00,0x00,0x00,
    0x00,0x00,0x00,0x00,0x00,0x00,0x00,0x00,0x00,0x00,0x00,0x00,0x00,0x00,0x00,0x00,
    0x00,0x00,0x00,0x00,0x00,0x00,0x00,0x00,0x00,0x00,0x00,0x00,0x00,0x00,0x00,0x00,
    0x00,0x00,0x00,0x00,0x00,0x00,0x00,0x00,0x00,0x00,0x00,0x00,0x00,0x00,0x00,0x20,
    0x4a,0x49,0xa5,0x14,0xe7,0x5d,0xff,0xff,0xff,0xff,0xff,0xff,0xff,0xff,0xff,0xdf,
    0xff,0xff,0xff,0xff,0xff,0xff,0xff,0xff,0xff,0xff,0xff,0xff,0xff,0xff,0xff,0xff,
    0xff,0xff,0xff,0xff,0xff,0xff,0xff,0xff,0xff,0xff,0xff,0xff,0xff,0xff,0xff,0xff,
    0xff,0xff,0xff,0xff,0xff,0xff,0xc6,0x59,0x42,0x08,0x00,0x00,0x00,0x00,0x00,0x00,
    0x00,0x00,0x00,0x00,0x00,0x00,0x00,0x00,0xf7,0x9e,0xff,0xff,0xff,0xff,0xff,0xff,
    0xff,0xff,0xff,0xdf,0xff,0xff,0xa5,0x34,0x00,0x00,0x00,0x00,0x00,0x00,0x00,0x00,
    0x00,0x00,0x00,0x00,0x00,0x00,0x00,0x00,0x00,0x00,0x00,0x00,0x00,0x00,0x00,0x00,
    0x00,0x00,0x00,0x00,0x00,0x00,0x00,0x00,0x00,0x00,0x00,0x00,0x00,0x00,0x00,0x00,
    0x00,0x00,0x00,0x00,0x00,0x00,0x00,0x00,0x00,0x00,0x00,0x00,0x00,0x00,0x00,0x00,
    0x00,0x00,0x00,0x00,0x00,0x00,0x00,0x00,0x00,0x00,0x00,0x00,0x00,0x00,0x00,0x00,
    0x00,0x00,0x00,0x00,0x00,0x00,0x00,0x00,0x00,0x00,0x00,0x00,0x00,0x00,0x00,0x20,
    0x00,0x00,0x5a,0xeb,0xff,0xff,0xff,0xff,0xff,0xff,0xff,0xff,0xff,0xff,0xff,0xff,
    0xff,0xff,0x39,0xe8,0x00,0x00,0x00,0x00,0x00,0x00,0x00,0x00,0x00,0x00,0x00,0x00,
    0x00,0x00,0x00,0x00,0x00,0x00,0x00,0x00,0x00,0x00,0x00,0x00,0x00,0x00,0x00,0x00,
    0x00,0x00,0x00,0x00,0x00,0x00,0x00,0x00,0x00,0x00,0x00,0x00,0x00,0x00,0x00,0x00,
    0x00,0x00,0x00,0x00,0x00,0x00,0x00,0x00,0x00,0x00,0x00,0x00,0x00,0x00,0x00,0x00,
    0x00,0x00,0x00,0x00,0x00,0x00,0x00,0x00,0x00,0x00,0x00,0x00,0x00,0x00,0x00,0x00,
    0x00,0x00,0x00,0x00,0x00,0x00,0x00,0x00,0x00,0x00,0x00,0x00,0x00,0x00,0x00,0x00,
    0x00,0x00,0x00,0x00,0x00,0x00,0xad,0x55,0xff,0xff,0xff,0xdf,0xff,0xff,0xff,0xff,
    0xff,0xff,0xff,0xff,0xde,0xdb,0x00,0x00,0x00,0x00,0x00,0x00,0x00,0x41,0xdf,0x1c,
    0xff,0xff,0xff,0xff,0xff,0xff,0xff,0xff,0xff,0xdf,0xff,0xff,0xa5,0x35,0x00,0x00,
    0x00,0x00,0x00,0x00,0x00,0x00,0x00,0x00,0x00,0x00,0x00,0x00,0x00,0x00,0x00,0x00,
    0x00,0x00,0x00,0x00,0x08,0x61,0xde,0xdb,0xff,0xff,0xff,0xff,0xff,0xff,0xff,0xff,
    0xff,0xff,0xff,0xff,0xff,0xff,0xff,0xff,0xff,0xff,0xff,0xff,0xff,0xff,0xff,0xdf,
    0xff,0xff,0x63,0x4d,0x00,0x00,0x00,0x20,0x00,0x00,0x00,0x00,0x00,0x00,0x00,0x00,
    0x00,0x00,0x00,0x00,0x00,0x00,0x00,0x00,0x00,0x00,0xce,0x79,0xff,0xff,0xff,0xff,
    0xff,0xff,0xff,0xff,0xff,0xff,0xff,0xff,0xbd,0xd7,0x00,0x00,0x00,0x00,0x00,0x00,
    0x00,0x00,0x08,0x41,0xe7,0x3c,0xff,0xff,0xff,0xff,0xff,0xff,0xff,0xff,0xff,0xdf,
    0xff,0xff,0x9c,0xd3,0x00,0x00,0x00,0x20,0x00,0x00,0x29,0x86,0xff,0xff,0xff,0xff,
    0xff,0xff,0xff,0xff,0xff,0xff,0xff,0xdf,0xff,0xff,0x73,0x8e,0x00,0x00,0x00,0x20,
    0x00,0x00,0x00,0x00,0x00,0x00,0x00,0x00,0x00,0x00,0x00,0x00,0x00,0x00,0x00,0x00,
    0x00,0x00,0x00,0x00,0x00,0x00,0x00,0x00,0x00,0x00,0x00,0x00,0x00,0x00,0x00,0x00,
    0x00,0x00,0x00,0x00,0x00,0x00,0x00,0x00,0x00,0x00,0x00,0x00,0x00,0x00,0x00,0x00,
    0x00,0x00,0x00,0x00,0x00,0x00,0x00,0x00,0x00,0x00,0x00,0x00,0x00,0x00,0x00,0x00,
    0x00,0x00,0x00,0x00,0x00,0x00,0x00,0x00,0x00,0x00,0x00,0x00,0x00,0x00,0x00,0x00,
    0x00,0x00,0x00,0x00,0x00,0x00,0x00,0x00,0x00,0x00,0x00,0x00,0x00,0x00,0x00,0x00,
    0x00,0x00,0x00,0x00,0x00,0x00,0x00,0x00,0x00,0x00,0x00,0x00,0x00,0x00,0x00,0x00,
    0x00,0x00,0x00,0x00,0x00,0x20,0x00,0x00,0x00,0x00,0x00,0x00,0x10,0x82,0x52,0x8a,
    0x9c,0xf3,0xde,0xfb,0xff,0xff,0xff,0xff,0xff,0xff,0xff,0xff,0xff,0xff,0xff,0xdf,
    0xff,0xff,0xff,0xff,0xff,0xff,0xff,0xff,0xff,0xff,0xff,0xff,0xff,0xff,0xff,0xff,
    0xff,0xff,0xff,0xff,0xff,0xff,0xff,0xff,0xff,0xff,0xff,0xff,0xff,0xff,0xff,0xff,
    0xff,0xff,0x8c,0x51,0x00,0x00,0x00,0x00,0x00,0x00,0x00,0x00,0x00,0x00,0x00,0x00,
    0xef,0x5d,0xff,0xff,0xff,0xff,0xff,0xff,0xff,0xff,0xff,0xff,0xff,0xff,0xb5,0x96,
    0x00,0x00,0x00,0x00,0x00,0x00,0x00,0x00,0x00,0x00,0x00,0x00,0x00,0x00,0x00,0x00,
    0x00,0x00,0x00,0x00,0x00,0x00,0x00,0x00,0x00,0x00,0x00,0x00,0x00,0x00,0x00,0x00,
    0x00,0x00,0x00,0x00,0x00,0x00,0x00,0x00,0x00,0x00,0x00,0x00,0x00,0x00,0x00,0x00,
    0x00,0x00,0x00,0x00,0x00,0x00,0x00,0x00,0x00,0x00,0x00,0x00,0x00,0x00,0x00,0x00,
    0x00,0x00,0x00,0x00,0x00,0x00,0x00,0x00,0x00,0x00,0x00,0x00,0x00,0x00,0x00,0x00,
    0x00,0x00,0x00,0x00,0x00,0x00,0x00,0x00,0x00,0x00,0x52,0x8a,0xff,0xff,0xff,0xff,
    0xff,0xff,0xff,0xff,0xff,0xff,0xff,0xff,0xff,0xff,0x42,0x28,0x00,0x00,0x00,0x00,
    0x00,0x00,0x00,0x00,0x00,0x00,0x00,0x00,0x00,0x00,0x00,0x00,0x00,0x00,0x00,0x00,
    0x00,0x00,0x00,0x00,0x00,0x00,0x00,0x00,0x00,0x00,0x00,0x00,0x00,0x00,0x00,0x00,
    0x00,0x00,0x00,0x00,0x00,0x00,0x00,0x00,0x00,0x00,0x00,0x00,0x00,0x00,0x00,0x00,
    0x00,0x00,0x00,0x00,0x00,0x00,0x00,0x00,0x00,0x00,0x00,0x00,0x00,0x00,0x00,0x00,
    0x00,0x00,0x00,0x00,0x00,0x00,0x00,0x00,0x00,0x00,0x00,0x00,0x00,0x00,0x00,0x00,
    0x00,0x00,0x00,0x00,0x00,0x00,0x00,0x00,0x00,0x00,0x00,0x00,0x00,0x00,0xb5,0xb6,
    0xff,0xff,0xff,0xff,0xff,0xff,0xff,0xff,0xff,0xff,0xff,0xff,0xd6,0xba,0x00,0x00,
    0x00,0x00,0x00,0x00,0x00,0x41,0xdf,0x1c,0xff,0xff,0xff,0xff,0xff,0xff,0xff,0xff,
    0xff,0xdf,0xff,0xff,0xa5,0x35,0x00,0x00,0x00,0x00,0x00,0x00,0x00,0x00,0x00,0x00,
    0x00,0x00,0x00,0x00,0x00,0x00,0x00,0x00,0x00,0x00,0x00,0x00,0x00,0x00,0x31,0xc7,
    0xff,0xdf,0xff,0xdf,0xff,0xff,0xff,0xff,0xff,0xff,0xff,0xff,0xff,0xff,0xff,0xff,
    0xff,0xff,0xff,0xff,0xff,0xff,0xff,0xff,0xb5,0x96,0x00,0x00,0x00,0x20,0x00,0x00,
    0x00,0x00,0x00,0x00,0x00,0x00,0x00,0x00,0x00,0x00,0x00,0x00,0x00,0x00,0x00,0x00,
    0x00,0x00,0xce,0x79,0xff,0xff,0xff,0xff,0xff,0xff,0xff,0xff,0xff,0xff,0xff,0xff,
    0xbd,0xd7,0x00,0x00,0x00,0x00,0x00,0x00,0x00,0x00,0x08,0x41,0xe7,0x3c,0xff,0xff,
    0xff,0xff,0xff,0xff,0xff,0xff,0xff,0xdf,0xff,0xff,0x9c,0xd3,0x00,0x00,0x00,0x20,
    0x00,0x00,0x21,0x24,0xff,0xff,0xff,0xff,0xff,0xff,0xff,0xff,0xff,0xff,0xff,0xdf,
    0xff,0xff,0x7b,0xef,0x00,0x00,0x00,0x20,0x00,0x00,0x00,0x00,0x00,0x00,0x00,0x00,
    0x00,0x00,0x00,0x00,0x00,0x00,0x00,0x00,0x00,0x00,0x00,0x00,0x00,0x00,0x00,0x00,
    0x00,0x00,0x00,0x00,0x00,0x00,0x00,0x00,0x00,0x00,0x00,0x00,0x00,0x00,0x00,0x00,
    0x00,0x00,0x00,0x00,0x00,0x00,0x00,0x00,0x00,0x00,0x00,0x00,0x00,0x00,0x00,0x00,
    0x00,0x00,0x00,0x00,0x00,0x00,0x00,0x00,0x00,0x00,0x00,0x00,0x00,0x00,0x00,0x00,
    0x00,0x00,0x00,0x00,0x00,0x00,0x00,0x00,0x00,0x00,0x00,0x00,0x00,0x00,0x00,0x00,
    0x00,0x00,0x00,0x00,0x00,0x00,0x00,0x00,0x00,0x00,0x00,0x00,0x00,0x00,0x00,0x00,
    0x00,0x00,0x00,0x00,0x00,0x00,0x00,0x00,0x00,0x00,0x00,0x00,0x00,0x00,0x00,0x00,
    0x00,0x00,0x00,0x00,0x00,0x00,0x00,0x00,0x00,0x00,0x08,0x41,0x31,0xa6,0x73,0xae,
    0xb5,0xb6,0xe7,0x3c,0xff,0xff,0xff,0xff,0xff,0xff,0xff,0xff,0xff,0xff,0xff,0xdf,
    0xff,0xff,0xff,0xff,0xff,0xff,0xff,0xff,0xff,0xff,0xff,0xff,0xff,0xff,0xff,0xff,
    0xff,0xff,0xff,0xff,0xff,0xff,0xff,0xff,0xff,0xff,0xff,0xff,0xb5,0xb6,0x08,0x61,
    0x00,0x00,0x00,0x00,0x00,0x00,0x00,0x00,0xde,0xdb,0xff,0xff,0xff,0xff,0xff,0xff,
    0xff,0xff,0xff,0xff,0xff,0xff,0xc6,0x18,0x00,0x00,0x00,0x00,0x00,0x00,0x00,0x00,
    0x00,0x00,0x00,0x00,0x00,0x00,0x00,0x00,0x00,0x00,0x00,0x00,0x00,0x00,0x00,0x00,
    0x00,0x00,0x00,0x00,0x00,0x00,0x00,0x00,0x00,0x00,0x00,0x00,0x00,0x00,0x00,0x00,
    0x00,0x00,0x00,0x00,0x00,0x00,0x00,0x00,0x00,0x00,0x00,0x00,0x00,0x00,0x00,0x00,
    0x00,0x00,0x00,0x00,0x00,0x00,0x00,0x00,0x00,0x00,0x00,0x00,0x00,0x00,0x00,0x00,
    0x00,0x00,0x00,0x00,0x00,0x00,0x00,0x00,0x00,0x00,0x00,0x00,0x00,0x00,0x00,0x00,
    0x00,0x00,0x42,0x28,0xff,0xff,0xff,0xff,0xff,0xff,0xff,0xff,0xff,0xff,0xff,0xff,
    0xff,0xff,0x52,0xaa,0x00,0x00,0x00,0x20,0x00,0x00,0x00,0x00,0x00,0x00,0x00,0x00,
    0x00,0x00,0x00,0x00,0x00,0x00,0x00,0x00,0x00,0x00,0x00,0x00,0x00,0x00,0x00,0x00,
    0x00,0x00,0x00,0x00,0x00,0x00,0x00,0x00,0x00,0x00,0x00,0x00,0x00,0x00,0x00,0x00,
    0x00,0x00,0x00,0x00,0x00,0x00,0x00,0x00,0x00,0x00,0x00,0x00,0x00,0x00,0x00,0x00,
    0x00,0x00,0x00,0x00,0x00,0x00,0x00,0x00,0x00,0x00,0x00,0x00,0x00,0x00,0x00,0x00,
    0x00,0x00,0x00,0x00,0x00,0x00,0x00,0x00,0x00,0x00,0x00,0x00,0x00,0x00,0x00,0x00,
    0x00,0x00,0x00,0x00,0x00,0x00,0xce,0x79,0xff,0xff,0xff,0xff,0xff,0xff,0xff,0xff,
    0xff,0xdf,0xff,0xff,0xce,0x59,0x00,0x00,0x00,0x00,0x00,0x00,0x00,0x41,0xdf,0x1c,
    0xff,0xff,0xff,0xff,0xff,0xff,0xff,0xff,0xff,0xdf,0xff,0xff,0xa5,0x35,0x00,0x00,
    0x00,0x00,0x00,0x00,0x00,0x00,0x00,0x00,0x00,0x00,0x00,0x00,0x00,0x00,0x00,0x00,
    0x00,0x00,0x00,0x00,0x00,0x20,0x00,0x00,0x7b,0xcf,0xff,0xff,0xff,0xdf,0xff,0xff,
    0xff,0xff,0xff,0xff,0xff,0xff,0xff,0xff,0xff,0xff,0xff,0xff,0xff,0xff,0xef,0x5d,
    0x18,0xc3,0x00,0x00,0x00,0x00,0x00,0x00,0x00,0x00,0x00,0x00,0x00,0x00,0x00,0x00,
    0x00,0x00,0x00,0x00,0x00,0x00,0x00,0x00,0x00,0x00,0xce,0x79,0xff,0xff,0xff,0xff,
    0xff,0xff,0xff,0xff,0xff,0xff,0xff,0xff,0xbd,0xd7,0x00,0x00,0x00,0x00,0x00,0x00,
    0x00,0x00,0x08,0x41,0xe7,0x3c,0xff,0xff,0xff,0xff,0xff,0xff,0xff,0xff,0xff,0xdf,
    0xff,0xff,0x9c,0xd3,0x00,0x00,0x00,0x20,0x00,0x00,0x18,0xc3,0xf7,0xbe,0xff,0xff,
    0xff,0xff,0xff,0xff,0xff,0xff,0xff,0xdf,0xff,0xff,0x8c,0x51,0x00,0x00,0x00,0x20,
    0x00,0x00,0x00,0x00,0x00,0x00,0x00,0x00,0x00,0x00,0x00,0x00,0x00,0x00,0x00,0x00,
    0x00,0x00,0x00,0x00,0x00,0x00,0x00,0x00,0x00,0x00,0x00,0x00,0x00,0x00,0x00,0x00,
    0x00,0x00,0x00,0x00,0x00,0x00,0x00,0x00,0x00,0x00,0x00,0x00,0x00,0x00,0x00,0x00,
    0x00,0x00,0x00,0x00,0x00,0x00,0x00,0x00,0x00,0x00,0x00,0x00,0x00,0x00,0x00,0x00,
    0x00,0x00,0x00,0x00,0x00,0x00,0x00,0x00,0x00,0x00,0x00,0x00,0x00,0x00,0x00,0x00,
    0x00,0x00,0x00,0x00,0x00,0x00,0x00,0x00,0x00,0x00,0x00,0x00,0x00,0x00,0x00,0x00,
    0x00,0x00,0x00,0x00,0x00,0x00,0x00,0x00,0x00,0x00,0x00,0x00,0x00,0x00,0x00,0x00,
    0x00,0x00,0x00,0x00,0x00,0x00,0x00,0x00,0x00,0x00,0x00,0x00,0x00,0x00,0x00,0x00,
    0x00,0x00,0x00,0x00,0x00,0x00,0x00,0x00,0x00,0x00,0x08,0x61,0x39,0xe8,0x7b,0xef,
    0xbd,0xf7,0xef,0x7d,0xff,0xff,0xff,0xff,0xff,0xff,0xff,0xff,0xff,0xdf,0xff,0xff,
    0xff,0xff,0xff,0xff,0xff,0xff,0xff,0xff,0xff,0xff,0xff,0xff,0xff,0xff,0xff,0xff,
    0xff,0xff,0xff,0xdf,0xff,0xff,0xbd,0xf7,0x00,0x21,0x00,0x00,0x00,0x00,0x00,0x00,
    0xce,0x59,0xff,0xff,0xff,0xff,0xff,0xff,0xff,0xff,0xff,0xff,0xff,0xff,0xd6,0xba,
    0x00,0x20,0x00,0x00,0x00,0x00,0x00,0x00,0x00,0x00,0x00,0x00,0x00,0x00,0x00,0x00,
    0x00,0x00,0x00,0x00,0x00,0x00,0x00,0x00,0x00,0x00,0x00,0x00,0x00,0x00,0x00,0x00,
    0x00,0x00,0x00,0x00,0x00,0x00,0x00,0x00,0x00,0x00,0x00,0x00,0x00,0x00,0x00,0x00,
    0x00,0x00,0x00,0x00,0x00,0x00,0x00,0x00,0x00,0x00,0x00,0x00,0x00,0x00,0x00,0x00,
    0x00,0x00,0x00,0x00,0x00,0x00,0x00,0x00,0x00,0x00,0x00,0x00,0x00,0x00,0x00,0x00,
    0x00,0x00,0x00,0x00,0x00,0x00,0x00,0x00,0x00,0x00,0x31,0xa6,0xff,0xff,0xff,0xff,
    0xff,0xff,0xff,0xff,0xff,0xff,0xff,0xdf,0xff,0xff,0x73,0xae,0x00,0x00,0x00,0x20,
    0x00,0x00,0x00,0x00,0x00,0x00,0x00,0x00,0x00,0x00,0x00,0x00,0x00,0x00,0x00,0x00,
    0x00,0x00,0x00,0x00,0x00,0x00,0x00,0x00,0x00,0x00,0x00,0x00,0x00,0x00,0x00,0x00,
    0x00,0x00,0x00,0x00,0x00,0x00,0x00,0x00,0x00,0x00,0x00,0x00,0x00,0x00,0x00,0x00,
    0x00,0x00,0x00,0x00,0x00,0x00,0x00,0x00,0x00,0x00,0x00,0x00,0x00,0x00,0x00,0x00,
    0x00,0x00,0x00,0x00,0x00,0x00,0x00,0x00,0x00,0x00,0x00,0x00,0x00,0x00,0x00,0x00,
    0x00,0x00,0x00,0x00,0x00,0x00,0x00,0x00,0x00,0x00,0x00,0x00,0x00,0x20,0xde,0xfb,
    0xff,0xff,0xff,0xff,0xff,0xff,0xff,0xff,0xff,0xdf,0xff,0xff,0xad,0x96,0x00,0x00,
    0x00,0x20,0x00,0x00,0x00,0x41,0xdf,0x1c,0xff,0xff,0xff,0xff,0xff,0xff,0xff,0xff,
    0xff,0xdf,0xff,0xff,0xa5,0x35,0x00,0x00,0x00,0x00,0x00,0x00,0x00,0x00,0x00,0x00,
    0x00,0x00,0x00,0x00,0x00,0x00,0x00,0x00,0x00,0x00,0x00,0x00,0x00,0x00,0x00,0x00,
    0x00,0x00,0xbd,0xf7,0xff,0xff,0xff,0xff,0xff,0xff,0xff,0xff,0xff,0xff,0xff,0xff,
    0xff,0xff,0xff,0xdf,0xff,0xff,0x52,0xaa,0x00,0x00,0x00,0x00,0x00,0x00,0x00,0x00,
    0x00,0x00,0x00,0x00,0x00,0x00,0x00,0x00,0x00,0x00,0x00,0x00,0x00,0x00,0x00,0x00,
    0x00,0x00,0xce,0x79,0xff,0xff,0xff,0xff,0xff,0xff,0xff,0xff,0xff,0xff,0xff,0xff,
    0xbd,0xd7,0x00,0x00,0x00,0x00,0x00,0x00,0x00,0x00,0x08,0x41,0xe7,0x3c,0xff,0xff,
    0xff,0xff,0xff,0xff,0xff,0xff,0xff,0xdf,0xff,0xff,0x9c,0xd3,0x00,0x00,0x00,0x20,
    0x00,0x00,0x08,0x82,0xef,0x5d,0xff,0xff,0xff,0xff,0xff,0xff,0xff,0xff,0xff,0xdf,
    0xff,0xff,0xa5,0x55,0x00,0x00,0x00,0x00,0x00,0x00,0x00,0x00,0x00,0x00,0x00,0x00,
    0x00,0x00,0x00,0x00,0x00,0x00,0x00,0x00,0x00,0x00,0x00,0x00,0x00,0x00,0x00,0x00,
    0x00,0x00,0x00,0x00,0x00,0x00,0x00,0x00,0x00,0x00,0x00,0x00,0x00,0x00,0x00,0x00,
    0x00,0x00,0x00,0x00,0x00,0x00,0x00,0x00,0x00,0x00,0x00,0x00,0x00,0x00,0x00,0x00,
    0x00,0x00,0x00,0x00,0x00,0x00,0x00,0x00,0x00,0x00,0x00,0x00,0x00,0x00,0x00,0x00,
    0x00,0x00,0x00,0x00,0x00,0x00,0x00,0x00,0x00,0x00,0x00,0x00,0x00,0x00,0x00,0x00,
    0x00,0x00,0x00,0x00,0x00,0x00,0x00,0x00,0x00,0x00,0x00,0x00,0x00,0x00,0x00,0x00,
    0x00,0x00,0x00,0x00,0x00,0x00,0x00,0x00,0x00,0x00,0x00,0x00,0x00,0x00,0x00,0x00,
    0x00,0x00,0x00,0x00,0x00,0x00,0x00,0x00,0x00,0x00,0x00,0x00,0x00,0x00,0x00,0x20,
    0x00,0x00,0x00,0x00,0x00,0x00,0x00,0x00,0x00,0x00,0x10,0xa2,0x4a,0x49,0x8c,0x72,
    0xce,0x9a,0xff,0xff,0xff,0xff,0xff,0xff,0xff,0xff,0xff,0xff,0xff,0xff,0xff,0xff,
    0xff,0xff,0xff,0xff,0xff,0xff,0xff,0xff,0xff,0xff,0xff,0xff,0xff,0xdf,0xff,0xff,
    0x9d,0x14,0x00,0x00,0x00,0x00,0x00,0x00,0xad,0x75,0xff,0xff,0xff,0xff,0xff,0xff,
    0xff,0xff,0xff,0xff,0xff,0xff,0xf7,0x9e,0x10,0xa2,0x00,0x00,0x00,0x00,0x00,0x00,
    0x00,0x00,0x00,0x00,0x00,0x00,0x00,0x00,0x00,0x00,0x00,0x00,0x00,0x00,0x00,0x00,
    0x00,0x00,0x00,0x00,0x00,0x00,0x00,0x00,0x00,0x00,0x00,0x00,0x00,0x00,0x00,0x00,
    0x00,0x00,0x00,0x00,0x00,0x00,0x00,0x00,0x00,0x00,0x00,0x00,0x00,0x00,0x00,0x00,
    0x00,0x00,0x00,0x00,0x00,0x00,0x00,0x00,0x00,0x00,0x00,0x00,0x00,0x00,0x00,0x00,
    0x00,0x00,0x00,0x00,0x00,0x00,0x00,0x00,0x00,0x00,0x00,0x00,0x00,0x00,0x00,0x00,
    0x00,0x00,0x18,0xe3,0xf7,0xdf,0xff,0xff,0xff,0xff,0xff,0xff,0xff,0xff,0xff,0xdf,
    0xff,0xff,0x9c,0xd3,0x00,0x00,0x00,0x20,0x00,0x00,0x00,0x00,0x00,0x00,0x00,0x00,
    0x00,0x00,0x00,0x00,0x00,0x00,0x00,0x00,0x00,0x00,0x00,0x00,0x00,0x00,0x00,0x00,
    0x00,0x00,0x00,0x00,0x00,0x00,0x00,0x00,0x00,0x00,0x00,0x00,0x00,0x00,0x00,0x00,
    0x00,0x00,0x00,0x00,0x00,0x00,0x00,0x00,0x00,0x00,0x00,0x00,0x00,0x00,0x00,0x00,
    0x00,0x00,0x00,0x00,0x00,0x00,0x00,0x00,0x00,0x00,0x00,0x00,0x00,0x00,0x00,0x00,
    0x00,0x00,0x00,0x00,0x00,0x00,0x00,0x00,0x00,0x00,0x00,0x00,0x00,0x00,0x00,0x00,
    0x00,0x00,0x00,0x00,0x19,0x04,0xf7,0xdf,0xff,0xff,0xff,0xff,0xff,0xff,0xff,0xff,
    0xff,0xdf,0xff,0xff,0x9c,0xd3,0x00,0x00,0x00,0x20,0x00,0x00,0x00,0x41,0xdf,0x1c,
    0xff,0xff,0xff,0xff,0xff,0xff,0xff,0xff,0xff,0xdf,0xff,0xff,0xa5,0x35,0x00,0x00,
    0x00,0x00,0x00,0x00,0x00,0x00,0x00,0x00,0x00,0x00,0x00,0x00,0x00,0x00,0x00,0x00,
    0x00,0x00,0x00,0x00,0x00,0x00,0x00,0x00,0x00,0x00,0x18,0xe3,0xef,0x7d,0xff,0xff,
    0xff,0xff,0xff,0xff,0xff,0xff,0xff,0xff,0xff,0xff,0xff,0xff,0x9c,0xf3,0x00,0x00,
    0x00,0x20,0x00,0x00,0x00,0x00,0x00,0x00,0x00,0x00,0x00,0x00,0x00,0x00,0x00,0x00,
    0x00,0x00,0x00,0x00,0x00,0x00,0x00,0x00,0x00,0x00,0xce,0x79,0xff,0xff,0xff,0xff,
    0xff,0xff,0xff,0xff,0xff,0xff,0xff,0xff,0xbd,0xd7,0x00,0x00,0x00,0x00,0x00,0x00,
    0x00,0x00,0x08,0x41,0xe7,0x3c,0xff,0xff,0xff,0xff,0xff,0xff,0xff,0xff,0xff,0xdf,
    0xff,0xff,0x9c,0xd3,0x00,0x00,0x00,0x20,0x00,0x00,0x00,0x00,0xd6,0x9a,0xff,0xff,
    0xff,0xff,0xff,0xff,0xff,0xff,0xff,0xdf,0xff,0xff,0xce,0x59,0x00,0x00,0x00,0x00,
    0x00,0x00,0x00,0x00,0x00,0x00,0x00,0x00,0x00,0x00,0x00,0x00,0x00,0x00,0x00,0x00,
    0x00,0x00,0x00,0x00,0x00,0x00,0x00,0x00,0x00,0x00,0x00,0x00,0x00,0x00,0x00,0x00,
    0x00,0x00,0x00,0x00,0x00,0x00,0x00,0x00,0x00,0x00,0x00,0x00,0x00,0x00,0x00,0x00,
    0x00,0x00,0x00,0x00,0x00,0x00,0x00,0x00,0x00,0x00,0x00,0x00,0x00,0x00,0x00,0x00,
    0x00,0x00,0x00,0x00,0x00,0x00,0x00,0x00,0x00,0x00,0x00,0x00,0x00,0x00,0x00,0x00,
    0x00,0x00,0x00,0x00,0x00,0x00,0x00,0x00,0x00,0x00,0x00,0x00,0x00,0x00,0x00,0x00,
    0x00,0x00,0x00,0x00,0x00,0x00,0x00,0x00,0x00,0x00,0x00,0x00,0x00,0x00,0x00,0x00,
    0x00,0x00,0x00,0x00,0x00,0x00,0x00,0x00,0x00,0x00,0x00,0x00,0x00,0x00,0x00,0x00,
    0x00,0x00,0x00,0x00,0x00,0x00,0x00,0x00,0x00,0x00,0x00,0x00,0x00,0x00,0x00,0x20,
    0x00,0x00,0x00,0x00,0x00,0x00,0x00,0x00,0x00,0x00,0x29,0x65,0x73,0xcf,0xc6,0x59,
    0xff,0xff,0xff,0xff,0xff,0xff,0xff,0xff,0xff,0xff,0xff,0xff,0xff,0xff,0xff,0xff,
    0xff,0xff,0xff,0xff,0xff,0xff,0xff,0xdf,0xff,0xff,0x5a,0xcb,0x00,0x00,0x00,0x00,
    0x84,0x31,0xff,0xff,0xff,0xff,0xff,0xff,0xff,0xff,0xff,0xff,0xff,0xff,0xff,0xff,
    0x39,0xe7,0x00,0x00,0x00,0x00,0x00,0x00,0x00,0x00,0x00,0x00,0x00,0x00,0x00,0x00,
    0x00,0x00,0x00,0x00,0x00,0x00,0x00,0x00,0x00,0x00,0x00,0x00,0x00,0x00,0x00,0x00,
    0x00,0x00,0x00,0x00,0x00,0x00,0x00,0x00,0x00,0x00,0x00,0x00,0x00,0x00,0x00,0x00,
    0x00,0x00,0x00,0x00,0x00,0x00,0x00,0x00,0x00,0x00,0x00,0x00,0x00,0x00,0x00,0x00,
    0x00,0x00,0x00,0x00,0x00,0x00,0x00,0x00,0x00,0x00,0x00,0x00,0x00,0x00,0x00,0x00,
    0x00,0x00,0x00,0x00,0x00,0x00,0x00,0x00,0x00,0x00,0x08,0x41,0xdf,0x1c,0xff,0xff,
    0xff,0xff,0xff,0xff,0xff,0xff,0xff,0xff,0xff,0xff,0xc6,0x38,0x00,0x00,0x00,0x00,
    0x00,0x00,0x00,0x00,0x00,0x00,0x00,0x00,0x00,0x00,0x00,0x00,0x00,0x00,0x00,0x00,
    0x00,0x00,0x00,0x00,0x00,0x00,0x00,0x00,0x00,0x00,0x00,0x00,0x00,0x00,0x00,0x00,
    0x00,0x00,0x00,0x00,0x00,0x00,0x00,0x00,0x00,0x00,0x00,0x00,0x00,0x00,0x00,0x00,
    0x00,0x00,0x00,0x00,0x00,0x00,0x00,0x00,0x00,0x00,0x00,0x00,0x00,0x00,0x00,0x00,
    0x00,0x00,0x00,0x00,0x00,0x00,0x00,0x00,0x00,0x00,0x00,0x00,0x00,0x00,0x00,0x00,
    0x00,0x00,0x00,0x00,0x00,0x00,0x00,0x00,0x00,0x00,0x00,0x00,0x42,0x28,0xff,0xff,
    0xff,0xff,0xff,0xff,0xff,0xff,0xff,0xff,0xff,0xdf,0xff,0xff,0x73,0x8e,0x00,0x00,
    0x00,0x20,0x00,0x00,0x00,0x41,0xdf,0x1c,0xff,0xff,0xff,0xff,0xff,0xff,0xff,0xff,
    0xff,0xdf,0xff,0xff,0xa5,0x35,0x00,0x00,0x00,0x00,0x00,0x00,0x00,0x00,0x00,0x00,
    0x00,0x00,0x00,0x00,0x00,0x00,0x00,0x00,0x00,0x00,0x00,0x00,0x00,0x00,0x00,0x00,
    0x00,0x00,0x00,0x00,0x52,0xaa,0xff,0xff,0xff,0xdf,0xff,0xff,0xff,0xff,0xff,0xff,
    0xff,0xff,0xde,0xfb,0x08,0x61,0x00,0x00,0x00,0x00,0x00,0x00,0x00,0x00,0x00,0x00,
    0x00,0x00,0x00,0x00,0x00,0x00,0x00,0x00,0x00,0x00,0x00,0x00,0x00,0x00,0x00,0x00,
    0x00,0x00,0xce,0x79,0xff,0xff,0xff,0xff,0xff,0xff,0xff,0xff,0xff,0xff,0xff,0xff,
    0xbd,0xd7,0x00,0x00,0x00,0x00,0x00,0x00,0x00,0x00,0x08,0x41,0xe7,0x3c,0xff,0xff,
    0xff,0xff,0xff,0xff,0xff,0xff,0xff,0xdf,0xff,0xff,0x9c,0xd3,0x00,0x00,0x00,0x20,
    0x00,0x00,0x00,0x00,0xb5,0xb6,0xff,0xff,0xff,0xff,0xff,0xff,0xff,0xff,0xff,0xff,
    0xff,0xff,0xef,0x7d,0x10,0x82,0x00,0x00,0x00,0x00,0x00,0x00,0x00,0x00,0x00,0x00,
    0x00,0x00,0x00,0x00,0x00,0x00,0x00,0x00,0x00,0x00,0x00,0x00,0x00,0x00,0x00,0x00,
    0x00,0x00,0x00,0x00,0x00,0x00,0x00,0x00,0x00,0x00,0x00,0x00,0x00,0x00,0x00,0x00,
    0x00,0x00,0x00,0x00,0x00,0x00,0x00,0x00,0x00,0x00,0x00,0x00,0x00,0x00,0x00,0x00,
    0x00,0x00,0x00,0x00,0x00,0x00,0x00,0x00,0x00,0x00,0x00,0x00,0x00,0x00,0x00,0x00,
    0x00,0x00,0x00,0x00,0x00,0x00,0x00,0x00,0x00,0x00,0x00,0x00,0x00,0x00,0x00,0x00,
    0x00,0x00,0x00,0x00,0x00,0x00,0x00,0x00,0x00,0x00,0x00,0x00,0x00,0x00,0x00,0x00,
    0x00,0x00,0x00,0x00,0x00,0x00,0x00,0x00,0x00,0x00,0x00,0x00,0x00,0x00,0x00,0x00,
    0x00,0x00,0x00,0x00,0x00,0x00,0x00,0x00,0x00,0x00,0x00,0x00,0x00,0x00,0x00,0x00,
    0x00,0x00,0x00,0x00,0x00,0x00,0x00,0x00,0x00,0x00,0x00,0x00,0x00,0x00,0x00,0x20,
    0x00,0x00,0x00,0x00,0x00,0x00,0x00,0x00,0x39,0xe7,0xad,0x96,0xff,0xff,0xff,0xff,
    0xff,0xff,0xff,0xff,0xff,0xff,0xff,0xff,0xff,0xff,0xff,0xff,0xff,0xff,0xff,0xff,
    0xff,0xff,0xe7,0x3c,0x08,0x61,0x00,0x00,0x5a,0xcb,0xff,0xff,0xff,0xff,0xff,0xff,
    0xff,0xff,0xff,0xff,0xff,0xdf,0xff,0xff,0x73,0x8e,0x00,0x00,0x00,0x20,0x00,0x00,
    0x00,0x00,0x00,0x00,0x00,0x00,0x00,0x00,0x00,0x00,0x00,0x00,0x00,0x00,0x00,0x00,
    0x00,0x00,0x00,0x00,0x00,0x00,0x00,0x00,0x00,0x00,0x00,0x00,0x00,0x00,0x00,0x00,
    0x00,0x00,0x00,0x00,0x00,0x00,0x00,0x00,0x00,0x00,0x00,0x00,0x00,0x00,0x00,0x00,
    0x00,0x00,0x00,0x00,0x00,0x00,0x00,0x00,0x00,0x00,0x00,0x00,0x00,0x00,0x00,0x00,
    0x00,0x00,0x00,0x00,0x00,0x00,0x00,0x00,0x00,0x00,0x00,0x00,0x00,0x00,0x00,0x00,
    0x00,0x00,0x00,0x00,0xbd,0xf7,0xff,0xff,0xff,0xff,0xff,0xff,0xff,0xff,0xff,0xff,
    0xff,0xff,0xf7,0x9e,0x10,0xa2,0x00,0x00,0x00,0x00,0x00,0x00,0x00,0x00,0x00,0x00,
    0x00,0x00,0x00,0x00,0x00,0x00,0x00,0x00,0x00,0x00,0x00,0x00,0x00,0x00,0x00,0x00,
    0x00,0x00,0x00,0x00,0x00,0x00,0x00,0x00,0x00,0x00,0x00,0x00,0x00,0x00,0x00,0x00,
    0x00,0x00,0x00,0x00,0x00,0x00,0x00,0x00,0x00,0x00,0x00,0x00,0x00,0x00,0x00,0x00,
    0x00,0x00,0x00,0x00,0x00,0x00,0x00,0x00,0x00,0x00,0x00,0x00,0x00,0x00,0x00,0x00,
    0x00,0x00,0x00,0x00,0x00,0x00,0x00,0x00,0x00,0x00,0x00,0x00,0x00,0x00,0x00,0x00,
    0x00,0x20,0x00,0x00,0x7b,0xf0,0xff,0xff,0xff,0xdf,0xff,0xff,0xff,0xff,0xff,0xff,
    0xff,0xff,0xff,0xff,0x4a,0x49,0x00,0x00,0x00,0x20,0x00,0x00,0x00,0x41,0xdf,0x1c,
    0xff,0xff,0xff,0xff,0xff,0xff,0xff,0xff,0xff,0xdf,0xff,0xff,0xa5,0x35,0x00,0x00,
    0x00,0x00,0x00,0x00,0x00,0x00,0x00,0x00,0x00,0x00,0x00,0x00,0x00,0x00,0x00,0x00,
    0x00,0x00,0x00,0x00,0x00,0x00,0x00,0x00,0x00,0x00,0x00,0x20,0x00,0x00,0x9c,0xd3,
    0xff,0xff,0xff,0xdf,0xff,0xff,0xff,0xdf,0xff,0xff,0x3a,0x08,0x00,0x00,0x00,0x00,
    0x00,0x00,0x00,0x00,0x00,0x00,0x00,0x00,0x00,0x00,0x00,0x00,0x00,0x00,0x00,0x00,
    0x00,0x00,0x00,0x00,0x00,0x00,0x00,0x00,0x00,0x00,0xce,0x79,0xff,0xff,0xff,0xff,
    0xff,0xff,0xff,0xff,0xff,0xff,0xff,0xff,0xbd,0xd7,0x00,0x00,0x00,0x00,0x00,0x00,
    0x00,0x00,0x08,0x41,0xe7,0x3c,0xff,0xff,0xff,0xff,0xff,0xff,0xff,0xff,0xff,0xdf,
    0xff,0xff,0x9c,0xd3,0x00,0x00,0x00,0x20,0x00,0x20,0x00,0x00,0x8c,0x71,0xff,0xff,
    0xff,0xdf,0xff,0xff,0xff,0xff,0xff,0xff,0xff,0xff,0xff,0xff,0x39,0xe7,0x00,0x00,
    0x00,0x00,0x00,0x00,0x00,0x00,0x00,0x00,0x00,0x00,0x00,0x00,0x00,0x00,0x00,0x00,
    0x00,0x00,0x00,0x00,0x00,0x00,0x00,0x00,0x00,0x00,0x00,0x00,0x00,0x00,0x00,0x00,
    0x00,0x00,0x00,0x00,0x00,0x00,0x00,0x00,0x00,0x00,0x00,0x00,0x00,0x00,0x00,0x00,
    0x00,0x00,0x00,0x00,0x00,0x00,0x00,0x00,0x00,0x00,0x00,0x00,0x00,0x00,0x00,0x00,
    0x00,0x00,0x00,0x00,0x00,0x00,0x00,0x00,0x00,0x00,0x00,0x00,0x00,0x00,0x00,0x00,
    0x00,0x00,0x00,0x00,0x00,0x00,0x00,0x00,0x00,0x00,0x00,0x00,0x00,0x00,0x00,0x00,
    0x00,0x00,0x00,0x00,0x00,0x00,0x00,0x00,0x00,0x00,0x00,0x00,0x00,0x00,0x00,0x00,
    0x00,0x00,0x00,0x00,0x00,0x00,0x00,0x00,0x00,0x00,0x00,0x00,0x00,0x00,0x00,0x00,
    0x00,0x00,0x00,0x00,0x00,0x00,0x00,0x00,0x00,0x00,0x00,0x00,0x00,0x00,0x00,0x00,
    0x00,0x00,0x00,0x00,0x00,0x00,0x00,0x00,0x00,0x00,0x00,0x00,0x00,0x20,0x00,0x00,
    0x00,0x00,0x00,0x00,0x52,0x8a,0xe7,0x3c,0xff,0xff,0xff,0xff,0xff,0xff,0xff,0xff,
    0xff,0xff,0xff,0xff,0xff,0xff,0xff,0xff,0xff,0xdf,0xff,0xff,0x6b,0x6d,0x00,0x00,
    0x29,0x45,0xf7,0xdf,0xff,0xff,0xff,0xff,0xff,0xff,0xff,0xff,0xff,0xff,0xff,0xff,
    0xb5,0xb6,0x00,0x00,0x00,0x00,0x00,0x00,0x00,0x00,0x00,0x00,0x00,0x00,0x00,0x00,
    0x00,0x00,0x00,0x00,0x00,0x00,0x00,0x00,0x00,0x00,0x00,0x00,0x00,0x00,0x00,0x00,
    0x00,0x00,0x00,0x00,0x00,0x00,0x00,0x00,0x00,0x00,0x00,0x00,0x00,0x00,0x00,0x00,
    0x00,0x00,0x00,0x00,0x00,0x00,0x00,0x00,0x00,0x00,0x00,0x00,0x00,0x00,0x00,0x00,
    0x00,0x00,0x00,0x00,0x00,0x00,0x00,0x00,0x00,0x00,0x00,0x00,0x00,0x00,0x00,0x00,
    0x00,0x00,0x00,0x00,0x00,0x00,0x00,0x00,0x00,0x20,0x00,0x00,0x8c,0x71,0xff,0xff,
    0xff,0xdf,0xff,0xff,0xff,0xff,0xff,0xff,0xff,0xff,0xff,0xff,0x4a,0x8a,0x00,0x00,
    0x00,0x20,0x00,0x00,0x00,0x00,0x00,0x00,0x00,0x00,0x00,0x00,0x00,0x00,0x00,0x00,
    0x00,0x00,0x00,0x00,0x00,0x00,0x00,0x00,0x00,0x00,0x00,0x00,0x00,0x00,0x00,0x00,
    0x00,0x00,0x00,0x00,0x00,0x00,0x00,0x00,0x00,0x00,0x00,0x00,0x00,0x00,0x00,0x00,
    0x00,0x00,0x00,0x00,0x00,0x00,0x00,0x00,0x00,0x00,0x00,0x00,0x00,0x00,0x00,0x00,
    0x00,0x00,0x00,0x00,0x00,0x00,0x00,0x00,0x00,0x00,0x00,0x00,0x00,0x00,0x00,0x00,
    0x00,0x00,0x00,0x00,0x00,0x00,0x00,0x00,0x00,0x00,0x00,0x00,0xc6,0x18,0xff,0xff,
    0xff,0xff,0xff,0xff,0xff,0xff,0xff,0xff,0xff,0xff,0xf7,0xbe,0x18,0xe3,0x00,0x00,
    0x00,0x00,0x00,0x00,0x00,0x41,0xdf,0x1c,0xff,0xff,0xff,0xff,0xff,0xff,0xff,0xff,
    0xff,0xdf,0xff,0xff,0xa5,0x35,0x00,0x00,0x00,0x00,0x00,0x00,0x00,0x00,0x00,0x00,
    0x00,0x00,0x00,0x00,0x00,0x00,0x00,0x00,0x00,0x00,0x00,0x00,0x00,0x00,0x00,0x00,
    0x00,0x00,0x00,0x00,0x00,0x00,0x08,0x41,0xd6,0xba,0xff,0xff,0xff,0xdf,0xff,0xff,
    0x8c,0x51,0x00,0x00,0x00,0x20,0x00,0x00,0x00,0x00,0x00,0x00,0x00,0x00,0x00,0x00,
    0x00,0x00,0x00,0x00,0x00,0x00,0x00,0x00,0x00,0x00,0x00,0x00,0x00,0x00,0x00,0x00,
    0x00,0x00,0xce,0x79,0xff,0xff,0xff,0xff,0xff,0xff,0xff,0xff,0xff,0xff,0xff,0xff,
    0xbd,0xd7,0x00,0x00,0x00,0x00,0x00,0x00,0x00,0x00,0x08,0x41,0xe7,0x3c,0xff,0xff,
    0xff,0xff,0xff,0xff,0xff,0xff,0xff,0xdf,0xff,0xff,0x9c,0xd3,0x00,0x00,0x00,0x20,
    0x00,0x20,0x00,0x00,0x5a,0xcb,0xff,0xff,0xff,0xff,0xff,0xff,0xff,0xff,0xff,0xff,
    0xff,0xdf,0xff,0xff,0x7b,0xf0,0x00,0x00,0x00,0x20,0x00,0x00,0x00,0x00,0x00,0x00,
    0x00,0x00,0x00,0x00,0x00,0x00,0x00,0x00,0x00,0x00,0x00,0x00,0x00,0x00,0x00,0x00,
    0x00,0x00,0x00,0x00,0x00,0x00,0x00,0x00,0x00,0x00,0x00,0x00,0x00,0x00,0x00,0x00,
    0x00,0x00,0x00,0x00,0x00,0x00,0x00,0x00,0x00,0x00,0x00,0x00,0x00,0x00,0x00,0x00,
    0x00,0x00,0x00,0x00,0x00,0x00,0x00,0x00,0x00,0x00,0x00,0x00,0x00,0x00,0x00,0x00,
    0x00,0x00,0x00,0x00,0x00,0x00,0x00,0x00,0x00,0x00,0x00,0x00,0x00,0x00,0x00,0x00,
    0x00,0x00,0x00,0x00,0x00,0x00,0x00,0x00,0x00,0x00,0x00,0x00,0x00,0x00,0x00,0x00,
    0x00,0x00,0x00,0x00,0x00,0x00,0x00,0x00,0x00,0x00,0x00,0x00,0x00,0x00,0x00,0x00,
    0x00,0x00,0x00,0x00,0x00,0x00,0x00,0x00,0x00,0x00,0x00,0x00,0x00,0x00,0x00,0x00,
    0x00,0x00,0x00,0x00,0x00,0x00,0x00,0x00,0x00,0x00,0x00,0x00,0x00,0x00,0x00,0x00,
    0x00,0x00,0x00,0x00,0x00,0x00,0x00,0x00,0x00,0x00,0x00,0x00,0x00,0x00,0x18,0xe4,
    0xce,0x79,0xff,0xff,0xff,0xdf,0xff,0xff,0xff,0xff,0xff,0xff,0xff,0xff,0xff,0xff,
    0xff,0xff,0xff,0xff,0xce,0x79,0x00,0x00,0x00,0x20,0xd6,0xba,0xff,0xff,0xff,0xff,
    0xff,0xff,0xff,0xff,0xff,0xff,0xff,0xff,0xf7,0x9e,0x10,0xc3,0x00,0x00,0x00,0x00,
    0x00,0x00,0x00,0x00,0x00,0x00,0x00,0x00,0x00,0x00,0x00,0x00,0x00,0x00,0x00,0x00,
    0x00,0x00,0x00,0x00,0x00,0x00,0x00,0x00,0x00,0x00,0x00,0x00,0x00,0x00,0x00,0x00,
    0x00,0x00,0x00,0x00,0x00,0x00,0x00,0x00,0x00,0x00,0x00,0x00,0x00,0x00,0x00,0x00,
    0x00,0x00,0x00,0x00,0x00,0x00,0x00,0x00,0x00,0x00,0x00,0x00,0x00,0x00,0x00,0x00,
    0x00,0x00,0x00,0x00,0x00,0x00,0x00,0x00,0x00,0x00,0x00,0x00,0x00,0x00,0x00,0x00,
    0x00,0x20,0x00,0x00,0x52,0x8a,0xff,0xff,0xff,0xff,0xff,0xff,0xff,0xff,0xff,0xff,
    0xff,0xdf,0xff,0xff,0x9d,0x14,0x00,0x00,0x00,0x00,0x00,0x00,0x00,0x00,0x00,0x00,
    0x00,0x00,0x00,0x00,0x00,0x00,0x00,0x00,0x00,0x00,0x00,0x00,0x00,0x00,0x00,0x00,
    0x00,0x00,0x00,0x00,0x00,0x00,0x00,0x00,0x00,0x00,0x00,0x00,0x00,0x00,0x00,0x00,
    0x00,0x00,0x00,0x00,0x00,0x00,0x00,0x00,0x00,0x00,0x00,0x00,0x00,0x00,0x00,0x00,
    0x00,0x00,0x00,0x00,0x00,0x00,0x00,0x00,0x00,0x00,0x00,0x00,0x00,0x00,0x00,0x00,
    0x00,0x00,0x00,0x00,0x00,0x00,0x00,0x00,0x00,0x00,0x00,0x00,0x00,0x00,0x00,0x00,
    0x00,0x00,0x21,0x04,0xf7,0xbe,0xff,0xff,0xff,0xff,0xff,0xff,0xff,0xff,0xff,0xff,
    0xff,0xff,0xce,0x79,0x00,0x00,0x00,0x00,0x00,0x00,0x00,0x00,0x00,0x41,0xdf,0x1c,
    0xff,0xff,0xff,0xff,0xff,0xff,0xff,0xff,0xff,0xdf,0xff,0xff,0xa5,0x35,0x00,0x00,
    0x00,0x00,0x00,0x00,0x00,0x00,0x00,0x00,0x00,0x00,0x00,0x00,0x00,0x00,0x00,0x00,
    0x00,0x00,0x00,0x00,0x00,0x00,0x00,0x00,0x00,0x00,0x00,0x00,0x00,0x00,0x00,0x00,
    0x31,0xa6,0xf7,0xdf,0xff,0xff,0xce,0x79,0x00,0x20,0x00,0x00,0x00,0x00,0x00,0x00,
    0x00,0x00,0x00,0x00,0x00,0x00,0x00,0x00,0x00,0x00,0x00,0x00,0x00,0x00,0x00,0x00,
    0x00,0x00,0x00,0x00,0x00,0x00,0x00,0x00,0x00,0x00,0xce,0x79,0xff,0xff,0xff,0xff,
    0xff,0xff,0xff,0xff,0xff,0xff,0xff,0xff,0xbd,0xd7,0x00,0x00,0x00,0x00,0x00,0x00,
    0x00,0x00,0x08,0x41,0xe7,0x3c,0xff,0xff,0xff,0xff,0xff,0xff,0xff,0xff,0xff,0xdf,
    0xff,0xff,0x9c,0xd3,0x00,0x00,0x00,0x20,0x00,0x00,0x00,0x00,0x21,0x24,0xff,0xdf,
    0xff,0xff,0xff,0xff,0xff,0xff,0xff,0xff,0xff,0xff,0xff,0xff,0xce,0x79,0x00,0x00,
    0x00,0x00,0x00,0x00,0x00,0x00,0x00,0x00,0x00,0x00,0x00,0x00,0x00,0x00,0x00,0x00,
    0x00,0x00,0x00,0x00,0x00,0x00,0x00,0x00,0x00,0x00,0x00,0x00,0x00,0x00,0x00,0x00,
    0x00,0x00,0x00,0x00,0x00,0x00,0x00,0x00,0x00,0x00,0x00,0x00,0x00,0x00,0x00,0x00,
    0x00,0x00,0x00,0x00,0x00,0x00,0x00,0x00,0x00,0x00,0x00,0x00,0x00,0x00,0x00,0x00,
    0x00,0x00,0x00,0x00,0x00,0x00,0x00,0x00,0x00,0x00,0x00,0x00,0x00,0x00,0x00,0x00,
    0x00,0x00,0x00,0x00,0x00,0x00,0x00,0x00,0x00,0x00,0x00,0x00,0x00,0x00,0x00,0x00,
    0x00,0x00,0x00,0x00,0x00,0x00,0x00,0x00,0x00,0x00,0x00,0x00,0x00,0x00,0x00,0x00,
    0x00,0x00,0x00,0x00,0x00,0x00,0x00,0x00,0x00,0x00,0x00,0x00,0x00,0x00,0x00,0x00,
    0x00,0x00,0x00,0x00,0x00,0x00,0x00,0x00,0x00,0x00,0x00,0x00,0x00,0x00,0x00,0x00,
    0x00,0x00,0x00,0x00,0x00,0x00,0x00,0x00,0x00,0x00,0x00,0x00,0x00,0x00,0x00,0x00,
    0x00,0x00,0x00,0x00,0x00,0x20,0x00,0x00,0x10,0xa2,0xd6,0xdb,0xff,0xff,0xff,0xff,
    0xff,0xff,0xff,0xff,0xff,0xff,0xff,0xff,0xff,0xff,0xff,0xff,0xff,0xdf,0x31,0xa6,
    0x00,0x00,0x9c,0xd3,0xff,0xff,0xff,0xdf,0xff,0xff,0xff,0xff,0xff,0xff,0xff,0xdf,
    0xff,0xff,0x6b,0x4d,0x00,0x00,0x00,0x20,0x00,0x00,0x00,0x00,0x00,0x00,0x00,0x00,
    0x00,0x00,0x00,0x00,0x00,0x00,0x00,0x00,0x00,0x00,0x00,0x00,0x00,0x00,0x00,0x00,
    0x00,0x00,0x00,0x00,0x00,0x00,0x00,0x00,0x00,0x00,0x00,0x00,0x00,0x00,0x00,0x00,
    0x00,0x00,0x00,0x00,0x00,0x00,0x00,0x00,0x00,0x00,0x00,0x00,0x00,0x00,0x00,0x00,
    0x00,0x00,0x00,0x00,0x00,0x00,0x00,0x00,0x00,0x00,0x00,0x00,0x00,0x00,0x00,0x00,
    0x00,0x00,0x00,0x00,0x00,0x00,0x00,0x00,0x00,0x00,0x00,0x00,0x18,0xc3,0xf7,0x9e,
    0xff,0xff,0xff,0xff,0xff,0xff,0xff,0xff,0xff,0xff,0xff,0xff,0xef,0x7d,0x10,0x82,
    0x00,0x00,0x00,0x00,0x00,0x00,0x00,0x00,0x00,0x00,0x00,0x00,0x00,0x00,0x00,0x00,
    0x00,0x00,0x00,0x00,0x00,0x00,0x00,0x00,0x00,0x00,0x00,0x00,0x00,0x00,0x00,0x00,
    0x00,0x00,0x00,0x00,0x00,0x00,0x00,0x00,0x00,0x00,0x00,0x00,0x00,0x00,0x00,0x00,
    0x00,0x00,0x00,0x00,0x00,0x00,0x00,0x00,0x00,0x00,0x00,0x00,0x00,0x00,0x00,0x00,
    0x00,0x00,0x00,0x00,0x00,0x00,0x00,0x00,0x00,0x00,0x00,0x00,0x00,0x00,0x00,0x00,
    0x00,0x00,0x00,0x00,0x00,0x00,0x00,0x20,0x00,0x00,0x73,0xcf,0xff,0xff,0xff,0xdf,
    0xff,0xff,0xff,0xff,0xff,0xff,0xff,0xdf,0xff,0xff,0x8c,0x92,0x00,0x00,0x00,0x20,
    0x00,0x00,0x00,0x00,0x00,0x41,0xdf,0x1c,0xff,0xff,0xff,0xff,0xff,0xff,0xff,0xff,
    0xff,0xdf,0xff,0xff,0xa5,0x35,0x00,0x00,0x00,0x00,0x00,0x00,0x00,0x00,0x00,0x00,
    0x00,0x00,0x00,0x00,0x00,0x00,0x00,0x00,0x00,0x00,0x00,0x00,0x00,0x00,0x00,0x00,
    0x00,0x00,0x00,0x00,0x00,0x00,0x00,0x20,0x00,0x00,0x73,0xae,0xff,0xff,0x29,0x65,
    0x00,0x00,0x00,0x00,0x00,0x00,0x00,0x00,0x00,0x00,0x00,0x00,0x00,0x00,0x00,0x00,
    0x00,0x00,0x00,0x00,0x00,0x00,0x00,0x00,0x00,0x00,0x00,0x00,0x00,0x00,0x00,0x00,
    0x00,0x00,0xce,0x79,0xff,0xff,0xff,0xff,0xff,0xff,0xff,0xff,0xff,0xff,0xff,0xff,
    0xbd,0xd7,0x00,0x00,0x00,0x00,0x00,0x00,0x00,0x00,0x08,0x41,0xe7,0x3c,0xff,0xff,
    0xff,0xff,0xff,0xff,0xff,0xff,0xff,0xdf,0xff,0xff,0x9c,0xd3,0x00,0x00,0x00,0x20,
    0x00,0x00,0x00,0x00,0x00,0x00,0xd6,0x9a,0xff,0xff,0xff,0xff,0xff,0xff,0xff,0xff,
    0xff,0xff,0xff,0xff,0xff,0xff,0x31,0xa6,0x00,0x00,0x00,0x00,0x00,0x00,0x00,0x00,
    0x00,0x00,0x00,0x00,0x00,0x00,0x00,0x00,0x00,0x00,0x00,0x00,0x00,0x00,0x00,0x00,
    0x00,0x00,0x00,0x00,0x00,0x00,0x00,0x00,0x00,0x00,0x00,0x00,0x00,0x00,0x00,0x00,
    0x00,0x00,0x00,0x00,0x00,0x00,0x00,0x00,0x00,0x00,0x00,0x00,0x00,0x00,0x00,0x00,
    0x00,0x00,0x00,0x00,0x00,0x00,0x00,0x00,0x00,0x00,0x00,0x00,0x00,0x00,0x00,0x00,
    0x00,0x00,0x00,0x00,0x00,0x00,0x00,0x00,0x00,0x00,0x00,0x00,0x00,0x00,0x00,0x00,
    0x00,0x00,0x00,0x00,0x00,0x00,0x00,0x00,0x00,0x00,0x00,0x00,0x00,0x00,0x00,0x00,
    0x00,0x00,0x00,0x00,0x00,0x00,0x00,0x00,0x00,0x00,0x00,0x00,0x00,0x00,0x00,0x00,
    0x00,0x00,0x00,0x00,0x00,0x00,0x00,0x00,0x00,0x00,0x00,0x00,0x00,0x00,0x00,0x00,
    0x00,0x00,0x00,0x00,0x00,0x00,0x00,0x00,0x00,0x00,0x00,0x00,0x00,0x00,0x00,0x00,
    0x00,0x00,0x00,0x00,0x00,0x00,0x00,0x00,0x00,0x00,0x00,0x00,0x00,0x00,0x00,0x20,
    0x00,0x00,0x29,0x65,0xf7,0xbe,0xff,0xff,0xff,0xff,0xff,0xff,0xff,0xff,0xff,0xff,
    0xff,0xff,0xff,0xff,0xff,0xff,0x73,0xcf,0x00,0x00,0x4a,0x8a,0xff,0xff,0xff,0xff,
    0xff,0xff,0xff,0xff,0xff,0xff,0xff,0xff,0xff,0xff,0xd6,0x9a,0x00,0x00,0x00,0x00,
    0x00,0x00,0x00,0x00,0x00,0x00,0x00,0x00,0x00,0x00,0x00,0x00,0x00,0x00,0x00,0x00,
    0x00,0x00,0x00,0x00,0x00,0x00,0x00,0x00,0x00,0x00,0x00,0x00,0x00,0x00,0x00,0x00,
    0x00,0x00,0x00,0x00,0x00,0x00,0x00,0x00,0x00,0x00,0x00,0x00,0x00,0x00,0x00,0x00,
    0x00,0x00,0x00,0x00,0x00,0x00,0x00,0x00,0x00,0x00,0x00,0x00,0x00,0x00,0x00,0x00,
    0x00,0x00,0x00,0x00,0x00,0x00,0x00,0x00,0x00,0x00,0x00,0x00,0x00,0x00,0x00,0x00,
    0x00,0x00,0x00,0x00,0x00,0x00,0xbd,0xd7,0xff,0xff,0xff,0xff,0xff,0xff,0xff,0xff,
    0xff,0xff,0xff,0xdf,0xff,0xff,0x6b,0x8e,0x00,0x00,0x00,0x20,0x00,0x00,0x00,0x00,
    0x00,0x00,0x00,0x00,0x00,0x00,0x00,0x00,0x00,0x00,0x00,0x00,0x00,0x00,0x00,0x00,
    0x00,0x00,0x00,0x00,0x00,0x00,0x00,0x00,0x00,0x00,0x00,0x00,0x00,0x00,0x00,0x00,
    0x00,0x00,0x00,0x00,0x00,0x00,0x00,0x00,0x00,0x00,0x00,0x00,0x00,0x00,0x00,0x00,
    0x00,0x00,0x00,0x00,0x00,0x00,0x00,0x00,0x00,0x00,0x00,0x00,0x00,0x00,0x00,0x00,
    0x00,0x00,0x00,0x00,0x00,0x00,0x00,0x00,0x00,0x00,0x00,0x00,0x00,0x00,0x00,0x00,
    0x00,0x20,0xde,0xdb,0xff,0xff,0xff,0xff,0xff,0xff,0xff,0xff,0xff,0xff,0xff,0xff,
    0xff,0xff,0x42,0x08,0x00,0x00,0x00,0x00,0x00,0x00,0x00,0x00,0x00,0x41,0xdf,0x1c,
    0xff,0xff,0xff,0xff,0xff,0xff,0xff,0xff,0xff,0xdf,0xff,0xff,0xa5,0x35,0x00,0x00,
    0x00,0x00,0x00,0x00,0x00,0x00,0x00,0x00,0x00,0x00,0x00,0x00,0x00,0x00,0x00,0x00,
    0x00,0x00,0x00,0x00,0x00,0x00,0x00,0x00,0x00,0x00,0x00,0x00,0x00,0x00,0x00,0x00,
    0x00,0x00,0x00,0x20,0x42,0x28,0x00,0x00,0x00,0x00,0x00,0x00,0x00,0x00,0x00,0x00,
    0x00,0x00,0x00,0x00,0x00,0x00,0x00,0x00,0x00,0x00,0x00,0x00,0x00,0x00,0x00,0x00,
    0x00,0x00,0x00,0x00,0x00,0x00,0x00,0x00,0x00,0x00,0xce,0x79,0xff,0xff,0xff,0xff,
    0xff,0xff,0xff,0xff,0xff,0xff,0xff,0xff,0xbd,0xd7,0x00,0x00,0x00,0x00,0x00,0x00,
    0x00,0x00,0x08,0x41,0xe7,0x3c,0xff,0xff,0xff,0xff,0xff,0xff,0xff,0xff,0xff,0xdf,
    0xff,0xff,0x9c,0xd3,0x00,0x00,0x00,0x20,0x00,0x00,0x00,0x20,0x00,0x00,0x8c,0x51,
    0xff,0xff,0xff,0xdf,0xff,0xff,0xff,0xff,0xff,0xff,0xff,0xdf,0xff,0xff,0x9c,0xf3,
    0x00,0x00,0x00,0x00,0x00,0x00,0x00,0x00,0x00,0x00,0x00,0x00,0x00,0x00,0x00,0x00,
    0x00,0x00,0x00,0x00,0x00,0x00,0x00,0x00,0x00,0x00,0x00,0x00,0x00,0x00,0x00,0x00,
    0x00,0x00,0x00,0x00,0x00,0x00,0x00,0x00,0x00,0x00,0x00,0x00,0x00,0x00,0x00,0x00,
    0x00,0x00,0x00,0x00,0x00,0x00,0x00,0x00,0x00,0x00,0x00,0x00,0x00,0x00,0x00,0x00,
    0x00,0x00,0x00,0x00,0x00,0x00,0x00,0x00,0x00,0x00,0x00,0x00,0x00,0x00,0x00,0x00,
    0x00,0x00,0x00,0x00,0x00,0x00,0x00,0x00,0x00,0x00,0x00,0x00,0x00,0x00,0x00,0x00,
    0x00,0x00,0x00,0x00,0x00,0x00,0x00,0x00,0x00,0x00,0x00,0x00,0x00,0x00,0x00,0x00,
    0x00,0x00,0x00,0x00,0x00,0x00,0x00,0x00,0x00,0x00,0x00,0x00,0x00,0x00,0x00,0x00,
    0x00,0x00,0x00,0x00,0x00,0x00,0x00,0x00,0x00,0x00,0x00,0x00,0x00,0x00,0x00,0x00,
    0x00,0x00,0x00,0x00,0x00,0x00,0x00,0x00,0x00,0x00,0x00,0x00,0x00,0x00,0x00,0x00,
    0x00,0x00,0x00,0x00,0x00,0x00,0x00,0x00,0x00,0x20,0x00,0x00,0x84,0x10,0xff,0xff,
    0xff,0xff,0xff,0xff,0xff,0xff,0xff,0xff,0xff,0xff,0xff,0xff,0xff,0xff,0xad,0x96,
    0x00,0x00,0x08,0x61,0xef,0x5d,0xff,0xff,0xff,0xff,0xff,0xff,0xff,0xff,0xff,0xff,
    0xff,0xff,0xff,0xff,0x52,0x8a,0x00,0x00,0x00,0x20,0x00,0x00,0x00,0x00,0x00,0x00,
    0x00,0x00,0x00,0x00,0x00,0x00,0x00,0x00,0x00,0x00,0x00,0x00,0x00,0x00,0x00,0x00,
    0x00,0x00,0x00,0x00,0x00,0x00,0x00,0x00,0x00,0x00,0x00,0x00,0x00,0x00,0x00,0x00,
    0x00,0x00,0x00,0x00,0x00,0x00,0x00,0x00,0x00,0x00,0x00,0x00,0x00,0x00,0x00,0x00,
    0x00,0x00,0x00,0x00,0x00,0x00,0x00,0x00,0x00,0x00,0x00,0x00,0x00,0x00,0x00,0x00,
    0x00,0x00,0x00,0x00,0x00,0x00,0x00,0x00,0x00,0x00,0x00,0x20,0x00,0x00,0x63,0x2c,
    0xff,0xff,0xff,0xff,0xff,0xff,0xff,0xff,0xff,0xff,0xff,0xff,0xff,0xff,0xdf,0x1c,
    0x08,0x41,0x00,0x00,0x00,0x00,0x00,0x00,0x00,0x00,0x00,0x00,0x00,0x00,0x00,0x00,
    0x00,0x00,0x00,0x00,0x00,0x00,0x00,0x00,0x00,0x00,0x00,0x00,0x00,0x00,0x00,0x00,
    0x00,0x00,0x00,0x00,0x00,0x00,0x00,0x00,0x00,0x00,0x00,0x00,0x00,0x00,0x00,0x00,
    0x00,0x00,0x00,0x00,0x00,0x00,0x00,0x00,0x00,0x00,0x00,0x00,0x00,0x00,0x00,0x00,
    0x00,0x00,0x00,0x00,0x00,0x00,0x00,0x00,0x00,0x00,0x00,0x00,0x00,0x00,0x00,0x00,
    0x00,0x00,0x00,0x00,0x00,0x20,0x00,0x00,0x5b,0x0c,0xff,0xff,0xff,0xff,0xff,0xff,
    0xff,0xff,0xff,0xff,0xff,0xff,0xff,0xff,0xde,0xfb,0x00,0x41,0x00,0x00,0x00,0x00,
    0x00,0x00,0x00,0x00,0x00,0x41,0xdf,0x1c,0xff,0xff,0xff,0xff,0xff,0xff,0xff,0xff,
    0xff,0xdf,0xff,0xff,0xa5,0x35,0x00,0x00,0x00,0x00,0x00,0x00,0x00,0x00,0x00,0x00,
    0x00,0x00,0x00,0x00,0x00,0x00,0x00,0x00,0x00,0x00,0x00,0x00,0x00,0x00,0x00,0x00,
    0x00,0x00,0x00,0x00,0x00,0x00,0x00,0x00,0x00,0x00,0x00,0x00,0x00,0x00,0x00,0x00,
    0x00,0x00,0x00,0x00,0x00,0x00,0x00,0x00,0x00,0x00,0x00,0x00,0x00,0x00,0x00,0x00,
    0x00,0x00,0x00,0x00,0x00,0x00,0x00,0x00,0x00,0x00,0x00,0x00,0x00,0x00,0x00,0x00,
    0x00,0x00,0xce,0x79,0xff,0xff,0xff,0xff,0xff,0xff,0xff,0xff,0xff,0xff,0xff,0xff,
    0xbd,0xd7,0x00,0x00,0x00,0x00,0x00,0x00,0x00,0x00,0x08,0x41,0xe7,0x3c,0xff,0xff,
    0xff,0xff,0xff,0xff,0xff,0xff,0xff,0xdf,0xff,0xff,0x9c,0xd3,0x00,0x00,0x00,0x20,
    0x00,0x00,0x00,0x00,0x00,0x00,0x31,0xa6,0xff,0xff,0xff,0xff,0xff,0xff,0xff,0xff,
    0xff,0xff,0xff,0xff,0xff,0xff,0xf7,0xbe,0x21,0x04,0x00,0x00,0x00,0x00,0x00,0x00,
    0x00,0x00,0x00,0x00,0x00,0x00,0x00,0x00,0x00,0x00,0x00,0x00,0x00,0x00,0x00,0x00,
    0x00,0x00,0x00,0x00,0x00,0x00,0x00,0x00,0x00,0x00,0x00,0x00,0x00,0x00,0x00,0x00,
    0x00,0x00,0x00,0x00,0x00,0x00,0x00,0x00,0x00,0x00,0x00,0x00,0x00,0x00,0x00,0x00,
    0x00,0x00,0x00,0x00,0x00,0x00,0x00,0x00,0x00,0x00,0x00,0x00,0x00,0x00,0x00,0x00,
    0x00,0x00,0x00,0x00,0x00,0x00,0x00,0x00,0x00,0x00,0x00,0x00,0x00,0x00,0x00,0x00,
    0x00,0x00,0x00,0x00,0x00,0x00,0x00,0x00,0x00,0x00,0x00,0x00,0x00,0x00,0x00,0x00,
    0x00,0x00,0x00,0x00,0x00,0x00,0x00,0x00,0x00,0x00,0x00,0x00,0x00,0x00,0x00,0x00,
    0x00,0x00,0x00,0x00,0x00,0x00,0x00,0x00,0x00,0x00,0x00,0x00,0x00,0x00,0x00,0x00,
    0x00,0x00,0x00,0x00,0x00,0x00,0x00,0x00,0x00,0x00,0x00,0x00,0x00,0x00,0x00,0x00,
    0x00,0x00,0x00,0x00,0x00,0x00,0x00,0x00,0x00,0x00,0x00,0x00,0x00,0x00,0x00,0x00,
    0x00,0x00,0x00,0x00,0x10,0xa2,0xef,0x7d,0xff,0xff,0xff,0xff,0xff,0xff,0xff,0xff,
    0xff,0xff,0xff,0xff,0xff,0xff,0xd6,0x9a,0x00,0x20,0x00,0x00,0x9c,0xd3,0xff,0xff,
    0xff,0xdf,0xff,0xff,0xff,0xff,0xff,0xff,0xff,0xff,0xff,0xff,0xd6,0xba,0x00,0x20,
    0x00,0x00,0x00,0x00,0x00,0x00,0x00,0x00,0x00,0x00,0x00,0x00,0x00,0x00,0x00,0x00,
    0x00,0x00,0x00,0x00,0x00,0x00,0x00,0x00,0x00,0x00,0x00,0x00,0x00,0x00,0x00,0x00,
    0x00,0x00,0x00,0x00,0x00,0x00,0x00,0x00,0x00,0x00,0x00,0x00,0x00,0x00,0x00,0x00,
    0x00,0x00,0x00,0x00,0x00,0x00,0x00,0x00,0x00,0x00,0x00,0x00,0x00,0x00,0x00,0x00,
    0x00,0x00,0x00,0x00,0x00,0x00,0x00,0x00,0x00,0x00,0x00,0x00,0x00,0x00,0x00,0x00,
    0x00,0x00,0x00,0x00,0x00,0x00,0x10,0xa2,0xef,0x9e,0xff,0xff,0xff,0xff,0xff,0xff,
    0xff,0xff,0xff,0xff,0xff,0xff,0xff,0xff,0x7b,0xcf,0x00,0x00,0x00,0x20,0x00,0x00,
    0x00,0x00,0x00,0x00,0x00,0x00,0x00,0x00,0x00,0x00,0x00,0x00,0x00,0x00,0x00,0x00,
    0x00,0x00,0x00,0x00,0x00,0x00,0x00,0x00,0x00,0x00,0x00,0x00,0x00,0x00,0x00,0x00,
    0x00,0x00,0x00,0x00,0x00,0x00,0x00,0x00,0x00,0x00,0x00,0x00,0x00,0x00,0x00,0x00,
    0x00,0x00,0x00,0x00,0x00,0x00,0x00,0x00,0x00,0x00,0x00,0x00,0x00,0x00,0x00,0x00,
    0x00,0x00,0x00,0x00,0x00,0x00,0x00,0x00,0x00,0x00,0x00,0x00,0x00,0x00,0x08,0x41,
    0xde,0xfc,0xff,0xff,0xff,0xff,0xff,0xff,0xff,0xff,0xff,0xff,0xff,0xdf,0xff,0xff,
    0x84,0x30,0x00,0x00,0x00,0x20,0x00,0x00,0x00,0x00,0x00,0x00,0x00,0x41,0xdf,0x1c,
    0xff,0xff,0xff,0xff,0xff,0xff,0xff,0xff,0xff,0xdf,0xff,0xff,0xa5,0x35,0x00,0x00,
    0x00,0x00,0x00,0x00,0x00,0x00,0x00,0x00,0x00,0x00,0x00,0x00,0x00,0x00,0x00,0x00,
    0x00,0x00,0x00,0x00,0x00,0x00,0x00,0x00,0x00,0x00,0x00,0x00,0x00,0x00,0x00,0x00,
    0x00,0x00,0x00,0x00,0x00,0x00,0x00,0x00,0x00,0x00,0x00,0x00,0x00,0x00,0x00,0x00,
    0x00,0x00,0x00,0x00,0x00,0x00,0x00,0x00,0x00,0x00,0x00,0x00,0x00,0x00,0x00,0x00,
    0x00,0x00,0x00,0x00,0x00,0x00,0x00,0x00,0x00,0x00,0xce,0x79,0xff,0xff,0xff,0xff,
    0xff,0xff,0xff,0xff,0xff,0xff,0xff,0xff,0xbd,0xd7,0x00,0x00,0x00,0x00,0x00,0x00,
    0x00,0x00,0x08,0x41,0xe7,0x3c,0xff,0xff,0xff,0xff,0xff,0xff,0xff,0xff,0xff,0xdf,
    0xff,0xff,0x9c,0xd3,0x00,0x00,0x00,0x20,0x00,0x00,0x00,0x00,0x00,0x00,0x00,0x00,
    0xce,0x79,0xff,0xff,0xff,0xff,0xff,0xff,0xff,0xff,0xff,0xff,0xff,0xff,0xff,0xff,
    0xa5,0x34,0x00,0x00,0x00,0x20,0x00,0x00,0x00,0x00,0x00,0x00,0x00,0x00,0x00,0x00,
    0x00,0x00,0x00,0x00,0x00,0x00,0x00,0x00,0x00,0x00,0x00,0x00,0x00,0x00,0x00,0x00,
    0x00,0x00,0x00,0x00,0x00,0x00,0x00,0x00,0x00,0x00,0x00,0x00,0x00,0x00,0x00,0x00,
    0x00,0x00,0x00,0x00,0x00,0x00,0x00,0x00,0x00,0x00,0x00,0x00,0x00,0x00,0x00,0x00,
    0x00,0x00,0x00,0x00,0x00,0x00,0x00,0x00,0x00,0x00,0x00,0x00,0x00,0x00,0x00,0x00,
    0x00,0x00,0x00,0x00,0x00,0x00,0x00,0x00,0x00,0x00,0x00,0x00,0x00,0x00,0x00,0x20,
    0x00,0x00,0x00,0x00,0x00,0x00,0x00,0x00,0x00,0x00,0x00,0x00,0x00,0x00,0x00,0x00,
    0x00,0x00,0x00,0x00,0x00,0x00,0x00,0x00,0x00,0x00,0x00,0x00,0x00,0x00,0x00,0x00,
    0x00,0x00,0x00,0x00,0x00,0x00,0x00,0x00,0x00,0x00,0x00,0x00,0x00,0x00,0x00,0x00,
    0x00,0x00,0x00,0x00,0x00,0x00,0x00,0x00,0x00,0x00,0x00,0x00,0x00,0x00,0x00,0x00,
    0x00,0x00,0x00,0x00,0x00,0x00,0x00,0x00,0x00,0x00,0x00,0x00,0x00,0x00,0xad,0x55,
    0xff,0xff,0xff,0xff,0xff,0xff,0xff,0xff,0xff,0xff,0xff,0xff,0xff,0xff,0xef,0x5d,
    0x00,0x00,0x00,0x00,0x31,0x86,0xff,0xff,0xff,0xff,0xff,0xff,0xff,0xff,0xff,0xff,
    0xff,0xff,0xff,0xff,0xff,0xff,0x7b,0xcf,0x00,0x00,0x00,0x20,0x00,0x00,0x00,0x00,
    0x00,0x00,0x00,0x00,0x00,0x00,0x00,0x00,0x00,0x00,0x00,0x00,0x00,0x00,0x00,0x00,
    0x00,0x00,0x00,0x00,0x00,0x00,0x00,0x00,0x00,0x00,0x00,0x00,0x00,0x00,0x00,0x00,
    0x00,0x00,0x00,0x00,0x00,0x00,0x00,0x00,0x00,0x00,0x00,0x00,0x00,0x00,0x00,0x00,
    0x00,0x00,0x00,0x00,0x00,0x00,0x00,0x00,0x00,0x00,0x00,0x00,0x00,0x00,0x00,0x00,
    0x00,0x00,0x00,0x00,0x00,0x00,0x00,0x00,0x00,0x00,0x00,0x00,0x00,0x00,0x00,0x00,
    0x94,0xd3,0xff,0xff,0xff,0xdf,0xff,0xff,0xff,0xff,0xff,0xff,0xff,0xff,0xff,0xff,
    0xf7,0x9e,0x21,0x04,0x00,0x00,0x00,0x00,0x00,0x00,0x00,0x00,0x00,0x00,0x00,0x00,
    0x00,0x00,0x00,0x00,0x00,0x00,0x00,0x00,0x00,0x00,0x00,0x00,0x00,0x00,0x00,0x00,
    0x00,0x00,0x00,0x00,0x00,0x00,0x00,0x00,0x00,0x00,0x00,0x00,0x00,0x00,0x00,0x00,
    0x00,0x00,0x00,0x00,0x00,0x00,0x00,0x00,0x00,0x00,0x00,0x00,0x00,0x00,0x00,0x00,
    0x00,0x00,0x00,0x00,0x00,0x00,0x00,0x00,0x00,0x00,0x00,0x00,0x00,0x00,0x00,0x00,
    0x00,0x00,0x00,0x20,0x00,0x00,0x84,0x51,0xff,0xff,0xff,0xff,0xff,0xff,0xff,0xff,
    0xff,0xff,0xff,0xff,0xff,0xff,0xf7,0xdf,0x21,0x04,0x00,0x00,0x00,0x00,0x00,0x00,
    0x00,0x00,0x00,0x00,0x00,0x41,0xdf,0x1c,0xff,0xff,0xff,0xff,0xff,0xff,0xff,0xff,
    0xff,0xdf,0xff,0xff,0xa5,0x35,0x00,0x00,0x00,0x00,0x00,0x00,0x00,0x00,0x00,0x00,
    0x00,0x00,0x00,0x00,0x00,0x00,0x00,0x00,0x00,0x00,0x00,0x00,0x00,0x00,0x00,0x00,
    0x00,0x00,0x00,0x00,0x00,0x00,0x00,0x00,0x00,0x00,0x00,0x00,0x00,0x00,0x00,0x00,
    0x00,0x00,0x00,0x00,0x00,0x00,0x00,0x00,0x00,0x00,0x00,0x00,0x00,0x00,0x00,0x00,
    0x00,0x00,0x00,0x00,0x00,0x00,0x00,0x00,0x00,0x00,0x00,0x00,0x00,0x00,0x00,0x00,
    0x00,0x00,0xce,0x79,0xff,0xff,0xff,0xff,0xff,0xff,0xff,0xff,0xff,0xff,0xff,0xff,
    0xbd,0xd7,0x00,0x00,0x00,0x00,0x00,0x00,0x00,0x00,0x08,0x41,0xe7,0x3c,0xff,0xff,
    0xff,0xff,0xff,0xff,0xff,0xff,0xff,0xdf,0xff,0xff,0x9c,0xd3,0x00,0x00,0x00,0x20,
    0x00,0x00,0x00,0x00,0x00,0x20,0x00,0x00,0x63,0x2c,0xff,0xff,0xff,0xff,0xff,0xff,
    0xff,0xff,0xff,0xff,0xff,0xff,0xff,0xff,0xff,0xff,0x42,0x08,0x00,0x00,0x00,0x00,
    0x00,0x00,0x00,0x00,0x00,0x00,0x00,0x00,0x00,0x00,0x00,0x00,0x00,0x00,0x00,0x00,
    0x00,0x00,0x00,0x00,0x00,0x00,0x00,0x00,0x00,0x00,0x00,0x00,0x00,0x00,0x00,0x00,
    0x00,0x00,0x00,0x00,0x00,0x00,0x00,0x00,0x00,0x00,0x00,0x00,0x00,0x00,0x00,0x00,
    0x00,0x00,0x00,0x00,0x00,0x00,0x00,0x00,0x00,0x00,0x00,0x00,0x00,0x00,0x00,0x00,
    0x00,0x00,0x00,0x00,0x00,0x00,0x00,0x00,0x00,0x00,0x00,0x00,0x00,0x00,0x00,0x00,
    0x00,0x00,0x00,0x00,0x00,0x00,0x00,0x00,0x00,0x00,0x00,0x00,0x00,0x00,0x10,0xa2,
    0x21,0x04,0x39,0xe7,0x08,0x61,0x00,0x00,0x00,0x00,0x00,0x00,0x00,0x00,0x00,0x00,
    0x00,0x00,0x00,0x00,0x00,0x00,0x00,0x00,0x00,0x00,0x00,0x00,0x00,0x00,0x00,0x00,
    0x00,0x00,0x00,0x00,0x00,0x00,0x00,0x00,0x00,0x00,0x00,0x00,0x00,0x00,0x00,0x00,
    0x00,0x00,0x00,0x00,0x00,0x00,0x00,0x00,0x00,0x00,0x00,0x00,0x00,0x00,0x00,0x00,
    0x00,0x00,0x00,0x20,0x00,0x00,0x73,0xae,0xff,0xff,0xff,0xdf,0xff,0xff,0xff,0xff,
    0xff,0xff,0xff,0xff,0xff,0xff,0xf7,0xbf,0x00,0x00,0x00,0x00,0x00,0x00,0xb5,0xb6,
    0xff,0xff,0xff,0xff,0xff,0xff,0xff,0xff,0xff,0xff,0xff,0xff,0xff,0xff,0xf7,0xbf,
    0x31,0x86,0x00,0x00,0x00,0x00,0x00,0x00,0x00,0x00,0x00,0x00,0x00,0x00,0x00,0x00,
    0x00,0x00,0x00,0x00,0x00,0x00,0x00,0x00,0x00,0x00,0x00,0x00,0x00,0x00,0x00,0x00,
    0x00,0x00,0x00,0x00,0x00,0x00,0x00,0x00,0x00,0x00,0x00,0x00,0x00,0x00,0x00,0x00,
    0x00,0x00,0x00,0x00,0x00,0x00,0x00,0x00,0x00,0x00,0x00,0x00,0x00,0x00,0x00,0x00,
    0x00,0x00,0x00,0x00,0x00,0x00,0x00,0x00,0x00,0x00,0x00,0x00,0x00,0x00,0x00,0x00,
    0x00,0x00,0x00,0x00,0x00,0x00,0x00,0x00,0x21,0x45,0xff,0xdf,0xff,0xff,0xff,0xff,
    0xff,0xff,0xff,0xff,0xff,0xff,0xff,0xff,0xff,0xff,0xc6,0x18,0x00,0x00,0x00,0x20,
    0x00,0x00,0x00,0x00,0x00,0x00,0x00,0x00,0x00,0x00,0x00,0x00,0x00,0x00,0x00,0x00,
    0x00,0x00,0x00,0x00,0x00,0x00,0x00,0x00,0x00,0x00,0x00,0x00,0x00,0x00,0x00,0x00,
    0x00,0x00,0x00,0x00,0x00,0x00,0x00,0x00,0x00,0x00,0x00,0x00,0x00,0x00,0x00,0x00,
    0x00,0x00,0x00,0x00,0x00,0x00,0x00,0x00,0x00,0x00,0x00,0x00,0x00,0x00,0x00,0x00,
    0x00,0x00,0x00,0x00,0x00,0x00,0x00,0x00,0x00,0x20,0x00,0x00,0x39,0xe7,0xff,0xff,
    0xff,0xff,0xff,0xff,0xff,0xff,0xff,0xff,0xff,0xff,0xff,0xdf,0xff,0xff,0x9c,0xf3,
    0x00,0x00,0x00,0x00,0x00,0x00,0x00,0x00,0x00,0x00,0x00,0x00,0x00,0x41,0xdf,0x1c,
    0xff,0xff,0xff,0xff,0xff,0xff,0xff,0xff,0xff,0xdf,0xff,0xff,0xa5,0x35,0x00,0x00,
    0x00,0x00,0x00,0x00,0x00,0x00,0x00,0x00,0x00,0x00,0x00,0x00,0x00,0x00,0x00,0x00,
    0x00,0x00,0x00,0x00,0x00,0x00,0x00,0x00,0x00,0x00,0x00,0x00,0x00,0x00,0x00,0x00,
    0x00,0x00,0x00,0x00,0x00,0x00,0x00,0x00,0x00,0x00,0x00,0x00,0x00,0x00,0x00,0x00,
    0x00,0x00,0x00,0x00,0x00,0x00,0x00,0x00,0x00,0x00,0x00,0x00,0x00,0x00,0x00,0x00,
    0x00,0x00,0x00,0x00,0x00,0x00,0x00,0x00,0x00,0x00,0xce,0x79,0xff,0xff,0xff,0xff,
    0xff,0xff,0xff,0xff,0xff,0xff,0xff,0xff,0xbd,0xd7,0x00,0x00,0x00,0x00,0x00,0x00,
    0x00,0x00,0x08,0x41,0xe7,0x3c,0xff,0xff,0xff,0xff,0xff,0xff,0xff,0xff,0xff,0xdf,
    0xff,0xff,0x9c,0xd3,0x00,0x00,0x00,0x20,0x00,0x00,0x00,0x00,0x00,0x00,0x00,0x00,
    0x08,0x61,0xe7,0x1c,0xff,0xff,0xff,0xff,0xff,0xff,0xff,0xff,0xff,0xff,0xff,0xff,
    0xff,0xff,0xde,0xfb,0x08,0x61,0x00,0x00,0x00,0x00,0x00,0x00,0x00,0x00,0x00,0x00,
    0x00,0x00,0x00,0x00,0x00,0x00,0x00,0x00,0x00,0x00,0x00,0x00,0x00,0x00,0x00,0x00,
    0x00,0x00,0x00,0x00,0x00,0x00,0x00,0x00,0x00,0x00,0x00,0x00,0x00,0x00,0x00,0x00,
    0x00,0x00,0x00,0x00,0x00,0x00,0x00,0x00,0x00,0x00,0x00,0x00,0x00,0x00,0x00,0x00,
    0x00,0x00,0x00,0x00,0x00,0x00,0x00,0x00,0x00,0x00,0x00,0x00,0x00,0x00,0x00,0x00,
    0x00,0x00,0x00,0x00,0x00,0x00,0x00,0x00,0x00,0x00,0x00,0x20,0x63,0x4d,0x94,0xb2,
    0xa5,0x34,0xc6,0x38,0xd6,0xdb,0xef,0x7d,0xf7,0xdf,0xff,0xff,0x5a,0xcb,0x00,0x00,
    0x00,0x20,0x00,0x00,0x00,0x00,0x00,0x00,0x00,0x00,0x00,0x00,0x00,0x00,0x00,0x00,
    0x00,0x00,0x00,0x00,0x00,0x00,0x00,0x00,0x00,0x00,0x00,0x00,0x00,0x00,0x00,0x00,
    0x00,0x00,0x00,0x00,0x00,0x00,0x00,0x00,0x00,0x00,0x00,0x00,0x00,0x00,0x00,0x00,
    0x00,0x00,0x00,0x00,0x00,0x00,0x00,0x00,0x00,0x00,0x00,0x20,0x00,0x00,0x63,0x2d,
    0xff,0xff,0xff,0xdf,0xff,0xff,0xff,0xff,0xff,0xff,0xff,0xff,0xff,0xff,0xf7,0xdf,
    0x00,0x00,0x00,0x00,0x00,0x00,0x31,0xa6,0xff,0xff,0xff,0xff,0xff,0xff,0xff,0xff,
    0xff,0xff,0xff,0xff,0xff,0xff,0xff,0xff,0xd6,0xbb,0x08,0x62,0x00,0x00,0x00,0x00,
    0x00,0x00,0x00,0x00,0x00,0x00,0x00,0x00,0x00,0x00,0x00,0x00,0x00,0x00,0x00,0x00,
    0x00,0x00,0x00,0x00,0x00,0x00,0x00,0x00,0x00,0x00,0x00,0x00,0x00,0x00,0x00,0x00,
    0x00,0x00,0x00,0x00,0x00,0x00,0x00,0x00,0x00,0x00,0x00,0x00,0x00,0x00,0x00,0x00,
    0x00,0x00,0x00,0x00,0x00,0x00,0x00,0x00,0x00,0x00,0x00,0x00,0x00,0x00,0x00,0x00,
    0x00,0x00,0x00,0x00,0x00,0x00,0x00,0x00,0x00,0x00,0x00,0x00,0x00,0x00,0x00,0x00,
    0x00,0x00,0x9c,0xf3,0xff,0xff,0xff,0xdf,0xff,0xff,0xff,0xff,0xff,0xff,0xff,0xff,
    0xff,0xdf,0xff,0xff,0x8c,0x51,0x00,0x00,0x00,0x20,0x00,0x00,0x00,0x00,0x00,0x00,
    0x00,0x00,0x00,0x00,0x00,0x00,0x00,0x00,0x00,0x00,0x00,0x00,0x00,0x00,0x00,0x00,
    0x00,0x00,0x00,0x00,0x00,0x00,0x00,0x00,0x00,0x00,0x00,0x00,0x00,0x00,0x00,0x00,
    0x00,0x00,0x00,0x00,0x00,0x00,0x00,0x00,0x00,0x00,0x00,0x00,0x00,0x00,0x00,0x00,
    0x00,0x00,0x00,0x00,0x00,0x00,0x00,0x00,0x00,0x00,0x00,0x00,0x00,0x00,0x00,0x00,
    0x00,0x00,0x10,0xa2,0xdf,0x1c,0xff,0xff,0xff,0xff,0xff,0xff,0xff,0xff,0xff,0xff,
    0xff,0xff,0xff,0xff,0xf7,0xbf,0x21,0x24,0x00,0x00,0x00,0x00,0x00,0x00,0x00,0x00,
    0x00,0x00,0x00,0x00,0x00,0x41,0xdf,0x1c,0xff,0xff,0xff,0xff,0xff,0xff,0xff,0xff,
    0xff,0xdf,0xff,0xff,0xa5,0x35,0x00,0x00,0x00,0x00,0x00,0x00,0x00,0x00,0x00,0x00,
    0x00,0x00,0x00,0x00,0x00,0x00,0x00,0x00,0x00,0x00,0x00,0x00,0x00,0x00,0x00,0x00,
    0x00,0x00,0x00,0x00,0x00,0x00,0x00,0x00,0x00,0x00,0x00,0x00,0x00,0x00,0x00,0x00,
    0x00,0x00,0x00,0x00,0x00,0x00,0x00,0x00,0x00,0x00,0x00,0x00,0x00,0x00,0x00,0x00,
    0x00,0x00,0x00,0x00,0x00,0x00,0x00,0x00,0x00,0x00,0x00,0x00,0x00,0x00,0x00,0x00,
    0x00,0x00,0xce,0x79,0xff,0xff,0xff,0xff,0xff,0xff,0xff,0xff,0xff,0xff,0xff,0xff,
    0xbd,0xd7,0x00,0x00,0x00,0x00,0x00,0x00,0x00,0x00,0x08,0x41,0xe7,0x3c,0xff,0xff,
    0xff,0xff,0xff,0xff,0xff,0xff,0xff,0xdf,0xff,0xff,0x9c,0xd3,0x00,0x00,0x00,0x20,
    0x00,0x00,0x00,0x00,0x00,0x00,0x00,0x20,0x00,0x00,0x6b,0x6d,0xff,0xff,0xff,0xdf,
    0xff,0xff,0xff,0xff,0xff,0xff,0xff,0xff,0xff,0xff,0xff,0xff,0xad,0x75,0x00,0x00,
    0x00,0x20,0x00,0x00,0x00,0x00,0x00,0x00,0x00,0x00,0x00,0x00,0x00,0x00,0x00,0x00,
    0x00,0x00,0x00,0x00,0x00,0x00,0x00,0x00,0x00,0x00,0x00,0x00,0x00,0x00,0x00,0x00,
    0x00,0x00,0x00,0x00,0x00,0x00,0x00,0x00,0x00,0x00,0x00,0x00,0x00,0x00,0x00,0x00,
    0x00,0x00,0x00,0x00,0x00,0x00,0x00,0x00,0x00,0x00,0x00,0x00,0x00,0x00,0x00,0x00,
    0x00,0x00,0x00,0x00,0x00,0x00,0x00,0x00,0x00,0x00,0x00,0x00,0x00,0x00,0x00,0x00,
    0x00,0x00,0x00,0x00,0xd6,0x9a,0xff,0xff,0xff,0xff,0xff,0xff,0xff,0xff,0xff,0xff,
    0xff,0xff,0xff,0xff,0xad,0x76,0x00,0x00,0x00,0x00,0x00,0x00,0x00,0x00,0x00,0x00,
    0x00,0x00,0x00,0x00,0x00,0x00,0x00,0x00,0x00,0x00,0x00,0x00,0x00,0x00,0x00,0x00,
    0x00,0x00,0x00,0x00,0x00,0x00,0x00,0x00,0x00,0x00,0x00,0x00,0x00,0x00,0x00,0x00,
    0x00,0x00,0x00,0x00,0x00,0x00,0x00,0x00,0x00,0x00,0x00,0x00,0x00,0x00,0x00,0x00,
    0x00,0x00,0x00,0x20,0x00,0x00,0x6b,0x8e,0xff,0xff,0xff,0xdf,0xff,0xff,0xff,0xff,
    0xff,0xff,0xff,0xff,0xff,0xff,0xf7,0x9e,0x00,0x00,0x00,0x00,0x00,0x00,0x00,0x00,
    0xa5,0x34,0xff,0xff,0xff,0xff,0xff,0xff,0xff,0xff,0xff,0xff,0xff,0xff,0xff,0xff,
    0xff,0xff,0xb5,0xb7,0x00,0x00,0x00,0x00,0x00,0x00,0x00,0x00,0x00,0x00,0x00,0x00,
    0x00,0x00,0x00,0x00,0x00,0x00,0x00,0x00,0x00,0x00,0x00,0x00,0x00,0x00,0x00,0x00,
    0x00,0x00,0x00,0x00,0x00,0x00,0x00,0x00,0x00,0x00,0x00,0x00,0x00,0x00,0x00,0x00,
    0x00,0x00,0x00,0x00,0x00,0x00,0x00,0x00,0x00,0x00,0x00,0x00,0x00,0x00,0x00,0x00,
    0x00,0x00,0x00,0x00,0x00,0x00,0x00,0x00,0x00,0x00,0x00,0x00,0x00,0x00,0x00,0x00,
    0x00,0x00,0x00,0x00,0x00,0x00,0x00,0x00,0x00,0x00,0x18,0xe3,0xf7,0x9e,0xff,0xff,
    0xff,0xff,0xff,0xff,0xff,0xff,0xff,0xff,0xff,0xff,0xff,0xdf,0xff,0xff,0x63,0x4d,
    0x00,0x00,0x00,0x20,0x00,0x00,0x00,0x00,0x00,0x00,0x00,0x00,0x00,0x00,0x00,0x00,
    0x00,0x00,0x00,0x00,0x00,0x00,0x00,0x00,0x00,0x00,0x00,0x00,0x00,0x00,0x00,0x00,
    0x00,0x00,0x00,0x00,0x00,0x00,0x00,0x00,0x00,0x00,0x00,0x00,0x00,0x00,0x00,0x00,
    0x00,0x00,0x00,0x00,0x00,0x00,0x00,0x00,0x00,0x00,0x00,0x00,0x00,0x00,0x00,0x00,
    0x00,0x00,0x00,0x00,0x00,0x00,0x00,0x00,0x00,0x20,0xc6,0x18,0xff,0xff,0xff,0xff,
    0xff,0xff,0xff,0xff,0xff,0xff,0xff,0xff,0xff,0xdf,0xff,0xff,0x8c,0x51,0x00,0x00,
    0x00,0x00,0x00,0x00,0x00,0x00,0x00,0x00,0x00,0x00,0x00,0x00,0x00,0x41,0xdf,0x1c,
    0xff,0xff,0xff,0xff,0xff,0xff,0xff,0xff,0xff,0xdf,0xff,0xff,0xa5,0x35,0x00,0x00,
    0x00,0x00,0x00,0x00,0x00,0x00,0x00,0x00,0x00,0x00,0x00,0x00,0x00,0x00,0x00,0x00,
    0x00,0x00,0x00,0x00,0x00,0x00,0x00,0x00,0x00,0x00,0x00,0x00,0x00,0x00,0x00,0x00,
    0x00,0x00,0x00,0x00,0x00,0x00,0x00,0x00,0x00,0x00,0x00,0x00,0x00,0x00,0x00,0x00,
    0x00,0x00,0x00,0x00,0x00,0x00,0x00,0x00,0x00,0x00,0x00,0x00,0x00,0x00,0x00,0x00,
    0x00,0x00,0x00,0x00,0x00,0x00,0x00,0x00,0x00,0x00,0xce,0x79,0xff,0xff,0xff,0xff,
    0xff,0xff,0xff,0xff,0xff,0xff,0xff,0xff,0xbd,0xd7,0x00,0x00,0x00,0x00,0x00,0x00,
    0x00,0x00,0x08,0x41,0xe7,0x3c,0xff,0xff,0xff,0xff,0xff,0xff,0xff,0xff,0xff,0xdf,
    0xff,0xff,0x9c,0xd3,0x00,0x00,0x00,0x20,0x00,0x00,0x00,0x00,0x00,0x00,0x00,0x00,
    0x00,0x00,0x00,0x20,0xd6,0xba,0xff,0xff,0xff,0xff,0xff,0xff,0xff,0xff,0xff,0xff,
    0xff,0xff,0xff,0xdf,0xff,0xff,0x84,0x31,0x00,0x00,0x00,0x20,0x00,0x00,0x00,0x00,
    0x00,0x00,0x00,0x00,0x00,0x00,0x00,0x00,0x00,0x00,0x00,0x00,0x00,0x00,0x00,0x00,
    0x00,0x00,0x00,0x00,0x00,0x00,0x00,0x00,0x00,0x00,0x00,0x00,0x00,0x00,0x00,0x00,
    0x00,0x00,0x00,0x00,0x00,0x00,0x00,0x00,0x00,0x00,0x00,0x00,0x00,0x00,0x00,0x00,
    0x00,0x00,0x00,0x00,0x00,0x00,0x00,0x00,0x00,0x00,0x00,0x00,0x00,0x00,0x00,0x00,
    0x00,0x00,0x00,0x00,0x00,0x00,0x00,0x00,0x00,0x20,0x00,0x00,0x7b,0xef,0xff,0xdf,
    0xf7,0xbe,0xff,0xff,0xff,0xff,0xff,0xff,0xff,0xff,0xff,0xff,0xf7,0xbe,0x18,0xe3,
    0x00,0x00,0x00,0x00,0x00,0x00,0x00,0x00,0x00,0x00,0x00,0x00,0x00,0x00,0x00,0x00,
    0x00,0x00,0x00,0x00,0x00,0x00,0x00,0x00,0x00,0x00,0x00,0x00,0x00,0x00,0x00,0x00,
    0x00,0x00,0x00,0x00,0x00,0x00,0x00,0x00,0x00,0x00,0x00,0x00,0x00,0x00,0x00,0x00,
    0x00,0x00,0x00,0x00,0x00,0x00,0x00,0x00,0x00,0x00,0x00,0x20,0x00,0x00,0x8c,0x72,
    0xff,0xff,0xff,0xdf,0xff,0xff,0xff,0xff,0xff,0xff,0xff,0xff,0xff,0xff,0xde,0xfb,
    0x00,0x00,0x00,0x00,0x00,0x00,0x00,0x00,0x18,0xc3,0xef,0x7d,0xff,0xff,0xff,0xff,
    0xff,0xff,0xff,0xff,0xff,0xff,0xff,0xff,0xff,0xdf,0xff,0xff,0xa5,0x55,0x00,0x00,
    0x00,0x00,0x00,0x00,0x00,0x00,0x00,0x00,0x00,0x00,0x00,0x00,0x00,0x00,0x00,0x00,
    0x00,0x00,0x00,0x00,0x00,0x00,0x00,0x00,0x00,0x00,0x00,0x00,0x00,0x00,0x00,0x00,
    0x00,0x00,0x00,0x00,0x00,0x00,0x00,0x00,0x00,0x00,0x00,0x00,0x00,0x00,0x00,0x00,
    0x00,0x00,0x00,0x00,0x00,0x00,0x00,0x00,0x00,0x00,0x00,0x00,0x00,0x00,0x00,0x00,
    0x00,0x00,0x00,0x00,0x52,0x8a,0x00,0x00,0x00,0x00,0x00,0x00,0x00,0x00,0x00,0x00,
    0x00,0x00,0x00,0x00,0x6b,0x8e,0xff,0xff,0xff,0xdf,0xff,0xff,0xff,0xff,0xff,0xff,
    0xff,0xff,0xff,0xff,0xff,0xff,0xff,0xff,0x5a,0xec,0x00,0x00,0x00,0x20,0x00,0x00,
    0x00,0x00,0x00,0x00,0x00,0x00,0x00,0x00,0x00,0x00,0x00,0x00,0x00,0x00,0x00,0x00,
    0x00,0x00,0x00,0x00,0x00,0x00,0x00,0x00,0x00,0x00,0x00,0x00,0x00,0x00,0x00,0x00,
    0x00,0x00,0x00,0x00,0x00,0x00,0x00,0x00,0x00,0x00,0x00,0x00,0x00,0x00,0x00,0x00,
    0x00,0x00,0x00,0x00,0x00,0x00,0x00,0x00,0x00,0x00,0x00,0x00,0x00,0x00,0x00,0x20,
    0xb5,0xb6,0xff,0xff,0xff,0xdf,0xff,0xff,0xff,0xff,0xff,0xff,0xff,0xff,0xff,0xff,
    0xff,0xff,0xde,0xfb,0x08,0x61,0x00,0x00,0x00,0x00,0x00,0x00,0x00,0x00,0x00,0x00,
    0x00,0x00,0x00,0x00,0x00,0x41,0xdf,0x1c,0xff,0xff,0xff,0xff,0xff,0xff,0xff,0xff,
    0xff,0xdf,0xff,0xff,0xa5,0x35,0x00,0x00,0x00,0x00,0x00,0x00,0x00,0x00,0x00,0x00,
    0x00,0x00,0x00,0x00,0x00,0x00,0x00,0x00,0x00,0x00,0x00,0x00,0x00,0x00,0x00,0x00,
    0x00,0x00,0x00,0x00,0x00,0x00,0x00,0x00,0x00,0x00,0x00,0x00,0x00,0x00,0x00,0x00,
    0x00,0x00,0x00,0x00,0x00,0x00,0x00,0x00,0x00,0x00,0x00,0x00,0x00,0x00,0x00,0x00,
    0x00,0x00,0x00,0x00,0x00,0x00,0x00,0x00,0x00,0x00,0x00,0x00,0x00,0x00,0x00,0x00,
    0x00,0x00,0xce,0x79,0xff,0xff,0xff,0xff,0xff,0xff,0xff,0xff,0xff,0xff,0xff,0xff,
    0xbd,0xd7,0x00,0x00,0x00,0x00,0x00,0x00,0x00,0x00,0x08,0x41,0xe7,0x3c,0xff,0xff,
    0xff,0xff,0xff,0xff,0xff,0xff,0xff,0xdf,0xff,0xff,0x9c,0xd3,0x00,0x00,0x00,0x20,
    0x00,0x00,0x00,0x00,0x00,0x00,0x00,0x00,0x00,0x00,0x00,0x00,0x42,0x28,0xff,0xff,
    0xff,0xdf,0xff,0xff,0xff,0xff,0xff,0xff,0xff,0xff,0xff,0xff,0xff,0xdf,0xff,0xff,
    0x73,0xcf,0x00,0x00,0x00,0x00,0x00,0x00,0x00,0x00,0x00,0x00,0x00,0x00,0x00,0x00,
    0x00,0x00,0x00,0x00,0x00,0x00,0x00,0x00,0x00,0x00,0x00,0x00,0x00,0x00,0x00,0x00,
    0x00,0x00,0x00,0x00,0x00,0x00,0x00,0x00,0x00,0x00,0x00,0x00,0x00,0x00,0x00,0x00,
    0x00,0x00,0x00,0x00,0x00,0x00,0x00,0x00,0x00,0x00,0x00,0x00,0x00,0x00,0x00,0x00,
    0x00,0x00,0x00,0x00,0x00,0x00,0x08,0x61,0x4a,0x6a,0x00,0x00,0x00,0x00,0x00,0x00,
    0x00,0x00,0x00,0x00,0x31,0x86,0xff,0xff,0xff,0xff,0xff,0xff,0xff,0xff,0xff,0xff,
    0xff,0xff,0xff,0xdf,0xff,0xff,0x84,0x51,0x00,0x00,0x00,0x20,0x00,0x00,0x00,0x00,
    0x00,0x00,0x00,0x00,0x00,0x00,0x00,0x00,0x00,0x00,0x00,0x00,0x00,0x00,0x00,0x00,
    0x00,0x00,0x00,0x00,0x00,0x00,0x00,0x00,0x00,0x00,0x00,0x00,0x00,0x00,0x00,0x00,
    0x00,0x00,0x00,0x00,0x00,0x00,0x00,0x00,0x00,0x00,0x00,0x00,0x00,0x00,0x00,0x00,
    0x00,0x00,0x00,0x00,0x00,0x00,0xce,0x59,0xff,0xff,0xff,0xff,0xff,0xff,0xff,0xff,
    0xff,0xff,0xff,0xff,0xff,0xff,0xbd,0xf7,0x00,0x00,0x00,0x00,0x00,0x00,0x00,0x00,
    0x00,0x00,0x5b,0x0c,0xff,0xff,0xff,0xdf,0xff,0xff,0xff,0xff,0xff,0xff,0xff,0xff,
    0xff,0xff,0xff,0xdf,0xff,0xff,0xad,0x75,0x00,0x41,0x00,0x00,0x00,0x20,0x00,0x00,
    0x00,0x00,0x00,0x00,0x00,0x00,0x00,0x00,0x00,0x00,0x00,0x00,0x00,0x00,0x00,0x00,
    0x00,0x00,0x00,0x00,0x00,0x00,0x00,0x00,0x00,0x00,0x00,0x00,0x00,0x00,0x00,0x00,
    0x00,0x00,0x00,0x00,0x00,0x00,0x00,0x00,0x00,0x00,0x00,0x00,0x00,0x00,0x00,0x00,
    0x00,0x00,0x00,0x00,0x00,0x00,0x00,0x00,0x00,0x00,0x8c,0x92,0xff,0xff,0x9c,0xd3,
    0x00,0x00,0x00,0x00,0x00,0x00,0x00,0x00,0x00,0x00,0x00,0x00,0x00,0x00,0xbe,0x18,
    0xff,0xff,0xff,0xff,0xff,0xff,0xff,0xff,0xff,0xff,0xff,0xff,0xff,0xff,0xff,0xff,
    0xff,0xff,0x6b,0x4d,0x00,0x00,0x00,0x00,0x00,0x00,0x00,0x00,0x00,0x00,0x00,0x00,
    0x00,0x00,0x00,0x00,0x00,0x00,0x00,0x00,0x00,0x00,0x00,0x00,0x00,0x00,0x00,0x00,
    0x00,0x00,0x00,0x00,0x00,0x00,0x00,0x00,0x00,0x00,0x00,0x00,0x00,0x00,0x00,0x00,
    0x00,0x00,0x00,0x00,0x00,0x00,0x00,0x00,0x00,0x00,0x00,0x00,0x00,0x00,0x00,0x00,
    0x00,0x20,0x00,0x00,0x08,0x61,0xb5,0xb7,0xff,0xff,0xff,0xdf,0xff,0xff,0xff,0xff,
    0xff,0xff,0xff,0xff,0xff,0xff,0xff,0xdf,0xff,0xff,0x42,0x28,0x00,0x00,0x00,0x00,
    0x00,0x00,0x00,0x00,0x00,0x00,0x00,0x00,0x00,0x00,0x00,0x00,0x00,0x41,0xdf,0x1c,
    0xff,0xff,0xff,0xff,0xff,0xff,0xff,0xff,0xff,0xdf,0xff,0xff,0xa5,0x35,0x00,0x00,
    0x00,0x00,0x00,0x00,0x00,0x00,0x00,0x00,0x00,0x00,0x00,0x00,0x00,0x00,0x00,0x00,
    0x00,0x00,0x00,0x00,0x00,0x00,0x00,0x00,0x00,0x00,0x00,0x00,0x00,0x00,0x00,0x00,
    0x00,0x00,0x00,0x00,0x00,0x00,0x00,0x00,0x00,0x00,0x00,0x00,0x00,0x00,0x00,0x00,
    0x00,0x00,0x00,0x00,0x00,0x00,0x00,0x00,0x00,0x00,0x00,0x00,0x00,0x00,0x00,0x00,
    0x00,0x00,0x00,0x00,0x00,0x00,0x00,0x00,0x00,0x00,0xce,0x79,0xff,0xff,0xff,0xff,
    0xff,0xff,0xff,0xff,0xff,0xff,0xff,0xff,0xbd,0xd7,0x00,0x00,0x00,0x00,0x00,0x00,
    0x00,0x00,0x08,0x41,0xe7,0x3c,0xff,0xff,0xff,0xff,0xff,0xff,0xff,0xff,0xff,0xdf,
    0xff,0xff,0x9c,0xd3,0x00,0x00,0x00,0x20,0x00,0x00,0x00,0x00,0x00,0x00,0x00,0x00,
    0x00,0x00,0x00,0x00,0x00,0x00,0x94,0xd3,0xff,0xff,0xff,0xdf,0xff,0xff,0xff,0xff,
    0xff,0xff,0xff,0xff,0xff,0xff,0xff,0xff,0xff,0xff,0x7c,0x10,0x00,0x00,0x00,0x00,
    0x00,0x00,0x00,0x00,0x00,0x00,0x00,0x00,0x00,0x00,0x00,0x00,0x00,0x00,0x00,0x00,
    0x00,0x00,0x00,0x00,0x00,0x00,0x00,0x00,0x00,0x00,0x00,0x00,0x00,0x00,0x00,0x00,
    0x00,0x00,0x00,0x00,0x00,0x00,0x00,0x00,0x00,0x00,0x00,0x00,0x00,0x00,0x00,0x00,
    0x00,0x00,0x00,0x00,0x00,0x00,0x00,0x00,0x00,0x20,0x00,0x00,0x10,0x82,0xbd,0xf7,
    0xff,0xff,0x6b,0x4d,0x00,0x00,0x00,0x20,0x00,0x00,0x00,0x00,0x00,0x00,0xc6,0x59,
    0xff,0xff,0xff,0xff,0xff,0xff,0xff,0xff,0xff,0xff,0xff,0xff,0xff,0xff,0xef,0x7e,
    0x18,0xc3,0x00,0x00,0x00,0x00,0x00,0x00,0x00,0x00,0x00,0x00,0x00,0x00,0x00,0x00,
    0x00,0x00,0x00,0x00,0x00,0x00,0x00,0x00,0x00,0x00,0x00,0x00,0x00,0x00,0x00,0x00,
    0x00,0x00,0x00,0x00,0x00,0x00,0x00,0x00,0x00,0x00,0x00,0x00,0x00,0x00,0x00,0x00,
    0x00,0x00,0x00,0x00,0x00,0x00,0x00,0x00,0x00,0x00,0x00,0x00,0x29,0x45,0xff,0xdf,
    0xff,0xff,0xff,0xff,0xff,0xff,0xff,0xff,0xff,0xff,0xff,0xff,0xff,0xff,0x84,0x30,
    0x00,0x00,0x00,0x00,0x00,0x00,0x00,0x00,0x00,0x20,0x00,0x00,0xa5,0x34,0xff,0xff,
    0xff,0xdf,0xff,0xff,0xff,0xff,0xff,0xff,0xff,0xff,0xff,0xff,0xff,0xdf,0xff,0xff,
    0xc6,0x38,0x18,0xe4,0x00,0x00,0x00,0x00,0x00,0x00,0x00,0x00,0x00,0x00,0x00,0x00,
    0x00,0x00,0x00,0x00,0x00,0x00,0x00,0x00,0x00,0x00,0x00,0x00,0x00,0x00,0x00,0x00,
    0x00,0x00,0x00,0x00,0x00,0x00,0x00,0x00,0x00,0x00,0x00,0x00,0x00,0x00,0x00,0x00,
    0x00,0x00,0x00,0x00,0x00,0x00,0x00,0x00,0x00,0x00,0x00,0x20,0x00,0x00,0x08,0x82,
    0xad,0x75,0xff,0xff,0xff,0xdf,0xff,0xff,0x9c,0xf3,0x00,0x00,0x00,0x00,0x00,0x00,
    0x00,0x00,0x00,0x00,0x00,0x00,0x19,0x04,0xef,0x7d,0xff,0xff,0xff,0xff,0xff,0xff,
    0xff,0xff,0xff,0xff,0xff,0xff,0xff,0xff,0xff,0xff,0xff,0xff,0x8c,0x71,0x00,0x00,
    0x00,0x00,0x00,0x20,0x00,0x00,0x00,0x00,0x00,0x00,0x00,0x00,0x00,0x00,0x00,0x00,
    0x00,0x00,0x00,0x00,0x00,0x00,0x00,0x00,0x00,0x00,0x00,0x00,0x00,0x00,0x00,0x00,
    0x00,0x00,0x00,0x00,0x00,0x00,0x00,0x00,0x00,0x00,0x00,0x00,0x00,0x00,0x00,0x00,
    0x00,0x00,0x00,0x00,0x00,0x00,0x00,0x00,0x00,0x00,0x21,0x24,0xce,0x79,0xff,0xff,
    0xff,0xdf,0xff,0xff,0xff,0xff,0xff,0xff,0xff,0xff,0xff,0xff,0xff,0xdf,0xff,0xff,
    0x84,0x30,0x00,0x00,0x00,0x00,0x00,0x00,0x00,0x00,0x00,0x00,0x00,0x00,0x00,0x00,
    0x00,0x00,0x00,0x00,0x00,0x41,0xdf,0x1c,0xff,0xff,0xff,0xff,0xff,0xff,0xff,0xff,
    0xff,0xdf,0xff,0xff,0xa5,0x35,0x00,0x00,0x00,0x00,0x00,0x00,0x00,0x00,0x00,0x00,
    0x00,0x00,0x00,0x00,0x00,0x00,0x00,0x00,0x00,0x00,0x00,0x00,0x00,0x00,0x00,0x00,
    0x00,0x00,0x00,0x00,0x00,0x00,0x00,0x00,0x00,0x00,0x00,0x00,0x00,0x00,0x00,0x00,
    0x00,0x00,0x00,0x00,0x00,0x00,0x00,0x00,0x00,0x00,0x00,0x00,0x00,0x00,0x00,0x00,
    0x00,0x00,0x00,0x00,0x00,0x00,0x00,0x00,0x00,0x00,0x00,0x00,0x00,0x00,0x00,0x00,
    0x00,0x00,0xce,0x79,0xff,0xff,0xff,0xff,0xff,0xff,0xff,0xff,0xff,0xff,0xff,0xff,
    0xbd,0xd7,0x00,0x00,0x00,0x00,0x00,0x00,0x00,0x00,0x08,0x41,0xe7,0x3c,0xff,0xff,
    0xff,0xff,0xff,0xff,0xff,0xff,0xff,0xdf,0xff,0xff,0x9c,0xd3,0x00,0x00,0x00,0x20,
    0x00,0x00,0x00,0x00,0x00,0x00,0x00,0x00,0x00,0x00,0x00,0x00,0x00,0x00,0x08,0x41,
    0xd6,0x9a,0xff,0xff,0xff,0xff,0xff,0xff,0xff,0xff,0xff,0xff,0xff,0xff,0xff,0xff,
    0xff,0xff,0xff,0xff,0x9c,0xf4,0x08,0x41,0x00,0x00,0x00,0x20,0x00,0x00,0x00,0x00,
    0x00,0x00,0x00,0x00,0x00,0x00,0x00,0x00,0x00,0x00,0x00,0x00,0x00,0x00,0x00,0x00,
    0x00,0x00,0x00,0x00,0x00,0x00,0x00,0x00,0x00,0x00,0x00,0x00,0x00,0x00,0x00,0x00,
    0x00,0x00,0x00,0x00,0x00,0x00,0x00,0x00,0x00,0x00,0x00,0x00,0x00,0x00,0x00,0x00,
    0x00,0x00,0x29,0x45,0xd6,0x9a,0xff,0xff,0xff,0xdf,0xff,0xff,0x6b,0x6d,0x00,0x00,
    0x00,0x20,0x00,0x20,0x00,0x00,0x5a,0xcb,0xff,0xff,0xff,0xff,0xff,0xff,0xff,0xff,
    0xff,0xff,0xff,0xff,0xff,0xff,0xff,0xff,0xa5,0x14,0x00,0x00,0x00,0x20,0x00,0x00,
    0x00,0x00,0x00,0x00,0x00,0x00,0x00,0x00,0x00,0x00,0x00,0x00,0x00,0x00,0x00,0x00,
    0x00,0x00,0x00,0x00,0x00,0x00,0x00,0x00,0x00,0x00,0x00,0x00,0x00,0x00,0x00,0x00,
    0x00,0x00,0x00,0x00,0x00,0x00,0x00,0x00,0x00,0x00,0x00,0x00,0x00,0x00,0x00,0x00,
    0x00,0x20,0x00,0x00,0x9d,0x14,0xff,0xff,0xff,0xdf,0xff,0xff,0xff,0xff,0xff,0xff,
    0xff,0xff,0xff,0xff,0xff,0xff,0x39,0xe7,0x00,0x00,0x00,0x00,0x00,0x00,0x00,0x00,
    0x00,0x00,0x00,0x00,0x08,0x41,0xce,0x9a,0xff,0xff,0xff,0xff,0xff,0xff,0xff,0xff,
    0xff,0xff,0xff,0xff,0xff,0xff,0xff,0xdf,0xff,0xff,0xe7,0x3c,0x52,0x8a,0x00,0x00,
    0x00,0x00,0x00,0x20,0x00,0x00,0x00,0x00,0x00,0x00,0x00,0x00,0x00,0x00,0x00,0x00,
    0x00,0x00,0x00,0x00,0x00,0x00,0x00,0x00,0x00,0x00,0x00,0x00,0x00,0x00,0x00,0x00,
    0x00,0x00,0x00,0x00,0x00,0x00,0x00,0x00,0x00,0x00,0x00,0x00,0x00,0x00,0x00,0x20,
    0x00,0x00,0x00,0x00,0x39,0xe7,0xd6,0xba,0xff,0xff,0xff,0xdf,0xff,0xff,0xff,0xdf,
    0xff,0xff,0x9c,0xd3,0x00,0x00,0x00,0x00,0x00,0x00,0x00,0x00,0x00,0x00,0x00,0x00,
    0x4a,0x49,0xff,0xff,0xff,0xdf,0xff,0xff,0xff,0xff,0xff,0xff,0xff,0xff,0xff,0xff,
    0xff,0xff,0xff,0xff,0xff,0xff,0xc6,0x18,0x29,0x65,0x00,0x00,0x00,0x00,0x00,0x20,
    0x00,0x00,0x00,0x00,0x00,0x00,0x00,0x00,0x00,0x00,0x00,0x00,0x00,0x00,0x00,0x00,
    0x00,0x00,0x00,0x00,0x00,0x00,0x00,0x00,0x00,0x00,0x00,0x00,0x00,0x00,0x00,0x00,
    0x00,0x00,0x00,0x00,0x00,0x00,0x00,0x00,0x00,0x00,0x00,0x00,0x00,0x00,0x00,0x00,
    0x5a,0xeb,0xef,0x7d,0xff,0xff,0xff,0xdf,0xff,0xff,0xff,0xff,0xff,0xff,0xff,0xff,
    0xff,0xff,0xff,0xdf,0xff,0xff,0xb5,0xb6,0x00,0x00,0x00,0x20,0x00,0x00,0x00,0x00,
    0x00,0x00,0x00,0x00,0x00,0x00,0x00,0x00,0x00,0x00,0x00,0x00,0x00,0x41,0xdf,0x1c,
    0xff,0xff,0xff,0xff,0xff,0xff,0xff,0xff,0xff,0xdf,0xff,0xff,0xa5,0x35,0x00,0x00,
    0x00,0x00,0x00,0x00,0x00,0x00,0x00,0x00,0x00,0x00,0x00,0x00,0x00,0x00,0x00,0x00,
    0x00,0x00,0x00,0x00,0x00,0x00,0x00,0x00,0x00,0x00,0x00,0x00,0x00,0x00,0x00,0x00,
    0x00,0x00,0x00,0x00,0x00,0x00,0x00,0x00,0x00,0x00,0x00,0x00,0x00,0x00,0x00,0x00,
    0x00,0x00,0x00,0x00,0x00,0x00,0x00,0x00,0x00,0x00,0x00,0x00,0x00,0x00,0x00,0x00,
    0x00,0x00,0x00,0x00,0x00,0x00,0x00,0x00,0x00,0x00,0xce,0x79,0xff,0xff,0xff,0xff,
    0xff,0xff,0xff,0xff,0xff,0xff,0xff,0xff,0xbd,0xd7,0x00,0x00,0x00,0x00,0x00,0x00,
    0x00,0x00,0x08,0x41,0xe7,0x3c,0xff,0xff,0xff,0xff,0xff,0xff,0xff,0xff,0xff,0xdf,
    0xff,0xff,0x9c,0xd3,0x00,0x00,0x00,0x20,0x00,0x00,0x00,0x00,0x00,0x00,0x00,0x00,
    0x00,0x00,0x00,0x00,0x00,0x00,0x00,0x00,0x29,0x45,0xef,0x9e,0xff,0xff,0xff,0xff,
    0xff,0xff,0xff,0xff,0xff,0xff,0xff,0xff,0xff,0xff,0xff,0xdf,0xff,0xff,0xce,0x79,
    0x31,0xa6,0x00,0x00,0x00,0x00,0x00,0x20,0x00,0x00,0x00,0x00,0x00,0x00,0x00,0x00,
    0x00,0x00,0x00,0x00,0x00,0x00,0x00,0x00,0x00,0x00,0x00,0x00,0x00,0x00,0x00,0x00,
    0x00,0x00,0x00,0x00,0x00,0x00,0x00,0x00,0x00,0x00,0x00,0x00,0x00,0x00,0x00,0x00,
    0x00,0x00,0x00,0x20,0x00,0x00,0x00,0x00,0x5a,0xeb,0xef,0x7d,0xff,0xff,0xff,0xff,
    0xff,0xff,0xff,0xff,0xff,0xff,0x6b,0x6d,0x00,0x00,0x00,0x00,0x00,0x00,0x00,0x20,
    0xd6,0x9a,0xff,0xff,0xff,0xff,0xff,0xff,0xff,0xff,0xff,0xff,0xff,0xff,0xff,0xff,
    0xff,0xff,0x52,0xaa,0x00,0x00,0x00,0x20,0x00,0x00,0x00,0x00,0x00,0x00,0x00,0x00,
    0x00,0x00,0x00,0x00,0x00,0x00,0x00,0x00,0x00,0x00,0x00,0x00,0x00,0x00,0x00,0x00,
    0x00,0x00,0x00,0x00,0x00,0x00,0x00,0x00,0x00,0x00,0x00,0x00,0x00,0x00,0x00,0x00,
    0x00,0x00,0x00,0x00,0x00,0x00,0x00,0x20,0x00,0x00,0x3a,0x08,0xff,0xff,0xff,0xff,
    0xff,0xff,0xff,0xff,0xff,0xff,0xff,0xff,0xff,0xff,0xff,0xff,0xd6,0x9a,0x00,0x20,
    0x00,0x00,0x00,0x00,0x00,0x00,0x00,0x00,0x00,0x00,0x00,0x00,0x00,0x00,0x21,0x04,
    0xe7,0x3c,0xff,0xff,0xff,0xff,0xff,0xff,0xff,0xff,0xff,0xff,0xff,0xff,0xff,0xff,
    0xff,0xff,0xff,0xff,0xff,0xff,0xa5,0x34,0x21,0x24,0x00,0x00,0x00,0x00,0x00,0x00,
    0x00,0x20,0x00,0x00,0x00,0x00,0x00,0x00,0x00,0x00,0x00,0x00,0x00,0x00,0x00,0x00,
    0x00,0x00,0x00,0x00,0x00,0x00,0x00,0x00,0x00,0x00,0x00,0x00,0x00,0x00,0x00,0x00,
    0x00,0x00,0x00,0x00,0x00,0x00,0x00,0x00,0x10,0xa2,0x8c,0x71,0xff,0xdf,0xff,0xff,
    0xff,0xff,0xff,0xff,0xff,0xff,0xff,0xff,0xff,0xdf,0xff,0xff,0x94,0xd3,0x00,0x00,
    0x00,0x00,0x00,0x00,0x00,0x00,0x00,0x20,0x00,0x00,0x6b,0x4d,0xff,0xff,0xff,0xdf,
    0xff,0xff,0xff,0xff,0xff,0xff,0xff,0xff,0xff,0xff,0xff,0xff,0xff,0xdf,0xff,0xff,
    0xf7,0xbe,0x84,0x10,0x10,0x82,0x00,0x00,0x00,0x00,0x00,0x00,0x00,0x00,0x00,0x00,
    0x00,0x00,0x00,0x00,0x00,0x00,0x00,0x00,0x00,0x00,0x00,0x00,0x00,0x00,0x00,0x00,
    0x00,0x00,0x00,0x00,0x00,0x00,0x00,0x00,0x00,0x00,0x00,0x00,0x00,0x20,0x00,0x00,
    0x00,0x00,0x00,0x00,0x29,0x86,0xad,0x96,0xff,0xff,0xff,0xff,0xff,0xff,0xff,0xff,
    0xff,0xff,0xff,0xff,0xff,0xff,0xff,0xff,0xff,0xdf,0xff,0xff,0xce,0x9a,0x08,0x61,
    0x00,0x00,0x00,0x00,0x00,0x00,0x00,0x00,0x00,0x00,0x00,0x00,0x00,0x00,0x00,0x00,
    0x00,0x00,0x00,0x00,0x00,0x41,0xdf,0x1c,0xff,0xff,0xff,0xff,0xff,0xff,0xff,0xff,
    0xff,0xdf,0xff,0xff,0xa5,0x35,0x00,0x00,0x00,0x00,0x00,0x00,0x00,0x00,0x00,0x00,
    0x00,0x00,0x00,0x00,0x00,0x00,0x00,0x00,0x00,0x00,0x00,0x00,0x00,0x00,0x00,0x00,
    0x00,0x00,0x00,0x00,0x00,0x00,0x00,0x00,0x00,0x00,0x00,0x00,0x00,0x00,0x00,0x00,
    0x00,0x00,0x00,0x00,0x00,0x00,0x00,0x00,0x00,0x00,0x00,0x00,0x00,0x00,0x00,0x00,
    0x00,0x00,0x00,0x00,0x00,0x00,0x00,0x00,0x00,0x00,0x00,0x00,0x00,0x00,0x00,0x00,
    0x00,0x00,0xce,0x79,0xff,0xff,0xff,0xff,0xff,0xff,0xff,0xff,0xff,0xff,0xff,0xff,
    0xbd,0xd7,0x00,0x00,0x00,0x00,0x00,0x00,0x00,0x00,0x08,0x41,0xe7,0x3c,0xff,0xff,
    0xff,0xff,0xff,0xff,0xff,0xff,0xff,0xdf,0xff,0xff,0x9c,0xd3,0x00,0x00,0x00,0x20,
    0x00,0x00,0x00,0x00,0x00,0x00,0x00,0x00,0x00,0x00,0x00,0x00,0x00,0x00,0x00,0x00,
    0x00,0x00,0x42,0x49,0xff,0xff,0xff,0xff,0xff,0xff,0xff,0xff,0xff,0xff,0xff,0xff,
    0xff,0xff,0xff,0xff,0xff,0xff,0xff,0xff,0xf7,0xdf,0x84,0x51,0x10,0x82,0x00,0x00,
    0x00,0x00,0x00,0x00,0x00,0x00,0x00,0x00,0x00,0x00,0x00,0x00,0x00,0x00,0x00,0x00,
    0x00,0x00,0x00,0x00,0x00,0x00,0x00,0x00,0x00,0x00,0x00,0x00,0x00,0x00,0x00,0x00,
    0x00,0x00,0x00,0x00,0x00,0x00,0x00,0x00,0x00,0x00,0x00,0x00,0x21,0x45,0xad,0x55,
    0xff,0xff,0xff,0xff,0xff,0xff,0xff,0xff,0xff,0xff,0xff,0xff,0xff,0xff,0xff,0xff,
    0x6b,0x4d,0x00,0x00,0x00,0x20,0x00,0x00,0x42,0x28,0xff,0xff,0xff,0xdf,0xff,0xff,
    0xff,0xff,0xff,0xff,0xff,0xff,0xff,0xff,0xff,0xff,0xf7,0x9e,0x31,0x86,0x00,0x00,
    0x00,0x20,0x00,0x00,0x00,0x00,0x00,0x00,0x00,0x00,0x00,0x00,0x00,0x00,0x00,0x00,
    0x00,0x00,0x00,0x00,0x00,0x00,0x00,0x00,0x00,0x00,0x00,0x00,0x00,0x00,0x00,0x00,
    0x00,0x00,0x00,0x00,0x00,0x00,0x00,0x00,0x00,0x00,0x00,0x00,0x00,0x20,0x00,0x00,
    0x18,0xe4,0xe7,0x3c,0xff,0xff,0xff,0xff,0xff,0xff,0xff,0xff,0xff,0xff,0xff,0xff,
    0xff,0xdf,0xff,0xff,0x73,0xae,0x00,0x00,0x00,0x00,0x00,0x00,0x00,0x00,0x00,0x00,
    0x00,0x00,0x00,0x00,0x00,0x00,0x00,0x00,0x29,0x86,0xef,0x7d,0xff,0xff,0xff,0xff,
    0xff,0xff,0xff,0xff,0xff,0xff,0xff,0xff,0xff,0xff,0xff,0xff,0xff,0xff,0xff,0xff,
    0xf7,0x9e,0x94,0x92,0x29,0x45,0x00,0x00,0x00,0x00,0x00,0x00,0x00,0x00,0x00,0x00,
    0x00,0x20,0x00,0x20,0x00,0x00,0x00,0x00,0x00,0x00,0x00,0x00,0x00,0x00,0x00,0x00,
    0x00,0x20,0x00,0x20,0x00,0x00,0x00,0x00,0x00,0x00,0x00,0x00,0x10,0xc3,0x73,0xaf,
    0xe7,0x1c,0xff,0xff,0xff,0xff,0xff,0xff,0xff,0xff,0xff,0xff,0xff,0xff,0xff,0xff,
    0xff,0xff,0xff,0xdf,0xff,0xff,0x84,0x51,0x00,0x00,0x00,0x00,0x00,0x00,0x00,0x00,
    0x00,0x20,0x00,0x00,0x7b,0xef,0xff,0xff,0xff,0xdf,0xff,0xff,0xff,0xff,0xff,0xff,
    0xff,0xff,0xff,0xff,0xff,0xff,0xff,0xff,0xff,0xff,0xff,0xff,0xe7,0x1c,0x7b,0xcf,
    0x18,0xe3,0x00,0x00,0x00,0x00,0x00,0x00,0x00,0x00,0x00,0x00,0x00,0x20,0x00,0x20,
    0x00,0x00,0x00,0x00,0x00,0x00,0x00,0x00,0x00,0x00,0x00,0x20,0x00,0x20,0x00,0x00,
    0x00,0x00,0x00,0x00,0x00,0x00,0x00,0x00,0x31,0xa6,0x9c,0xf3,0xf7,0xdf,0xff,0xff,
    0xff,0xff,0xff,0xff,0xff,0xff,0xff,0xff,0xff,0xff,0xff,0xff,0xff,0xff,0xff,0xdf,
    0xff,0xff,0xde,0xdb,0x18,0xc3,0x00,0x00,0x00,0x00,0x00,0x00,0x00,0x00,0x00,0x00,
    0x00,0x00,0x00,0x00,0x00,0x00,0x00,0x00,0x00,0x00,0x00,0x00,0x00,0x41,0xdf,0x1c,
    0xff,0xff,0xff,0xff,0xff,0xff,0xff,0xff,0xff,0xdf,0xff,0xff,0xa5,0x35,0x00,0x00,
    0x00,0x00,0x00,0x00,0x00,0x00,0x00,0x00,0x00,0x00,0x00,0x00,0x00,0x00,0x00,0x00,
    0x00,0x00,0x00,0x00,0x00,0x00,0x00,0x00,0x00,0x00,0x00,0x00,0x00,0x00,0x00,0x00,
    0x00,0x00,0x00,0x00,0x00,0x00,0x00,0x00,0x00,0x00,0x00,0x00,0x00,0x00,0x00,0x00,
    0x00,0x00,0x00,0x00,0x00,0x00,0x00,0x00,0x00,0x00,0x00,0x00,0x00,0x00,0x00,0x00,
    0x00,0x00,0x00,0x00,0x00,0x00,0x00,0x00,0x00,0x00,0xce,0x79,0xff,0xff,0xff,0xff,
    0xff,0xff,0xff,0xff,0xff,0xff,0xff,0xff,0xbd,0xd7,0x00,0x00,0x00,0x00,0x00,0x00,
    0x00,0x00,0x08,0x41,0xe7,0x3c,0xff,0xff,0xff,0xff,0xff,0xff,0xff,0xff,0xff,0xdf,
    0xff,0xff,0x9c,0xd3,0x00,0x00,0x00,0x20,0x00,0x00,0x00,0x00,0x00,0x00,0x00,0x00,
    0x00,0x00,0x00,0x00,0x00,0x00,0x00,0x00,0x00,0x20,0x00,0x00,0x5a,0xcb,0xff,0xff,
    0xff,0xff,0xff,0xff,0xff,0xff,0xff,0xff,0xff,0xff,0xff,0xff,0xff,0xff,0xff,0xff,
    0xff,0xff,0xff,0xff,0xe7,0x1c,0x7b,0xcf,0x18,0xe3,0x00,0x00,0x00,0x00,0x00,0x00,
    0x00,0x00,0x00,0x20,0x00,0x20,0x00,0x00,0x00,0x00,0x00,0x00,0x00,0x00,0x00,0x00,
    0x00,0x00,0x00,0x00,0x00,0x20,0x00,0x20,0x00,0x00,0x00,0x00,0x00,0x00,0x00,0x00,
    0x21,0x45,0x8c,0x92,0xf7,0xbe,0xff,0xff,0xff,0xff,0xff,0xff,0xff,0xff,0xff,0xff,
    0xff,0xff,0xff,0xff,0xff,0xff,0xff,0xdf,0xff,0xff,0x52,0x8a,0x00,0x00,0x00,0x20,
    0x00,0x00,0x9c,0xf3,0xff,0xff,0xff,0xdf,0xff,0xff,0xff,0xff,0xff,0xff,0xff,0xff,
    0xff,0xff,0xff,0xff,0xe7,0x5d,0x31,0xa6,0x00,0x00,0x00,0x20,0x00,0x00,0x00,0x00,
    0x00,0x00,0x00,0x00,0x00,0x00,0x00,0x00,0x00,0x00,0x00,0x00,0x00,0x00,0x00,0x00,
    0x00,0x00,0x00,0x00,0x00,0x00,0x00,0x00,0x00,0x00,0x00,0x00,0x00,0x00,0x00,0x00,
    0x00,0x00,0x00,0x20,0x00,0x00,0x19,0x04,0xd6,0xba,0xff,0xff,0xff,0xff,0xff,0xff,
    0xff,0xff,0xff,0xff,0xff,0xff,0xff,0xff,0xff,0xff,0xef,0x5d,0x10,0x82,0x00,0x00,
    0x00,0x00,0x00,0x00,0x00,0x00,0x00,0x00,0x00,0x00,0x00,0x00,0x00,0x00,0x00,0x00,
    0x00,0x00,0x31,0xa6,0xef,0x5d,0xff,0xff,0xff,0xdf,0xff,0xff,0xff,0xff,0xff,0xff,
    0xff,0xff,0xff,0xff,0xff,0xff,0xff,0xff,0xff,0xff,0xff,0xff,0xff,0xdf,0xb5,0xb7,
    0x63,0x2c,0x21,0x04,0x00,0x00,0x00,0x00,0x00,0x00,0x00,0x00,0x00,0x00,0x00,0x00,
    0x00,0x00,0x00,0x00,0x00,0x00,0x00,0x00,0x00,0x00,0x00,0x00,0x00,0x00,0x10,0xa2,
    0x4a,0x49,0x9c,0xf3,0xef,0x5d,0xff,0xff,0xff,0xff,0xff,0xff,0xff,0xff,0xff,0xff,
    0xff,0xff,0xff,0xff,0xff,0xff,0xff,0xff,0xff,0xdf,0xff,0xff,0xde,0xfb,0x31,0xa6,
    0x00,0x00,0x00,0x00,0x00,0x00,0x00,0x00,0x00,0x00,0x00,0x20,0x00,0x00,0x7b,0xef,
    0xff,0xff,0xff,0xff,0xff,0xff,0xff,0xff,0xff,0xff,0xff,0xff,0xff,0xff,0xff,0xff,
    0xff,0xff,0xff,0xff,0xff,0xff,0xff,0xff,0xf7,0x9e,0xad,0x55,0x5a,0xcb,0x21,0x04,
    0x00,0x00,0x00,0x00,0x00,0x00,0x00,0x00,0x00,0x00,0x00,0x00,0x00,0x00,0x00,0x00,
    0x00,0x00,0x00,0x00,0x00,0x00,0x00,0x00,0x00,0x20,0x29,0x65,0x73,0xae,0xc6,0x18,
    0xff,0xff,0xff,0xff,0xff,0xff,0xff,0xff,0xff,0xff,0xff,0xff,0xff,0xff,0xff,0xff,
    0xff,0xff,0xff,0xff,0xff,0xdf,0xff,0xff,0xd6,0xba,0x18,0xe3,0x00,0x00,0x00,0x00,
    0x00,0x00,0x00,0x00,0x00,0x00,0x00,0x00,0x00,0x00,0x00,0x00,0x00,0x00,0x00,0x00,
    0x00,0x00,0x00,0x00,0x00,0x41,0xdf,0x1c,0xff,0xff,0xff,0xff,0xff,0xff,0xff,0xff,
    0xff,0xdf,0xff,0xff,0xa5,0x35,0x00,0x00,0x00,0x00,0x00,0x00,0x00,0x00,0x00,0x00,
    0x00,0x00,0x00,0x00,0x00,0x00,0x00,0x00,0x00,0x00,0x00,0x00,0x00,0x00,0x00,0x00,
    0x00,0x00,0x00,0x00,0x00,0x00,0x00,0x00,0x00,0x00,0x00,0x00,0x00,0x00,0x00,0x00,
    0x00,0x00,0x00,0x00,0x00,0x00,0x00,0x00,0x00,0x00,0x00,0x00,0x00,0x00,0x00,0x00,
    0x00,0x00,0x00,0x00,0x00,0x00,0x00,0x00,0x00,0x00,0x00,0x00,0x00,0x00,0x00,0x00,
    0x00,0x00,0xce,0x79,0xff,0xff,0xff,0xff,0xff,0xff,0xff,0xff,0xff,0xff,0xff,0xff,
    0xbd,0xd7,0x00,0x00,0x00,0x00,0x00,0x00,0x00,0x00,0x08,0x41,0xe7,0x3c,0xff,0xff,
    0xff,0xff,0xff,0xff,0xff,0xff,0xff,0xdf,0xff,0xff,0x9c,0xd3,0x00,0x00,0x00,0x20,
    0x00,0x00,0x00,0x00,0x00,0x00,0x00,0x00,0x00,0x00,0x00,0x00,0x00,0x00,0x00,0x00,
    0x00,0x00,0x00,0x20,0x00,0x00,0x5a,0xeb,0xff,0xff,0xff,0xff,0xff,0xff,0xff,0xff,
    0xff,0xff,0xff,0xff,0xff,0xff,0xff,0xff,0xff,0xff,0xff,0xff,0xff,0xff,0xff,0xff,
    0xef,0x9e,0xa5,0x14,0x52,0xaa,0x18,0xc3,0x00,0x00,0x00,0x00,0x00,0x00,0x00,0x00,
    0x00,0x00,0x00,0x00,0x00,0x00,0x00,0x00,0x00,0x00,0x00,0x00,0x00,0x00,0x00,0x00,
    0x00,0x00,0x18,0xe3,0x5a,0xcb,0xad,0x76,0xf7,0xbe,0xff,0xff,0xff,0xff,0xff,0xff,
    0xff,0xff,0xff,0xff,0xff,0xff,0xff,0xff,0xff,0xff,0xff,0xff,0xff,0xdf,0xff,0xff,
    0xbd,0xf7,0x18,0xc3,0x00,0x00,0x00,0x00,0x00,0x00,0x08,0x41,0xce,0x9a,0xff,0xff,
    0xff,0xdf,0xff,0xff,0xff,0xff,0xff,0xff,0xff,0xff,0xff,0xff,0xff,0xff,0xf7,0x9e,
    0x5a,0xcb,0x00,0x00,0x00,0x00,0x00,0x00,0x00,0x00,0x00,0x00,0x00,0x00,0x00,0x00,
    0x00,0x00,0x00,0x00,0x00,0x00,0x00,0x00,0x00,0x00,0x00,0x00,0x00,0x00,0x00,0x00,
    0x00,0x00,0x00,0x00,0x00,0x00,0x00,0x00,0x00,0x20,0x00,0x00,0x31,0xa6,0xdf,0x1c,
    0xff,0xff,0xff,0xff,0xff,0xff,0xff,0xff,0xff,0xff,0xff,0xff,0xff,0xff,0xff,0xdf,
    0xff,0xff,0x6b,0x6d,0x00,0x00,0x00,0x20,0x00,0x00,0x00,0x00,0x00,0x00,0x00,0x00,
    0x00,0x00,0x00,0x00,0x00,0x00,0x00,0x00,0x00,0x20,0x00,0x00,0x29,0x65,0xde,0xdb,
    0xff,0xff,0xff,0xdf,0xff,0xff,0xff,0xff,0xff,0xff,0xff,0xff,0xff,0xff,0xff,0xff,
    0xff,0xff,0xff,0xff,0xff,0xff,0xff,0xff,0xff,0xff,0xf7,0xbe,0xce,0x79,0xa5,0x14,
    0x7b,0xcf,0x52,0xaa,0x42,0x08,0x31,0xc7,0x31,0x86,0x31,0xa6,0x39,0xe7,0x4a,0x49,
    0x6b,0x4d,0x8c,0x71,0xbd,0xf7,0xef,0x5d,0xff,0xff,0xff,0xff,0xff,0xff,0xff,0xff,
    0xff,0xff,0xff,0xff,0xff,0xff,0xff,0xff,0xff,0xff,0xff,0xff,0xff,0xff,0xff,0xdf,
    0xff,0xff,0xce,0x79,0x19,0x04,0x00,0x00,0x00,0x00,0x00,0x00,0x00,0x00,0x00,0x00,
    0x00,0x00,0x00,0x00,0x00,0x00,0x00,0x00,0x6b,0x4d,0xff,0xff,0xff,0xff,0xff,0xff,
    0xff,0xff,0xff,0xff,0xff,0xff,0xff,0xff,0xff,0xff,0xff,0xff,0xff,0xff,0xff,0xdf,
    0xff,0xff,0xff,0xff,0xff,0xff,0xf7,0xbe,0xce,0x79,0xa5,0x34,0x7b,0xef,0x63,0x2c,
    0x4a,0x49,0x42,0x28,0x42,0x28,0x42,0x28,0x52,0x8a,0x6b,0x6e,0x8c,0x51,0xb5,0x96,
    0xde,0xfb,0xff,0xff,0xff,0xff,0xff,0xff,0xff,0xff,0xff,0xff,0xff,0xff,0xff,0xff,
    0xff,0xff,0xff,0xff,0xff,0xff,0xff,0xff,0xff,0xff,0xff,0xdf,0xff,0xff,0xc6,0x18,
    0x10,0xa2,0x00,0x00,0x00,0x00,0x00,0x00,0x00,0x00,0x00,0x00,0x00,0x00,0x00,0x00,
    0x00,0x00,0x00,0x00,0x00,0x00,0x00,0x00,0x00,0x00,0x00,0x00,0x00,0x41,0xdf,0x1c,
    0xff,0xff,0xff,0xff,0xff,0xff,0xff,0xff,0xff,0xdf,0xff,0xff,0xa5,0x35,0x00,0x00,
    0x00,0x00,0x00,0x00,0x00,0x00,0x00,0x00,0x00,0x00,0x00,0x00,0x00,0x00,0x00,0x00,
    0x00,0x00,0x00,0x00,0x00,0x00,0x00,0x00,0x00,0x00,0x00,0x00,0x00,0x00,0x00,0x00,
    0x00,0x00,0x00,0x00,0x00,0x00,0x00,0x00,0x00,0x00,0x00,0x00,0x00,0x00,0x00,0x00,
    0x00,0x00,0x00,0x00,0x00,0x00,0x00,0x00,0x00,0x00,0x00,0x00,0x00,0x00,0x00,0x00,
    0x00,0x00,0x00,0x00,0x00,0x00,0x00,0x00,0x00,0x00,0xce,0x79,0xff,0xff,0xff,0xff,
    0xff,0xff,0xff,0xff,0xff,0xff,0xff,0xff,0xbd,0xd7,0x00,0x00,0x00,0x00,0x00,0x00,
    0x00,0x00,0x08,0x41,0xe7,0x3c,0xff,0xff,0xff,0xff,0xff,0xff,0xff,0xff,0xff,0xdf,
    0xff,0xff,0x9c,0xd3,0x00,0x00,0x00,0x20,0x00,0x00,0x00,0x00,0x00,0x00,0x00,0x00,
    0x00,0x00,0x00,0x00,0x00,0x00,0x00,0x00,0x00,0x00,0x00,0x00,0x00,0x20,0x00,0x00,
    0x4a,0x8a,0xf7,0x9e,0xff,0xff,0xff,0xdf,0xff,0xff,0xff,0xff,0xff,0xff,0xff,0xff,
    0xff,0xff,0xff,0xff,0xff,0xff,0xff,0xff,0xff,0xff,0xff,0xff,0xff,0xff,0xf7,0x9e,
    0xc6,0x38,0x94,0xb2,0x73,0x8e,0x4a,0x69,0x3a,0x08,0x31,0xa7,0x31,0x86,0x31,0xa7,
    0x3a,0x08,0x4a,0x69,0x73,0x8e,0x94,0xd3,0xce,0x59,0xf7,0xbe,0xff,0xff,0xff,0xff,
    0xff,0xff,0xff,0xdf,0xff,0xff,0xff,0xff,0xff,0xff,0xff,0xff,0xff,0xff,0xff,0xff,
    0xff,0xff,0xff,0xff,0xff,0xff,0xad,0x55,0x00,0x20,0x00,0x00,0x00,0x00,0x00,0x00,
    0x00,0x00,0x00,0x00,0x21,0x04,0xe7,0x3d,0xff,0xff,0xff,0xdf,0xff,0xff,0xff,0xff,
    0xff,0xff,0xff,0xff,0xff,0xff,0xff,0xff,0xff,0xff,0xa5,0x34,0x29,0x45,0x00,0x00,
    0x00,0x00,0x00,0x00,0x00,0x00,0x00,0x20,0x00,0x20,0x00,0x00,0x00,0x00,0x00,0x00,
    0x00,0x00,0x00,0x00,0x00,0x00,0x00,0x20,0x00,0x20,0x00,0x20,0x00,0x00,0x00,0x00,
    0x00,0x00,0x52,0xaa,0xf7,0x9e,0xff,0xff,0xff,0xff,0xff,0xff,0xff,0xff,0xff,0xff,
    0xff,0xff,0xff,0xff,0xff,0xdf,0xff,0xff,0xad,0x75,0x00,0x00,0x00,0x00,0x00,0x00,
    0x00,0x00,0x00,0x00,0x00,0x00,0x00,0x00,0x00,0x00,0x00,0x00,0x00,0x00,0x00,0x00,
    0x00,0x00,0x00,0x00,0x00,0x00,0x10,0xc3,0xb5,0xd7,0xff,0xff,0xff,0xff,0xff,0xff,
    0xff,0xff,0xff,0xff,0xff,0xff,0xff,0xff,0xff,0xff,0xff,0xff,0xff,0xff,0xff,0xff,
    0xff,0xff,0xff,0xff,0xff,0xff,0xff,0xff,0xff,0xff,0xff,0xff,0xff,0xff,0xff,0xff,
    0xff,0xff,0xff,0xff,0xff,0xff,0xff,0xff,0xff,0xff,0xff,0xff,0xff,0xff,0xff,0xff,
    0xff,0xff,0xff,0xdf,0xff,0xff,0xff,0xff,0xff,0xff,0xff,0xff,0xff,0xff,0xff,0xff,
    0xff,0xff,0xff,0xff,0xff,0xff,0xff,0xff,0xad,0x75,0x08,0x61,0x00,0x00,0x00,0x00,
    0x00,0x00,0x00,0x00,0x00,0x00,0x00,0x00,0x00,0x00,0x00,0x00,0x00,0x00,0x00,0x20,
    0x00,0x00,0x4a,0x49,0xe7,0x5d,0xff,0xff,0xff,0xdf,0xff,0xff,0xff,0xff,0xff,0xff,
    0xff,0xff,0xff,0xff,0xff,0xff,0xff,0xff,0xff,0xff,0xff,0xff,0xff,0xff,0xff,0xff,
    0xff,0xff,0xff,0xff,0xff,0xff,0xff,0xff,0xff,0xff,0xff,0xff,0xff,0xff,0xff,0xff,
    0xff,0xff,0xff,0xff,0xff,0xff,0xff,0xff,0xff,0xff,0xff,0xff,0xff,0xdf,0xff,0xff,
    0xff,0xff,0xff,0xff,0xff,0xff,0xff,0xff,0xff,0xff,0xff,0xff,0xff,0xff,0xff,0xff,
    0xff,0xff,0xff,0xff,0x9d,0x14,0x08,0x41,0x00,0x00,0x00,0x00,0x00,0x00,0x00,0x00,
    0x00,0x00,0x00,0x00,0x00,0x00,0x00,0x00,0x00,0x00,0x00,0x00,0x00,0x00,0x00,0x00,
    0x00,0x00,0x00,0x00,0x00,0x41,0xdf,0x1c,0xff,0xff,0xff,0xff,0xff,0xff,0xff,0xff,
    0xff,0xdf,0xff,0xff,0xa5,0x35,0x00,0x00,0x00,0x00,0x00,0x00,0x00,0x00,0x00,0x00,
    0x00,0x00,0x00,0x00,0x00,0x00,0x00,0x00,0x00,0x00,0x00,0x00,0x00,0x00,0x00,0x00,
    0x00,0x00,0x00,0x00,0x00,0x00,0x00,0x00,0x00,0x00,0x00,0x00,0x00,0x00,0x00,0x00,
    0x00,0x00,0x00,0x00,0x00,0x00,0x00,0x00,0x00,0x00,0x00,0x00,0x00,0x00,0x00,0x00,
    0x00,0x00,0x00,0x00,0x00,0x00,0x00,0x00,0x00,0x00,0x00,0x00,0x00,0x00,0x00,0x00,
    0x00,0x00,0xce,0x79,0xff,0xff,0xff,0xff,0xff,0xff,0xff,0xff,0xff,0xff,0xff,0xff,
    0xbd,0xd7,0x00,0x00,0x00,0x00,0x00,0x00,0x00,0x00,0x08,0x41,0xe7,0x3c,0xff,0xff,
    0xff,0xff,0xff,0xff,0xff,0xff,0xff,0xdf,0xff,0xff,0x9c,0xd3,0x00,0x00,0x00,0x20,
    0x00,0x00,0x00,0x00,0x00,0x00,0x00,0x00,0x00,0x00,0x00,0x00,0x00,0x00,0x00,0x00,
    0x00,0x00,0x00,0x00,0x00,0x00,0x00,0x20,0x00,0x00,0x31,0xa6,0xd6,0xdb,0xff,0xff,
    0xff,0xff,0xff,0xff,0xff,0xff,0xff,0xff,0xff,0xff,0xff,0xff,0xff,0xff,0xff,0xff,
    0xff,0xff,0xff,0xff,0xff,0xff,0xff,0xff,0xff,0xff,0xff,0xff,0xff,0xff,0xff,0xff,
    0xff,0xff,0xff,0xff,0xff,0xff,0xff,0xff,0xff,0xff,0xff,0xff,0xff,0xff,0xff,0xff,
    0xff,0xff,0xff,0xff,0xff,0xff,0xff,0xff,0xff,0xff,0xff,0xff,0xff,0xff,0xff,0xff,
    0xff,0xff,0xff,0xff,0xff,0xff,0xff,0xdf,0xff,0xff,0xff,0xff,0x84,0x30,0x00,0x00,
    0x00,0x00,0x00,0x00,0x00,0x00,0x00,0x00,0x00,0x00,0x00,0x00,0x00,0x00,0x29,0x65,
    0xe7,0x3c,0xff,0xff,0xff,0xdf,0xff,0xff,0xff,0xff,0xff,0xff,0xff,0xff,0xff,0xff,
    0xff,0xff,0xff,0xff,0xf7,0xbe,0xa5,0x14,0x4a,0x49,0x08,0x82,0x00,0x00,0x00,0x00,
    0x00,0x00,0x00,0x00,0x00,0x00,0x00,0x00,0x00,0x00,0x00,0x00,0x00,0x00,0x00,0x00,
    0x00,0x00,0x00,0x00,0x00,0x00,0x29,0x65,0x9c,0xd3,0xff,0xff,0xff,0xff,0xff,0xff,
    0xff,0xff,0xff,0xff,0xff,0xff,0xff,0xff,0xff,0xff,0xff,0xdf,0xff,0xff,0xde,0xdb,
    0x10,0x82,0x00,0x00,0x00,0x00,0x00,0x00,0x00,0x00,0x00,0x00,0x00,0x00,0x00,0x00,
    0x00,0x00,0x00,0x00,0x00,0x00,0x00,0x00,0x00,0x00,0x00,0x00,0x00,0x00,0x00,0x00,
    0x00,0x00,0x7c,0x10,0xff,0xff,0xff,0xff,0xff,0xdf,0xff,0xff,0xff,0xff,0xff,0xff,
    0xff,0xff,0xff,0xff,0xff,0xff,0xff,0xff,0xff,0xff,0xff,0xff,0xff,0xff,0xff,0xdf,
    0xff,0xdf,0xff,0xff,0xff,0xff,0xff,0xff,0xff,0xff,0xff,0xff,0xff,0xff,0xff,0xff,
    0xff,0xdf,0xff,0xdf,0xff,0xff,0xff,0xff,0xff,0xff,0xff,0xff,0xff,0xff,0xff,0xff,
    0xff,0xff,0xff,0xff,0xff,0xff,0xff,0xff,0xff,0xdf,0xff,0xff,0xff,0xdf,0x73,0xae,
    0x00,0x00,0x00,0x00,0x00,0x00,0x00,0x00,0x00,0x00,0x00,0x00,0x00,0x00,0x00,0x00,
    0x00,0x00,0x00,0x00,0x00,0x00,0x00,0x00,0x00,0x20,0x00,0x00,0x21,0x04,0xb5,0xd7,
    0xff,0xff,0xff,0xff,0xff,0xdf,0xff,0xff,0xff,0xff,0xff,0xff,0xff,0xff,0xff,0xff,
    0xff,0xff,0xff,0xff,0xff,0xff,0xff,0xff,0xff,0xff,0xff,0xdf,0xff,0xdf,0xff,0xdf,
    0xff,0xff,0xff,0xff,0xff,0xff,0xff,0xff,0xff,0xff,0xff,0xdf,0xff,0xdf,0xff,0xff,
    0xff,0xff,0xff,0xff,0xff,0xff,0xff,0xff,0xff,0xff,0xff,0xff,0xff,0xff,0xff,0xff,
    0xff,0xff,0xff,0xff,0xff,0xff,0xff,0xff,0xf7,0x9e,0x63,0x4d,0x00,0x00,0x00,0x00,
    0x00,0x00,0x00,0x00,0x00,0x00,0x00,0x00,0x00,0x00,0x00,0x00,0x00,0x00,0x00,0x00,
    0x00,0x00,0x00,0x00,0x00,0x00,0x00,0x00,0x00,0x00,0x00,0x00,0x00,0x41,0xdf,0x1c,
    0xff,0xff,0xff,0xff,0xff,0xff,0xff,0xff,0xff,0xdf,0xff,0xff,0xa5,0x35,0x00,0x00,
    0x00,0x00,0x00,0x00,0x00,0x00,0x00,0x00,0x00,0x00,0x00,0x00,0x00,0x00,0x00,0x00,
    0x00,0x00,0x00,0x00,0x00,0x00,0x00,0x00,0x00,0x00,0x00,0x00,0x00,0x00,0x00,0x00,
    0x00,0x00,0x00,0x00,0x00,0x00,0x00,0x00,0x00,0x00,0x00,0x00,0x00,0x00,0x00,0x00,
    0x00,0x00,0x00,0x00,0x00,0x00,0x00,0x00,0x00,0x00,0x00,0x00,0x00,0x00,0x00,0x00,
    0x00,0x00,0x00,0x00,0x00,0x00,0x00,0x00,0x00,0x00,0xce,0x79,0xff,0xff,0xff,0xff,
    0xff,0xff,0xff,0xff,0xff,0xff,0xff,0xff,0xbd,0xd7,0x00,0x00,0x00,0x00,0x00,0x00,
    0x00,0x00,0x08,0x41,0xe7,0x3c,0xff,0xff,0xff,0xff,0xff,0xff,0xff,0xff,0xff,0xdf,
    0xff,0xff,0x9c,0xd3,0x00,0x00,0x00,0x20,0x00,0x00,0x00,0x00,0x00,0x00,0x00,0x00,
    0x00,0x00,0x00,0x00,0x00,0x00,0x00,0x00,0x00,0x00,0x00,0x00,0x00,0x00,0x00,0x00,
    0x00,0x20,0x00,0x00,0x10,0x82,0xa5,0x34,0xff,0xff,0xff,0xff,0xff,0xdf,0xff,0xff,
    0xff,0xff,0xff,0xff,0xff,0xff,0xff,0xff,0xff,0xff,0xff,0xff,0xff,0xff,0xff,0xff,
    0xff,0xff,0xff,0xdf,0xff,0xdf,0xff,0xff,0xff,0xff,0xff,0xff,0xff,0xff,0xff,0xff,
    0xff,0xff,0xff,0xff,0xff,0xdf,0xff,0xdf,0xff,0xff,0xff,0xff,0xff,0xff,0xff,0xff,
    0xff,0xff,0xff,0xff,0xff,0xff,0xff,0xff,0xff,0xff,0xff,0xff,0xff,0xff,0xff,0xff,
    0xe7,0x3c,0x52,0x8a,0x00,0x00,0x00,0x00,0x00,0x00,0x00,0x00,0x00,0x00,0x00,0x00,
    0x00,0x00,0x00,0x00,0x00,0x00,0x00,0x00,0x29,0x45,0xd6,0xba,0xff,0xff,0xff,0xdf,
    0xff,0xff,0xff,0xff,0xff,0xff,0xff,0xff,0xff,0xff,0xff,0xff,0xff,0xff,0xff,0xff,
    0xff,0xff,0xe7,0x3d,0xb5,0xd7,0x8c,0x51,0x6b,0x4d,0x52,0x8a,0x42,0x08,0x39,0xe7,
    0x42,0x28,0x4a,0x49,0x52,0xaa,0x63,0x2c,0x73,0xae,0x9c,0xf4,0xce,0x59,0xff,0xdf,
    0xff,0xff,0xff,0xff,0xff,0xff,0xff,0xff,0xff,0xff,0xff,0xff,0xff,0xff,0xff,0xff,
    0xff,0xdf,0xff,0xff,0xe7,0x3c,0x29,0x45,0x00,0x00,0x00,0x00,0x00,0x00,0x00,0x00,
    0x00,0x00,0x00,0x00,0x00,0x00,0x00,0x00,0x00,0x00,0x00,0x00,0x00,0x00,0x00,0x00,
    0x00,0x00,0x00,0x00,0x00,0x00,0x00,0x00,0x00,0x00,0x00,0x00,0x39,0xc7,0xc6,0x38,
    0xff,0xff,0xff,0xff,0xff,0xff,0xff,0xff,0xff,0xff,0xff,0xff,0xff,0xff,0xff,0xff,
    0xff,0xff,0xff,0xff,0xff,0xff,0xff,0xff,0xff,0xff,0xff,0xff,0xff,0xff,0xff,0xff,
    0xff,0xff,0xff,0xff,0xff,0xff,0xff,0xff,0xff,0xff,0xff,0xff,0xff,0xff,0xff,0xff,
    0xff,0xff,0xff,0xff,0xff,0xff,0xff,0xff,0xff,0xff,0xff,0xff,0xff,0xdf,0xff,0xff,
    0xff,0xff,0xc6,0x38,0x31,0xa6,0x00,0x00,0x00,0x00,0x00,0x00,0x00,0x00,0x00,0x00,
    0x00,0x00,0x00,0x00,0x00,0x00,0x00,0x00,0x00,0x00,0x00,0x00,0x00,0x00,0x00,0x00,
    0x00,0x00,0x00,0x00,0x00,0x00,0x00,0x00,0x6b,0x4d,0xef,0x5d,0xff,0xff,0xff,0xff,
    0xff,0xdf,0xff,0xff,0xff,0xff,0xff,0xff,0xff,0xff,0xff,0xff,0xff,0xff,0xff,0xff,
    0xff,0xff,0xff,0xff,0xff,0xff,0xff,0xff,0xff,0xff,0xff,0xff,0xff,0xff,0xff,0xff,
    0xff,0xff,0xff,0xff,0xff,0xff,0xff,0xff,0xff,0xff,0xff,0xff,0xff,0xff,0xff,0xff,
    0xff,0xff,0xff,0xff,0xff,0xff,0xff,0xdf,0xff,0xff,0xff,0xff,0xff,0xff,0xb5,0xb6,
    0x29,0x45,0x00,0x00,0x00,0x00,0x00,0x00,0x00,0x00,0x00,0x00,0x00,0x00,0x00,0x00,
    0x00,0x00,0x00,0x00,0x00,0x00,0x00,0x00,0x00,0x00,0x00,0x00,0x00,0x00,0x00,0x00,
    0x00,0x00,0x00,0x00,0x00,0x41,0xdf,0x1c,0xff,0xff,0xff,0xff,0xff,0xff,0xff,0xff,
    0xff,0xdf,0xff,0xff,0xa5,0x35,0x00,0x00,0x00,0x00,0x00,0x00,0x00,0x00,0x00,0x00,
    0x00,0x00,0x00,0x00,0x00,0x00,0x00,0x00,0x00,0x00,0x00,0x00,0x00,0x00,0x00,0x00,
    0x00,0x00,0x00,0x00,0x00,0x00,0x00,0x00,0x00,0x00,0x00,0x00,0x00,0x00,0x00,0x00,
    0x00,0x00,0x00,0x00,0x00,0x00,0x00,0x00,0x00,0x00,0x00,0x00,0x00,0x00,0x00,0x00,
    0x00,0x00,0x00,0x00,0x00,0x00,0x00,0x00,0x00,0x00,0x00,0x00,0x00,0x00,0x00,0x00,
    0x00,0x00,0xce,0x79,0xff,0xff,0xff,0xff,0xff,0xff,0xff,0xff,0xff,0xff,0xff,0xff,
    0xbd,0xd7,0x00,0x00,0x00,0x00,0x00,0x00,0x00,0x00,0x08,0x41,0xe7,0x3c,0xff,0xff,
    0xff,0xff,0xff,0xff,0xff,0xff,0xff,0xdf,0xff,0xff,0x9c,0xd3,0x00,0x00,0x00,0x20,
    0x00,0x00,0x00,0x00,0x00,0x00,0x00,0x00,0x00,0x00,0x00,0x00,0x00,0x00,0x00,0x00,
    0x00,0x00,0x00,0x00,0x00,0x00,0x00,0x00,0x00,0x00,0x00,0x00,0x00,0x00,0x00,0x00,
    0x5a,0xcb,0xde,0xfb,0xff,0xff,0xff,0xff,0xff,0xdf,0xff,0xff,0xff,0xff,0xff,0xff,
    0xff,0xff,0xff,0xff,0xff,0xff,0xff,0xff,0xff,0xff,0xff,0xff,0xff,0xff,0xff,0xff,
    0xff,0xff,0xff,0xff,0xff,0xff,0xff,0xff,0xff,0xff,0xff,0xff,0xff,0xff,0xff,0xff,
    0xff,0xff,0xff,0xff,0xff,0xff,0xff,0xff,0xff,0xff,0xff,0xff,0xff,0xff,0xff,0xdf,
    0xff,0xff,0xff,0xff,0xff,0xff,0xa5,0x34,0x18,0xe3,0x00,0x00,0x00,0x00,0x00,0x00,
    0x00,0x00,0x00,0x00,0x00,0x00,0x00,0x00,0x00,0x00,0x00,0x00,0x00,0x00,0x00,0x00,
    0x00,0x00,0x10,0x82,0xad,0x75,0xff,0xff,0xff,0xff,0xff,0xdf,0xff,0xff,0xff,0xff,
    0xff,0xff,0xff,0xff,0xff,0xff,0xff,0xff,0xff,0xff,0xff,0xff,0xff,0xff,0xff,0xff,
    0xff,0xff,0xff,0xff,0xff,0xff,0xff,0xff,0xff,0xff,0xff,0xff,0xff,0xff,0xff,0xff,
    0xff,0xff,0xff,0xff,0xff,0xff,0xff,0xff,0xff,0xff,0xff,0xff,0xff,0xff,0xff,0xff,
    0xff,0xff,0xff,0xff,0xff,0xff,0xff,0xdf,0xff,0xff,0xd6,0xbb,0x29,0x45,0x00,0x00,
    0x00,0x00,0x00,0x00,0x00,0x00,0x00,0x00,0x00,0x00,0x00,0x00,0x00,0x00,0x00,0x00,
    0x00,0x00,0x00,0x00,0x00,0x00,0x00,0x00,0x00,0x00,0x00,0x00,0x00,0x00,0x00,0x00,
    0x00,0x00,0x00,0x00,0x00,0x00,0x00,0x00,0x63,0x2c,0xde,0xdb,0xff,0xff,0xff,0xff,
    0xff,0xff,0xff,0xdf,0xff,0xff,0xff,0xff,0xff,0xff,0xff,0xff,0xff,0xff,0xff,0xff,
    0xff,0xff,0xff,0xff,0xff,0xff,0xff,0xff,0xff,0xff,0xff,0xff,0xff,0xff,0xff,0xff,
    0xff,0xff,0xff,0xff,0xff,0xff,0xff,0xff,0xff,0xff,0xff,0xff,0xff,0xff,0xff,0xff,
    0xff,0xff,0xff,0xff,0xff,0xff,0xde,0xfb,0x63,0x2d,0x00,0x00,0x00,0x00,0x00,0x20,
    0x00,0x00,0x00,0x00,0x00,0x00,0x00,0x00,0x00,0x00,0x00,0x00,0x00,0x00,0x00,0x00,
    0x00,0x00,0x00,0x00,0x00,0x00,0x00,0x00,0x00,0x00,0x00,0x00,0x00,0x00,0x00,0x00,
    0x00,0x00,0x18,0xe3,0x94,0x92,0xf7,0x9e,0xff,0xff,0xff,0xff,0xff,0xff,0xff,0xff,
    0xff,0xff,0xff,0xff,0xff,0xff,0xff,0xff,0xff,0xff,0xff,0xff,0xff,0xff,0xff,0xff,
    0xff,0xff,0xff,0xff,0xff,0xff,0xff,0xff,0xff,0xff,0xff,0xff,0xff,0xff,0xff,0xff,
    0xff,0xff,0xff,0xff,0xff,0xff,0xff,0xff,0xff,0xff,0xff,0xdf,0xff,0xff,0xff,0xff,
    0xff,0xff,0xce,0x79,0x52,0xaa,0x00,0x00,0x00,0x00,0x00,0x20,0x00,0x00,0x00,0x00,
    0x00,0x00,0x00,0x00,0x00,0x00,0x00,0x00,0x00,0x00,0x00,0x00,0x00,0x00,0x00,0x00,
    0x00,0x00,0x00,0x00,0x00,0x00,0x00,0x00,0x00,0x00,0x00,0x00,0x00,0x41,0xdf,0x1c,
    0xff,0xff,0xff,0xff,0xff,0xff,0xff,0xff,0xff,0xdf,0xff,0xff,0xa5,0x35,0x00,0x00,
    0x00,0x00,0x00,0x00,0x00,0x00,0x00,0x00,0x00,0x00,0x00,0x00,0x00,0x00,0x00,0x00,
    0x00,0x00,0x00,0x00,0x00,0x00,0x00,0x00,0x00,0x00,0x00,0x00,0x00,0x00,0x00,0x00,
    0x00,0x00,0x00,0x00,0x00,0x00,0x00,0x00,0x00,0x00,0x00,0x00,0x00,0x00,0x00,0x00,
    0x00,0x00,0x00,0x00,0x00,0x00,0x00,0x00,0x00,0x00,0x00,0x00,0x00,0x00,0x00,0x00,
    0x00,0x00,0x00,0x00,0x00,0x00,0x00,0x00,0x00,0x00,0xce,0x79,0xff,0xff,0xff,0xff,
    0xff,0xff,0xff,0xff,0xff,0xff,0xff,0xff,0xbd,0xd7,0x00,0x00,0x00,0x00,0x00,0x00,
    0x00,0x00,0x08,0x41,0xe7,0x3c,0xff,0xff,0xff,0xff,0xff,0xff,0xff,0xff,0xff,0xdf,
    0xff,0xff,0x9c,0xd3,0x00,0x00,0x00,0x20,0x00,0x00,0x00,0x00,0x00,0x00,0x00,0x00,
    0x00,0x00,0x00,0x00,0x00,0x00,0x00,0x00,0x00,0x00,0x00,0x00,0x00,0x00,0x00,0x00,
    0x00,0x00,0x00,0x00,0x00,0x00,0x00,0x00,0x00,0x00,0x10,0x82,0x84,0x30,0xef,0x7d,
    0xff,0xff,0xff,0xff,0xff,0xff,0xff,0xff,0xff,0xff,0xff,0xff,0xff,0xff,0xff,0xff,
    0xff,0xff,0xff,0xff,0xff,0xff,0xff,0xff,0xff,0xff,0xff,0xff,0xff,0xff,0xff,0xff,
    0xff,0xff,0xff,0xff,0xff,0xff,0xff,0xff,0xff,0xff,0xff,0xff,0xff,0xff,0xff,0xff,
    0xff,0xff,0xff,0xdf,0xff,0xff,0xff,0xff,0xff,0xff,0xce,0x59,0x4a,0x49,0x00,0x00,
    0x00,0x00,0x00,0x00,0x00,0x00,0x00,0x00,0x00,0x00,0x00,0x00,0x00,0x00,0x00,0x00,
    0x00,0x00,0x00,0x00,0x00,0x00,0x00,0x00,0x00,0x00,0x00,0x00,0x00,0x00,0x63,0x4d,
    0xef,0x5d,0xff,0xff,0xff,0xff,0xff,0xdf,0xff,0xff,0xff,0xff,0xff,0xff,0xff,0xff,
    0xff,0xff,0xff,0xff,0xff,0xff,0xff,0xdf,0xff,0xdf,0xff,0xff,0xff,0xff,0xff,0xff,
    0xff,0xff,0xff,0xff,0xff,0xff,0xff,0xdf,0xff,0xdf,0xff,0xdf,0xff,0xff,0xff,0xff,
    0xff,0xff,0xff,0xff,0xff,0xff,0xff,0xff,0xff,0xdf,0xff,0xff,0xff,0xff,0xff,0xff,
    0xa5,0x55,0x10,0xa2,0x00,0x00,0x00,0x00,0x00,0x00,0x00,0x00,0x00,0x00,0x00,0x00,
    0x00,0x00,0x00,0x00,0x00,0x00,0x00,0x00,0x00,0x00,0x00,0x00,0x00,0x00,0x00,0x00,
    0x00,0x00,0x00,0x00,0x00,0x00,0x00,0x00,0x00,0x00,0x00,0x00,0x00,0x00,0x00,0x00,
    0x00,0x00,0x08,0x41,0x63,0x2d,0xce,0x79,0xff,0xff,0xff,0xff,0xff,0xff,0xff,0xff,
    0xff,0xdf,0xff,0xff,0xff,0xff,0xff,0xff,0xff,0xff,0xff,0xff,0xff,0xff,0xff,0xff,
    0xff,0xff,0xff,0xff,0xff,0xff,0xff,0xff,0xff,0xff,0xff,0xff,0xff,0xff,0xff,0xff,
    0xff,0xdf,0xff,0xff,0xff,0xff,0xff,0xff,0xff,0xff,0xd6,0xba,0x73,0x8e,0x08,0x62,
    0x00,0x00,0x00,0x00,0x00,0x00,0x00,0x00,0x00,0x00,0x00,0x00,0x00,0x00,0x00,0x00,
    0x00,0x00,0x00,0x00,0x00,0x00,0x00,0x00,0x00,0x00,0x00,0x00,0x00,0x00,0x00,0x00,
    0x00,0x00,0x00,0x00,0x00,0x00,0x00,0x00,0x00,0x00,0x00,0x00,0x00,0x00,0x21,0x24,
    0x8c,0x71,0xe7,0x3c,0xff,0xff,0xff,0xff,0xff,0xff,0xff,0xff,0xff,0xdf,0xff,0xff,
    0xff,0xff,0xff,0xff,0xff,0xff,0xff,0xff,0xff,0xff,0xff,0xff,0xff,0xff,0xff,0xff,
    0xff,0xff,0xff,0xff,0xff,0xff,0xff,0xff,0xff,0xdf,0xff,0xdf,0xff,0xdf,0xff,0xff,
    0xff,0xff,0xff,0xff,0xff,0xff,0xc6,0x18,0x52,0xcb,0x00,0x20,0x00,0x00,0x00,0x00,
    0x00,0x00,0x00,0x00,0x00,0x00,0x00,0x00,0x00,0x00,0x00,0x00,0x00,0x00,0x00,0x00,
    0x00,0x00,0x00,0x00,0x00,0x00,0x00,0x00,0x00,0x00,0x00,0x00,0x00,0x00,0x00,0x00,
    0x00,0x00,0x00,0x00,0x00,0x41,0xdf,0x1c,0xff,0xff,0xff,0xff,0xff,0xff,0xff,0xff,
    0xff,0xdf,0xff,0xff,0xa5,0x35,0x00,0x00,0x00,0x00,0x00,0x00,0x00,0x00,0x00,0x00,
    0x00,0x00,0x00,0x00,0x00,0x00,0x00,0x00,0x00,0x00,0x00,0x00,0x00,0x00,0x00,0x00,
    0x00,0x00,0x00,0x00,0x00,0x00,0x00,0x00,0x00,0x00,0x00,0x00,0x00,0x00,0x00,0x00,
    0x00,0x00,0x00,0x00,0x00,0x00,0x00,0x00,0x00,0x00,0x00,0x00,0x00,0x00,0x00,0x00,
    0x00,0x00,0x00,0x00,0x00,0x00,0x00,0x00,0x00,0x00,0x00,0x00,0x00,0x00,0x00,0x00,
    0x00,0x00,0xce,0x79,0xff,0xff,0xff,0xff,0xff,0xff,0xff,0xff,0xff,0xff,0xff,0xff,
    0xbd,0xd7,0x00,0x00,0x00,0x00,0x00,0x00,0x00,0x00,0x08,0x41,0xe7,0x3c,0xff,0xff,
    0xff,0xff,0xff,0xff,0xff,0xff,0xff,0xdf,0xff,0xff,0x9c,0xd3,0x00,0x00,0x00,0x20,
    0x00,0x00,0x00,0x00,0x00,0x00,0x00,0x00,0x00,0x00,0x00,0x00,0x00,0x00,0x00,0x00,
    0x00,0x00,0x00,0x00,0x00,0x00,0x00,0x00,0x00,0x00,0x00,0x00,0x00,0x00,0x00,0x00,
    0x00,0x00,0x00,0x00,0x00,0x00,0x18,0xe3,0x7c,0x10,0xde,0xfb,0xff,0xff,0xff,0xff,
    0xff,0xff,0xff,0xff,0xff,0xdf,0xff,0xff,0xff,0xff,0xff,0xff,0xff,0xff,0xff,0xff,
    0xff,0xff,0xff,0xff,0xff,0xff,0xff,0xff,0xff,0xff,0xff,0xff,0xff,0xff,0xff,0xff,
    0xff,0xff,0xff,0xff,0xff,0xdf,0xff,0xff,0xff,0xff,0xff,0xff,0xff,0xff,0xc6,0x18,
    0x52,0xcb,0x00,0x00,0x00,0x00,0x00,0x00,0x00,0x00,0x00,0x00,0x00,0x00,0x00,0x00,
    0x00,0x00,0x00,0x00,0x00,0x00,0x00,0x00,0x00,0x00,0x00,0x00,0x00,0x00,0x00,0x00,
    0x00,0x00,0x00,0x00,0x00,0x00,0x00,0x00,0x18,0xe3,0x94,0xb2,0xf7,0xbe,0xff,0xff,
    0xff,0xff,0xff,0xff,0xff,0xff,0xff,0xff,0xff,0xff,0xff,0xff,0xff,0xff,0xff,0xff,
    0xff,0xff,0xff,0xff,0xff,0xff,0xff,0xff,0xff,0xff,0xff,0xff,0xff,0xff,0xff,0xff,
    0xff,0xff,0xff,0xff,0xff,0xff,0xff,0xff,0xff,0xff,0xff,0xff,0xff,0xdf,0xff,0xff,
    0xff,0xff,0xff,0xff,0xd6,0x9a,0x52,0xaa,0x00,0x00,0x00,0x00,0x00,0x00,0x00,0x00,
    0x00,0x00,0x00,0x00,0x00,0x00,0x00,0x00,0x00,0x00,0x00,0x00,0x00,0x00,0x00,0x00,
    0x00,0x00,0x00,0x00,0x00,0x00,0x00,0x00,0x00,0x00,0x00,0x00,0x00,0x00,0x00,0x00,
    0x00,0x00,0x00,0x00,0x00,0x00,0x00,0x00,0x00,0x00,0x00,0x00,0x00,0x00,0x00,0x00,
    0x42,0x08,0x94,0xd3,0xde,0xfb,0xff,0xff,0xff,0xff,0xff,0xff,0xff,0xff,0xff,0xff,
    0xff,0xff,0xff,0xff,0xff,0xff,0xff,0xff,0xff,0xff,0xff,0xff,0xff,0xff,0xff,0xff,
    0xff,0xff,0xff,0xff,0xff,0xff,0xff,0xff,0xff,0xff,0xff,0xff,0xef,0x5d,0xa5,0x35,
    0x4a,0x6a,0x00,0x20,0x00,0x00,0x00,0x00,0x00,0x00,0x00,0x00,0x00,0x00,0x00,0x00,
    0x00,0x00,0x00,0x00,0x00,0x00,0x00,0x00,0x00,0x00,0x00,0x00,0x00,0x00,0x00,0x00,
    0x00,0x00,0x00,0x00,0x00,0x00,0x00,0x00,0x00,0x00,0x00,0x00,0x00,0x00,0x00,0x00,
    0x00,0x00,0x00,0x00,0x00,0x00,0x00,0x00,0x00,0x00,0x10,0x82,0x52,0xcb,0xad,0x75,
    0xef,0x5d,0xff,0xff,0xff,0xff,0xff,0xff,0xff,0xff,0xff,0xff,0xff,0xff,0xff,0xff,
    0xff,0xff,0xff,0xff,0xff,0xff,0xff,0xff,0xff,0xff,0xff,0xff,0xff,0xff,0xff,0xff,
    0xff,0xff,0xff,0xff,0xff,0xff,0xff,0xff,0xd6,0x9a,0x8c,0x71,0x31,0xa7,0x00,0x00,
    0x00,0x00,0x00,0x00,0x00,0x00,0x00,0x00,0x00,0x00,0x00,0x00,0x00,0x00,0x00,0x00,
    0x00,0x00,0x00,0x00,0x00,0x00,0x00,0x00,0x00,0x00,0x00,0x00,0x00,0x00,0x00,0x00,
    0x00,0x00,0x00,0x00,0x00,0x00,0x00,0x00,0x00,0x00,0x00,0x00,0x00,0x41,0xde,0xfb,
    0xff,0xff,0xff,0xdf,0xff,0xff,0xff,0xff,0xff,0xdf,0xff,0xff,0xa5,0x34,0x00,0x00,
    0x00,0x00,0x00,0x00,0x00,0x00,0x00,0x00,0x00,0x00,0x00,0x00,0x00,0x00,0x00,0x00,
    0x00,0x00,0x00,0x00,0x00,0x00,0x00,0x00,0x00,0x00,0x00,0x00,0x00,0x00,0x00,0x00,
    0x00,0x00,0x00,0x00,0x00,0x00,0x00,0x00,0x00,0x00,0x00,0x00,0x00,0x00,0x00,0x00,
    0x00,0x00,0x00,0x00,0x00,0x00,0x00,0x00,0x00,0x00,0x00,0x00,0x00,0x00,0x00,0x00,
    0x00,0x00,0x00,0x00,0x00,0x00,0x00,0x00,0x00,0x00,0xce,0x59,0xff,0xff,0xff,0xdf,
    0xff,0xff,0xff,0xff,0xff,0xdf,0xff,0xff,0xb5,0xb7,0x00,0x00,0x00,0x00,0x00,0x00,
    0x00,0x00,0x08,0x41,0xe7,0x1c,0xff,0xff,0xff,0xdf,0xff,0xff,0xff,0xff,0xff,0xdf,
    0xff,0xff,0x94,0xd3,0x00,0x00,0x00,0x20,0x00,0x00,0x00,0x00,0x00,0x00,0x00,0x00,
    0x00,0x00,0x00,0x00,0x00,0x00,0x00,0x00,0x00,0x00,0x00,0x00,0x00,0x00,0x00,0x00,
    0x00,0x00,0x00,0x00,0x00,0x00,0x00,0x00,0x00,0x00,0x00,0x00,0x00,0x00,0x00,0x00,
    0x00,0x00,0x08,0x61,0x52,0x8a,0xad,0x55,0xef,0x5d,0xff,0xff,0xff,0xff,0xff,0xff,
    0xff,0xff,0xff,0xff,0xff,0xff,0xff,0xff,0xff,0xff,0xff,0xff,0xff,0xff,0xff,0xff,
    0xff,0xff,0xff,0xff,0xff,0xff,0xff,0xff,0xff,0xff,0xff,0xff,0xff,0xff,0xff,0xff,
    0xde,0xfb,0x94,0xb2,0x39,0xe7,0x00,0x00,0x00,0x00,0x00,0x00,0x00,0x00,0x00,0x00,
    0x00,0x00,0x00,0x00,0x00,0x00,0x00,0x00,0x00,0x00,0x00,0x00,0x00,0x00,0x00,0x00,
    0x00,0x00,0x00,0x00,0x00,0x00,0x00,0x00,0x00,0x00,0x00,0x00,0x00,0x00,0x00,0x00,
    0x00,0x00,0x00,0x00,0x21,0x25,0x8c,0x71,0xe7,0x3c,0xff,0xff,0xff,0xff,0xff,0xff,
    0xff,0xff,0xff,0xff,0xff,0xff,0xff,0xff,0xff,0xff,0xff,0xff,0xff,0xff,0xff,0xff,
    0xff,0xff,0xff,0xff,0xff,0xff,0xff,0xff,0xff,0xff,0xff,0xff,0xff,0xff,0xff,0xff,
    0xff,0xff,0xff,0xff,0xff,0xff,0xff,0xff,0xc6,0x18,0x5a,0xec,0x00,0x41,0x00,0x00,
    0x00,0x00,0x00,0x00,0x00,0x00,0x00,0x00,0x00,0x00,0x00,0x00,0x00,0x00,0x00,0x00,
    0x00,0x00,0x00,0x00,0x00,0x00,0x00,0x00,0x00,0x00,0x00,0x00,0x00,0x00,0x00,0x00,
    0x00,0x00,0x00,0x00,0x00,0x00,0x00,0x00,0x00,0x00,0x00,0x00,0x00,0x00,0x00,0x00,
    0x00,0x00,0x00,0x00,0x00,0x00,0x00,0x00,0x00,0x00,0x00,0x00,0x08,0x41,0x39,0xc7,
    0x73,0xae,0xad,0x55,0xd6,0x9a,0xef,0x7d,0xff,0xdf,0xff,0xff,0xff,0xff,0xff,0xff,
    0xff,0xff,0xff,0xff,0xff,0xff,0xff,0xff,0xff,0xff,0xf7,0xbe,0xde,0xdb,0xb5,0xd7,
    0x84,0x30,0x4a,0x49,0x10,0x82,0x00,0x00,0x00,0x00,0x00,0x00,0x00,0x00,0x00,0x00,
    0x00,0x00,0x00,0x00,0x00,0x00,0x00,0x00,0x00,0x00,0x00,0x00,0x00,0x00,0x00,0x00,
    0x00,0x00,0x00,0x00,0x00,0x00,0x00,0x00,0x00,0x00,0x00,0x00,0x00,0x00,0x00,0x00,
    0x00,0x00,0x00,0x00,0x00,0x00,0x00,0x00,0x00,0x00,0x00,0x00,0x00,0x00,0x00,0x00,
    0x00,0x00,0x00,0x00,0x00,0x00,0x00,0x00,0x10,0xa2,0x42,0x28,0x7b,0xcf,0xad,0x75,
    0xd6,0x9a,0xef,0x5d,0xff,0xdf,0xff,0xff,0xff,0xff,0xff,0xff,0xff,0xff,0xff,0xff,
    0xff,0xff,0xff,0xff,0xf7,0xbe,0xe7,0x1c,0xc6,0x38,0x9c,0xf3,0x63,0x2c,0x29,0x65,
    0x00,0x00,0x00,0x00,0x00,0x00,0x00,0x00,0x00,0x00,0x00,0x00,0x00,0x00,0x00,0x00,
    0x00,0x00,0x00,0x00,0x00,0x00,0x00,0x00,0x00,0x00,0x00,0x00,0x00,0x00,0x00,0x00,
    0x00,0x00,0x00,0x00,0x00,0x00,0x00,0x00,0x00,0x00,0x00,0x00,0x00,0x00,0x00,0x00,
    0x00,0x00,0x00,0x00,0x00,0x41,0xef,0x5d,0xff,0xff,0xff,0xff,0xff,0xff,0xff,0xff,
    0xff,0xff,0xff,0xff,0xad,0x76,0x00,0x00,0x00,0x00,0x00,0x00,0x00,0x00,0x00,0x00,
    0x00,0x00,0x00,0x00,0x00,0x00,0x00,0x00,0x00,0x00,0x00,0x00,0x00,0x00,0x00,0x00,
    0x00,0x00,0x00,0x00,0x00,0x00,0x00,0x00,0x00,0x00,0x00,0x00,0x00,0x00,0x00,0x00,
    0x00,0x00,0x00,0x00,0x00,0x00,0x00,0x00,0x00,0x00,0x00,0x00,0x00,0x00,0x00,0x00,
    0x00,0x00,0x00,0x00,0x00,0x00,0x00,0x00,0x00,0x00,0x00,0x00,0x00,0x00,0x00,0x00,
    0x00,0x00,0xd6,0xba,0xff,0xff,0xff,0xff,0xff,0xff,0xff,0xff,0xff,0xff,0xff,0xff,
    0xc6,0x18,0x00,0x00,0x00,0x00,0x00,0x00,0x00,0x00,0x08,0x61,0xef,0x9e,0xff,0xff,
    0xff,0xff,0xff,0xff,0xff,0xff,0xff,0xff,0xff,0xff,0xa5,0x14,0x00,0x00,0x00,0x20,
    0x00,0x00,0x00,0x00,0x00,0x00,0x00,0x00,0x00,0x00,0x00,0x00,0x00,0x00,0x00,0x00,
    0x00,0x00,0x00,0x00,0x00,0x00,0x00,0x00,0x00,0x00,0x00,0x00,0x00,0x00,0x00,0x00,
    0x00,0x00,0x00,0x00,0x00,0x00,0x00,0x00,0x00,0x00,0x00,0x00,0x00,0x00,0x00,0x00,
    0x10,0x82,0x42,0x28,0x84,0x10,0xb5,0xb6,0xd6,0xbb,0xf7,0x9e,0xff,0xff,0xff,0xff,
    0xff,0xff,0xff,0xff,0xff,0xff,0xff,0xff,0xff,0xff,0xff,0xff,0xff,0xff,0xf7,0x9e,
    0xd6,0xba,0xad,0x75,0x7b,0xcf,0x39,0xe7,0x08,0x41,0x00,0x00,0x00,0x00,0x00,0x00,
    0x00,0x00,0x00,0x00,0x00,0x00,0x00,0x00,0x00,0x00,0x00,0x00,0x00,0x00,0x00,0x00,
    0x00,0x00,0x00,0x00,0x00,0x00,0x00,0x00,0x00,0x00,0x00,0x00,0x00,0x00,0x00,0x00,
    0x00,0x00,0x00,0x00,0x00,0x00,0x00,0x00,0x00,0x00,0x00,0x00,0x00,0x00,0x00,0x00,
    0x10,0x82,0x52,0xaa,0xa5,0x34,0xde,0xfb,0xff,0xff,0xff,0xff,0xff,0xff,0xff,0xff,
    0xff,0xff,0xff,0xff,0xff,0xff,0xff,0xff,0xff,0xff,0xff,0xff,0xff,0xff,0xff,0xff,
    0xff,0xff,0xff,0xff,0xff,0xff,0xff,0xff,0xe7,0x3c,0xbd,0xd7,0x7b,0xcf,0x29,0x86,
    0x00,0x00,0x00,0x00,0x00,0x00,0x00,0x00,0x00,0x00,0x00,0x00,0x00,0x00,0x00,0x00,
    0x00,0x00,0x00,0x00,0x00,0x00,0x00,0x00,0x00,0x00,0x00,0x00,0x00,0x00,0x00,0x00,
    0x00,0x00,0x00,0x00,0x00,0x00,0x00,0x00,0x00,0x00,0x00,0x00,0x00,0x00,0x00,0x00,
    0x00,0x00,0x00,0x00,0x00,0x00,0x00,0x00,0x00,0x00,0x00,0x00,0x00,0x00,0x00,0x00,
    0x00,0x00,0x00,0x20,0x00,0x00,0x00,0x00,0x00,0x00,0x00,0x00,0x00,0x00,0x18,0xc3,
    0x29,0x86,0x4a,0x69,0x52,0xaa,0x63,0x2c,0x6b,0x6e,0x6b,0x6d,0x5a,0xeb,0x52,0x8a,
    0x39,0xe8,0x21,0x04,0x08,0x41,0x00,0x00,0x00,0x00,0x00,0x00,0x00,0x00,0x00,0x00,
    0x00,0x00,0x00,0x00,0x00,0x00,0x00,0x00,0x00,0x00,0x00,0x00,0x00,0x00,0x00,0x00,
    0x00,0x00,0x00,0x00,0x00,0x00,0x00,0x00,0x00,0x00,0x00,0x00,0x00,0x00,0x00,0x00,
    0x00,0x00,0x00,0x00,0x00,0x00,0x00,0x00,0x00,0x00,0x00,0x00,0x00,0x00,0x00,0x00,
    0x00,0x00,0x00,0x00,0x00,0x00,0x00,0x00,0x00,0x00,0x00,0x00,0x00,0x20,0x00,0x00,
    0x00,0x00,0x00,0x00,0x00,0x00,0x00,0x00,0x00,0x00,0x10,0xc3,0x21,0x45,0x3a,0x08,
    0x4a,0x69,0x52,0x8a,0x52,0x8a,0x52,0x8a,0x4a,0x49,0x31,0xc7,0x21,0x04,0x08,0x61,
    0x00,0x00,0x00,0x00,0x00,0x00,0x00,0x00,0x00,0x00,0x00,0x20,0x00,0x00,0x00,0x00,
    0x00,0x00,0x00,0x00,0x00,0x00,0x00,0x00,0x00,0x00,0x00,0x00,0x00,0x00,0x00,0x00,
    0x00,0x00,0x00,0x00,0x00,0x00,0x00,0x00,0x00,0x00,0x00,0x00,0x00,0x00,0x00,0x00,
    0x00,0x00,0x00,0x00,0x00,0x00,0x00,0x00,0x00,0x00,0x00,0x00,0x00,0x00,0x6b,0x4d,
    0x7b,0xef,0x73,0xcf,0x7b,0xcf,0x7b,0xcf,0x73,0xcf,0x7b,0xef,0x4a,0x6a,0x00,0x00,
    0x00,0x00,0x00,0x00,0x00,0x00,0x00,0x00,0x00,0x00,0x00,0x00,0x00,0x00,0x00,0x00,
    0x00,0x00,0x00,0x00,0x00,0x00,0x00,0x00,0x00,0x00,0x00,0x00,0x00,0x00,0x00,0x00,
    0x00,0x00,0x00,0x00,0x00,0x00,0x00,0x00,0x00,0x00,0x00,0x00,0x00,0x00,0x00,0x00,
    0x00,0x00,0x00,0x00,0x00,0x00,0x00,0x00,0x00,0x00,0x00,0x00,0x00,0x00,0x00,0x00,
    0x00,0x00,0x00,0x00,0x00,0x00,0x00,0x00,0x00,0x00,0x42,0x28,0x52,0xaa,0x5a,0xcb,
    0x63,0x0c,0x6b,0x4d,0x6b,0x6d,0x73,0xcf,0x52,0xcb,0x00,0x00,0x00,0x00,0x00,0x00,
    0x00,0x00,0x00,0x20,0x6b,0x6e,0x7b,0xef,0x7b,0xcf,0x7b,0xef,0x7b,0xef,0x73,0xcf,
    0x7b,0xf0,0x4a,0x49,0x00,0x00,0x00,0x00,0x00,0x00,0x00,0x00,0x00,0x00,0x00,0x00,
    0x00,0x00,0x00,0x00,0x00,0x00,0x00,0x00,0x00,0x00,0x00,0x00,0x00,0x00,0x00,0x00,
    0x00,0x00,0x00,0x00,0x00,0x00,0x00,0x00,0x00,0x00,0x00,0x00,0x00,0x00,0x00,0x00,
    0x00,0x00,0x00,0x00,0x00,0x20,0x00,0x00,0x00,0x00,0x00,0x00,0x00,0x00,0x00,0x00,
    0x00,0x20,0x18,0xe3,0x31,0xc7,0x4a,0x8a,0x5a,0xcb,0x63,0x4d,0x6b,0x8e,0x6b,0x4d,
    0x5a,0xcb,0x4a,0x8a,0x31,0xc7,0x18,0xe3,0x00,0x20,0x00,0x00,0x00,0x00,0x00,0x00,
    0x00,0x00,0x00,0x20,0x00,0x00,0x00,0x00,0x00,0x00,0x00,0x00,0x00,0x00,0x00,0x00,
    0x00,0x00,0x00,0x00,0x00,0x00,0x00,0x00,0x00,0x00,0x00,0x00,0x00,0x00,0x00,0x00,
    0x00,0x00,0x00,0x00,0x00,0x00,0x00,0x00,0x00,0x00,0x00,0x00,0x00,0x00,0x00,0x00,
    0x00,0x00,0x00,0x00,0x00,0x00,0x00,0x20,0x00,0x00,0x00,0x00,0x00,0x00,0x08,0x61,
    0x39,0xc7,0x6b,0x6d,0x9c,0xf3,0xc6,0x38,0xd6,0xbb,0xef,0x7d,0xf7,0xbe,0xf7,0xbe,
    0xef,0x9e,0xef,0x5d,0xde,0xdb,0xce,0x79,0xb5,0xb6,0x94,0x92,0x6b,0x4d,0x39,0xe8,
    0x10,0xa2,0x00,0x00,0x00,0x00,0x00,0x00,0x00,0x00,0x00,0x20,0x00,0x00,0x00,0x00,
    0x00,0x00,0x00,0x00,0x00,0x00,0x00,0x00,0x00,0x00,0x00,0x00,0x00,0x00,0x00,0x00,
};
const lv_img_dsc_t img_comics = {
    .header.cf = LV_IMG_CF_TRUE_COLOR,
    .header.always_zero = 0,
    .header.reserved = 0,
    .header.w = 300,
    .header.h = 66,
    .data_size = 39600,
    .data = img_comics_map,
};

#endif